resource_state,name,distance,moving_time,elapsed_time,total_elevation_gain,type,sport_type,workout_type,device_name,id,start_date,start_date_local,timezone,utc_offset,location_city,location_state,location_country,achievement_count,kudos_count,comment_count,athlete_count,photo_count,trainer,commute,manual,private,visibility,flagged,gear_id,start_latlng,end_latlng,average_speed,max_speed,average_cadence,average_temp,has_heartrate,average_heartrate,max_heartrate,heartrate_opt_out,display_hide_heartrate_option,elev_high,elev_low,upload_id,upload_id_str,external_id,from_accepted_tag,pr_count,total_photo_count,has_kudoed,athlete.id,athlete.resource_state,map.id,map.summary_polyline,map.resource_state,average_watts,max_watts,weighted_average_watts,device_watts,kilojoules,nome
2,Night Run,3000.0,964,964,0.0,Run,Run,,Garmin Forerunner 645 Music,16761731548,2025-12-16T20:46:54Z,2025-12-16T21:46:54Z,(GMT+01:00) Africa/Algiers,3600.0,,,,0,1,0,1,0,True,False,False,False,everyone,False,g23116162,[],[],3.112,4.257,80.3,24.0,True,147.5,166.0,False,True,0.0,0.0,17852255529.0,17852255529.0,garmin_ping_513336376668,False,0,0,False,20232024,1,a16761731548,,2,,,,,,Diego Galdino
2,Tuesday - Upper A,0.0,3605,3605,0.0,WeightTraining,WeightTraining,30.0,Hevy,16761581637,2025-12-16T19:45:03Z,2025-12-16T20:45:03Z,(GMT+01:00) Europe/Amsterdam,3600.0,,,,0,1,0,1,0,False,False,True,False,everyone,False,,[],[],0.0,0.0,,,False,,,False,False,,,,,,False,0,1,False,20232024,1,a16761581637,,2,,,,,,Diego Galdino
2,Monday - Lower A,0.0,3793,3793,0.0,WeightTraining,WeightTraining,30.0,Hevy,16746258873,2025-12-15T06:09:46Z,2025-12-15T07:09:46Z,(GMT+01:00) Europe/Amsterdam,3600.0,,,,0,2,0,1,0,False,False,True,False,everyone,False,,[],[],0.0,0.0,,,False,,,False,False,,,,,,False,0,1,False,20232024,1,a16746258873,,2,,,,,,Diego Galdino
2,Afternoon Run,10006.7,3433,3488,17.0,Run,Run,,Garmin Forerunner 645 Music,16695787769,2025-12-09T16:43:20Z,2025-12-09T17:43:20Z,(GMT+01:00) Europe/Amsterdam,3600.0,,,,0,5,0,1,0,False,False,False,False,everyone,False,g18048384,"[52.21, 6.88]","[52.21, 6.88]",2.915,4.083,82.7,17.0,True,154.2,163.0,False,True,50.6,42.0,17785529477.0,17785529477.0,garmin_ping_510861040611,False,0,0,False,20232024,1,a16695787769,{gt}Hys~h@Ec@]{@@[p@wBBEHCXPR\n@n@dAv@H@RNP^hCnCZJR\P`@n@`AbCtC|AdB`ArArBhC`@LVDtA@dATlAB~CTl@J~BPHD@HC|BBn@V\|@t@hArA^\v@b@d@t@RT~@`APLz@v@hAvANz@TVRFJ@DWA}ELqC@yCAWLwC@sBLo@Du@EuBFoBReBRkAL_CRk@`@I`ARrAJf@Rn@H^NnCt@`ATnARv@^?BFBj@LT?p@FdAGT@h@Gf@@fCd@^Cf@DbBTf@D~@Rh@?XFb@NX@FEEEZFBBBRAz@F|BE`Ah@bA|@v@Th@Dh@b@|@ZZh@J^NXZZd@nBtAx@XtBb@nAf@b@TZ`@t@hBlAbE^p@r@xAv@lCx@pD^j@|@bA\JXPf@vAj@xBd@pBx@~BvBbINt@d@~AP^?h@a@zDChAO|@{@pCWd@aBlB_AvAw@`AyApBWTYJ[SYMiCaBgB_AeAw@w@q@_@K]QiA[qB_Ae@KIIAMHuAXeBRw@Fw@j@sCDi@RsAFaBNsBKm@OWW@]Lu@DOMUEWNa@LWBg@BYCa@MSSiAoBW]WY}@q@SUe@Wq@}A[BEBSl@@p@MzBSnCSdBOzB_@fCG~@OvASr@Ez@?t@C|@O|BKv@Mt@Qd@s@lAY`@c@`@a@Xc@P_@Jw@Dc@Cu@g@[IgAg@YW_AoAkBaBWe@_@g@[_@e@]c@g@a@_@u@}@YUaAg@c@Ms@{@a@Ui@Qy@Oo@?[Be@F_@Jc@Pw@rAWt@Ox@SrAs@lDWt@Yj@UZ]\eBvAcA~@kDdEQZkAvCc@`A_D`GkAhB[b@S@EEKi@@qBKiB@aAE]Bq@GwDDo@M{GPeBSsAC_@EgCOwBKyCWaCOk@WcBKgBo@cFIa@UyA_@}DMy@SeDIu@Qu@i@qEm@qCUy@aBiDSm@m@cCg@iDOq@wAqFk@gBOo@Wk@Os@k@yAcBeGW[_@]g@iBKi@Vy@@[,2,,,,,,Diego Galdino
2,Zwift - 10x 1’30”,20021.4,3043,3043,457.0,VirtualRide,VirtualRide,,Zwift,16507882203,2025-11-19T18:22:57Z,2025-11-19T19:22:57Z,(GMT+01:00) Europe/Amsterdam,3600.0,,,,0,4,0,1,0,False,False,False,False,everyone,False,,"[-11.64, 166.98]","[-11.68, 166.96]",6.579,17.3,69.3,,True,118.3,156.0,False,True,382.2,6.2,17594696961.0,17594696961.0,zwift-activity-2010480178031001600.fit,False,0,3,False,20232024,1,a16507882203,~g`fA{vdz^ZuCr@eBn@a@vBi@v@m@`@aALkBU{Aw@oAuBiBSi@Ri@hBcB@]WiAL_AbIcS^wALkBKkBm@}@{EyAgAs@cAqBO}@D{@|@_ClE{Iv@eDRUrAi@x@Ix@HlAj@hAEx@o@tAoC\MxBDhA[v@s@`@aBCeBa@y@oBcCOk@Rm@l@m@l@[t@Eb@Jd@d@vE`IbAv@`AEz@y@^mBn@aBXK`Bb@l@f@Tx@KdCHn@z@n@dA^\d@Dl@Ql@_Cx@a@d@On@?nKyAjRJn@^t@`DhDVzA\NrB@z@Z`AJnL{CfADr@p@VdA\dEXzJS`C}ArA_@fAFhEPbB`@vAp@l@z@ZvBMdBp@`CLbA\vAnAb@vCn@p@d@Jd@Sf@}@pC{Id@c@t@GfAb@|@v@VhCTJzBChALz@j@|@nB^lDGfA_@bAyAdAaHhDiAx@Yt@OtB[Z{Ab@u@v@_@|@B~@ZhA`@r@vAh@LtB|@~Ai@xB}ANOJGd@ZZx@Mh@DPH@TMh@uA~@oCj@u@d@Of@CbCYxB?hA`@|BjAbDzDxD\l@Dv@UrFLjATl@j@Nl@IfEsAxBiAjAuAb@U^PtB|Bz@H`@WNw@Gw@oBmB@aCkAeBBaAb@i@rC?lDcBxC_AdCc@|Hy@lF?`Eb@rFxArDnBbE|ClA~AbClEl@j@fAV^b@PtCMzD^lAf@`@v@?jA[fAm@p@u@f@uA]}CTmAP]j@[tATN^XfKj@rBb@x@\X`AVfA?RG^k@p@mBL_Aw@mDKeARyGgAaO?u@\gAvAg@nLE~BVl@v@@dDLp@r@l@fA^rABxBoAzBYl@_@V}@VwDp@sB`A}AjAq@hFeBh@@fAb@|C~BhChCvDlBd@r@CxAJj@~D`Az@xApAxAR|@YdCBn@b@~@fCzC\hBEvA[`BmBvCUbAz@pIiAtAkEbC{@GoBkB}@F_Ap@Wj@YzBgBnAMf@Fj@Xn@zBtBX~@KpBa@fBa@~@y@~@eB~@sAXcFk@qFRmBKm@c@}@qCg@k@w@KyDRmBe@{Ay@{@wA_@iBK_ADeB{@kAeA]_EJgDw@u@?eB~@sCfD_BnCaAfCkAhEBVd@b@FXcAlGDrB,2,193.5,502.0,270.0,True,588.9,Diego Galdino
2,Wednesday - Upper B + Corr,0.0,4516,4516,0.0,WeightTraining,WeightTraining,30.0,Hevy,16504181430,2025-11-19T11:00:05Z,2025-11-19T12:00:05Z,(GMT+01:00) Europe/Amsterdam,3600.0,,,,0,3,0,1,0,False,False,True,False,everyone,False,,[],[],0.0,0.0,,,False,,,False,False,,,,,,False,0,1,False,20232024,1,a16504181430,,2,,,,,,Diego Galdino
2,Afternoon Run,2411.6,904,904,0.0,Run,Run,,Garmin Forerunner 645 Music,16497943140,2025-11-18T15:48:04Z,2025-11-18T16:48:04Z,(GMT+01:00) Africa/Algiers,3600.0,,,,0,1,0,1,0,True,False,False,False,everyone,False,g23116162,[],[],2.668,2.958,76.2,25.0,True,159.3,169.0,False,True,0.0,0.0,17584688664.0,17584688664.0,garmin_ping_503496824925,False,0,0,False,20232024,1,a16497943140,,2,,,,,,Diego Galdino
2,Tuesday — Upper Pull + Core,0.0,3682,3682,0.0,WeightTraining,WeightTraining,30.0,Hevy,16495662853,2025-11-18T14:41:21Z,2025-11-18T15:41:21Z,(GMT+01:00) Europe/Amsterdam,3600.0,,,,0,1,0,1,0,False,False,True,False,everyone,False,,[],[],0.0,0.0,,,False,,,False,False,,,,,,False,0,1,False,20232024,1,a16495662853,,2,,,,,,Diego Galdino
2,Monday - Lower A + Core,0.0,4118,4118,0.0,WeightTraining,WeightTraining,30.0,Hevy,16483579242,2025-11-17T10:28:11Z,2025-11-17T11:28:11Z,(GMT+01:00) Europe/Amsterdam,3600.0,,,,0,1,0,1,0,False,False,True,False,everyone,False,,[],[],0.0,0.0,,,False,,,False,False,,,,,,False,0,1,False,20232024,1,a16483579242,,2,,,,,,Diego Galdino
2,Rodagem 8km,8096.7,2649,2649,15.0,Run,Run,,Garmin Forerunner 645 Music,16467109875,2025-11-15T15:52:03Z,2025-11-15T16:52:03Z,(GMT+01:00) Europe/Amsterdam,3600.0,,,,0,4,0,1,0,False,False,False,False,everyone,False,g18048384,"[52.21, 6.88]","[52.21, 6.88]",3.057,3.983,84.5,15.0,True,157.8,174.0,False,True,36.4,27.6,17553577503.0,17553577503.0,garmin_ping_502347625082,False,0,0,False,20232024,1,a16467109875,set}Hqq~h@I]KOiAsA[c@A]DMPe@^uAFGNBh@p@`@X`An@ZHVZR^^`@f@b@v@dAl@f@Xt@JPbB|Bx@bA`@`@`Av@^l@rBtCn@r@TDb@Gd@?Z@RDh@BhAAbAXv@PxBJ^Af@Fd@BBBBNCpDPn@\Vv@fArAlAx@n@BRj@n@n@l@b@XpArAz@t@Px@JN`@JB?BKAcBLeF?kDAk@D{@@oBLu@Bs@Fq@@aACc@LgBC_@h@eGBcAFk@ZE^Jj@Bn@A^@`@HfA^^Jb@NvB\~Fn@p@H`@Jf@@j@AdATpBXj@Fp@Bb@Fn@PnAFf@@D@tAH`@RT^?b@G`AB`CKzEFbLKhCG|@AnFCpAQ`BC|@S|BGdBSzBGfBK`@c@f@Bv@G|@CnBU~Ck@pDOdBE|@KdAUv@Kv@B`AAp@c@hDa@nBWp@Yf@gAjAiAh@e@Ne@Jq@M_@a@UMcA]_@Oa@[_@_@Wc@u@cAc@c@}@iAOUy@i@cA}@a@c@g@{@]UgAg@{@q@IK]Sa@MeAQg@?k@Lg@P_@Vm@dAYn@Un@Qr@w@~DQx@q@|A}@fAcBzA_A|@i@`@_@d@sAxBiBfEyAvC}@bBc@h@{@nA_@b@CBOCIWEm@KkCAiECs@@iAFiBK{GBQJ]Dk@Qe@OgAAi@ByCKkAY_BWmDMaAa@{DS}@a@sE_@iBWgBg@_DUgCW}BQcASy@a@eDYuAg@cAmAqCe@mBUw@g@mDu@yCi@_Bu@uCg@uAm@{BgA_DQ{@q@mAgAwC@Q^w@ReBXk@XB~@fAnBnB|@bABF@f@Jb@HIBOCOIOKOa@_@iA}@Wc@,2,,,,,,Diego Galdino
2,Friday - Lower B + Core,0.0,2569,2569,0.0,WeightTraining,WeightTraining,30.0,Hevy,16454033946,2025-11-14T10:08:36Z,2025-11-14T11:08:36Z,(GMT+01:00) Europe/Amsterdam,3600.0,,,,0,1,0,1,0,False,False,True,False,everyone,False,,[],[],0.0,0.0,,,False,,,False,False,,,,,,False,0,1,False,20232024,1,a16454033946,,2,,,,,,Diego Galdino
2,Wednesday - Upper B + Corr,0.0,3457,3457,0.0,WeightTraining,WeightTraining,30.0,Hevy,16434138376,2025-11-12T10:29:52Z,2025-11-12T11:29:52Z,(GMT+01:00) Europe/Amsterdam,3600.0,,,,0,1,0,1,0,False,False,True,False,everyone,False,,[],[],0.0,0.0,,,False,,,False,False,,,,,,False,0,1,False,20232024,1,a16434138376,,2,,,,,,Diego Galdino
2,Rodagem 45’,8008.7,2574,2584,15.0,Run,Run,,Garmin Forerunner 645 Music,16427411460,2025-11-11T16:59:42Z,2025-11-11T17:59:42Z,(GMT+01:00) Europe/Amsterdam,3600.0,,,,2,4,0,1,0,False,False,False,False,everyone,False,g18048384,"[52.21, 6.88]","[52.21, 6.88]",3.111,4.517,82.7,14.0,True,152.4,165.0,False,True,51.2,42.6,17513604041.0,17513604041.0,garmin_ping_500936720947,False,0,0,False,20232024,1,a16427411460,ygt}Hwt~h@EQYWEICG@[P_AJ]\o@JEVRZd@dA`AT^VVnBjBj@z@VVVl@Xd@hB|B`@Tx@`AdAn@n@dAnAfBp@rAVHt@DjDJj@?ZAx@TnBRl@BPDhAJTH@FEjBHnAXd@VRbAjAv@n@dAh@Jj@TLJNZ\b@VJLNH\X^n@x@x@T`@Nr@Z`@PDHCDMDs@?w@X{D?aFA}@F{@?cALuBRmAGgALwDJs@FmBRcBL{@TWp@BVGLGrAF^Hb@T^JzA\t@J`@Hf@BnBl@V\h@FRJxABLBx@EZBTBz@TxATXKV@dB\^BdAEXGL?XFj@R^\L\?|BHd@Dh@Et@M|@K`AC~ADlA?nAGfB?|@OxB@jBC~@CbAKbB?vBC~@FhB?`EAd@WxBOh@E`@Wz@Il@CbCItBc@fESjAKbAIzBMx@Yl@Qv@@bCO|AQbAq@jCaBjCe@d@kBx@mAQQOi@Wq@Og@Ss@g@{@iAgAiAcA_BUWa@We@a@mAuAe@s@SOcAe@gBwAeAYcACc@@cAV]Vu@bAUb@Uj@Ov@WlBc@vBKZa@x@u@jAcClCsAnA]d@i@d@y@bAYf@g@~AkAhC]j@eA|B]l@yAnB[ZICGMKw@Ay@DaEGuA?oAI_A@[LiA?k@Gu@Ay@CuBHg@Dq@c@oBCk@?_CKeB@YAUGe@o@wDGqBI}@Y}@aAcJK[Kk@C]Mm@s@gFIkAIYSqCc@iDMu@q@wBcAmBi@qAc@mB[sBg@oCy@mCU}@e@qAIe@uAiEMs@}@_CQs@O{@EOUUoCkG@cAJu@RyC@_AHiAJo@T@x@r@nAj@@FMjAe@fB,2,,,,,,Diego Galdino
2,Tuesday — Upper Pull + Core,0.0,3308,3308,0.0,WeightTraining,WeightTraining,30.0,Hevy,16422978115,2025-11-11T10:17:27Z,2025-11-11T11:17:27Z,(GMT+01:00) Europe/Amsterdam,3600.0,,,,0,3,0,1,0,False,False,True,False,everyone,False,,[],[],0.0,0.0,,,False,,,False,False,,,,,,False,0,1,False,20232024,1,a16422978115,,2,,,,,,Diego Galdino
2,Monday - Lower A + Core,0.0,4389,4389,0.0,WeightTraining,WeightTraining,30.0,Hevy,16412917440,2025-11-10T10:26:31Z,2025-11-10T11:26:31Z,(GMT+01:00) Europe/Amsterdam,3600.0,,,,0,1,0,1,0,False,False,True,False,everyone,False,,[],[],0.0,0.0,,,False,,,False,False,,,,,,False,0,1,False,20232024,1,a16412917440,,2,,,,,,Diego Galdino
2,Rodagem 10km,10114.6,3669,3767,14.0,Run,Run,,Garmin Forerunner 645 Music,16407089326,2025-11-09T15:52:54Z,2025-11-09T16:52:54Z,(GMT+01:00) Europe/Amsterdam,3600.0,,,,0,4,0,1,0,False,False,False,False,everyone,False,g18048384,"[52.21, 6.88]","[52.21, 6.88]",2.757,4.78,83.0,14.0,True,156.9,169.0,False,True,49.6,39.8,17493138431.0,17493138431.0,garmin_ping_500182716003,False,0,0,False,20232024,1,a16407089326,_ht}Hot~h@Oa@QYK]TgARe@Ng@BCH?RNDJJJf@^XLl@h@LFXFJd@JLbDjDTp@\l@v@x@lB|Bj@b@f@Vl@hAn@t@`AxAf@h@LB^B`@Jb@Ap@LlCLf@JlAFfBBhBTFL@NI|CFh@l@p@z@n@p@r@LHPPDnABBf@@XNVTZPXVhAv@l@l@f@b@P\Hp@RR`@NBA@I?m@Ak@JcBH}FDo@Ek@BiBDw@JaDFu@Aq@B}@TgE`@cDFgAJ]ZGd@Jx@?dCTb@F~D`A`C`@VNLPj@NHD|@HzA?|BZd@?j@DTCLIp@Ld@Fp@NfBJp@H`@A\JFFPFD?A@d@J@DEhBG~AGn@bBhB\h@\|AR`@ZVhA`@t@~@`@Rb@JXV`Bf@rAn@b@Fz@V^NRXPb@\l@d@tAdA|BVbA|@zCp@|Aj@~BHF?TCRFVLTEA?BZh@NNJDTDf@APTTh@Tz@Px@Rx@Vf@d@~AJl@f@lBb@vAd@fCb@zAJd@l@pBW`EIl@Cp@Gn@q@zBc@`AaBnBmAdBuCrDYXc@MoAo@}AiAoBgAiCaBSKkBk@{Ao@c@IYS@Mh@iDZ{AD[v@eENiAL}ABo@@wBQW[DcAZI@e@AUDa@?mAHg@C[Is@kAg@o@]g@Oc@Yg@WQIAS_@[[a@QYi@W[OAM`@C^Bj@Gl@Az@]pDIdBI|@Iz@On@UvCi@jBEd@FhBc@|DKl@c@xAS\y@`Au@n@{@j@_@Jk@Jc@Mq@i@YMa@IwAq@i@k@U_@{CaEc@c@YO[_@wAqASc@YSc@WeA_@aA{@e@Uu@O_@Ee@?gAV_@LeAdBO\Ql@Kh@_@bCOv@i@jB[p@[b@{AvAy@~@_@Z_@b@_A~@wAjBqCpGkAbCsCfEURMEMu@AcABoBCgEOyCFs@DkBKmDPwA[{AGs@AyAKyBYgBI{@C{@Mm@McB@_@Cc@WoCa@yB_@{D[}@WeBo@}GKs@Ss@K_AOu@I}@M{@IcAOo@e@qAiAwBUm@Sq@]qBOi@UeBOs@Uu@m@kCc@qAMq@e@_BWo@a@uAi@{AeAwDcBkECc@P[Tu@Bs@Pk@PSB?,2,,,,,,Diego Galdino
2,Sprint 10”,17200.0,2001,2001,0.0,VirtualRide,VirtualRide,,,16365787238,2025-11-05T17:27:51Z,2025-11-05T18:27:51Z,(GMT+01:00) Europe/Amsterdam,3600.0,,,,0,2,0,1,0,False,False,True,False,everyone,False,,[],[],8.596,0.0,,,False,,,False,False,,,,,,False,0,2,False,20232024,1,a16365787238,,2,,,,,,Diego Galdino
2,Evening Run,6433.4,2488,2495,12.0,Run,Run,,Garmin Forerunner 645 Music,16354515642,2025-11-04T17:05:04Z,2025-11-04T18:05:04Z,(GMT+01:00) Europe/Amsterdam,3600.0,,,,0,3,0,1,0,False,False,False,False,everyone,False,g23116162,"[52.21, 6.88]","[52.21, 6.88]",2.586,3.3,82.8,18.0,True,159.7,179.0,False,True,161.2,152.8,17440134862.0,17440134862.0,garmin_ping_498382124593,False,0,0,False,20232024,1,a16354515642,mft}Hcr~h@KWQQK]m@}@Ca@DWv@uBF?FFVTFNJHpA`ATLJBXRPZjArAZXj@t@NFR\Nb@|@`AfA~A|@v@bAr@TTv@|Ad@p@fAhBPJhABb@EXBl@NhA?hAHXHX?lAJrBTZ?^JBP?n@KrBJf@r@n@d@VlAjArAp@B?@^|@x@t@z@zA~Af@b@R`@Lp@HPIvADHVBHCDGXIjAJb@Lf@FpAFl@P^DZLtCtAz@TZRZL`@@`@E`@KjAEhA?f@Bd@H^RZ\f@rAj@jAT\^x@DTXl@Tx@bArAR\b@R^LdAV\NTV@HItBIj@c@bEKv@Gx@Kn@K`BSbBEr@a@bBCT?`@@n@Er@i@nEEP_@pA_@n@gA~A}@d@QBk@Rc@Bc@EeAo@y@Qg@OSQW_@kAoAy@kAq@oAWYg@Wi@a@k@o@kA}Ai@_@gAa@{@y@YU_@M{@Ma@A_@BiANUHGFOZu@bAe@zAo@vDa@zA]v@u@tA_@b@qBlByAzAwAjBo@lAaAvBo@lAw@lB[f@ML_CpDSRYJCEAa@J_BASDu@KmE?mFCg@EMCm@@m@AiBVmBU_@Ka@A_@Mi@EcCa@mDMwCC}@@QIeAAe@e@qBUoBU{@[oCGe@So@?i@[aBEy@_@kCGkAUaBK_BWwAGq@Kq@]_Ag@cAmAsBSk@y@eEg@mDg@aCg@kAUq@e@_BAUEO@UVqAVw@Ny@x@iCXe@,2,,,,,,Diego Galdino
2,Monday - Lower A + Core,0.0,4509,4509,0.0,WeightTraining,WeightTraining,30.0,Hevy,16340463433,2025-11-03T10:42:01Z,2025-11-03T11:42:01Z,(GMT+01:00) Europe/Amsterdam,3600.0,,,,0,1,0,1,0,False,False,True,False,everyone,False,,[],[],0.0,0.0,,,False,,,False,False,,,,,,False,0,1,False,20232024,1,a16340463433,,2,,,,,,Diego Galdino
2,Lunch Run,5005.1,1396,1396,0.0,Run,Run,,Garmin Forerunner 645 Music,16329538165,2025-11-02T10:00:44Z,2025-11-02T11:00:44Z,(GMT+01:00) Africa/Algiers,3600.0,,,,0,3,0,1,0,True,False,False,False,everyone,False,g23116162,[],[],3.585,3.773,83.3,17.0,True,152.1,167.0,False,True,149.4,141.0,17414826159.0,17414826159.0,garmin_ping_497502862757,False,0,0,False,20232024,1,a16329538165,,2,,,,,,Diego Galdino
2,Valencia Half Marathon,21630.8,5804,5804,25.0,Run,Run,1.0,Garmin Forerunner 645 Music,16258808165,2025-10-26T07:35:54Z,2025-10-26T08:35:54Z,(GMT+01:00) Europe/Madrid,3600.0,,,,0,12,2,1,0,False,False,False,False,everyone,False,g21794451,"[39.48, -0.35]","[39.48, -0.34]",3.727,6.4,85.7,24.0,True,174.2,191.0,False,True,11.8,-14.2,17343259728.0,17343259728.0,garmin_ping_494987354338,False,0,3,False,20232024,1,a16258808165,ya~oFt}bAu@jFaAzE{@zAiCfCkFfAsRpCcDt@cCIYN]l@}AzAqCxAaDbCyBfAcJtG}BpAoAfAd@vExAdCjCtFxEnF~@lDVd@\Tr@|Ch@nAx@jAb@XPn@XZLhAXTd@vAv@`A^bBQT`@?j@pCd@Vb@hA^fBVR^KfAuBjFqHhCuEr@m@nAuBfA}@bAd@Nb@r@x@b@LfAA\NFKdBt@l@E~@h@fCn@x@r@hABxDnBlDvAp@FbF|Ad@X`@j@Ln@ArAMv@aAzBiDxFwBtEaDzDiBnE}DnGw@z@eB|CkCnGW`DQbHAlDB~Al@pFnCrHFv@bG|NdFfPt@zChAtDTZdEkCdAiAlGgDvBgDh@Nv@[`@_Ab@AROLe@\Cr@}@lA@fAmAPk@^Wp@Lj@{@`@WlAE\a@Z}@VWx@?^Q\aAnAiAj@J^UVq@~@w@jA?~@gBdAIj@w@h@Ht@MVgAb@k@`@Yh@JX_@v@G^Yn@mAt@e@r@EkAcA[w@_@c@[Iw@w@k@AiAy@_AkA[HQVoApFcApAMl@s@|@w@zAk@d@o@jAe@b@kEhBc@d@sDKeCLkBi@g@XS@mBUiALw@ZoA?_@Vm@Hk@[iBa@sBDeGu@yJoC_@c@w@}BqAqGC{AT{Bd@eDhA{DpDmHpBgHnCeIfFeK|DgEn@e@d@Uj@G`By@h@ChCF`G\f@h@?JUxAIbC}@vE@j@y@vHJ^xBEx@Jh@MtBC~Ac@`@D|@Qd@JHV@fAV|AQvBFl@ZPdB]v@D`@VL`@DzAVZb@PbDTn@Mb@]NSFaBz@yCQwBo@uAa@cBiA}Au@yAkAoAYeAi@PU_As@_AG_AOYaDwDu@a@s@uAkDaDBeCh@eDFcANK~@yD\IJm@Zm@n@w@f@_@fOyInP{IbKoCvBq@bAk@\uA`@oDbAqGn@_ATeB~AgEdA}FpAaEhAwEnByBdBeC|FiJ`@aAbByC|AoBLk@Am@Qe@yCwBmB{DgAoA{CcGsBmDcAoCGUB{BLqBf@wCBeDHsBNmCCi@Rq@NaBEoCQcA?_EOo@M{AF_A{@gEUa@oAFc@Mw@o@uJmLmAgCaB{H[iJF_G[]iHQyIZmCXgAp@uBZoMGmCHyJKyAJ_CIa@HOpADvEKbBu@jBeGh\Gn@@p@Ij@s@`ByCfO,2,,,,,,Diego Galdino
2,Morning Run,4439.1,1599,1804,37.0,Run,Run,,Garmin Forerunner 645 Music,16238879397,2025-10-24T06:26:00Z,2025-10-24T08:26:00Z,(GMT+01:00) Europe/Madrid,7200.0,,,,0,3,0,1,0,False,False,False,False,everyone,False,g23116162,"[40.42, -3.71]","[40.41, -3.71]",2.776,5.057,82.3,22.0,True,133.8,147.0,False,True,521.4,497.6,17323104084.0,17323104084.0,garmin_ping_494263912309,False,0,0,False,20232024,1,a16238879397,outuFjssU@l@R^H\d@xC@|@Aj@ANNbAJ\N^Jr@L\Hr@@b@MDoASc@Cu@@YEe@@_BKOLI@gACMCSSMImABYMEc@Bg@?]JwAEiAQWOc@W_@Lo@Hg@d@mA@o@g@iBC]?e@CEg@@GB?TN^@NFTB?MSKJQr@WFO`@CjD@^KRQNCAMLEb@Dt@@fAIn@AbACBaABuANQ?g@B_BIWK{@Q_@Qg@GUBs@RuABJf@Cb@}@z@m@t@o@vAEd@DCOW?GHe@BeAIg@Aa@Gc@GaBOmAI]q@c@Sc@BIJMLa@MWMo@BMLSA?ABLP@KNQHSTw@ASBUWQ@SZc@b@w@`@y@z@uAJ}@Zc@`AqBHD^AE?AAd@oA`@}Av@uAd@c@V_@LKAM?CBAMEh@}@ROj@Jf@ANGRORGVOb@Mv@_@Nc@RGZCNI^AXKDG^Yb@MJKHOROVMp@U\YV]@GJINDNJb@Pj@z@^dD@RGf@NzBHTJjALp@B`@QzArBx@IID[PMLCj@?x@DTCLBRITS`@EFAN?GV?GIFIAX]DM,2,,,,,,Diego Galdino
2,Afternoon Run,8005.0,2785,2794,16.0,Run,Run,,Garmin Forerunner 645 Music,16212209056,2025-10-21T14:46:42Z,2025-10-21T16:46:42Z,(GMT+01:00) Europe/Amsterdam,7200.0,,,,1,3,0,1,0,False,False,False,False,everyone,False,g18048384,"[52.21, 6.88]","[52.21, 6.88]",2.874,3.622,83.5,18.0,True,157.0,174.0,False,True,51.0,43.4,17296286450.0,17296286450.0,garmin_ping_493326947561,False,0,0,False,20232024,1,a16212209056,cit}Hsv~h@@a@T}@`@gAFGF@j@|@\\|@r@`@TJJPf@\XrA|A^ZXLPXN`@ZXpAfBrBvB^RVTR`@lAjBv@~@NZ^V|@F`@EXD^@FFh@Df@EdAN\J^@dA?ZBb@?vAJTH@v@GdCHd@Z^hA|@\^r@j@r@d@?^r@r@zAfA~@~@z@~@NZPr@PRF@RADg@?}CHwBHqDCm@?s@NgBDy@EW@}ALwA?u@Dq@Co@TyBVkER}@^UdAT`@?b@F\?fCp@vDf@hB`@^TFFp@Lj@G\JxCH|Eb@fB\l@Jr@D`@J\@XF\PP`@MpDGtFCnDFhCApCUzHKpBIzBWzLQdBi@`AEbBIlAKpBaAjJIb@OjCUr@I`@@jCUlBq@xDGPg@`A_@d@c@b@e@ViBn@g@C_@S[WQIiAYg@UyByB_BqC_@e@cAw@aBsB{@q@_Ae@g@[g@e@]Sc@KqB@c@D_@J]J[`@[f@e@`AUz@Y|AM|@WhAaA|B{@nAaE|D_AlA_AvAw@xAyAbDcBhDwAvB{@~@E?ECOgACoG?iBEeBBkAAsBIaEN_@XOh@QnAUPE`AEd@EpACd@Et@s@PKBEDq@Ae@EWoAyFYc@?k@CWw@gD@Ed@{@\c@Zg@@]{@yBq@mAU]_@u@OMi@OwAgAYQe@Kg@Q[_@OHqAj@gAHWKCI]gDKUMsAOaAO_BMSEQQwBGwAM}@Os@k@gBw@uA_@w@Uq@U}@]yAk@kD_@iBSg@i@_CQk@Yk@Ms@?GVo@f@wBf@_Bb@gBAQ,2,,,,,,Diego Galdino
2,Wednesday - Upper B + Corr,0.0,3915,3915,0.0,WeightTraining,WeightTraining,30.0,Hevy,16147190082,2025-10-15T09:31:55Z,2025-10-15T11:31:55Z,(GMT+01:00) Europe/Amsterdam,7200.0,,,,0,1,0,1,0,False,False,True,False,everyone,False,,[],[],0.0,0.0,,,False,,,False,False,,,,,,False,0,1,False,20232024,1,a16147190082,,2,,,,,,Diego Galdino
2,Evening Run,8008.4,2847,2884,15.0,Run,Run,,Garmin Forerunner 645 Music,16140665273,2025-10-14T17:08:11Z,2025-10-14T19:08:11Z,(GMT+01:00) Europe/Amsterdam,7200.0,,,,5,5,1,1,0,False,False,False,False,everyone,False,g18048384,"[52.21, 6.88]","[52.21, 6.88]",2.813,4.76,83.8,19.0,True,155.5,165.0,False,True,49.0,40.4,17224076226.0,17224076226.0,garmin_ping_490897438550,False,2,0,False,20232024,1,a16140665273,{it}Huv~h@EBEFs@fCYh@?HRl@?r@Zt@v@rAh@vAV|@Zn@?x@Px@N`@RjARp@|@`CRv@Jd@d@lATz@Nt@XlBl@tC`@`An@hAz@lBVbATzA^fE`@jD`@vFBbAPhARn@Fn@H~AHp@Jx@Pz@\zCd@hC\dCHdBFz@?`AFdDCj@Kl@@d@Ph@HfBD~CCj@?jBBr@AfBLnCCbBB`ACrB?TBEFr@JFNE\a@Vg@z@}@jAaCn@eAhAyBdAcCpAyBTY~@{Av@eATSfAmAdA}@t@}@l@kAJYJa@p@qDR_AXy@~@eAz@c@dAa@d@?fARp@b@`A~@b@X\Nz@j@t@z@Xd@`@VfBfBz@lApA|Ah@|@X\bAb@zAV`@Bf@A`@GZG\UxBeBn@oAf@sALk@Jq@P{BLu@dAiNHw@NUJm@D}BXwEVc@DU?WCOAe@Fy@N}ENy@FiBJgA?{@Gu@Jq@Bs@AkBL{DJoA@kAEuBBi@C}@@[C}CE_BTeCDw@HiDFeAAMEEWIs@X_AE_@Di@Pc@Bm@?c@IgCkAYGGA]DgAUM?ME[L]Vi@G_@MOKa@c@QKAGCAg@Kq@Ly@Wy@QkCYSIe@IQ?e@Ie@EaAFc@Aq@W[]?IBAQASB?CEj@Db@A\S`BG`BQdAAx@Ep@Rt@?TQh@OtACx@MfBO`EElCKrDKpBExAA@ISGq@c@o@}@s@_A}@q@{@o@m@i@_@IYIs@_@Fg@UmBiB]WG_@@wBAs@I_@s@Ae@EeAEmA?w@Ii@@w@MYQa@Pm@IUD}@E[Ia@W{AcBe@s@g@}@[YQMYa@m@s@m@cAa@Ww@y@Wa@Qe@WWYQmA{A}@_AM[QGm@}@}@u@Sa@U[O@Sb@Sv@Wx@?XTXXXvAdB,2,,,,,,Diego Galdino
2,Tuesday — Upper Pull + Core,0.0,3737,3737,0.0,WeightTraining,WeightTraining,30.0,Hevy,16136034909,2025-10-14T09:43:26Z,2025-10-14T11:43:26Z,(GMT+01:00) Europe/Amsterdam,7200.0,,,,0,2,0,1,0,False,False,True,False,everyone,False,,[],[],0.0,0.0,,,False,,,False,False,,,,,,False,0,1,False,20232024,1,a16136034909,,2,,,,,,Diego Galdino
2,Monday - Lower A + Core,0.0,4662,4662,0.0,WeightTraining,WeightTraining,30.0,Hevy,16125639595,2025-10-13T09:46:10Z,2025-10-13T11:46:10Z,(GMT+01:00) Europe/Amsterdam,7200.0,,,,0,2,0,1,0,False,False,True,False,everyone,False,,[],[],0.0,0.0,,,False,,,False,False,,,,,,False,0,1,False,20232024,1,a16125639595,,2,,,,,,Diego Galdino
2,Herfstloop Twente 2025,16496.6,5686,5693,14.0,Run,Run,,Garmin Forerunner 645 Music,16115105136,2025-10-12T08:33:37Z,2025-10-12T10:33:37Z,(GMT+01:00) Europe/Amsterdam,7200.0,,,,0,7,0,1,0,False,False,False,False,everyone,False,g18048384,"[52.19, 6.87]","[52.19, 6.87]",2.901,4.6,85.4,17.0,True,158.7,183.0,False,True,33.2,22.8,17198220683.0,17198220683.0,garmin_ping_490055270370,False,0,1,False,20232024,1,a16115105136,ydq}Hmj|h@iArBw@|@]F[Ia@o@Ou@?k@Jw@j@{ADSAi@tAqC\a@J?tAhBdBrCpAnBd@l@x@l@bCx@HHl@~Ao@vDKzD_@rAU|BSxDdF~AIJWBO^x@Zf@DxASzCXfA`@b@TJ^Gl@BZ~HzCb@tArBlJZ|A@h@eAfAiBnCDbEKfGk@t@Wj@}AbF[l@{A`BgA|AYl@w@fBi@zBShGBzH_@nEu@dDGx@c@zCThEPbEV|HAZi@j@_AQ_Aa@_BuA[QQUiBsAwCy@qAyAi@_@_@MaATmDrAaAd@i@j@JdA?zCFnAV^lCdBbArAfAfArBxARVXNb@MrB`@t@R~@j@hBd@bBDx@TjAA|BXvCrAVVfAb@zCjB^d@tBfEjAbBnAbDzAlBBd@Oh@Et@NNP@dBHpBZx@G`@PvAjAfD~DtAjAZ`@jAfCn@x@pAtDx@xCvAfDjA`ExApDb@~Al@t@dDdC|@bAdAfBj@bB@d@GH_Bh@aCnCsAlAsChBgAx@aAhAuAlACHDPl@~Ar@fDd@|AbBbHp@lAZXxBp@v@D`@I\QfCsC`BaCj@Y^?n@QzAfBFf@KnA@n@IxABj@El@rClNx@tF?p@Ol@Yj@m@l@IZLt@WlAVr@|@rAr@zAP?T]j@sBf@iCFs@@aAGmBFcBa@gBi@aBMw@EeB_@oCf@yAdCkFfBwEjAwBJy@e@{@{@}@o@}@aA_Aq@iAiCuBgC{CoFkDq@w@}@kDDOlDmApC_BnBc@dFqBXW@a@SkAq@uCsCeIw@kCmAaDeAiEs@aB{@qCo@}AD_@|BcIx@yDdAoCrBiGfAyDRA`@ThCj@PEHUJi@DyATq@AoBHeCb@_FYeBo@mAQq@NwCGo@JM~AUH]K_@kAoAqCsBcFiEkD_CoD{CK]FWv@w@nFmEx@{@bAw@^Qt@w@lB}AvBuAT_@dA}Bj@w@BUUW{A{@{D}CkC{AwJqGuC}A}DsCgBeAyAm@sFsDyDsBaBcAm@g@sGmD{AiAaFwCiA{@aB{@cBkAyEsCoD{AsCaAKMCQDcAUUcFgA}CHg@IGG?ST[RA@IcCo@}Aq@EKHcAj@cE@e@ZmBViFVuAk@MKOGa@oAy@q@OcAw@o@aA{BqE}@mC[UeC|CKXHd@?Rs@~AGrAJx@NZh@Tn@g@|AcC,2,,,,,,Diego Galdino
2,Morning Run,3530.6,1214,1280,0.0,Run,Run,,Garmin Forerunner 645 Music,16102970797,2025-10-11T08:40:41Z,2025-10-11T10:40:41Z,(GMT+01:00) Europe/Amsterdam,7200.0,,,,2,1,0,1,0,False,False,False,False,everyone,False,g23116162,"[52.21, 6.88]","[52.21, 6.86]",2.908,3.717,84.1,19.0,True,149.4,166.0,False,True,47.0,38.8,17185924898.0,17185924898.0,garmin_ping_489683237463,False,0,0,False,20232024,1,a16102970797,cit}Hcu~h@]JUz@E`@e@rA@\Ar@|@vBhAjDj@bA~AlETv@z@jDTt@Xn@`@zAf@xCPx@JZ^nBn@tAx@tA^hAZpBx@|In@hFHxBPjANl@TfBHjBn@lG`A~FHr@N~BIdBDbCMn@B`@P|@?dEJrH?z@N~C@pDE~AC@?\HnB@rCFdALnABb@BrAArEDnCL`EBjFDh@DF@MK}DBsCE_B@sDG{A?kASgJAq@F{B?{@CGD?CG@kAKeACsEK_CA}CBuBAoCDkBJg@@k@UkAEe@EuA[oEGm@OoB_@yC,2,,,,,,Diego Galdino
2,Friday - Lower B + Core,0.0,4857,4857,0.0,WeightTraining,WeightTraining,30.0,Hevy,16094661683,2025-10-10T10:22:26Z,2025-10-10T12:22:26Z,(GMT+01:00) Europe/Amsterdam,7200.0,,,,0,1,0,1,0,False,False,True,False,everyone,False,,[],[],0.0,0.0,,,False,,,False,False,,,,,,False,0,1,False,20232024,1,a16094661683,,2,,,,,,Diego Galdino
2,Afternoon Run,11605.5,4042,4521,17.0,Run,Run,,Garmin Forerunner 645 Music,16076633804,2025-10-08T15:32:48Z,2025-10-08T17:32:48Z,(GMT+01:00) Europe/Amsterdam,7200.0,,,,1,7,0,1,0,False,False,False,False,everyone,False,g23116162,"[52.21, 6.88]","[52.21, 6.87]",2.871,4.72,81.3,19.0,True,143.9,164.0,False,True,46.8,31.0,17159340479.0,17159340479.0,garmin_ping_488743650924,False,0,0,False,20232024,1,a16076633804,uht}Hav~h@OMK@EHQj@SpAe@rAAZ@HTf@n@nAn@bBl@rBV`@z@jCb@|AHb@bBvFd@fB|@nFb@nBn@~AnAjCZ`AP~@Jz@rArMVfBH`Bd@hDTtDp@hF^dBT~ATzBPtBCzDB`AOpARdADfB?lDLbL@~DCfED~AHx@FtBHrADvAAlCLdCBrAAtCDnEA|DB~@@~CL~AApA?~Ca@hJM~KKlBIjD?|EPx@n@bCdFbLbArBnB~Cb@~@f@l@d@\j@VzAx@hChA`Bz@h@PjCzAh@PjDbBIEUCSMe@I_@Qa@]eAa@EGd@PVTl@Z`Cx@f@Lr@V`@VhB|@THx@^vDvBjA`ApAvAd@`@n@p@Vf@RLdBvB|@r@`AbAfCfD`@p@bBfEd@pATz@bFbNb@tA`@|@fBbFrAbDlDfKlC`HzAtD|BtGn@~ANSAOGQ]i@CYEOs@oAa@uAmA}Ci@iBqAsDyBeFsAuDMUUo@e@cB]s@O_AeBcDeBsEi@eAu@{Cc@uA}@wBm@cB]qAm@}Ae@cAk@s@Yg@_C{C_CcCuAaBYe@e@k@m@cAe@WeAgAeAw@mBgAiCoA}Ai@q@e@kAe@iBc@wBaAuAw@WGs@a@}Aq@[g@UQIK[OMMUMOASGm@Y}Bw@s@a@c@q@c@mA_AwA}@kBcAgBQi@m@uAa@kAsAcDS}@Y}BOeCA_AFaFRaELiIJ}CDmCHqBK{EDo@Ei@Kw@AW@cBCm@D{@AyCByAEy@BkAUkKBy@?_AKkDBgDCw@Dk@C@@o@MwB?_CGyCBmCCa@?o@Da@KoCB_@MsBRoA@UUq@Ce@IWEs@@}AOeCOmAImAQoAI}@c@iCw@oIuAuHK_AKm@KcBIo@Wy@Ow@e@cEA_@Q_AK_@qAuCS_@c@sAs@cDk@iD_@{AWy@,2,,,,,,Diego Galdino
2,Wednesday - Upper B + Corr,0.0,4194,4194,0.0,WeightTraining,WeightTraining,30.0,Hevy,16073040166,2025-10-08T09:45:07Z,2025-10-08T11:45:07Z,(GMT+01:00) Europe/Amsterdam,7200.0,,,,0,2,0,1,0,False,False,True,False,everyone,False,,[],[],0.0,0.0,,,False,,,False,False,,,,,,False,0,1,False,20232024,1,a16073040166,,2,,,,,,Diego Galdino
2,Evening Run,10006.4,3736,3776,15.0,Run,Run,,Garmin Forerunner 645 Music,16065467864,2025-10-07T16:14:41Z,2025-10-07T18:14:41Z,(GMT+01:00) Europe/Amsterdam,7200.0,,,,0,4,0,1,0,False,False,False,False,everyone,False,g18048384,"[52.21, 6.88]","[52.21, 6.88]",2.678,3.95,84.3,19.0,True,151.0,175.0,False,True,47.8,40.2,17148062547.0,17148062547.0,garmin_ping_488390396328,False,0,0,False,20232024,1,a16065467864,iht}Hku~h@S_@CMA[Lc@\_AJe@@CJ@XVRXxFxEl@r@p@h@Pl@jBnCtApAZ`@|@\VRj@xAn@bAj@jA\TdBH|ARzAGfABd@Fb@N`@DjCRVRArAEfA@h@X^~@x@n@t@v@n@`A\PTz@v@nB`CfAxAJj@N`@RHPDBCDU?}DJsB@aBFiBAw@RuCDmBDk@B_CHmB?i@PyCKm@?mA\q@b@QbAJf@BjAIh@Bx@ZXB^R^L|Ab@x@Hr@P^Nd@b@n@Lp@@`@DbA@nBHlAT`@DXIXBh@DxAZjBJd@Q`@Db@^NDAFGHCCDAb@JBDBT@rABR?V?b@Gp@DHXZ\h@\`@LXFd@^zATb@RNBF`@FZNd@x@z@b@l@F^XTVRLfB\d@N^Fb@Rx@tAb@f@x@nB^hA^nAl@rAbAzCx@tCb@bAVd@l@p@TBHHb@v@Tf@t@|BTh@JHJv@d@tA`@fCJ\d@~@Pl@Rp@D^\hBPl@Zj@Al@Kd@QtBKPAFFf@El@cAvC[p@_CtC[j@aBbC{@`AY`@YLa@IqDyBuAq@]Yk@UUUQKqBs@a@_@cA]}Au@IICM@]Hs@nAiFdAiG@k@LgBJ}@Am@Og@YAw@PSHQXWLkBVa@N]@c@[ICKYCOq@w@aAeAwCwDM[OUSOODKf@Dv@?b@O~CMbAEn@u@`GOdDOj@Yp@ERC\Dz@E|@Gp@SdBWzAOd@[h@YXw@~@i@f@]R[Je@R_@F]C_@OWS[Q_AUy@[s@w@Wu@}@eAeAgBWUc@Uq@i@iAkA]i@WUeAa@a@Yc@g@_@[m@Y]IeACk@Fe@Le@T}@pAKTi@dBIn@I|@]lBYv@[n@w@jA[^gBbB]b@y@z@kBdC{@vA_@~@w@fBk@dAOh@g@`Au@hAsAfB[ZC?GMMw@G{@?u@GgB@eBEoAH[Aq@Ee@Ro@AgBCg@DcAKkBHk@Cu@Ma@SuDIk@WuCMy@K_BEmBK}AQs@WgC]{BMeB]mAKgAu@wEEo@e@{DCg@[qCEMQiAc@eBgBmDe@aB}@iEg@wCu@iCa@cBIg@w@aCcAoCw@mCQ{@Oc@Mi@}@aB,2,,,,,,Diego Galdino
2,Tuesday — Upper Pull + Core,0.0,3449,3449,0.0,WeightTraining,WeightTraining,30.0,Hevy,16063821768,2025-10-07T14:02:18Z,2025-10-07T16:02:18Z,(GMT+01:00) Europe/Amsterdam,7200.0,,,,0,2,0,1,0,False,False,True,False,everyone,False,,[],[],0.0,0.0,,,False,,,False,False,,,,,,False,0,1,False,20232024,1,a16063821768,,2,,,,,,Diego Galdino
2,Monday - Lower A + Core,0.0,3724,3724,0.0,WeightTraining,WeightTraining,30.0,Hevy,16050036407,2025-10-06T09:23:07Z,2025-10-06T11:23:07Z,(GMT+01:00) Europe/Amsterdam,7200.0,,,,0,2,0,1,0,False,False,True,False,everyone,False,,[],[],0.0,0.0,,,False,,,False,False,,,,,,False,0,1,False,20232024,1,a16050036407,,2,,,,,,Diego Galdino
2,Oysho Cardiff Half Marathon,21329.8,5790,5790,71.3,Run,Run,1.0,Garmin Forerunner 645 Music,16039688287,2025-10-05T09:00:53Z,2025-10-05T10:00:53Z,(GMT+00:00) Europe/London,3600.0,,,,0,29,0,1,0,False,False,False,False,everyone,False,g21794451,"[51.48, -3.18]","[51.49, -3.18]",3.684,6.2,86.7,23.0,True,159.0,174.0,False,True,30.9,6.7,17121982942.0,17121982942.0,garmin_ping_487559709139,False,0,0,False,20232024,1,a16039688287,_|eyH|llR\fLDdGG`GY|BgAjEMjC`@rH|@bJn@lEXn@Lp@h@~EhA|HjBbLp@`Fz@fE`@l@xEvBpAx@b@`@dA|A~@^vDkBpEgDpBqBx@g@lDeDjAsAt@aAl@eA|BaCrFiHz@uAnAiCfCgH`AkEzA_Id@aBRQ\H~AdArAjA`GlE~F|EtBtAtDzCfExC~BlBrEzDnHxFpAx@dBxAlCpAxAPz@ElA]fC{BjAwAr@iAf@c@xEkGzByDlIuQpBqCbCsCt@o@tDqAvBoAvAsAb@eA`@yA?_@[cBO{CJ{BRoAJQz@a@tAaCv@cDnAaEr@}Al@qBn@cDT{BRcCLkC?uBMoDIw@ZeDL}C@eEIcE[wGk@iEw@aDU}Ac@kBWyC@cA[{ACq@DcAKm@kBiBkJmJmAcAq@Ws@MoA@oKr@k@Gw@a@a@[aAcB_AoDq@uBy@uA{@_Am@a@eAGkANsC|A}CfAw@D{Bi@uA}@uBmBkA_@kA_CoBaDWs@_@e@[O]R_AdB]\{B@c@ZoA~Cm@lB_@TcDQi@Z]d@GxA[nBK~CMl@]RiARuEEc@Pc@pA}AhA}A~@eCx@cBx@yA|@yBfBaCbB{IzFmAfAk@VgCnBoKfHgCjA_Ch@_A^Uc@eAqDmAeFAoAc@wB}@cGEyAi@yFk@kBGeADgAC{@kBqJg@_CMYk@i@c@U_@?m@DkA\_ExDSf@Kr@c@vIWlD?\EZMNMlAo@tAe@\eAb@aANsBjBaAj@GEeA|@sAf@eC|CU`@mFxDSB_@Ma@_@aA_@}AGc@Nm@f@wBxCgDvDgA^g@?aAXoBx@uI`Ba@WWe@mBoJSs@S}Am@{BoA}GmAmJ[aEAwDf@wECe@Wy@_AkBMQOAi@x@aB`EyAlCiAnCo@~@kB~FmDtIy@|A_@`A{@bDwCxIq@zAa@fBgAlCwEfIaDzE[R]UIa@MsA[{BKQYMGUyEm@eDEwBLwEIoASqC{@gCMgGR}F|Ak@BeCEqEoA}ACiBNeB`@aAh@wAfAuCdD_@p@Ox@?v@Ln@t@bAlAt@xAZr@@hBOjHaBzAItLT~Cd@pBp@fAA|AS`C_A|@ObHH`AKhCc@hC{@xAYFNrEf@d@N^ZrGbK|D~IzC~D~B`BnCbAf@NtCFhJ]pH_BtEk@rGiA\Ft@jAtDxJtAhDRVdBsB|BiD,2,,,,,,Diego Galdino
2,Evening Run,7114.0,1983,1983,14.0,Run,Run,,Garmin Forerunner 645 Music,16000276442,2025-10-01T16:08:05Z,2025-10-01T18:08:05Z,(GMT+01:00) Europe/Amsterdam,7200.0,,,,6,3,0,1,0,False,False,False,False,everyone,False,g23116162,"[52.21, 6.88]","[52.21, 6.88]",3.587,5.22,84.1,16.0,True,151.9,170.0,False,True,50.0,42.0,17082022191.0,17082022191.0,garmin_ping_486249103968,False,2,0,False,20232024,1,a16000276442,aht}Hyu~h@W]Eg@D[^sAP_@FAPDJJLVJJ|@n@`@l@ZVj@~@Z^dAjA~@r@v@pAx@dA`@b@\X~ApB`@Rz@vAdAlAz@rAXHb@BdB@f@BZHrBJl@Ef@NhALpAJ`@@HHBd@IzB@`@Z`@nCjChAnAJDh@h@pAdAhCtCb@xAAlAHJZEDCVCd@Fb@L`AP`BPzA`@p@Vd@L`Ad@jA`@d@TJ@f@An@MbBGd@?z@Lb@Tb@ZZb@DTrAnCp@|AZx@\p@t@hANL`@Rb@Xf@Lf@Fd@`@?j@MlCg@jEItA[|CK|AOz@Y`AE`A@zAYzCOdAS`AUt@o@z@a@\c@XMDa@\e@Xk@Hc@Cc@Q_@W}Ag@g@a@}BkC_AyAa@i@c@a@_As@Y[YW{@eAc@]e@QgAo@k@m@g@UaAKcAHc@Fk@NSLq@fA_@z@Wz@k@dEKd@Ut@e@~@s@z@[VgEdEgAtAa@l@gBrD}@bBw@bBe@x@sAxBc@l@c@XECIWCw@JyD@kAGsCE{@Ay@Bm@E_G@g@DSDs@Mg@QsAIqDOgBMu@SeC[qCQ_Dg@kDKgAo@wDIcAi@aEUaBWqAYkC_@cCO{@Qq@e@kAaAgBo@}AOm@_@uCi@eCYaAOy@Y{@SOEOo@aDY{@Mg@qAoD{@mDUo@Qu@u@gBGU@O\aBTaAr@}Bj@{APINJ`@r@JLf@^t@x@PLd@r@|@|@v@hAb@Z?PyA~FEBOI[a@e@i@MW?aACEGCCBI\LXF?DK@Q,2,,,,,,Diego Galdino
2,Afternoon Run,6102.3,1836,1836,11.0,Run,Run,,Garmin Forerunner 645 Music,15976442265,2025-09-29T15:00:30Z,2025-09-29T17:00:30Z,(GMT+01:00) Europe/Amsterdam,7200.0,,,,0,4,0,1,0,False,False,False,False,everyone,False,g18048384,"[52.21, 6.88]","[52.21, 6.88]",3.324,6.1,84.0,22.0,True,152.2,183.0,False,True,51.2,42.4,17057903161.0,17057903161.0,garmin_ping_485503315105,False,0,0,False,20232024,1,a15976442265,}gt}Hau~h@AE]i@EU@M`@uAF]FKJITPJVRLrBnAD?VNXd@JDr@n@p@x@Zd@RNJPH\`BhCt@x@pBpBzAtB^d@p@lATTb@Bb@?\@|ANd@CpAHf@G|@XfBRb@@p@H`@HK`EL^|AzA`@Zj@l@E|Cz@g@h@CfAj@ZX`@Tv@|@\b@T\Hj@Rd@K`DOpC?bAQhDAnB@xBSrDObESbEGdBEpCDr@?dAEv@w@jAYr@UjAMfA[jB_A|Bc@n@kEfEiAtAe@f@e@p@uCxGkAdC{A`Cu@~@[TE?GKIm@IsBAmAIqB?mBIaAHs@AeB@gBEqBJm@b@_@p@OxCSjCMd@M`@i@f@WBSG_AwBoIG{@k@cCCY\k@^c@Te@NW?U]gA_CuE{@o@IM}As@_@Im@U][WyAQc@EEK?]F[Fc@Ve@LQ?EESm@_AwGQqB_@{Be@yBSw@iAoC?I^aBn@uDJ}@j@oC\wCb@gCd@}CZcD]c@UGEBU`@aAlDOjAOj@e@nASK][YCYPQZaBjBQ?EIYy@c@{@Me@OMCUdA_DlAgDhAcETmABe@AImCiCg@m@m@e@aAaA[m@Ya@WFGJUp@YnA,2,,,,,,Diego Galdino
2,Wednesday - Upper B + Core,0.0,5043,5043,0.0,WeightTraining,WeightTraining,30.0,Hevy,15919522754,2025-09-24T09:25:22Z,2025-09-24T11:25:22Z,(GMT+01:00) Europe/Amsterdam,7200.0,,,,0,4,0,1,0,False,False,True,False,everyone,False,,[],[],0.0,0.0,,,False,,,False,False,,,,,,False,0,1,False,20232024,1,a15919522754,,2,,,,,,Diego Galdino
2,treadmill run,8000.0,2880,2880,0.0,Run,Run,,,15906126708,2025-09-23T05:53:00Z,2025-09-23T07:53:00Z,(GMT+01:00) Europe/Amsterdam,7200.0,,,,0,2,0,1,0,False,False,True,False,everyone,False,g18048384,[],[],2.778,0.0,,,False,,,False,False,,,,,,False,0,0,False,20232024,1,a15906126708,,2,,,,,,Diego Galdino
2,Tuesday — Upper Pull + Core,0.0,3560,3560,0.0,WeightTraining,WeightTraining,30.0,Hevy,15905966502,2025-09-23T05:15:54Z,2025-09-23T07:15:54Z,(GMT+01:00) Europe/Amsterdam,7200.0,,,,0,3,0,1,0,False,False,True,False,everyone,False,,[],[],0.0,0.0,,,False,,,False,False,,,,,,False,0,1,False,20232024,1,a15905966502,,2,,,,,,Diego Galdino
2,Monday - Lower A + Core,0.0,4617,4617,0.0,WeightTraining,WeightTraining,30.0,Hevy,15897218442,2025-09-22T10:08:49Z,2025-09-22T12:08:49Z,(GMT+01:00) Europe/Amsterdam,7200.0,,,,0,2,0,1,0,False,False,True,False,everyone,False,,[],[],0.0,0.0,,,False,,,False,False,,,,,,False,0,1,False,20232024,1,a15897218442,,2,,,,,,Diego Galdino
2,Copenhagen (Rodagem),3265.9,1175,1210,12.0,Run,Run,,Garmin Forerunner 645 Music,15827421459,2025-09-16T06:29:13Z,2025-09-16T08:29:13Z,(GMT+01:00) Europe/Copenhagen,7200.0,,,,0,9,0,1,0,False,False,False,False,everyone,False,g21794451,"[55.68, 12.59]","[55.69, 12.59]",2.779,5.36,86.2,20.0,True,143.1,161.0,False,True,-0.6,-10.8,16905140032.0,16905140032.0,garmin_ping_480812469992,False,0,0,False,20232024,1,a15827421459,qczrI}lykAA]EUGMMKWc@ECQDKGm@NUGOa@_@a@QICYc@Qk@a@c@k@KIWI_@k@q@LGCUFs@o@]m@i@q@q@g@e@S_As@c@^C@EIg@RC[]cAEYQCMYK?WII]c@MFCFw@o@_@Qa@WYw@o@g@KIOg@i@SOEGi@Ye@PEJK@KKc@B[{Au@oBc@sBUm@i@cBU]_Ag@[Mm@QqAXg@P]DIDSVAZb@T?JHh@Tn@FBTE\A\FVXJb@Xv@Df@OXc@Re@F]?SU_@q@YAC@k@z@}AnBER?~AGn@Of@C@q@pAK?[_@_@eAQu@@u@B]Ai@{BaCUSOCy@t@OHK@IA]Me@IQS?MV_AHy@Pi@VI\HVWNo@X_DHqBAUm@gAMm@GgDD_@DA^Fj@Zb@\b@THRLfALd@ZJlCFjA?L]D}@Ny@jCkAJBDLCx@OxBI^_@`@q@\C^LrCFLfA]TBP?|@[RFVPv@p@VL,2,,,,,,Diego Galdino
2,Copenhagen Half Marathon,21590.6,5741,5741,26.0,Run,Run,,Garmin Forerunner 645 Music,15806692954,2025-09-14T07:44:32Z,2025-09-14T09:44:32Z,(GMT+01:00) Europe/Copenhagen,7200.0,,,,0,19,3,1,0,False,False,False,False,everyone,False,g21794451,"[55.71, 12.57]","[55.7, 12.57]",3.761,7.0,87.6,17.0,True,157.4,171.0,False,True,7.8,-26.8,16883566779.0,16883566779.0,garmin_ping_480146116658,False,0,0,False,20232024,1,a15806692954,aj_sIiqukA_@cE{@yFq@oHmAmHqA}KYwAq@kJDgArEk@dCH|A[~Kl@jFUz@[vB\bBQ`H?xA^nCKTu@jBsAp@Qj@Hz@w@d@E|@s@^iAz@SzCeClA_@l@{@Tk@h@OnAqCbBaDz@gCvBaFfCiEvAuDpDgIf@y@^[l@Pl@j@pCpFl@jCTtB?`DHjB`C~IbCdFrDzJxAvCx@tCrA~CxCnFtCxGh@|@f@`@^iATqAB}@~BgN^cDn@oCbAqFJgAb@kA`@YhBStBs@bBcBpA_AtD_Bh@KT]fDmBhEyDNc@cAeFc@u@]Q]EoAZw@h@uAZmAp@}Dn@o@b@yA_A]m@}CgCoA}@}@W_BcB[WQBaBgB_BiAk@w@wBgBk@U{B_BW_@cCmAm@i@gAaHEuEZc@rAVhA|@zAd@nCjC^p@tBfAzAtAlA^hF`E|@tAz@h@x@`AfAj@^f@b@JlAx@dBbCjAvA^nCP^`AOl@e@dAe@|BYzEsBhD_ATBnAk@n@Mf@Z|@hAb@vBXj@z@xCdA`JbBxH~ExKdAtBElBl@?zChF\VTvBr@rCzC`FdCzBhCjGLjA@`AQz@[p@aAfA[j@St@UvBy@vAkDtDyFrEi@q@}EoQgBaDUC}AfCmDjI{@|BIdA_ApDzApGJv@pAzETtCr@`Ez@jCxBbJd@xC|@xKhAjGZnCArB_@jE]pPK|@FjGYh@{@rE_@zDa@lK_@rFIlE_@|DSlHaAzP}@xRM|E_@zEWp@[F_HmAcJ{@SJUl@YbBI`E[|CEfBo@vIStDC~BkAnMMhGZtFAx@GLcGaBcBuAgCu@eC_CyCwBs@_AmCiAo@q@aEiC}DcD}DeC{BqCk@U]e@s@c@i@O{BgBwAeCqCmCeBqAcAqAkCaBc@mA_BsAcDgBa@q@eBkA{AgCkBgAmEsD]i@UyAMoBGkEYcAQoDWaCEgC]a@E]CuBM}@?oBe@mHLkAfBmCp@yBrDiFl@m@^w@@m@Vm@|DmFLeAnDyFjB{DbFqHxDmHbAkAD]pDsHxCsLfAiDFgA|@kC~@iDb@kBx@cCPcAlC_HrDgLtAgH^y@Iu@s@oAoDoE{BmEmA}AiEmHoD{GwBgBwBmAsE}DaAg@wCmDkHeGq@_AeC}AsAkA}@uAc@GsQ~Jg@rBQnD]xAcBdDc@nAMz@c@bA}EdKsGrMc@dBy@lB,2,,,,,,Diego Galdino
2,Afternoon Run,8006.4,2909,2911,15.0,Run,Run,,Garmin Forerunner 645 Music,15786843395,2025-09-12T14:02:36Z,2025-09-12T16:02:36Z,(GMT+01:00) Europe/Copenhagen,7200.0,,,,0,4,0,1,0,False,False,False,False,everyone,False,g21794451,"[55.7, 12.54]","[55.7, 12.54]",2.752,4.48,86.4,21.0,True,147.9,166.0,False,True,41.2,28.6,16862625737.0,16862625737.0,garmin_ping_479526615959,False,0,0,False,20232024,1,a15786843395,oj}rIiepkAOc@Ec@Gi@Ay@Gg@CgA@WB?_@?_@JS@g@E_@IWK]CY@e@AY[O?EBGG?BAKGKWUSIeAWMI}@gA{@U_@OYF{@[m@O[?]M]Ag@KoAYa@Fg@@e@M[KS[a@}@y@gA_A_@q@VQCy@s@Sg@U}@KcAD[E_@cAcA{BkBaC{CiC_E_@o@oC}Dk@_Aa@s@aBgCoAgC]g@_@c@Yc@Y[u@cAy@uAo@{AWe@Oy@m@aBk@gBc@q@[Wg@{@s@eBU{@OsA]mAQgCKs@y@_D[{B?GLOrAyATMh@WNMXGr@[d@MVOn@UP?b@KNIh@k@h@QF?b@MN@DNZJ^?b@Sf@_@Z?b@EPI\@fAm@ZGlB{@VU`@OJKAc@DQ`B_A^M`@H?RWk@IiBDMTEBBLITWTe@Rk@bCgF|@{B\m@Ri@BAZXFIxAsDPm@^w@J]dA{B~@{ATk@d@{A`D{GT_At@oBXm@Z_@^u@b@_ANa@Po@?UNaAdAeAnA{B\mALy@De@t@_Ap@gAd@k@L_@Jk@B_@Ii@Bo@?y@QaAB[^Sj@g@`@MVA^Kb@]b@i@XATl@XTLh@NRFl@Jz@j@vCf@|AFTb@dAX`@j@dAT~@N^Pj@P^Z~@F@J^LHFCJJVb@ZTr@rA`@Z~@fAbAd@~@n@Rf@TVZl@Vt@Th@b@j@Rd@V^Xt@~@`Az@vA\`@`@dAHHRf@NXNRb@rAXp@Zb@b@|@pBpD|@bA~@jAP^RTXj@BBZd@p@pAXXb@~@PNdAvARRn@lAXZ`@n@JADIHGX?ZD@DATa@hAu@lDKZ[jBm@dCc@|BQh@c@rB_AxBQv@GJSh@Sz@Ed@Kf@eAdE_@|@Wf@]~@Wh@u@|@[l@ECAEBFGNe@|@aBnBCD@L}AhC[`@GFa@`A]n@MHS`@c@h@s@pAUXq@~AQT]FWNc@bBi@dAcAxAKHEK@B?CILe@pAi@lBa@dAiAtBy@`Aw@hA[l@a@n@Qp@Uh@y@fADJGJ_AnAURGR[f@WXCDAGQ]YK[CGK,2,,,,,,Diego Galdino
2,Fartlek 1x1km,8012.3,2416,2546,13.0,Run,Run,,Garmin Forerunner 645 Music,15753375303,2025-09-09T15:18:22Z,2025-09-09T17:18:22Z,(GMT+01:00) Europe/Amsterdam,7200.0,,,,1,6,0,1,0,False,False,False,False,everyone,False,g23116162,"[52.21, 6.88]","[52.21, 6.88]",3.316,4.717,84.6,18.0,True,151.9,167.0,False,True,48.4,39.2,16827285245.0,16827285245.0,garmin_ping_478482307809,False,0,0,False,20232024,1,a15753375303,{ht}Huu~h@GAGBMVi@pBUj@@TrAtCPh@Cj@`@pAJd@l@vAt@lBPn@DX`BtFVpA`@dAVfBZ|At@~CfAvB`AdCPjAVrC^fCh@~EHhAJx@HzBNhARn@F^F|@BtBd@~DJn@b@jB^rD`@xC@ZE`@Cn@BbCAn@Mr@Jd@Dj@HzFD`AC`ANbEBfCBn@OvE@@I?DbALxABpCFzAJpAHhGFnALlGDxDA|@JvB?b@HbCCbB@fBEfEs@jSS`KBxBArABXTv@f@zBnAdDxAzCd@|@x@pB`@r@b@fApAtB`@`A^^RL|Bx@j@\nAh@lC|A`Ab@^P`A^jAn@b@NjAX^R\HBEAKGCe@Q_@G}DaBa@Wy@[gAg@uA_Ag@Wg@Qs@e@q@]YK}@Qo@U[]m@iBWi@a@i@Wq@Ww@wB{D}@oBW}@aAgCU_AQgAUiCCs@DyCRgHBqBAaAP_GB{EHeBBuBA{@Ea@?{@Ow@Gw@?q@FoCCcHBcAA{EEgCBuAKgCGeC@gIAc@Ko@Iy@EiGIwABkCLw@B}@EgDDuCSi@Mi@G_AAcCEcAKu@]wAe@_CQeCHk@GaA_@aCO}Be@oCSy@g@yCIw@e@kCIcA@c@UcB@Gi@gEo@_C]y@o@mA_AaCc@sBe@gDm@qCS[Si@k@mBIi@w@gC[mAaAoCg@gBS]cA{BWeAZc@Nc@Jk@R_@Vs@H?JDx@~@,2,,,,,,Diego Galdino
2,Morning Run,8108.6,3070,3070,22.0,Run,Run,,Garmin Forerunner 645 Music,15725072085,2025-09-07T07:14:48Z,2025-09-07T09:14:48Z,(GMT+01:00) Europe/Amsterdam,7200.0,,,,0,6,0,1,0,False,False,False,False,everyone,False,g18048384,"[52.22, 6.92]","[52.22, 6.92]",2.641,3.6,85.4,20.0,True,166.4,184.0,False,True,50.8,35.8,16797327472.0,16797327472.0,garmin_ping_477648046842,False,0,0,False,20232024,1,a15725072085,mtv}Hybgi@?C@P_@fAG^Sl@Kf@Cb@]~AMd@Y|AWv@IfAShBA`@JlB@h@CVPrDVxC@j@P|AFt@Bd@Fb@A\JdD?nAHx@FvAVpCLp@h@xG`@~BNj@TvBdArEv@dCn@bEJ`@Tn@^nBJ~@RlAVv@BZLf@Jn@Xp@Jb@DlCXxBd@hBXbBN`@Cn@LpBSN{@LmA?{@E{@AyBFeAHkBn@m@FQLc@P_@TYH_@\c@AGV?QK_@QaDIw@?o@YeDAmAEYOo@H_A?s@EW?YQyAMmB?s@Ku@ISE[KcC?{AMiAMkBIo@?m@Ew@Gu@G}AGyDDc@C}@Em@O]Eq@CkAKgAMk@WwDCk@J]MaC?e@BISiCCm@Fc@Bi@Fm@FgCDu@Am@H_ADKBa@SuFJmHNe@GyA@s@Nm@@i@J}ADaBLwAD{@LcAAs@ZcDAe@Dw@LkAFcABc@Aw@Bu@H{@No@Fo@Du@EURmDDq@H_@BAJ?b@H`AHbA\XLb@L`@Xb@Lj@^j@TXDpAh@hA^^Tx@l@tAp@`@J^P^JtAH^Jf@?TFPf@Bv@Ep@BdAKt@Ct@AzCKpAOrDCbBOxC[bFIlBK|@QjCAx@Bz@f@~GLf@x@|BtBhEj@vAPn@P~@Xv@r@`CFr@Jt@HhAAj@ITIDc@EgAU[SkC_Aa@Ec@?kBb@c@D]`@YLy@Ac@K}AQq@Oe@E]QwAD_@HiA^a@Ve@Ry@n@[VUDg@}Ce@kBG_@AiAUmCCcAIoAAi@QsAKa@Ea@CaBFkAAk@Dg@?[ASQQw@UGKCe@@mBNyCFgCZuG@y@H}@H{A@_ANeB@i@Fu@Lm@Dm@FuAJe@N?`@SVAv@Mz@Dd@IdA?NEFFH^PrBJ`B?p@Oh@YDsA?MB{@GUKEg@D[BCx@MT@,2,,,,,,Diego Galdino
2,Evening Run,14668.7,4331,4378,16.0,Run,Run,,Garmin Forerunner 645 Music,15720710177,2025-09-06T17:24:16Z,2025-09-06T19:24:16Z,(GMT+01:00) Europe/Amsterdam,7200.0,,,,3,5,0,1,0,False,False,False,False,everyone,False,g23116162,"[52.21, 6.88]","[52.21, 6.88]",3.387,4.75,81.1,22.0,True,152.9,188.0,False,True,21.8,10.8,16792611103.0,16792611103.0,garmin_ping_477467475187,False,2,0,False,20232024,1,a15720710177,{it}Hsu~h@KJELMr@k@|BC`@^dAf@`APb@Rt@h@tADP|@pBr@nBhBnGNt@j@nBRv@~@rFTbAb@dAt@xAZt@`@zAh@bE~@xITnERzAl@tDV|D\|Bn@`DVrBLt@LrA@xFCv@IXC^RnADpB?nBJzH?bDFzABbBGbBEIB~@HbB@fETrC@xCNrH@lFFfANrJ@nDCrCMrEKhGe@pNClC@pCDdAt@zCRl@bB~DbAnBnChG\n@jBvCb@`@d@Tp@RvBjArAz@jAn@fA\d@RxBv@tAp@zDxAzA~@|CdBr@f@bBz@bAv@dBfB~BnCfEnEdArA~@bA`@j@zAfDlBlF`BjET|@xAlEzAvDp@hBbAzBr@pBfA`DV|@rA`DvArD~AvEhB~Ev@pBrAvDb@~@fAjCNn@B@VGB@l@vBLRRn@Xl@Tp@RbAP\Ln@Rj@fAxBjElK\hAj@tCXdER|BRtAf@rBhAbDn@rBhCzGpBdGvAxDTv@l@hB}@qBe@wAoAmDSa@{@oCYq@qAsDe@aAu@sBkAwDWcAm@gD]oFUeC}@kD{@qBy@uBy@oC_AsBg@{AgAqDc@}@Ww@c@}@i@qA_AmCkAmCYsAmAeDi@eBmCgGs@kCUm@mB{Ee@uA}@qB}@qCm@oAg@_BkA_C{AyDaC_I{B_GYaA{@gBgBqCiC{C]k@i@w@{BcC}@wA_@UyBgBiBgAXJx@f@jA|@n@p@LJZJSGSK{AuAk@]kBy@wAw@gBs@w@c@sBy@s@MeB{@wBy@g@[u@[a@S}@]g@[_@]u@_@uA}@eAc@mBeAc@e@y@qBg@u@S_@Wu@O[_AkBy@wAWo@cAmBy@oBWqASuAWiDBaAAmA@_@Hy@`@yRNgEAgEDkCDcA@sBIeBCiCI{CEuFBkCEgFGkAGaFAeDBwAAF?gAIaA?sIG}BCKC{@AmHNaCQe@Iw@G{@EoAMeBAu@KcAMu@QoC]cCOaBOu@Q}CSsA_@cBWaCMeB_AkGKiA_@}CU{@SeAg@mAeAqBw@cCiAoG_AyDy@gCWoAAQDOHYLSLe@BWHSBU?KDSJSDWXw@Vk@DECQICKYG]IKWOIKAMYSCE,2,,,,,,Diego Galdino
2,Treino de Pernas,0.0,3143,3143,0.0,WeightTraining,WeightTraining,30.0,Hevy,15704594319,2025-09-05T10:41:13Z,2025-09-05T12:41:13Z,(GMT+01:00) Europe/Amsterdam,7200.0,,,,0,1,0,1,0,False,False,True,False,everyone,False,,[],[],0.0,0.0,,,False,,,False,False,,,,,,False,0,1,False,20232024,1,a15704594319,,2,,,,,,Diego Galdino
2,Afternoon Run,4569.1,1502,1505,3.0,Run,Run,,Garmin Forerunner 645 Music,15683903819,2025-09-03T14:50:49Z,2025-09-03T16:50:49Z,(GMT+01:00) Europe/Amsterdam,7200.0,,,,0,5,0,1,0,False,False,False,False,everyone,False,g23116162,"[52.23, 6.88]","[52.23, 6.88]",3.042,5.26,80.2,25.0,True,153.7,188.0,False,True,31.4,17.4,16753430622.0,16753430622.0,garmin_ping_476372861691,False,0,0,False,20232024,1,a15683903819,mrw}Had_i@y@eABsAE{@McAUo@[g@WWk@[UEk@Ac@RY^Eh@?v@Dp@Jf@`@hA^j@\Xf@Nd@A`@I`@_@Li@AaAGaAOu@Se@Ua@[WYKw@I_@Di@ZEJG`@Ez@F|@Jn@Pj@Vb@`@d@f@Tf@JJ?d@K^c@Jm@B_AASS_BOo@O][Ye@Sa@Eo@Be@LWZIn@Ct@Hz@Lt@J\d@v@HHXTZJz@F\MTQJQHo@?}@KuAMi@Uo@s@s@g@Ic@?i@Hc@RMj@E`AH|@Px@Rd@^d@hAv@\BXE^KT[Hq@Bi@C_AKy@Us@Q]e@e@]Ma@Ga@Bc@L[^Kx@An@JlAFXL\Xh@PRNJ~@\j@F^KNMFIJs@?e@IqAKq@I_@Yu@_@]UKWGm@Ga@Dc@\O`@A`APhBNn@^n@d@f@`@Rd@HD?b@K\WPc@Fs@CwAMu@Og@Yg@k@g@UKe@Ee@@k@PMLQj@C`AF|@DVRt@DJf@l@f@Zd@LT?b@Eh@KN[Fa@AqAUmBOk@IOMCy@m@YKQCO@a@Hi@\IRI|@@x@LbAPp@d@v@d@Zj@Rf@?TE^[HQHi@?kAIeAS{@a@o@c@]k@QM@IKM?CBOBW?MLYv@CZ?p@HfALp@bAzAPNTLLBt@A^CZYNy@BaACWMgAUw@a@e@y@i@i@Cg@Fm@\EDIj@Ax@@VRhAPh@b@|@,2,,,,,,Diego Galdino
2,"Peito, Ombro e triceps",0.0,3436,3436,0.0,WeightTraining,WeightTraining,30.0,Hevy,15680711686,2025-09-03T09:07:37Z,2025-09-03T11:07:37Z,(GMT+01:00) Europe/Amsterdam,7200.0,,,,0,2,0,1,0,False,False,True,False,everyone,False,,[],[],0.0,0.0,,,False,,,False,False,,,,,,False,0,1,False,20232024,1,a15680711686,,2,,,,,,Diego Galdino
2,Evening Run,10122.0,3519,3567,30.0,Run,Run,,Garmin Forerunner 645 Music,15675501048,2025-09-02T17:11:09Z,2025-09-02T19:11:09Z,(GMT+01:00) Europe/Amsterdam,7200.0,,,,2,7,0,1,0,False,False,False,False,everyone,False,g23116162,"[52.21, 6.88]","[52.21, 6.87]",2.876,4.067,83.8,22.0,True,154.6,167.0,False,True,59.4,42.4,16744032556.0,16744032556.0,garmin_ping_476103838213,False,1,0,False,20232024,1,a15675501048,yht}Hqv~h@IW?S\iA\u@F@NPJVx@l@^Z`@TXHd@x@PRx@z@XZPZh@`@L^^r@`ApAnBnBjA`Al@fAvAfBb@v@PPx@F\?RE|AJxAGrAFhAT|Cb@\TCxAE`A@f@RZzAnArApAl@r@BJXJp@f@hBnBVRv@x@Vd@Pt@RX?BNBN?BYBwCJqC?cAJuBEy@F{AAy@@o@XqC?WE}APoDRmBTcATsBXQXJ\A^B\HvC^rAXtDf@z@N`@XAERHf@FZAnAVF?|@NbADdAN^Bb@?d@GjA\x@N^BXIf@HlAJ`@VL@A@d@PAv@Ez@@|@Cj@@Rp@`At@x@Zn@Fd@J\Xd@XT`@J^Tj@l@`@Vx@^HAR[HBl@b@TBf@EdADXATY@m@KWY}AU}@E]Ic@IYW]a@W_@c@UEYPYh@Or@Ev@H|BJ~@Tj@^\ZPJCn@C`@@^CTIHIHU@UEYaAuDG}@EOk@i@}@q@SH[h@Wl@Ev@?n@LzBRlAA\Gh@DLbAR^N|ATp@R^DNHh@p@pBlEbAvCPz@\pAn@pAh@xB~@jC\b@d@RTXb@fAh@bBj@bCf@tAPx@Tp@`@xAD^`@|AjArDXr@?^QfBMdAEVI?USo@}@o@iA]WqFaAa@U}AaBs@g@gAeA]O}@{@SK}@QeA_@y@IaAB]HaAHe@NWBcAAe@KkAHIAe@S_@MaAeAyAsB_@Yu@]Uw@WOI?MLK\Bn@Ct@I|@GpAEh@Mv@Cz@OpAMlBQbAEbBGl@Sf@Mn@?vBYzB{@`ESj@MRyAvAc@T{@ZOBYJi@EcAu@eA]]QSQsAoBc@]cAqA[k@{@g@g@_@}@cAi@y@a@[sBw@Yc@[Y{@]a@Ie@AkAN[JIB_@^w@pAUj@Up@Kl@c@dDMd@s@hBa@j@e@j@aAv@_@\cBfBy@`A]f@u@nA}@nBc@n@aAdCq@pAsB~Ca@d@SJGAIa@Cu@?oGGoBIgBLoAIoF@y@L{@?OS_AGm@CqBEq@QyBMm@Go@YeBUyBE}AKoAu@sFMk@SqBYeBMeA]_Ce@eEMw@o@oFc@kBoAgCYm@[_AQw@{@eFyAiG,2,,,,,,Diego Galdino
2,Costa & biceps,0.0,3563,3563,0.0,WeightTraining,WeightTraining,30.0,Hevy,15669674986,2025-09-02T10:39:34Z,2025-09-02T12:39:34Z,(GMT+01:00) Europe/Amsterdam,7200.0,,,,0,3,0,1,0,False,False,True,False,everyone,False,,[],[],0.0,0.0,,,False,,,False,False,,,,,,False,0,1,False,20232024,1,a15669674986,,2,,,,,,Diego Galdino
2,Enschede -> Utrecht (SOJU),151658.0,28353,34569,277.0,Ride,Ride,,Garmin Forerunner 645 Music,15649899792,2025-08-31T05:09:42Z,2025-08-31T07:09:42Z,(GMT+01:00) Europe/Amsterdam,7200.0,,,,42,7,0,1,0,False,False,False,False,everyone,False,b16047166,"[52.21, 6.88]","[52.09, 5.12]",5.349,13.52,,23.0,True,125.2,161.0,False,True,75.8,-22.0,16715646785.0,16715646785.0,garmin_ping_475317669405,False,27,0,False,20232024,1,a15649899792,_wt}Hkf~h@aGnBcLsCuCpD}CbO{Lz@iDgE{BiYeZa@_FwNbA`By@~C}m@jzB}H|Oq`@~|AjO~LhFhKinB|oD}`@tdB{E`JgEMi@~EeDEiBtHoNtL|A~n@}C`a@dCvOb@dXwDfq@lCfDb@fl@nFl~A`HjnAsC|h@jLhh@LhVzHz[cAdmAlLj~@kEdKfBvRm|@tTcQdrBgEp]eF~NXzf@ih@`lBwNnXkGhRuYhZsQb^}Sbj@_Ah}A|A`KmCrPx@nBa@hKzEfT~ElInAxJmAbMb@zNuI~_@t@j^cUpq@uWjg@eGjGg^kIwSlHkG~FeD`IwFqAjF`CwKz[cDNO|BxArPlPz[MnE|DjK`CTx@dd@jDd[bKvChA|MxD~E`L~n@~IlTn\frDn{@|lB{CxIjH~`@fIjSfT`uBq@pG~AdAhDrw@jGvd@fAt]rOrvBo@eEnPt{BdEb[o_@jHf`@qF|rArqK~Fn@eG{AdXhvB|d@n}AzD`WgBbXdBbXc@zo@|GxaBrC^jA|EeAgFoCMaFjpBeNjdA{B`]yGnW~AlPEhy@|FxAd@zTrGdHbZjfA~ApM_K~`DpHhq@lWf`@tFlo@pH|d@~Bfi@rD`UrAApFk[~Q_LsBKeOpMiDjUmC`BvCzHt@tK_Gr}@zJvdCtEnNtOvQ|Iz^kB|t@rFnw@`s@dpBcFhJ_KhB_HvOUfI}BlB_C`Kq^~i@{LdmAtBbqBzGpBxUzq@vKrS|Cne@eKhoFiXjfAKbn@_ClYtCvQGpp@bBn`@zYbeBx]pbB~I`}HhIduFkLxDmQlQ{Kzx@wOhVaM|h@uExCiBoD|AzCs@zFlk@h^|~@hFdOpIbnChuN`B|Os@lHjE~e@~Jpl@bAX[jJxL~W|Pdr@jvAthHnGre@pJh`@eEdj@dHxm@rBw@vAcMjGCxBbH|DfQXrPzInH~BbPaFhi@~HdYvKhQdHxAhh@{KbVjEsTxrAyLxa@p@bKyIfg@Ndk@xSdkA_InUiMj{@cQf]j@nLfBbKlQp^~S`AaBjFwAhc@iC|NbXvLnLzVz\iO~KhMe@fCLeEqGaHaA_FqT`Lqn@bl@dKhSnG~q@~S{Q`F~RrHhaA}FxVvBlCW``@pGf{@|EzIaIn]f@fPvhBvhKxNfu@hAnIyDfBxX`fA`n@hhDpHxfBw@rQf]|nAPhI{C~O}Ap\tAlWiHrk@AbL|Dpm@~XjeBzPtcBhDvP|Bf`CtGfLdFv@,2,95.8,,,False,2716.2,Diego Galdino
2,Treino de Pernas,0.0,2566,2566,0.0,WeightTraining,WeightTraining,30.0,Hevy,15625332073,2025-08-29T10:40:20Z,2025-08-29T12:40:20Z,(GMT+01:00) Europe/Amsterdam,7200.0,,,,0,1,0,1,0,False,False,True,False,everyone,False,,[],[],0.0,0.0,,,False,,,False,False,,,,,,False,0,1,False,20232024,1,a15625332073,,2,,,,,,Diego Galdino
2,Afternoon Run,9648.3,3302,3398,14.0,Run,Run,,Garmin Forerunner 645 Music,15606387417,2025-08-27T15:27:46Z,2025-08-27T17:27:46Z,(GMT+01:00) Europe/Amsterdam,7200.0,,,,3,4,0,1,0,False,False,False,False,everyone,False,g23116162,"[52.21, 6.88]","[52.22, 6.87]",2.922,5.783,75.8,27.0,True,153.2,178.0,False,True,34.8,21.0,16668376168.0,16668376168.0,garmin_ping_473982055021,False,0,0,False,20232024,1,a15606387417,knt}Haq~h@g@lB_BbDaBbC_@b@c@XeBTyBJCKDw@WIgAIcAFw@QgBeAoASo@Nk@Zk@hAU~@KRKt@I|Bc@|B}A~Co@bA}@r@c@@k@Ga@Yi@Se@CiCNkA}@g@q@[i@UaAM{@UkDOu@WsCSqD?q@OsB?s@EUBB_@NOPOZYHuBCqBLgANOUBGEAm@?IHq@B{BUcBe@_D_@W_@[u@qAuD@MEMUg@We@]_@k@W]qBaB}BCwCIaAMa@We@_As@cAM}@RSb@CdAF~@RtAt@nAv@d@j@Fx@SZg@L_BGmAa@sASa@o@c@q@Gy@Be@NUXCf@DxAV~A\x@`@f@n@RhAAZMVa@Hg@Be@IqAUyAg@s@q@g@yAFg@TUZG`ABt@J~@Rt@t@hAn@TzAQRKV]Bk@C_BK{@I]y@aAOWg@QeABIP[PMRErA@d@VjBd@~@b@\d@Nv@Cd@Q^a@Hs@?YGgAQeA_@u@{@o@]KkACa@NKNGlA@fAT|AXl@Zd@d@^^JhAEXUJYJa@Bw@Ai@SwAe@_Aw@s@uAM_AVK\Ej@PnBHn@^~@d@l@n@^PBfAM^[Ju@AgAMuAWw@e@m@i@_@m@Oo@Fw@`@Kb@DpBb@pBl@p@f@^l@Ff@GTKb@i@Fo@C}@UaBUm@_A_A_@Kq@?k@LSNQd@?bAHpAXhAf@x@^VHHj@Nr@GVI^g@Lq@?g@Cs@Ks@Oi@g@s@u@g@uAGu@XILGx@@~@RxAZx@Zd@t@h@v@BVGj@g@Tq@Fq@EaAYqAa@s@u@g@u@KgARSNIPIj@?d@L`BJ`@j@dAz@p@ZLV?b@GPMFUTWNcAOcBIc@Sg@Sa@eAs@w@Ma@Hi@XIPCV?pAP|A^jA\j@t@b@hA@d@W^q@Bq@EUDi@Mw@m@yAk@k@]QkAEs@ZOj@?`APrB^bALPZ\b@PjADp@e@Ri@@}@Y_Cu@cAk@e@[Io@G]Da@RMj@AdALfAZtAZl@f@^|@Rj@Gt@]xAjATb@DhAPhA^~ATd@AZ~@dAtBfDd@f@|Fv@|BLn@L?JF@zDKj@JdA?h@ERSJCXh@VzBBt@j@`HLvC@rA,2,,,,,,Diego Galdino
2,Costa & biceps,0.0,3415,3415,0.0,WeightTraining,WeightTraining,30.0,Hevy,15602319701,2025-08-27T08:55:13Z,2025-08-27T10:55:13Z,(GMT+01:00) Europe/Amsterdam,7200.0,,,,0,2,0,1,0,False,False,True,False,everyone,False,,[],[],0.0,0.0,,,False,,,False,False,,,,,,False,0,1,False,20232024,1,a15602319701,,2,,,,,,Diego Galdino
2,Evening Run,10289.5,3718,3723,27.0,Run,Run,0.0,Garmin Forerunner 645 Music,15595699830,2025-08-26T16:53:51Z,2025-08-26T18:53:51Z,(GMT+01:00) Europe/Amsterdam,7200.0,,,,0,4,0,1,0,False,False,False,False,everyone,False,g18048384,"[52.19, 6.88]","[52.21, 6.88]",2.767,4.04,83.4,26.0,True,151.0,166.0,False,True,55.0,37.2,16656963872.0,16656963872.0,garmin_ping_473660579583,False,0,0,False,20232024,1,a15595699830,yxp}Hkh~h@h@VR?\Fh@TD?v@\A@f@HBf@Ah@@d@CV?t@NR\Pl@jAZVT^Px@p@|@RLZHTVD@dAxAZV^RH?Vk@r@`@X?nAEPGd@ERi@?KEAU[q@eDQm@PCvApAVp@Nr@?v@Kz@o@~AWLw@CCB?RFJLHv@X^?`@L\`@z@bCRZZbA~@`Ct@tCl@tAJl@b@zAL|@j@dATV\T\FRXVj@h@tBx@|BTv@Xn@jAbG\bA\rA`AtC_@dEAv@K~@u@rC[f@a@`@_@X[^s@|@[j@mA|AsB`CQEs@_@wBuAmAm@_@WYY_@Ok@_@wBy@WQcA[eAe@c@EOKAGR_BbAwEd@sCFk@DOHc@Fm@Bq@HoEIc@YEcAVYD_@EyAGw@R[@[OEC{@]U[qAuBUYUQOY_A}@_@WMOIGG@OXDfBQvAMpBKj@Gr@ErBGx@g@vCEdAKn@Yp@G~@@vAS|AMn@Ob@Ij@?d@On@i@fA]h@a@^kAp@y@JW?i@I_Aa@u@Ue@WYSu@y@Y_@c@c@k@aA{@iAuBkBsAwAa@]WQcAg@{@w@e@Gs@Ya@K_@?k@Nm@Fa@JYXSZUVi@jAQt@Mr@QfBO`ASf@q@rA]h@a@b@yAnBcD`DuAfBs@|Aa@n@i@fAUr@k@rA_CvDUd@_@^IACCEe@AcBMm@Ay@@w@EgF@w@Bo@IeBB{@?sBPcBKe@]mCC}@K{@W_Da@}GKy@U_AE{@Gk@o@iEk@cCMq@OcBCu@Is@y@sGMkBMiAMy@Sw@gByDg@aB]yAs@wDGo@w@{Cc@iAIi@e@uB,2,,,,,,Diego Galdino
2,"Peito, Ombro e triceps",0.0,3421,3421,0.0,WeightTraining,WeightTraining,30.0,Hevy,15590449425,2025-08-26T09:35:19Z,2025-08-26T11:35:19Z,(GMT+01:00) Europe/Amsterdam,7200.0,,,,0,1,0,1,0,False,False,True,False,everyone,False,,[],[],0.0,0.0,,,False,,,False,False,,,,,,False,0,1,False,20232024,1,a15590449425,,2,,,,,,Diego Galdino
2,Treino de Pernas,0.0,2066,2066,0.0,WeightTraining,WeightTraining,30.0,Hevy,15578056779,2025-08-25T08:28:41Z,2025-08-25T10:28:41Z,(GMT+01:00) Europe/Amsterdam,7200.0,,,,0,3,0,1,0,False,False,True,False,everyone,False,,[],[],0.0,0.0,,,False,,,False,False,,,,,,False,0,1,False,20232024,1,a15578056779,,2,,,,,,Diego Galdino
2,Morning Ride,40030.8,6064,6333,93.6,Ride,Ride,0.0,Strava App,15566302913,2025-08-24T07:04:25Z,2025-08-24T09:04:25Z,(GMT+01:00) Europe/Amsterdam,7200.0,,,,7,7,0,1,0,False,False,False,False,everyone,False,b16047166,"[52.23, 6.88]","[52.22, 6.89]",6.601,10.28,,,False,,,False,False,76.9,25.4,16625415636.0,16625415636.0,F7BE9133-0639-4C73-BFE1-BD77A43F941B-activity.fit,False,7,0,False,20232024,1,a15566302913,{mw}Hia_i@k@DYsCMOYF?}BKsBoU{_@_@GkCbBMSi@wBkE_AsKmESiG?aHKIPhPLTxAp@FZy@nO?xEH`AMXe@Z}KbEsJjBkNjDal@dVi@f@_O`GuCDeIuAae@eKaAHuAf@uHnDuBtAsAtBaAtCe@dCmBdOsB~QCtCNrJWlE_DbQeAtDoApC}AtBmCrB{OnF}CKwBqA_AgAk@iAgK{WaBeFkCwGMq@?aAOm@_@e@{AzB}CnA{BlBcAvAiA~CgBxLgBnG_BbDwDhJ}BlDs@vA_ExMcBzDwFjIoBpDkAfAQAkq@kjC}F{UiCgJmIs\RPF^IFSAY]iRwt@o@mBiAuEOaDqBkEw@w@oBcGgC}Ic@qDuFiToAeEgDmHi@u@e@Wi@HiBrAe@Dc@QwC_Ce@I_@XYjAOFEKHo@MYq@_@a@JaAm@}SiQ[GIs@}AeA[}@cBsAI]J_@Ei@Re@^Mp@cDDw@{BcBe@}@}DmD{CuDiAq@e@gAKu@gHsRgBmGmE_ScAgAkAoBy@_CQ}AZ}Bu@oDcAgKUiHDcQPcDt@{FD_AIgAj@k@`AXb@k@jBwDxEuH`A_Cx@h@PEnA{XVqBAwA\wICwCYgC{CwKg@cD}@yDoCaUQ}COuJ[_Iu@iHo@mNAyCe@}HBuCf@{EEuQb@wI@yHVcKXkEl@qBfAgINmDbBoKlCkLJKbA\rE[tAq@lBoBl@YTu@E}@`@iBXuCd@oHRuF|@LpDjBlGw@t@[HBJ`@J~Aj@\pAg@`@m@x@FdD]R^XzCTLpJcFtUcIpDmB`GwA|DwC`F[rUcFdFp@pc@kQfHMhAeAzBgFh@e@b@FxHpDlF^hINj@n@Vp@t@jHv@rAn@JvPwKz@qAhBsBxHoMpAgB|ZaQ~@a@j@V\_AtBkA`BE|Ap@bMfMfA\vDXrAfAp@Uf@{A|A}BpD_AfC_BPm@dB{CHu@j@YnGkGdEcAlGyCnEcAbE?fHu@dFTrBz@f@SD{@fDp@tBJhAMbDcAfAClNbDhCdAfCxAfDmAhAJ|@p@hD|EhDrD~TxLpB~AjB~BfAvBjAbDdLnc@vFxSpJrRdTpa@lAfDlAzFl@|A~J~RbGfKdAxBHb@a@zE_BzLoF`y@IDWa@uCjAyStQSzJcCxv@uBpv@H`@bVvJtSfFRd@yCrj@u@vHcDrl@UfIMrXd@nQXzE\hAPdIRrFjDzn@EbBWdDf@bHCfFFnBr@bG`@fFhBS`@e@,2,131.1,,,False,794.7,Diego Galdino
2,Erice - Italy,3005.4,984,1050,55.0,Run,Run,0.0,Garmin Forerunner 645 Music,15484957859,2025-08-17T04:10:19Z,2025-08-17T06:10:19Z,(GMT+01:00) Europe/Rome,7200.0,,,,0,7,0,1,0,False,False,False,False,everyone,False,g23116162,"[38.04, 12.59]","[38.04, 12.59]",3.054,4.533,84.0,22.0,True,148.6,164.0,False,True,739.2,691.6,16536928683.0,16536928683.0,garmin_ping_470344328881,False,0,4,False,20232024,1,a15484957859,{ycgFatykA?MNcAAEGISK_AECECS?a@Bo@C[{AY_@A_@Q[BeAJg@L[J[T_@`@M@e@cAQIIS@LQ`@u@x@y@t@m@p@]Lu@Aa@OIFaALUHKHKVSr@Eb@J\`@`Ap@z@\h@F^Td@b@l@Td@b@n@^x@z@rAfDxFXv@b@r@d@b@ZL`A\p@Lx@`@D?b@LZEn@q@LW?{ADg@?s@Gk@Y}@Ce@@OBkAFqAJoA@qAPeAH{@@k@KkBFy@Hi@HWdAmCDi@@g@@DGy@_@aCEg@Fc@JYJw@HS?GO]BGFd@HTKf@AZSnAGLAz@B\Fb@Gd@QDYIw@Me@Q]?q@HWMSEa@]Kf@GJIDmAZOHe@d@GJ]\GJK@EGI[Ec@KMMAQDs@v@_@XgAjAHW,2,,,,,,Diego Galdino
2,Modica - Italy (20km),20010.3,6805,6840,257.0,Run,Run,0.0,Garmin Forerunner 645 Music,15474031855,2025-08-16T03:54:05Z,2025-08-16T05:54:05Z,(GMT+01:00) Europe/Rome,7200.0,,,,0,10,2,1,0,False,False,False,False,everyone,False,g23116162,"[36.86, 14.76]","[36.86, 14.76]",2.941,4.783,83.7,24.0,True,154.0,181.0,False,True,460.2,279.2,16525215746.0,16525215746.0,garmin_ping_470027279467,False,0,3,False,20232024,1,a15474031855,m}~_FaxayAW@m@n@Gf@w@bAm@hAeEjEWPyAVUNaAfACn@IAKGRe@Gu@^_AXk@p@y@Xw@vAgCnB{Bp@qAb@g@Dc@Vu@Ly@HKt@EFS`AMlCCxBOdAJJO?YUOo@Cc@Sw@HeAw@]G_@LWAe@U[Eq@o@QAKJYECIFIp@]tADFGH]I[}AWgBI_ADe@_@u@oAWOs@?y@a@eAM{BR_DvAgAn@{A?sAJ{BKSDKP@XzA^nAb@RT]RsBNq@n@i@Ie@SiDyC]Qq@O{CyBuAkC{@s@k@s@WKW]}@{BCwAIa@y@qB}@eBi@gCe@uCi@eBc@q@Oe@Aa@YcA_BcCa@c@qG_DoCcCg@gAQoAGqBc@yDQ{CQ{@SmEc@qCoB{Hq@cDo@mB}AiCkCaDsFoHwAwA}@kBcCuGIy@FwA\uAf@u@J]AQqBaD_DiEyCuCaFeEg@s@}G}MqDwDkD}EwByAsAsA[a@s@_BQe@WoD@oAJ_BIkBM}@YkAYo@sBaDcByBy@wASq@[uBi@{H@uCVoDxBoMxAqKLgA`@qBd@yCTmCB{ACeLBgBGqBBiAGaAGcNBmFEeCBkCE_B@g@H]fGrCZFn@[xGiIbBaAxMgG|DsAjBa@vE]bDInAU`BiBdAuBr@kAtA{Cj@{@z@k@hA_@`Dy@vEk@pFGhDSrADxJiCbCc@NAPP?b@SfBBrCg@vLArBLhBxA`Jz@jHzA|Gz@dGJhBdAbGbA`Id@zB~A|G^vAJl@^nFzApFfCfIzCvH|A|Gb@x@|AVxCHzBVfFxBtE`B`Ar@RZ`@tA\~Bv@bA`@X~SxH`Ah@`Az@F^[nAgC~FgAzCq@pCSjABp@zAnAnAjBrBbCnCvDzCfFlBbEtApBxC`FFPCLe@nAKr@DjBNtBTxAf@rAxDfH`FhHf@~Ax@rFXzD@dBTbClBfLD~@A`ES`DHn@Ph@vAfCp@~AfClEPj@D\IZi@x@Gh@RdAf@fA@Vh@p@H`@T`@x@p@Db@o@vCLZAj@g@rA_@`C[fA[bAe@Hw@z@{@p@U^NP?NO|Bk@jA[TK\S^QAQHwAxAIb@C`A[lDm@`B[b@g@fAc@No@dASl@K?mAv@g@t@i@X[r@APk@t@Sf@aB`B}@bBw@xBUT{@P}@Qc@?_Cc@}DI,2,,,,,,Diego Galdino
2,Siracusa - 8x2’,8867.2,3018,3228,28.0,Run,Run,0.0,Garmin Forerunner 645 Music,15441410185,2025-08-13T06:07:36Z,2025-08-13T08:07:36Z,(GMT+01:00) Europe/Rome,7200.0,,,,9,1,0,1,0,False,False,False,False,everyone,False,g23116162,"[37.06, 15.3]","[37.06, 15.3]",2.938,5.233,77.9,29.0,True,149.3,193.0,False,True,9.8,-4.6,16490357337.0,16490357337.0,garmin_ping_469040504051,False,3,0,False,20232024,1,a15441410185,wkeaFo~j|AaABEEOEUXYRU\aAdA]j@AJIHq@|AmA`Ba@H_@`@YN_@CaAAiAGa@KMKGBIIyAr@KJALLTTVBFAFEDGAABBFD@LQG}@IESFSVaBOa@JU?aAy@e@[]]mA}@cBcBDB@Ap@l@tDfDbAn@TJh@BRFHd@CTeA~A}@fBg@|@s@fAeAlBAFPRJLNGT?NBbAl@b@`@b@Fd@LTPJAv@`@FHPFNRNHfAZz@h@dAJl@h@^Lr@^HLz@\d@Lb@WnAKbGkAX?bAK`A[dAUjAMX@t@Kf@UME]Fq@Ry@NkCp@sAPsAZw@Lg@Na@DEOBGDCdA[hAW^C@@ABk@NyA\a@Be@HEELEd@KfGcAfB_@dFyAN?^LCLGBO?KACKUH_@XIRDBJEBE@CGEK@ID?B?EE?BAP?HE?FSHsCr@e@JW@UHwCd@_AXe@Fw@HUIAGBMDAjB]jC_@pA[X?\EPIlAYXA`@IP@PDCB_Bb@oAREDaAZoC`@o@L_AXs@JOCEG@OBGNElBa@pAS`Ba@b@Gf@Av@Y^C`@M^?\CD?FDu@X_AViBZgAXy@Hu@Lq@Rm@HODs@JQOLSx@SjB_@fBW`AUP?h@OT?v@YPCP@REJDTAHDABQ@mA^OBs@Pi@RuAR_@HgBT}Bd@U?ECDUTKd@K`AMnDo@ZMZC~Aa@v@Kd@@RCH??FYDyBp@{GvAiC\EAKO?GPOvA_@xCg@dAUp@At@Iv@OJIV?NGf@CDFAB_@Ds@NeCn@{AZ_B`@aC`@e@FMG@OZUd@QzDu@pAUJEX?XKLI?A\EDE@Gb@GNGRAVI^ERGh@ERHRNx@?d@KFKDQh@eADQx@y@^M\SVO\Y^EhA[p@o@FKEE?Sh@c@]ASQAOBWGW@EEk@Hi@OQw@^c@F]RU@_@Pq@d@_@@a@Ha@@[IYY[o@GCiAT[XYRMFGRO?g@Ji@K_@W@GKb@CAKgAL}B?Y@G@g@EQ,2,,,,,,Diego Galdino
2,Morning Ride,111234.0,20721,25470,167.0,Ride,Ride,,Garmin Edge 530,15410350908,2025-08-10T05:43:35Z,2025-08-10T07:43:35Z,(GMT+01:00) Europe/Amsterdam,7200.0,,,,0,6,1,1,0,False,False,False,False,everyone,False,b16047166,"[52.21, 6.88]","[51.85, 5.86]",5.368,8.5,,23.0,False,,,False,False,41.4,-1.4,16457139906.0,16457139906.0,stripped_accepted_tag_from_16456991053.fit,True,0,0,False,20232024,1,a15410350908,{et}Hcr~h@qB_C_B|DwAyAwD|IiDbCwUwA{DaDjA|C_@dSuLlAyDwEcBqWwZsA}D_NL|FbDfGnYfCjBtVnFhEbKEhD_GhBaLbBoAhP~BnJuMlC~FrQfm@zI~v@fBvcB}@rl@t@zDfN|Yth@|VjStU~x@jyBdFbZ~gBnbF`l@rkAoHhHv@xCg@nI~LpG~DGrEtLlBsC~HbE`BfN_@lOfLjfAhVttDzIbWpRxUdL`It`@lf@vGhM{@f@oDto@gB|n@fA~yBuB~tB{HpJ_KnX}E|_@Rf`@iGr@o@tDr@kC`HxApD~n@`EtXbGjPrgAjlApJr~A\zdCtHt]vFbKzKtIrNnDsEpTdBvEyAxG|LvScAgAyBzJnAzPwCxE~Cs@fCjEbDx@xIu@~Kje@|IlOjB~AnHaCL|RjEfMA`IhVxoAdl@bvAzE`YtAbc@jCjNnGlKrGdDuGdToBlBi@nOxKhTxChXxT~@h[zUfDpTkAvT`G|JwBdTl@lLpj@xvG`Ohm@qA`SkBrJvLjMpAdF~^x_CvNhq@zHny@jIhb@nAzUnIhXpEb_@vEhQvB~@iBzBm@bGpEaA`F~SQxDzLlFvC|JzNrTva@hDfIhDbTbZvFtTc@rG|BdOCn]}Itd@TdmA_LbhAJf[eGnPcBrVaEjSiTbo@aIl\m@dTaJ||@h@nf@qD~\jZrMe@zZaExObIbTIn[xd@y@y@|KbBzUfX`C[dShJbSbFbYvBhBeChLhOtCfIvHnMbZvEze@bHzM|@dUrG|Ay@`CYry@vG~AtTcTp@nBzDiBxF|A`S|TjHlBmAfNfGlVzAz\~BvJbIzJ~XnKnN~LpXv|@lFtd@gDdk@uFjWu[vg@~AvK{@fGpG|k@nAx@mAGUrLjTxS|H`RzMrr@fQ~WdA`Nj@vrChA|UzDnUbHdRlUv`@vn@xs@dKlVrHl^fIlMvJbFrl@lL|MlI|CfHlh@xGbDhFdDlNxCrh@zJr@pHiLta@`BoIlNZfEzBjCsBjJhBlUxA|dAyAlSxK?r@vFeEjLzGfP|LuAdMfMtE\xW`[bOn\jIyJrRvNtNf^bA~IzWhc@h^lVnY}@xArDNfIgAlOnc@l@b@vQdIlA|MtZxCC^bIfBPr@}JtEtCRnHjCMnAiDz@dPjLl@~J|Of[zJvSlZzNaDtJdG~R_ChKbSx@hGlEhBiLdE]r^zE|]nJfW~CtZn[tAveA`a@zG{BlVfJrGgEzVh_AgDfDxD_CzExRfTcSbFuwAvIVl@jEx@EB}FsmAgPoIp@wAnF_FfDoCaIkP{V,2,90.5,,,False,1874.7,Diego Galdino
2,Afternoon Run,5652.6,1929,2107,14.0,Run,Run,,Garmin Forerunner 645 Music,15366368008,2025-08-06T14:16:50Z,2025-08-06T16:16:50Z,(GMT+01:00) Europe/Amsterdam,7200.0,,,,3,4,0,1,0,False,False,False,False,everyone,False,g23116162,"[52.21, 6.88]","[52.23, 6.88]",2.93,5.56,78.9,25.0,True,145.6,167.0,False,True,54.4,44.6,16410165385.0,16410165385.0,garmin_ping_466772289144,False,0,0,False,20232024,1,a15366368008,oit}Hav~h@OCEFUt@CZKz@IVKTECMYs@kAQrAWp@Gf@a@p@ETm@jAYf@[`@[l@m@v@[VeAb@]HUBmBCCEAo@EIwAGeBW}@]]Kg@[c@Io@@e@Lc@T]^Wt@Qr@QlBGz@U`Bg@jBmA`CSRo@\_@Zc@Ri@A_@KaAQUA{@?a@Dc@?g@K_@U}@y@U[_@uAW_BKyBIy@My@U{EKu@Q{FEAB?UFMLGJULOTGBO@KEc@@_BLa@?gBCWO?I@CA?U?IBu@DmAKw@Ki@?k@Bs@IQGy@Kg@O_AkB}@gCQw@DB?AGQi@u@IXUZII[m@S}AIiAGW[c@]k@i@m@CIAK@cAAcAI{@a@aAi@k@_@Kg@Ee@Bc@LMRQr@CXRlBHh@Ld@n@jA\Jj@@f@CXITMHMH_@Di@@eAEe@UgAEGKESe@OG[Ye@M[@k@Jg@RQVGn@F`APfAHVTn@b@h@t@^x@BVETIPYJg@@_@IoA?[O{@Wg@k@s@UMQGk@@q@NWLQXETCf@Bf@V`BZlAPNHBHHLJZFBDh@?`@GLCTODILc@JeAAcAGc@_@w@Ya@_@WYOi@Eq@H[RY\E\?VDf@Bn@Jv@Vx@Xn@PRl@Hx@AVG\SFOL}@AiAI}@]}@k@{@MIG?IESEOGa@GE?m@TMNGRIl@B~@PpAV|@\n@PV^LPBr@Ef@WRYHY@w@DUMeAOi@e@}@Y[[Qa@EY@a@F_@PMLIREn@Bd@R~AJ`@h@x@ZXJNFDd@DPCf@O\g@Li@Fw@Cs@Ec@Qk@Q[c@i@e@Yk@Ey@Ha@VGJEX@V,2,,,,,,Diego Galdino
2,Costa & biceps,0.0,3107,3107,0.0,WeightTraining,WeightTraining,30.0,Hevy,15360858831,2025-08-06T05:24:43Z,2025-08-06T07:24:43Z,(GMT+01:00) Europe/Amsterdam,7200.0,,,,0,1,0,1,0,False,False,True,False,everyone,False,,[],[],0.0,0.0,,,False,,,False,False,,,,,,False,0,1,False,20232024,1,a15360858831,,2,,,,,,Diego Galdino
2,Rodagem 10km,10007.9,3492,3520,18.0,Run,Run,0.0,Garmin Forerunner 645 Music,15355968102,2025-08-05T17:19:22Z,2025-08-05T19:19:22Z,(GMT+01:00) Europe/Amsterdam,7200.0,,,,0,4,0,1,0,False,False,False,False,everyone,False,g18048384,"[52.21, 6.88]","[52.21, 6.88]",2.866,4.24,83.3,18.0,True,150.6,163.0,False,True,48.4,20.8,16399066370.0,16399066370.0,garmin_ping_466464079206,False,0,0,False,20232024,1,a15355968102,wht}Hsu~h@EIEYHo@H[Pc@H_@BAH?VZJV|@r@z@l@XDlAfAtAzA\PRHPXRj@T\~CbE~@~@NTVp@lA`Bt@pAVR~@Dh@GV?z@J|@Ct@D|@AbD^l@L`AJFH@JA`BEn@Hr@lAxA`BzArAzBSY^J\RPPd@\x@v@p@x@d@d@`@nA`@TD?DQ?oDBcAFy@@aAHmB?m@BuBRyF?iADy@?q@NuB`@mCEsBDWRg@VOf@Fl@RjCd@dAVr@FjAN`@JxARp@Rh@d@z@TLC\Hf@Dz@L`@?~AX`@Bd@Hd@E\@^D^Hf@Bd@IRHh@FX?fAD^Pp@LFF@P@jDCv@LVtAvATd@Jf@L^\p@xAjA^x@\TVBb@RVP^JfB|@p@Hl@NZ?d@XLJt@rAZhAbA~Bb@lAVx@j@zAb@`B\x@h@zAh@bAn@~@ZJNN~ClKp@xCTr@Rb@|@tC^~Ah@|A@^e@fFK|@iAlDMXW`@gApAqBnCc@d@y@lAa@d@[TWAg@Oa@Ye@UeByA}@c@eAq@a@M{CuAy@YYUsAg@GE?U\_Cd@{BTu@Lm@Hq@VcAJs@T_BDgABsBCc@Se@SAy@Tc@FsAJ}AB_@A}@c@[Sa@e@y@gA]o@s@_Ac@KWi@GQQU[BGHGZ?hAShDC~@a@zEQfDEd@Sv@a@nAG|@Dr@Cn@KfAg@pCQr@a@|@cBrBa@Tc@L]BY?KBe@BeAS{@Ya@U_@C[Wy@gAm@i@W]Sc@o@aAcA_A}@s@gAsAaA{@g@Oa@U_@c@_@[aAYcAQg@DuA\Y^YTS^Yr@Ux@g@nD[rA[r@u@jAi@l@_@\{BdCc@d@e@^W`@]r@eAzAs@|As@pB]f@aBpDu@z@]T[`@UNG[Q}D?{@Fm@DiDGy@@{@A}BBo@GqCHe@Bg@Su@MmAAqBS}C_@uBEq@WyBOi@CyAGoA]yCS_CMy@Yw@Qo@g@wDWsAi@_Em@mGWeASg@Ye@aAyB_@gAm@wBSaAM{@YoA_@mCmAyDg@oBo@eBy@oC[w@i@_CwA_E?MR{@Tq@,2,,,,,,Diego Galdino
2,"Peito, Ombro e triceps",0.0,2758,2758,0.0,WeightTraining,WeightTraining,30.0,Hevy,15350846408,2025-08-05T10:08:53Z,2025-08-05T12:08:53Z,(GMT+01:00) Europe/Amsterdam,7200.0,,,,0,1,0,1,0,False,False,True,False,everyone,False,,[],[],0.0,0.0,,,False,,,False,False,,,,,,False,0,1,False,20232024,1,a15350846408,,2,,,,,,Diego Galdino
2,Lunch Ride,50265.9,7182,7484,68.0,Ride,Ride,0.0,Strava App,15328186335,2025-08-03T08:08:09Z,2025-08-03T10:08:09Z,(GMT+01:00) Europe/Amsterdam,7200.0,,,,37,9,0,1,0,False,False,False,False,everyone,False,b16047166,"[52.23, 6.88]","[52.22, 6.89]",6.999,10.04,,,False,,,False,False,42.9,18.7,16369367672.0,16369367672.0,CAFAEB46-D8A0-4EC0-AF1F-8CB8D0170FE8-activity.fit,False,19,0,False,20232024,1,a15328186335,}lw}Hw~~h@QmAj@t@LWlD}Lh@FhCaJrExEpA|BbBgAV|@r@`N`A|IdB~c@?pK[tNqAvNqAfHmC|JuBtGsBxEyAjCiIxLqKhVcDlDmBhG_B~AkBbFoHjMeGzLqDhGcAhAqLtTiCpFV|BsFlJc@dBuZpj@CZpHtMVCN_@t@qF\g@\ApErHZvBq@|HmBfPmLriAXRj[{@pBn@`IzFfBP`Bs@tFuErFgFxCgEfAs@VRbCfGzBfR~@zDxAxBbw@fPfSnCf@YxBoDImLDm@XSlBvDtEhHdIrIM`@W@cN}A}AjBU|@hDviAhLjRxAvHvAtBjApWGZeB^E\j@dFjAdQwAvL}CvJiIxtAhIbw@h@nAfFpClDjNzAbBa@dHwBdF`ArAP~A[VyAnEcA|AGhALHxCuBz@|@h@zAtAbA|@vBfC`CbChExEhLjBpJqCxf@qNjkB|Pr{BHbBK`Cl@Bzy@ir@dIwC^TrBpQd@hBd@j@hGhD~@?lJgDzDfCvBl@dBnAvFMtBnAv@JvG{BjBeBn@QvNjKXEdAqFzKi[~JaThBkEe@`@b@a@hG_N~KoT|CoDl@{Az@uDfGyMzEyMvDoN~BqEn@g@RgABkDfAoFhA{D~AuCbAoDz@kAn@WdHw@~Ay@z@oAfCkKLaBkAyJmAaEHgBXeApDaGxDkBFi@\Uf@}ApB_AvA{AfJ{Ff@m@jB{Gj@e@GwA`ByFlDmOvCeAbAuAd@sCv@SP]hBoR{ByJQ}GNoAdCaJh@_GG{CgAuHImPJqFbAcOBgEpKwxAzMyjBv@oC|F}HzBgNnDs\v@gC`DoFl@}BRwBr@mTbBgHdAkKPwGo@qLd@eMQsNrBai@E}KOQsHf@sF|@iAlAcAxC_BrC_EdEuJF_E{AoAgBSaBWcRHU_@wJVyB|CyHf@oBaF]_CiBKRZzCOmC_@eAwn@}l@qOeG}D_CkKwJ}IaHoE_AsFlCQ[sAcPWq@}|@kk@eAY_B`@}@p@aDxLaKdVKxL^~COvCmJla@_@h@oDfAm@n@od@hhAm@tBgIpQSB_CwBuBkAif@aUkAgCy@cA}GoOy@}C]wCIuFx@}b@m@sm@D}HSsDKgNCsJT{@c@mCQeFiAeLyGci@{C{HgBcJgCkJwHqTk@cAWG]Xe@tBuBrEaAlAiAn@{EPsHiC{Bl@iAvBw@dH]nA{ArCoBxAcAFqBg@iCRyAaAcAoAk@uB}@mLu@oOP{JqBaa@g@yAQ{Eq@gGU{Eq@mAUwEDc@TQ,2,146.1,,,False,1049.3,Diego Galdino
2,Treino de Pernas,0.0,2970,2970,0.0,WeightTraining,WeightTraining,30.0,Hevy,15309012939,2025-08-01T13:46:31Z,2025-08-01T15:46:31Z,(GMT+01:00) Europe/Amsterdam,7200.0,,,,0,0,0,1,0,False,False,True,False,everyone,False,,[],[],0.0,0.0,,,False,,,False,False,,,,,,False,0,1,False,20232024,1,a15309012939,,2,,,,,,Diego Galdino
2,10x1:30',10135.8,3603,3631,21.0,Run,Run,0.0,Garmin Forerunner 645 Music,15287705519,2025-07-30T14:33:26Z,2025-07-30T16:33:26Z,(GMT+01:00) Europe/Amsterdam,7200.0,,,,3,8,0,1,0,False,False,False,False,everyone,False,g23116162,"[52.21, 6.88]","[52.21, 6.88]",2.813,6.26,79.6,24.0,True,150.1,168.0,False,True,50.6,32.4,16326043115.0,16326043115.0,garmin_ping_464386529610,False,1,0,False,20232024,1,a15287705519,qit}H_v~h@MBUd@InAa@fAi@^c@m@C@eA|ByArDu@bAeAx@cBl@aBFc@SIk@GGe@IcBDu@McA]c@w@sAJqA@]\m@nA]jAG|BUrBoAdDw@lAcB|@a@B}Bk@_CZc@Ac@Uu@u@m@}@_@eAQqAQaDWkASuBOkD@oBIqBM_@DC]Jc@p@SAaAReENe@?_@Oo@?eAPkCEmBYaBc@c@i@qA{DGo@u@cBOEUj@QEM_@k@mEgBkCAwAKsA_@qAc@i@e@SqACUJYXMh@A^@f@LrAVv@`@p@ZVx@VlAY\cABo@AaAO{@c@_As@g@uAW{@XUf@?x@FjA`@dBv@fA\LfA@h@O\c@Ju@OsBk@_BWa@y@g@iA@s@f@Mf@AxAPxATr@h@x@f@VtACl@a@Vs@DgAIcAWs@k@}@c@c@yBUa@ZOr@Gh@RnBd@fA\j@ZVt@Lr@@b@UZm@Fg@E{ASy@]w@QUi@S_BQm@TW^CTDlBRdAN\x@fAh@Rd@B\Ab@STc@Je@BoAEg@[{@s@iAaAa@w@?e@LSNKZGtAJ`AVz@^v@^b@bAPl@A`@QNYDWHu@?[Q}AWu@Uc@e@e@}@K_@@u@TQTIh@BfALtAv@nB`@TlAJ`AUTg@Lm@@qAGo@EW]s@Ya@a@Ys@QaADo@`@Ob@Cd@Dx@\jBj@nAPR`@Nf@BJKp@MRORg@HkAIqAMc@i@cAg@e@iAOg@Di@ZQb@CVBl@LnANp@Vp@d@p@`@P`AHt@g@He@Pa@@}@G}@Sw@Se@a@c@e@Yy@KiAXU\Ed@HfBTdAVp@n@v@fAVv@SRSNc@Hm@AeBo@_B_@e@i@]y@Eg@HYJKLOd@?`ANzAZdAZv@^ZxADf@Q\WPBTb@f@n@J\NFJ`@Ab@Fd@n@tBTf@E`@?Ib@n@d@\|BrDn@VfARpHx@`@NfE?pAH~@CNKRBJVNJDb@NxAFtB`@vDNfCH~DGJHBn@x@hBnBjA`@vCSlC~@EE@GHRTAt@u@p@aAf@MEWD[`AaBv@wCRoBCmAMUN_AXcA|@[bBOvAPrClAt@FbDb@\EbBk@z@w@tA_BZs@^{AbAqC,2,,,,,,Diego Galdino
2,Costa & biceps,0.0,2781,2781,0.0,WeightTraining,WeightTraining,30.0,Hevy,15284280480,2025-07-30T09:26:48Z,2025-07-30T11:26:48Z,(GMT+01:00) Europe/Amsterdam,7200.0,,,,0,3,0,1,0,False,False,True,False,everyone,False,,[],[],0.0,0.0,,,False,,,False,False,,,,,,False,0,1,False,20232024,1,a15284280480,,2,,,,,,Diego Galdino
2,Afternoon Run,10178.6,3502,3547,14.0,Run,Run,0.0,Garmin Forerunner 645 Music,15276299800,2025-07-29T15:08:49Z,2025-07-29T17:08:49Z,(GMT+01:00) Europe/Amsterdam,7200.0,,,,0,6,0,1,0,False,False,False,False,everyone,False,g18048384,"[52.21, 6.88]","[52.21, 6.88]",2.907,3.717,84.6,24.0,True,151.5,170.0,False,True,48.6,40.8,16313873326.0,16313873326.0,garmin_ping_464052480065,False,0,0,False,20232024,1,a15276299800,uht}Hou~h@IOUCGDGHIRMp@i@jBJd@LnAp@hBx@|CNf@b@v@^pAp@`B^`Bv@rCPv@j@hBRv@Ff@j@zDv@dCl@tAX^Xn@d@xBL`AH\p@vFJv@d@nFF~AL`ALd@RtAJv@@n@Hx@N`ANrBHf@p@|CHf@H~AThBDr@EpBD~BIb@Ar@Lb@Df@FfED~@@zBJzBCrABl@DjDIbDIBAd@JpB?z@HpBLxADx@DbIFrB@|E@~@Dx@DdE?dDBzADv@CJAlAAvDQ~DQpIA`AShHC|DBnACp@Dp@Ln@h@pBr@zBh@fAv@jBt@vA`@~@Nh@hArBzAhDZf@`@^b@NZRbAZr@`@j@RbAd@^TpDrATNx@\jBbAx@Pv@j@hBt@^`@\Jp@\|Bz@`@VXVbAd@jAv@jBrBhArA~@v@v@fA~B`Cx@~@|ArBf@bAx@nBZf@hAvCT`@h@rApBxFp@~BLHBCHYK_@Yg@m@kBm@mAiBkFk@{Ao@{AUu@w@_Bk@_Ac@i@w@s@a@i@cCgCu@y@W_@YWU]u@qA_@UwAyAa@]_Ac@a@YkAk@mC{@_@UgBs@_@Km@WOCe@Ws@WWQ_A[UMk@_@kBu@w@g@c@SiAy@oAw@}@e@g@_@a@MeAa@UW]s@Qk@oAaBUm@mBcEi@}@Yy@kAqC_@gAe@sBMy@KyAAs@@}BDqBL{CDkBVwGJyHFgB?}B?{@Gw@B_CGm@E_AMeM?}@HcC?cAAa@Iw@?mCSwB?e@BgA?{EB}@AQCAFkAGgA@y@C[BiAAu@_@uC@{CJu@@gHJs@Cm@WoBSiFGy@Mw@_@_DQkBA_@WaCc@eC_@aEk@gCKu@OoB]gCKaBKy@_@oBOcBg@sCs@oAu@aBOe@c@}AMo@Eu@a@yAM{@i@iBYiAQg@[qA_A_Dc@kAe@}Ak@aBq@{CQa@]k@q@_B,2,,,,,,Diego Galdino
2,"Peito, Ombro e triceps",0.0,2782,2782,0.0,WeightTraining,WeightTraining,30.0,Hevy,15275345625,2025-07-29T13:51:47Z,2025-07-29T15:51:47Z,(GMT+01:00) Europe/Amsterdam,7200.0,,,,0,4,0,1,0,False,False,True,False,everyone,False,,[],[],0.0,0.0,,,False,,,False,False,,,,,,False,0,1,False,20232024,1,a15275345625,,2,,,,,,Diego Galdino
2,Afternoon Ride,17049.6,3335,3335,24.0,Ride,Ride,,Garmin Forerunner 645 Music,15264785493,2025-07-28T15:06:58Z,2025-07-28T17:06:58Z,(GMT+01:00) Europe/Amsterdam,7200.0,,,,2,5,0,1,0,False,False,False,False,everyone,False,b16047166,"[52.21, 6.88]","[52.21, 6.88]",5.112,10.942,,22.0,True,109.3,143.0,False,True,53.6,18.0,16301599743.0,16301599743.0,garmin_ping_463706614482,False,0,0,False,20232024,1,a15264785493,sft}Hwr~h@Ue@MMYs@]AOTQd@Gd@Sx@Sb@Kn@v@pBTv@d@jAl@rBb@|@n@tB`@fAj@~B~@hDTl@Rz@r@jER~@T|@\bAfBzDPl@ZbBhA`K^tDHnB`@tCThDTjBJj@ZjCh@hCFp@f@fED`AA~ABzCMl@?XNn@@XAvBPhJ?l@CtANpFEdB@z@JxBB~EN~AD|HJfF?|FFdAN`IA|IY`JG`EYfKE|CBtACbAHt@x@`D`CpFpBfFlBvD|BnDtAt@v@XpAn@XDx@ZxBbAxDpBxAl@lAl@jAt@nAd@p@Xl@\j@RjAf@pDtBp@f@dLpMd@f@ZRbArAl@dAh@rAh@`B|ExMn@dBd@bAt@|BzAfE^x@~B~F~C|Ib@zAnBnFx@jBlAhDh@nAlAdDhBrErD~K|AvDvBdGbB~DRt@d@zBT`BXnCLnBNvAd@|BPd@b@hAhApDt@vBt@hCzAnDx@bCJh@jD`J^n@l@|A`C~Gr@bBdAdD|@~Bt@dCjCzGn@rBj@rAlAhDfBtFb@lAdArCbB`EXh@h@jA`@fAZfAt@rBDFLGBI?k@K_@{@{Bi@iAo@sBgAoCsBiGGm@Me@iCsFm@aAQc@_@iBYe@i@iAeAsDkC{Gk@gBsAkD{@oCMk@kAyDU[cAmBcBeFeCuGk@cBiA}Cg@cAqAiEsA_EMg@k@yDa@}DUuC[kBOm@qAyCmAiDe@wA_@}@uA{Dc@eBk@cAO[}CqIWm@W{@g@eAOk@s@uBcCoGsBcGS]aEmKkAgCWq@wA_Es@wBkBwEw@qCs@wBeAsBmDgJo@oAy@gA{@_A}@mAkAqAaD{Dm@y@e@YmAqAsA{@cCgAmFkC}Ai@uEuBcG}CyA{@yGwCWWMU[kA]q@{@kAOe@iBsDeB_E{@}Bg@gCOyAK}BAaCHcEXmJLqCDmEJyDAsEHgBAcCEwBOmCGwB@aC@}@CaCG}@?uD]iGD}ECO?@@IBkAIm@MeJEo@?_CHwCIqEJe@@e@Oi@O}@GoDGsAUoB[oBQiD[aCYeBW{B?Yg@aDEe@Ag@g@oDe@uEs@yFm@gCKWc@eA[g@u@aBy@sDo@sDWgAm@yBgAwE}@uBGUO]iB_HWY[k@e@eAQk@?W`@o@L]TwAJQTLr@v@f@`@f@n@FX,2,87.0,,,False,290.0,Diego Galdino
2,Treino de Pernas,0.0,2847,2847,0.0,WeightTraining,WeightTraining,30.0,Hevy,15263336387,2025-07-28T12:41:43Z,2025-07-28T14:41:43Z,(GMT+01:00) Europe/Amsterdam,7200.0,,,,0,2,0,1,0,False,False,True,False,everyone,False,,[],[],0.0,0.0,,,False,,,False,False,,,,,,False,0,1,False,20232024,1,a15263336387,,2,,,,,,Diego Galdino
2,Morning Run,15386.6,5305,5476,32.0,Run,Run,0.0,Garmin Forerunner 645 Music,15238600421,2025-07-26T06:29:55Z,2025-07-26T08:29:55Z,(GMT+01:00) Europe/Amsterdam,7200.0,,,,1,6,0,1,0,False,False,False,False,everyone,False,g18048384,"[52.21, 6.88]","[52.21, 6.88]",2.9,5.48,83.8,23.0,True,149.0,173.0,False,True,68.4,45.2,16273597422.0,16273597422.0,garmin_ping_462921092654,False,1,0,False,20232024,1,a15238600421,yht}Hqv~h@C_@Ly@`@cAHyAGK_@GeAq@]k@Mo@?{Dr@yKLsFXyBJ{DRsAHiBf@{AHaAK}A@m@|AwLTkFA_Gy@uGIyAs@cCWuAe@kCi@oEwBqIw@aB{@oAk@sAoAsDKo@KQk@wDKiFFy@@oCIcC}@uCoAsCgAeAcAg@uE{@cBu@yB{AaBwBsAkFaAcC_@cBu@}Bi@eAYiAm@cA[cAEe@u@iC]_CCaA]iCAqEJiBOoAf@iIJyFPwD?cCMOcAKwCRg@_@J@QL_EZmAQwBLUTC\XlEE~@IReAAQcBmACc@PM`A}CCOf@i@bG@b@Kz@CbBKj@MzA@h@AlBMdE@lBHb@lARHd@OvA?`Cb@nEJlFd@xDT~CTh@XlBj@x@QrBMl@Yd@y@`@wF`Ae@BoAYwBz@oDAkBzAa@h@w@zA_@jAQpA@t@WxCI~Bi@pFIzAYXwDTeC]}BIw@_@WB_An@OMi@eAi@i@YcA}@oAUm@qByBOHWf@u@zBc@nG@b@Gn@Q`@GbBKtGTnDC|@Bl@VLf@InALBnAjCXMjGB`@HJ`EPR~DBhBj@fEH|Ae@vAy@@yE_AcD_AmAVg@Wy@ASr@?dHE^@hBFbBWzBHbEfAb@fAWrC|A|@V|@d@~A^xBbAVd@Jd@EnAJ@\Y\m@b@a@v@g@b@Fj@Wd@_@`@m@`@S~EyAf@CQ\B@l@Ih@u@\UdDaAf@[jA?bDeBd@@^^t@~AN`At@hAzA|A~@^^Z\b@Nd@HbACx@Sn@MfBw@jCNjDMl@q@]m@k@wCiAc@]yEeCg@G{AT]\MXYdA?Np@dFRfC`@nBV`HAvBcBeBE[A{BMy@e@wAYa@cA[iADWn@Ex@HlB\xA\f@|@h@d@Hd@Il@g@jAv@b@h@l@pEPt@Th@EPE?P@bA~@zAhDv@f@tAZp@?|Ed@pBb@tEHhBJXNRGPhFf@jET`ED`C~@l@x@`AnAp@nB`@fACNa@RKhB\\ExAuAPWSiKBs@XgBJiBy@u@MUCkBPcCWuBSo@]cELoB`AkEXiBZoDL}CKuBc@sBB}@eAqEFmDAiFl@mDHAvA|@xAZp@f@@SHC~ATd@`AjFbGRd@j@`DnCtLV~AnCzJ\rBd@lBz@pClA|BXt@,2,,,,,,Diego Galdino
2,Evening Ride,30939.7,4251,4251,12.0,Ride,Ride,,Garmin Forerunner 645 Music,15223589497,2025-07-24T16:38:00Z,2025-07-24T18:38:00Z,(GMT+01:00) Europe/Amsterdam,7200.0,,,,25,7,0,1,0,False,False,False,False,everyone,False,b16047166,"[52.21, 6.88]","[52.21, 6.88]",7.278,10.98,,26.0,True,133.1,165.0,False,True,26.8,12.8,16257413483.0,16257413483.0,garmin_ping_462403586386,False,18,0,False,20232024,1,a15223589497,wdt}Heq~h@yAsBg@g@SAOHUl@}@jDF`@`BfEtAfEfA|DBCPh@fCdJdBvIt@pBz@hBj@dB~@rG~@rJVhEn@pDb@pF`BlLR`DAfEI`AHdANzFPfPEdET~Dp@bp@?xEG~Eu@nWA~GDh@x@dD^bAnFtLlBpDrBbDjFtBxMrGnHdDjHzD~@n@jDxDpDhE~CjDhA|AfA`CzB~FjBtFxBzFdJlW`Plb@vCtItKdYh@lB\jCd@fH^bCx@tCzBnGx@pCnBzEx@vBXhA~ChI\j@z@zB`Nt_@r@|BzGfQp@tBnCjH~L~]bDhIvBpGnFxNr@`CxGbRn@dC~GvQnAdEFHV@fAtBzCnGjCrGvBvDhBpDbHfO|EhJvBvE|AzDd@|@t@z@DNE`@[b@mB`AqB`BgHfEmAbAcAvAs@rAqBfFkBxGk@|Cq@dFg@~GeA`SQHg@Ow@@sAd@cA@mDYyA_@}Aw@o@u@SiAQSi@VYAwBiAuGRuA^iDRc@U[c@U?WLc@t@ULiD^o@Me@i@SA]n@s@n@sZxCyEfAoGpByFtAsNnBgj@bLkCVkCM}HyB{AQoAJ_Ah@qDnDqZd]yA`AkBp@}ALoBI}A_@qAo@sAkAkAaBgAqBcAwBiCoH_CqFa@aBi@oDg@aBc@}@WY{@SWWcKoN{CkC}FeDgAiAeAGi@QuIoEk@g@]eAGg@L_@b@UX_@rA_DlDuI`EyK?g@_A_DgG_k@e@_FG{Af@yJr@oK^oDhAyRj@_INyDp@}HN{DTyCtBoGf@gBn@eFd@qEvF{K|EiK|@wBxBwHj@yCToGTiAVu@nE{FtCeDlFmLp@qBhAaIAyAQiBVkRDkBPcBFgCA{Ae@yDMy@IKyJoGkAm@wRcCcDm@}D_@_B[_Bi@uAcAgDsD{@s@aDgEeCqEq@{AaAsDa@qCOuCOiH?cCm@cXYaHuCq`A]qGKcI[_ICgDQyA`@eENeFGyAc@_D?u@Hs@h@kCFmAAe@IYSDGb@?bAPfDMPQCKSByGDe@N[|@c@De@OiC_AaLs@_L]eDk@{BwA}DYwBu@qKm@uLyBg^BkAK][e@O_@yAcHu@qIa@eKIqFpEmU?mE]{Fq@oTAaJHo@N?|@bArAhA\NhDGxBdARE~AcArBkDz@cCh@cF`@kBh@aAXUj@UfADjFfCbBJ`BApAU~@k@bAoAdAoBnBmEVYv@b@TI`AwDPIPLvBxC@`@M\,2,156.9,,,False,666.9,Diego Galdino
2,"Peito, Ombro e triceps",0.0,3182,3182,0.0,WeightTraining,WeightTraining,30.0,Hevy,15217381753,2025-07-24T05:18:24Z,2025-07-24T07:18:24Z,(GMT+01:00) Europe/Amsterdam,7200.0,,,,0,2,0,1,0,False,False,True,False,everyone,False,,[],[],0.0,0.0,,,False,,,False,False,,,,,,False,0,1,False,20232024,1,a15217381753,,2,,,,,,Diego Galdino
2,Rodagem 10km,10007.3,3564,3620,15.0,Run,Run,0.0,Garmin Forerunner 645 Music,15201334178,2025-07-22T17:06:50Z,2025-07-22T19:06:50Z,(GMT+01:00) Europe/Amsterdam,7200.0,,,,1,7,0,1,0,False,False,False,False,everyone,False,g23116162,"[52.21, 6.88]","[52.21, 6.88]",2.808,4.46,83.5,24.0,True,149.7,162.0,False,True,28.4,18.2,16233644231.0,16233644231.0,garmin_ping_461737882502,False,0,0,False,20232024,1,a15201334178,mgt}Hss~h@GOIEY[QCIBQ^g@tBKb@Ch@Nf@xAdEh@lBn@jAd@fAfApDr@jBTt@P|@`@xAr@fEt@|CTl@bBrDVz@Z`BLjBl@`FLpAFdANfBDfBBVBf@RfBLl@PzBVfBJnAnArIFfAHl@Bt@AjA?rAD`BKh@Ah@Lb@Dh@?dBLrEDnFAr@FfBA^@zCCbA@hAJvABtDJ~BAzBJlEHfNJbEAbABhDF~@?z@]`O?fAOdFA~DUpEAx@DbBAz@Sb@Af@?FNZZd@`@lBZ`AHd@?r@O|DOt@a@bBCTGjBDfAAx@Ev@e@|CSvCg@xD_@dBa@bCQr@Y|@]v@}@lAe@f@U`@_@Zo@HkCBKA]UcBwAe@WaB}@]U]Mc@AS^Gj@Ov@O`@]hAIfA[HOT_@\IACEmAiC_@[k@QcAC}@GmCDa@CiA@iAKICkAB[FoAHc@AqBSmC@gAHe@?e@EI_@YiJMqBGoBGyB?wDUeA@m@N}@JeA@{ABU?BDiA@aCAo@]kCGy@FiA\sBNqA@g@G{@CCI@EDEb@@|@DlAHv@Lj@PBh@EJMRmADEp@GLGVQ\WxBwBNg@PA\a@p@_BZk@fAgBhAwBn@}@rAiCRYRG\_BVm@Jm@DuBJgBl@{DPc@^i@Ri@x@sApGkHZ_@^W\c@`@a@pAiBl@cAtB}CbAcAh@w@Zg@Z}@`B{DrBeD\c@x@_BbAyALYb@q@\m@t@iAR_@Hq@By@A}@DiAMyCAcB?aAF_FAgBKuB@KPAROJm@A_@EIQmAKuBCaBIeASiBMs@QuBQo@UqBSaDa@aEKi@Om@[cC[oBM{AC{@g@qBKwAa@oDSs@Kq@Mg@gAyBs@kBy@kD]sBg@mBYuAMy@y@mCMk@uAuD_B{F{@oB_@s@c@uAWm@Ma@?u@P{CHmDJw@BELA^VdAjA,2,,,,,,Diego Galdino
2,Costa & biceps,0.0,2785,2785,0.0,WeightTraining,WeightTraining,30.0,Hevy,15198799815,2025-07-22T14:11:03Z,2025-07-22T16:11:03Z,(GMT+01:00) Europe/Amsterdam,7200.0,,,,0,2,0,1,0,False,False,True,False,everyone,False,,[],[],0.0,0.0,,,False,,,False,False,,,,,,False,0,1,False,20232024,1,a15198799815,,2,,,,,,Diego Galdino
2,Treino de Pernas,0.0,2711,2711,0.0,WeightTraining,WeightTraining,30.0,Hevy,15183305892,2025-07-21T05:17:07Z,2025-07-21T07:17:07Z,(GMT+01:00) Europe/Amsterdam,7200.0,,,,0,0,0,1,0,False,False,True,False,everyone,False,,[],[],0.0,0.0,,,False,,,False,False,,,,,,False,0,1,False,20232024,1,a15183305892,,2,,,,,,Diego Galdino
2,Pedal até Zwolle,80636.8,14223,16150,84.0,Ride,Ride,10.0,Garmin Forerunner 645 Music,15165008806,2025-07-19T07:59:04Z,2025-07-19T09:59:04Z,(GMT+01:00) Europe/Amsterdam,7200.0,,,,11,9,0,1,0,False,False,False,False,everyone,False,b16047166,"[52.21, 6.88]","[52.51, 6.09]",5.669,11.21,,29.0,True,105.8,147.0,False,True,78.0,53.0,16193954901.0,16193954901.0,garmin_ping_460631102194,False,0,6,False,20232024,1,a15165008806,cnt}Her~h@o@AoE`KaCtAkQwBeBpBoAtJaBpDyCbBaHK_E{EeBkYaBbAmG@cPqB_E}JBeBh@A`@rAOvElDzFhVdBcAcJn@m@fBr]R~WYdOiDrW_KjZkKvOaLjWaDbDcE|IiCvGaa@|r@sGpMExDmJhR{`BpzCqC~Hk@vH_DrOmDxKiM~k@{BhGcGdKkCoCi@|Be@`EmCG}AbHuNlLy@~CwEvDgLdD]fAgFtBkEbFv@fFeClKiJ|W}AbDDzAjBfDcDrIee@be@{A?{BbEoVfWee@le@cB|AgBIiCrFeRzRcCq@cS|SmFd@uA~ToAbAcEhJeJp`@iH~T[`LgEpHqBbNyD|Mm@|IuGOcLzB_EkDyJ^iDhBaCvHcDr@qTkUgCzCoFNa@bKaDdN}Zhg@yd@d{@qJvScW|s@TlBmBvFyHbTR}@_F~Iy`@xgAqFd[oBvOrGnS}AdJ`B~b@iDh@]`XuJl@_LlF{AIIlAg@`}@m@dIZdGcAbs@C`Of@pCWpn@dAvR[kE_@AeAzGoA`jAHjZkB`UaC|AiEdPYtSiEbWe@~Iz@jZk@`IdAxCjBvz@L~e@_C`aAv@jA}Ir`De@lf@f@xFzIz@Px@u@nFZxBy@`PwCzCuJfR}Bfw@Qp\kCjl@sGaA_C{Ri@]mD`HuCpCqL`DwDnDyC`@JdW}@pAr@zDiBrGwEvDwE~LuMlFcCgB_ARcHhU_AhAg@k@d@AMlAcKhUoE`Xb@x@eDhKaKzJiDnAlCbVuCfBaA`ChAeCc@oDb@jD{@lARhB}@?wArDyC`AaLvNk@AkDeJwGoBuEvFX`@u@]_KhJo@hARtCaBrDxF~UqUd[kJ|Ru_@hZcu@de@KpQzAjL{BzHiUpa@ecAjtBmPkG}Er^gY{a@_A@kf@tuE{@?]xAcNnrBiEx\?pGgTbvBwO`eBuVzjCgc@nnCUd`@gLdw@s@rQN~Lb@}a@aEtBSjCwBnC_CrL{A`Dm[dQ}jAfNgEjAiA|A~AvWqA|U`Et`@fPno@bEfLfBfKJlGq@pImEhDqP~D{AlCgA|VwB`E{@hGxDrp@kEbDsFbm@cEzHPx@qJ`H_Op]kVl]qRoTsDE_JpCgGjE}FdJgDdNiJlOuGgCkGhE{GjMqB~GuGhc@g@dMyCbKtChF`@|J_CdDyJlDoErFvHvx@cGhBgGhE}Fb@vDzUnDv`@d@z@IqAr@dChClU~]ft@kEfOzFfKuBdFjBlDZxDYrGz@nFmA|K,2,106.3,,,False,1512.0,Diego Galdino
2,Treino de Pernas,0.0,3440,3440,0.0,WeightTraining,WeightTraining,30.0,Hevy,15129754956,2025-07-16T05:19:03Z,2025-07-16T07:19:03Z,(GMT+01:00) Europe/Amsterdam,7200.0,,,,0,3,0,1,0,False,False,True,False,everyone,False,,[],[],0.0,0.0,,,False,,,False,False,,,,,,False,0,1,False,20232024,1,a15129754956,,2,,,,,,Diego Galdino
2,Afternoon Run,8063.9,2490,2536,12.0,Run,Run,,Garmin Forerunner 645 Music,15121595375,2025-07-15T12:21:20Z,2025-07-15T14:21:20Z,(GMT+01:00) Europe/Amsterdam,7200.0,,,,7,6,0,1,0,False,False,False,False,everyone,False,g23116162,"[52.21, 6.88]","[52.21, 6.88]",3.239,5.817,80.7,23.0,True,143.3,157.0,False,True,48.8,40.6,16146413201.0,16146413201.0,garmin_ping_459306070437,False,6,0,False,20232024,1,a15121595375,qgt}H{s~h@EU]g@Y[I[FSx@mBLGd@`@PZ|@p@x@t@B?RPx@~Az@|@Z`@JFJ?VVN^zArB\XTZJFn@v@z@p@XZVd@^b@nAfBZ`@\JhAOf@?z@Ff@K^@\JXBZA~Bp@jDd@DD?RGbC@v@Tb@\TxDhD?d@n@d@ZP|@fAlBvA\\Ln@Tl@?VWlDWhHCdBG~@FjBCbAW|EPPLD@NKn@UjEElBLf@IaABYF]RsFAYF]JyEHiACg@?MHiBFmDDs@Fm@FeBD]?o@AEEt@OhAC|BI~DEx@?ZBABIBg@?{@D_@AAER@d@IpAAIDMBk@DoFLyABiAJyBLa@FClBL~@Nf@Br@Nr@Vj@Lb@P`@Tn@Rr@Zn@Fd@VNDb@?fAUd@@`BETBn@Nf@f@bBbDp@jBXh@j@pA^n@h@n@h@`@b@Rp@Pl@TR^Ap@_@pEQvCQnA]bBSlDIj@SjACx@@l@K|AMx@[bBm@~Be@v@[b@a@^MFaBb@o@Hc@Mo@c@YOkAWMIa@g@e@}@qAwA}@gAS]SQg@Y_B}AgAmAaB{@c@c@i@c@c@OUEs@Ks@@w@Lg@PEDu@xAu@vBy@tEa@rAYj@e@r@_@`@OTiEbEoA|A{@|AkAhCaAvB_@p@Qd@QZ}@zAeAtAMJMBECOqA@_AAaCS_EE_BN}BAcAGwAAgAT_COu@I}@GgCOmAKsA[gCe@kG_AwIu@uEO{AGWa@{DS_DW}ASc@]qCQy@_@{@i@w@e@_Aa@eAScAo@iEUmASs@cDyKs@wBSu@m@cBGUAi@QU]aAOWWu@MQIQGE?QF_@^w@Nm@Ho@NS?E^j@,2,,,,,,Diego Galdino
2,"Peito, Ombro e triceps",0.0,3906,3906,0.0,WeightTraining,WeightTraining,30.0,Hevy,15118375102,2025-07-15T05:46:59Z,2025-07-15T07:46:59Z,(GMT+01:00) Europe/Amsterdam,7200.0,,,,0,1,0,1,0,False,False,True,False,everyone,False,,[],[],0.0,0.0,,,False,,,False,False,,,,,,False,0,1,False,20232024,1,a15118375102,,2,,,,,,Diego Galdino
2,Teste máximo de 1km,7191.0,2571,2722,10.0,Run,Run,0.0,Garmin Forerunner 645 Music,15110914438,2025-07-14T13:04:31Z,2025-07-14T15:04:31Z,(GMT+01:00) Europe/Amsterdam,7200.0,,,,0,2,0,1,0,False,False,False,False,everyone,False,g21794451,"[52.21, 6.88]","[52.21, 6.88]",2.797,6.0,81.1,27.0,True,142.4,161.0,False,True,49.0,41.8,16134758875.0,16134758875.0,garmin_ping_458975087093,False,0,0,False,20232024,1,a15110914438,wgt}Hct~h@EMq@s@ICKF[~@Q`A_@`A?DDR^t@f@nABZAXHf@Xt@T|@b@z@Xp@j@~ARv@Ll@AJBNZdATXTb@rAbEj@fEZ|ARv@x@bBXv@bAxBLl@Jh@RlCr@nG^vDDj@?l@RvBJb@V|A^~Ed@rDb@xBJzALf@Lx@NxBBfDCfBIn@Hd@Dt@LzG@nBBnB?|BHxD?pAGhACE@BBA@|@?~BR|DHbABhA@t@LtFAtCTxIBlBEtBF|DFxAEfCWnJKlGUvHG|@AdCF|AAdA?FD?XIDJLz@l@nCVx@~@`Cp@rAtBlELNoAoCmBmDY}@m@uAc@}A_@sBEe@Es@@IHbA|@xEVl@ZdADH@IA?@HA?IUa@y@Ys@e@iBU_BKaB@_ER{EDcDPyEPgJDy@@wAAkCFoBMsAA{@CMAg@BiBQgH?cGEq@E_@@c@AoBGs@CcABmAEoB@u@F{CCK@@?{@McB@u@Iu@JmD?w@CcAKc@Es@HeCGeAG_D?ENi@Dk@[oB]cHSqAYuCQw@OgBg@_FI_BWeBe@}BG{@Q}@QcBI}AIs@EUKsAk@mDWo@McAg@mBWo@eAiBm@qBY_BG{@OiAuAuFuAkEUe@c@eB}@iC]mAMm@Ui@QWGScA_CGc@d@yALm@Vi@FMJAHDPT,2,,,,,,Diego Galdino
2,Morning Run,12008.8,4398,4398,14.0,Run,Run,,Garmin Forerunner 645 Music,15096130304,2025-07-13T04:56:09Z,2025-07-13T06:56:09Z,(GMT+01:00) Europe/Amsterdam,7200.0,,,,2,9,0,1,0,False,False,False,False,everyone,False,g23116162,"[52.21, 6.88]","[52.21, 6.88]",2.731,4.314,82.2,21.0,True,153.3,173.0,False,True,47.8,38.8,16118516586.0,16118516586.0,garmin_ping_458517277660,False,1,0,False,20232024,1,a15096130304,ght}Hct~h@c@kAEa@La@^y@De@JQRDNRJV\^VLh@j@x@h@Lf@R\vAxA\Xd@LVz@Tf@~@~@xBjCfA|@tArBTh@~@bATN`A?bARdAGVMl@Ex@HnA^dETVF@DBj@BdDFXfAjApBdBl@hAlB~A~@fA|ArAb@vAb@LFp@JPrEd@f@Ar@Lt@Xf@\x@Xt@`@bALd@RV@|DWlAJZJb@`@^l@\fAl@x@`@t@b@vA^n@b@fAl@h@XNh@f@bATz@d@Zf@NJt@Rj@A`@^Vn@v@dAl@`AL`@X\fA`@X?hEa@f@O`@@L^@r@a@zE{@xFu@vDC^QnAHTtAZjAj@tAh@zC|AjBhAbAd@z@r@xBxAhAn@fA\d@VdAv@bAd@rBdB|A~@hAl@XX^RfD~AhB`Ax@n@XJ~AnAlFzCjE|CbCtAtAn@zDhC`EdClBtArAt@dEvCXZ?\WZa@Vm@lAyA`BmB~A}@hAsFhEsDdD]Ry@r@oAx@{@\i@n@Q?m@bA_Ap@Q^uAbAe@NWTIRIQQy@Is@M[YYc@YSY}@[y@q@]a@w@k@UIWDk@b@SZ_@xCSj@Gh@Uf@OJUDwAMaBPUXOn@UrA?d@X|@zAlDhAxBb@JXO~@cAb@]XCDFm@dAi@nAGXH~@k@zAIz@[xAGr@u@Qy@cBk@}@u@cBQk@q@iCaByC}@kC}AuDy@{Cs@wAkAgBe@Ac@K_@UoB_BWMsBiBcB_AgCyBm@c@uAs@sAeA{Co@e@EIDiB{@cAoAOm@U]Oc@W[k@wAQm@Ye@Se@Ks@M_BWs@KCW`@E?sA_Bc@C_A\k@l@w@QaAQe@mBUs@q@oAs@w@}@o@oAeB}@eA]]a@YY]WeAQg@e@F]\o@Jq@b@}Bd@uALSQeAgBy@{@qAgBaAgCc@_Bk@}C[m@i@sAg@mB_AqAWCA_@][eAoBYOc@Do@n@WLoALuBE{C\SQQ]UeB[yFIy@i@}CSoE]uBMqBQ}AUgBe@yB_@_DOu@o@kFi@kDQmBiAoDm@kAg@}Ae@iBi@yCc@sBu@cCKm@[y@]eBo@cBa@}AKQYqA]q@Ou@YcAa@k@Wi@Qw@,2,,,,,,Diego Galdino
2,Morning Ride,51732.4,7756,9541,88.0,Ride,Ride,10.0,Garmin Forerunner 645 Music,15087217801,2025-07-12T07:12:45Z,2025-07-12T09:12:45Z,(GMT+01:00) Europe/Amsterdam,7200.0,,,,22,8,0,1,0,False,False,False,False,everyone,False,b16047166,"[52.23, 6.88]","[52.22, 6.89]",6.67,11.129,,22.0,True,126.1,172.0,False,True,39.8,2.8,16108676052.0,16108676052.0,garmin_ping_458244179016,False,22,4,False,20232024,1,a15087217801,umw}Hka_i@k@IQi@UyHsBuSgEuQYc@mLhE_TvOwEpCqGbCa[~Gmj@`UkTnJ}KaAkf@wKiD|@_IrDaC`C_A`B{@tCiCdR}AlPKtENjKYfD{DzRo@zBuBnE{CrCwAt@qMjEqDAyBsA}A}B_S{h@OwBe@kA}BlCeCfAwBdBmA`BeArCoAjKiAzEiF|JsGlN_DjLgC`G}JnOmAr@BQg@b@mAjBgR~QeKxIkGnGeJpGw@lA{@`C{AtKoAvD_BvBsEhE}CdEq@tBqApHmE`H[hBAhKWx@w@ZoGBqCw@sBcBoBgCoA{CwA}Hq@cNu@wGe@_IEmOw@a[XuYGwC]oCeD{MiCaGsGwHgKyIqGqBmH`@uQvH_p@f]yDpA_D\cD_@cDoAck@}^wMyDeLkEqDLwJnC}Fe@yB{@a@u@U_Ca@a@WLyC~EeOzQ_K~KkDdC[jA_B`CaD|DeClBiDpFkInIoF|JoDtDq@tA_EvEcBT_BdB}Ct@yIjEcKh@uGxCsAhA}@_Ap@lBg@nA]bDo@~Xs@bIGfCRfDoAjQe@zDkCzFqFnCgApAs@jCqA|IqAvCgAzDqEjFmDhGqGtPqBzGyElL_I~VaElKeOjNzAnGfA|Ar@pBzBjP^vJ@hp@^bKrDh]|Q|{A|@rLPxI[pBXt@TpC?vFPjCdA`FJ]OcAZ_@vC`@hJWjKxCvIrAzMjD`BHnKqAtKLtx@tBvAHxC`Bv@t@rQd]zFlH`_@bo@bAzEj@jQvCrUt@rCtAtCdJjPxLxNfKlDxB|D~JzMbJxC|HhFhBVX`@dHnAn@aFpAgDtJqKz@Bb@iBxBeD|\qa@pB_BtLiOjKkLtByC\sAdDkDrGiJbJ_L`GwGd@E^d@Yw@nAb@dBv@vAbBbBYhA\ZgEVe@vGGfJuK|BS?sAd@NnByAHc@bBe@dDeEpLeLvCyF~ABrAgAlf@yf@x@eC`AWt@kAUuCgA}FhDoBnQcNsAqN}@wEfJmDzN{SvMmNtO}R|EiFb@oAa@sCVkAvDqDtDmAbAJ^_BhKeDfE{DTu@Kq@^a@zA}@hKaK`BiGh@]jBJRiC\iAtEGrCwF`AaAdDiMPgBp@s@dHwZj@cEhDqL\wDvBuG~@yJtB{GfRw\vImQrc@sy@`LwRdUob@hAeDxEuIJ_AMsAvBoEzKwSnGqJpGyMrHmMhB{EbBkBpAsEjDuDfIkRpGaLvC}D~CiG`ByEbEgPbA{FpAaPXoTM{I_A_Ta@yIuCy]c@sP[}HM]kC`@]UdByOK_DlCeA,2,140.4,,,False,1088.6,Diego Galdino
2,Evening Ride,31379.2,5100,5136,50.0,Ride,Ride,,Garmin Forerunner 645 Music,15081378775,2025-07-11T16:25:11Z,2025-07-11T18:25:11Z,(GMT+01:00) Europe/Amsterdam,7200.0,,,,7,6,0,1,0,False,False,False,False,everyone,False,b16047166,"[52.21, 6.88]","[52.21, 6.88]",6.153,8.933,,25.0,True,128.4,154.0,False,True,82.4,52.4,16102189327.0,16102189327.0,garmin_ping_458034327971,False,1,0,False,20232024,1,a15081378775,aft}Hss~h@}A_B]@k@tBm@fBDn@xAfEbAzDdBzEjA`EvApFlBtIPj@rAjCf@tA`@dCvB|S\lBx@lIz@zF|@fI?hFMlAP|AVlTG`HR~DBzEFhAXhZRdKG|LUfFe@tTHlEb@xBlBnF`CjFtFtJ|@r@hVjKlOxHlA|@dH~HvDnE`CpDvMd^fDxJzRbh@`DpJnK|Xl@pBb@nC~@dKj@fC`G~PzBzFXjAfFxMhJbXdDbJzC`IhAjDxHjRd@jB|A`Eb@bBvE`NlBvEzCdJ~EdM`HtR`CdIrC|Hn@nAjBfFvArEV@JPrElJv@fCtAtCtCbFtCjGnIpPfG~M~@dCnA|AB\E^OVsB~@aCzAYZwHrEcAjAaAbBw@pBk@fB_C~IuArIY|BwArWC^IReAAwBZo@?mEg@mBk@eAk@c@e@K}@MWSEi@\yA{@{@U_GN}@He@VmDRgAu@e@Z_@n@QJ}DVSEw@u@OD[t@SRg@XeNnAuM|AeRnFoPxBsk@hLoDEuKkCyAC_Bp@{ChCkKzLgNjOe@b@mBfAaBj@cBRuAGsA[mC}AaA_AcAaB{@mBaH{Pw@}Ba@wCS{@]gAm@qAa@g@y@KSS_KyNkAiAaBkAaEmBc@_@_AoAyAI}IsEcA}@k@}A?]LS^MX]hG{MtB_G`A_DIkAe@sB}AgRw@{EcDkZRwBf@qJhBoYLkDlAwOlAiUVoAhC{Hf@_CXqCNmCrGwNlCyFdB_D`@mAfBmHl@wAFa@NmGHu@Po@r@yAfHmIjCkGrD_HLo@r@mISuCTyRHwAf@oDDsBKiAy@aFUKQLOZsBrCvB}BLYKg@sAgAkIiFoQ}BgDo@{Fi@kAY}Ao@iB{AmCaDqAmAkAwAgBoC}BgEmByGSsBSgLA{Dk@_Pi@qQ_@gQe@}LeAo]e@_LMqJMuCDcDa@c@ZcDToFGeB_@uDBqAp@cEBy@Eo@KMOPCdBLbDKROCE[EuGLm@NU|@c@@g@WyEe@kFoAoTc@yAeBkE[aBa@wFIoBs@mJ_A{QkAiPBu@G_@i@qAcA{Ea@eDg@iFUmDIsBGuGFmBZsBfC_M@FZwBCuEOmCO{FQyB_@oKAeHDkBFY\DbBnBpAp@vCKxBz@X?rAu@z@mAbB_Db@kBZaE`@yBXg@^[z@[|@@`D~AnA^jALrCKvBy@\[bAyArCqGd@wCd@oILq@P?hA~@~@\BLCp@}@jCAh@H\dCrCBTGT,2,118.0,,,False,601.6,Diego Galdino
2,Treino de Pernas,0.0,3458,3458,0.0,WeightTraining,WeightTraining,30.0,Hevy,15079791193,2025-07-11T13:59:43Z,2025-07-11T15:59:43Z,(GMT+01:00) Europe/Amsterdam,7200.0,,,,0,3,0,1,0,False,False,True,False,everyone,False,,[],[],0.0,0.0,,,False,,,False,False,,,,,,False,0,1,False,20232024,1,a15079791193,,2,,,,,,Diego Galdino
2,Afternoon Run,10396.7,3278,3384,16.0,Run,Run,,Garmin Forerunner 645 Music,15069962947,2025-07-10T15:19:48Z,2025-07-10T17:19:48Z,(GMT+01:00) Europe/Amsterdam,7200.0,,,,0,4,0,1,0,False,False,False,False,everyone,False,g23116162,"[52.21, 6.88]","[52.21, 6.88]",3.172,5.78,81.5,25.0,True,154.9,182.0,False,True,52.8,43.2,16089684170.0,16089684170.0,garmin_ping_457678376336,False,0,0,False,20232024,1,a15069962947,kht}Hut~h@Uc@QEMDUp@O`BUf@?LdBnEG`@Hb@f@dBr@xAPl@Vl@~ArF\~Ar@|Af@tCPzAn@rC^z@tAhCVx@Nt@f@tD`@lEh@rGFtAJv@f@lCn@pHVlBf@xB^fDRtB?j@E`AB`DIl@@j@Nn@?`DLfFAn@JfH@bDGz@On@Uh@FCRc@BB@C?fAANF?Fb@N~ELzBBdEJvF?tAFxENpFF~F?|BOzHKbDUnJOzCEfDCd@?]DW@@ERCZA?@~E@XRz@HRR`AlAjDlAbCxBbFhBfDpBfDLJjAl@jC~@lDjBbBr@h@Ln@XrCfAf@VRTHDAJIH@Q?DACZPVD^NzAf@b@VHJpB`ARRb@TPPd@X|@`@f@^`BbBhAdA`EdFhAdAh@b@VVtAdBl@fAZn@xArD\p@xBpGJd@@NXGB@d@hAH^_AgCw@cCo@uAWy@i@oAk@eB{@oBcAaBwAkBwDkEwB{Bc@{@k@_@gAqAm@a@oBeAwCqAcA]uAs@]WDATBPFDFD@CC@@A@OEyAc@wAq@u@W{A{@m@Qc@We@KmCwAs@e@a@OcAm@}Ao@wBeAY_@]qAk@aA_@c@{@uBoB_EqAwCYs@e@{Ai@wDBSSuCAeCBmBRmE@uFZiID{DGyD@yAEy@@a@AyCGkC@eGDcAAaAOuCAkAGkA@kACaAC_@?~@@F@YCiHDkBCqAE[Cm@@uEEeEEcAByBMuD?aALu@Ac@Mk@I{AAsB{@uH]qEWwBg@sDOoBg@_De@mCe@_G{@uGi@cCYs@{@iBi@yAo@wBSmAGq@WuAQu@[aAOq@]aA_@eBi@gBQu@e@gAUu@Uu@Ws@e@kBo@gAy@cBOi@@WR]b@wBPo@HMJDRTX`@b@`@Z^,2,,,,,,Diego Galdino
2,Afternoon Run,10000.8,3518,3535,17.0,Run,Run,0.0,Garmin Forerunner 645 Music,15056418093,2025-07-09T11:17:21Z,2025-07-09T13:17:21Z,(GMT+01:00) Europe/Amsterdam,7200.0,,,,0,2,0,1,0,False,False,False,False,everyone,False,g23116162,"[52.21, 6.88]","[52.21, 6.88]",2.843,5.483,81.3,23.0,True,160.6,175.0,False,True,50.0,42.0,16075061554.0,16075061554.0,garmin_ping_457285068289,False,0,0,False,20232024,1,a15056418093,}gt}Hgt~h@K][o@A]d@wAXw@B?l@v@`Ap@b@^XJHDPZbBzAX`@l@l@JNFZJXxBtCl@h@x@n@~@\FVHH|@jBh@z@\p@XRv@LpAF\?d@FhABdCZb@@lA?f@Bh@JVJB\AzADf@@h@LTd@`@zB`Cv@^Fb@b@`@lDdEb@\`@pABBTH\CBMBWDoCJeC@uBD_AGmAHeDFoAPwA@_@Aw@Jw@FuATmBBaAJaABy@Hy@RYNAFEd@CjA@x@VHFlAb@l@Fd@H~@`@xAJ`ARTJ`@X?JZBRHVF`A@fAMp@BrBTl@?\EjARb@Bl@JfAHt@Vl@LVLTRNl@En@CxBJh@ND^\Vf@^b@^n@LTXt@@\RT`@Rb@N`@XZ`@ZVj@Rz@d@\LfAj@x@Xz@PF?RFf@\Z~@`@z@Pf@`AdBn@rATdATd@H\j@fCf@jABRf@~Ax@vAVF\DP\\jAd@rA`@`BD^X^P\Vt@b@dB\p@`@bC^tAXjBXn@Lh@A^[nBEf@?z@Eh@s@zC[`A_ArAcB`B}@tAqAbB_A|@OC}@g@YK_Aq@}EuC{@YUMUGSKe@MqAe@oAk@CQBWbAwGVuAn@kELiBBs@?s@I}@UQ{BVaA?]N_A@WE[K_@QiA}Au@s@uAmB]OYg@YSWPSVAB@|@a@lEG~AOdBg@~DKhBa@zAA|@BbAGx@ShB[bBOh@o@bB[\w@r@cAl@m@JYD[C[OWYUOwAa@[QYYYQ]_@g@q@iBuCUW_@O{@w@o@w@cAyAIG{@E]QYWc@WY]a@OuAIc@?}AP[\Q`@i@t@Sj@Sx@e@lDYz@a@dBYh@s@r@Y`@_@Tw@n@aBxAe@f@mAlBmAhCYl@Up@_BpDk@r@}@rA_@r@a@b@MAM_ABoBJkAAu@G}@AuAOmBFw@EwBA{EL}@[iCBq@Ay@q@sGWqBMsBg@oDCs@UoBK_Bg@yBg@_DWgDUq@OcAEcAGs@]yBQ}AQu@k@gB{@gBy@uCUcAKq@m@}CSs@Sg@_AsC_@yAGk@]}@iAkDq@iACWKWUoAi@}AKe@g@uAAQT]Xw@,2,,,,,,Diego Galdino
2,"Peito, Ombro e triceps",0.0,3992,3992,0.0,WeightTraining,WeightTraining,30.0,Hevy,15055071400,2025-07-09T08:59:42Z,2025-07-09T10:59:42Z,(GMT+01:00) Europe/Amsterdam,7200.0,,,,0,1,0,1,0,False,False,True,False,everyone,False,,[],[],0.0,0.0,,,False,,,False,False,,,,,,False,0,1,False,20232024,1,a15055071400,,2,,,,,,Diego Galdino
2,Costa & biceps,0.0,3811,3811,0.0,WeightTraining,WeightTraining,30.0,Hevy,15042442817,2025-07-08T05:40:09Z,2025-07-08T07:40:09Z,(GMT+01:00) Europe/Amsterdam,7200.0,,,,0,0,0,1,0,False,False,True,False,everyone,False,,[],[],0.0,0.0,,,False,,,False,False,,,,,,False,0,1,False,20232024,1,a15042442817,,2,,,,,,Diego Galdino
2,Evening Ride,20021.6,3345,3345,25.0,Ride,Ride,,Garmin Forerunner 645 Music,15039489849,2025-07-07T16:32:17Z,2025-07-07T18:32:17Z,(GMT+01:00) Europe/Amsterdam,7200.0,,,,7,1,0,1,0,False,False,False,False,everyone,False,b16047166,"[52.21, 6.88]","[52.21, 6.88]",5.986,8.225,,20.0,True,119.2,153.0,False,True,30.8,14.4,16056426136.0,16056426136.0,garmin_ping_456749521642,False,2,0,False,20232024,1,a15039489849,qct}Hio~h@BC?EEYGIu@m@[[YcAm@q@KAMBED{@fDQl@@b@j@~AVxAVt@j@rB\f@d@nAv@|BhCbKj@pCVhBXrA\bAjBbEd@vAb@~CBv@f@~Dr@pGDrAFh@n@lDH~A\vDjA`IRdBPrBF|FKlA?LNj@DvB?dAElBFjCDzFAnHZzF?~B@l@Fj@D`BFpIFzDAtDDbBBdDJpCBfD?fBIrDy@vZEnBBv@?dADf@p@bDx@~BnE~JzAvCtBxDJLVP~BfAfFrB`IrD`Af@hAf@xBdA`Af@zAp@^TxAn@xAz@tDvD`BlBxDzE|BdCn@bAf@hAhDjJx@lBtAtDrAhDpA|D~AxDbBpE`BvErCjH`AvCn@~AtBbGpCjHpBvF`EjK|AnEnBlFf@|A`@bBxAjMb@hCx@rC|@jC~@tBb@jAlA|DVd@n@fBbAjDr@dBn@fBrA~CxE`NnAhDbCjHjGrPh@bBzBvFjCjHRf@`@v@Tl@lC|Hb@|AvB`GbBhF`B|Df@bBrAvDzCzHfC`H~CbJvAvDvBhGv@pC|@fCfAnCf@fA~CdJ^tAFDDGLu@G]}@yCo@iC{DgK}@{BYk@Um@i@cAaDuIoBsGmAmC}BgGuCeJmBcFWk@mCoHcCoG{AkFgA_Dq@{Ak@kBe@qAaB}DgA{Cm@_CmBwEq@qAa@kAm@yAcAsCiAoDcF}Mi@gBm@yA_AyCWi@i@yAcD{IgE}KoD{Jq@aC_@sBSaBOoCUgCw@_EcC_Ge@qAyDiLcDqIe@}Am@_Be@oAoBoEcBsE_A{Bu@qBoBuF_A_CiC{HmE{K}DcLg@_BuA{DwAwCoCuDgAoAsAsAiAoAoA}AO_@QY}CoC_Bw@_FoBoCsAcDuAsCyAcF}Bw@i@}DeBmBeASUQ_@[eAQ_@m@}@m@wAsB{DoAsC_AiC]uAMs@WeCI}BDeDl@mTFyCBoDCoE@}@OgHE_OEmC?{BOcJD{E?m@A]Gu@E{EIyC?kCH{@KkHLs@Cg@Ke@MsAE}BGoAg@mE[oD_BoMe@{Be@wEuA{K[{CQu@M_@m@iAuAcDi@yBc@uCg@gCeCyIiCsHo@cCQUYk@aAcCAMBIVi@z@aCRIJ@d@r@Z`@,2,113.2,,,False,378.7,Diego Galdino
2,Treino de Pernas,0.0,3372,3372,0.0,WeightTraining,WeightTraining,30.0,Hevy,15031815162,2025-07-07T05:12:54Z,2025-07-07T07:12:54Z,(GMT+01:00) Europe/Amsterdam,7200.0,,,,0,2,0,1,0,False,False,True,False,everyone,False,,[],[],0.0,0.0,,,False,,,False,False,,,,,,False,0,1,False,20232024,1,a15031815162,,2,,,,,,Diego Galdino
2,Morning Ride,51118.0,7757,7992,81.0,Ride,Ride,10.0,Garmin Forerunner 645 Music,15012504938,2025-07-05T07:15:47Z,2025-07-05T09:15:47Z,(GMT+01:00) Europe/Amsterdam,7200.0,,,,15,9,0,1,0,False,False,False,False,everyone,False,b16047166,"[52.23, 6.88]","[52.22, 6.89]",6.59,11.317,,21.0,True,130.2,169.0,False,True,30.0,6.4,16026654593.0,16026654593.0,garmin_ping_455908647848,False,12,1,False,20232024,1,a15012504938,akw}Hsa_i@lAuCt@{Ch@]|CoKPArD`EvAhC\JrAeANj@j@jMdAxJfB`c@BzI]lOgA|NsAvHaD|LuBtG}BdFyDdFoFjJwKpV_DxC{ApFuAxAmBbFmGnKyHnO}F|I_LzScCfFNtCc@fBsCjEsAdDuNpV_KnRzHhN`@s@`AoGbAGbElIPxAaCnWoBdOeChXqA`K_CnWn]o@~An@bGrEzAv@|@@zDcC~IeIpAsAtAeCfBwAzCpHdCzSz@lCnA`Bz|@bR`MnAlA]bBcDKoMb@w@pB`FjEzGhI`JfClAtNnAiLmBmEiBw@rA{MmBwBbCOz@hDphA\hA~IxMpArDz@rFvAlBvAfXIVkBR~AxXaAnL}@|C_BpDYbBkBxZwDzq@IlFzFhj@nAdJd@pApFfDbCjLxArBJl@Y~EuBdGt@`A`@vA_@tCd@aBWCqD~Ih@T~BaBnAvAZjAlAx@dAxBzAhApAfBdIdRdAjGhA`Cc@u@_@jAkDxk@yAzOsAdTqAlLUbHgDzf@\`ItDld@~D`m@fDt^@fFh@FnB}A~RuQp`@y[vCcBfFcB`@n@|BdTfIxEt@HdKyDtDtCpBh@rBpAhFS~CvA|GyBxCyBvEtDzFzDz@f@PMnAiHlKcZ|JaTl@{BJBM?PBO?RLUa@fByC~I{RjHyMtCgD|A}FlCeFxCmH~BmG|FsSxBcEt@s@Li@AcEnAqGfFmMrAuA|Hw@|CiCzCiNu@{HcB_H?eB^{AbBqCjBoBxCeAbAoCfAgAzAo@bMgJvAwFp@q@HcChBoGbD}MvCoA|@{A^_CjAgAhBeRsBeIOgIRqBbC}Hf@eHG}BsA{HOiTTeFtBwSSy@DgAtDsd@fFg{@hAaLzA{WtBsUhCw_@`@kB|GcJvAqIlEma@^uA|DaHb@yA\aCh@iRTeCrAqFlAwLHiCs@qRb@aIIkLN_JbBsb@GuKgQtByE^}B`En@tF{BhByIDaFoBeAyAUkAEaPcAkPaBiQWeAaEwEyEgD{SmSyP}NgEaAoHqDeHcFqD_EyJwHmEeAgGlCsAqQ{VwPyd@_ZmBm@kATeBbBuBzJsKzWKdLTvCGtBgDtQuDhP}@~@_EvAwEnK_GxK{HrSkB~D_BpFsGbNm@hC}GpOqCwBeB_Akf@eUqK_UcAuCa@gCKuH`Aga@mAimAEsJPmAw@gLoC}VyEu]aCwFaAeDqC}MmFkPcDwHs@RgAtDaCrEaB`AqFLqGiCaC^_ArAe@~Ai@tG]fAkAvB{B`BiIUuCyCq@}DiBmZXsIeBo[?wC_@eEiAgIg@{Ig@_AKkG,2,139.7,,,False,1084.0,Diego Galdino
2,Moderado | 10km,10006.0,3649,3649,0.0,Run,Run,0.0,Garmin Forerunner 645 Music,14942334811,2025-06-28T12:43:26Z,2025-06-28T09:43:26Z,(GMT-03:00) America/Araguaina,-10800.0,,,,0,3,0,1,0,True,False,False,False,everyone,False,g19811443,[],[],2.742,2.86,80.1,29.0,True,161.4,182.0,False,True,0.0,0.0,15949310543.0,15949310543.0,garmin_ping_453652149087,False,0,0,False,20232024,1,a14942334811,,2,,,,,,Diego Galdino
2,Severo | 7km,2547.7,1419,1779,0.0,Run,Run,0.0,Garmin Forerunner 645 Music,14916353153,2025-06-25T21:44:04Z,2025-06-25T18:44:04Z,(GMT-03:00) America/Araguaina,-10800.0,,,,0,3,0,1,0,True,False,False,False,everyone,False,g19811443,[],[],1.795,4.657,80.3,22.0,True,147.5,178.0,False,True,0.0,0.0,15920850325.0,15920850325.0,garmin_ping_452794214754,False,0,0,False,20232024,1,a14916353153,,2,,,,,,Diego Galdino
2,Lunch Run,7000.0,2538,2538,0.0,Run,Run,,Garmin Forerunner 645 Music,14882064180,2025-06-22T14:04:19Z,2025-06-22T11:04:19Z,(GMT-03:00) America/Araguaina,-10800.0,,,,0,3,0,1,0,True,False,False,False,everyone,False,g19811443,[],[],2.758,3.029,79.3,28.0,True,160.0,178.0,False,True,0.0,0.0,15883718236.0,15883718236.0,garmin_ping_451688626673,False,0,0,False,20232024,1,a14882064180,,2,,,,,,Diego Galdino
2,Graveller - Day 03,34072.0,6237,6546,59.0,Ride,Ride,10.0,Garmin Forerunner 645 Music,14806583101,2025-06-15T08:22:53Z,2025-06-15T10:22:53Z,(GMT+01:00) Europe/Amsterdam,7200.0,,,,0,3,0,1,0,False,False,False,False,everyone,False,b16047166,"[51.6, 5.49]","[51.6, 5.49]",5.463,8.5,,23.0,True,109.6,141.0,False,True,18.6,6.2,15801937578.0,15801937578.0,garmin_ping_449335604541,False,0,0,False,20232024,1,a14806583101,{|}yHqeo`@_@q@o@v@m@C_@tBpBrFhAfEyKrI_@MYqBa@{@yBe@mAwASCaCpBw@g@}GjIwBe@aSpEaAc@gE_EmGuC}Bc@}@_AwEuBqIj@BxHp@fU@xGCh@OReOuKmB}@{L}H}Ai@QD_A|BeI`VqI_HqLiIaH`Oe@rBmJbU_A_A_GyD}@c@QPaAvCkM~YiBhFiIfSoBtGI|@xAdBZv@nA`GA\eBoGo@iA_FwDwAEa@`@Ur@aAhJq@tDsEvOiAhCWNe@Co@c@e@_B[\e@zDoGdYMtASfKYfBsAvE{@fGNtDa@fDkAbDsAjCkBb@KtD}@AQnGX|KJvQUtJeA`H_DrMoBzLyCaT[aB[c@UH_BvBa@FkAaBeAuBc@uAs@aAqQ{AsEqC}@WcAtBSH_DqBs@u@iAgFwCqGm@wB_DaFs@m@}BKcJrBqBvAIsRSwCDmFHcCpDeDvD`@^MPq@FeBWiLCiKRuEOyJ_@aGa@mPm@gJOsP]cIKeIWqBOcFUoNa@{FbDcCIa@VZPExH_FTg@Ga@sBuE_AwHgBeH_FiKu@sBaDkGEi@dLsLJ]f@yMBgEEYu@m@Oe@JmByAcQrB{[hF}DfJ{FfGiFtDiKvAgFj@yCd@wH@eHe@oFw@u@gCo@LeDGiM]mA|AkIPsEEe@c@w@qCu@{D_Fq@eBf@s\^yIP}KrAmb@LmG?oGO}CHa@hFiAjFgCzIw@jFNvCn@bFvDlD`@zC~@PEHgAXY~EdAvLxDvN~@zAPRTDv@YpKe@p\gCpi@DVtAdBpRjQ`DpFVv@`@vJrApFfEfErBa@tCJKbAyC`MqBtD_@dA_AxFGzANxCe@jFD^x@\nCCjA]lBsAbAI`IfB~D_B`BDuAUaC~@QGDmAtA}Ep@yDm@kB_DaG`BwD?k@k@_Cr@gAdHaHl@iAz@uH~@sFb@_G|@kHSc@{CaCIe@zBaFrHgKbCqG`AyEl@oFZkKt@yGtEyWhAsBl@]LPz@tFiBhTfGlIxBnNfA`FtC|FLRHUIV`@f@tBkClIyExCuFvFyEdIeKHzAhBpJV~E~AjGNvCbBlInGzPJnI|AjAlE~G`@bAb@v\\hPRbD?pI\zM?~AM|@`@n@b@?|H}CvF}CvAyBnAEF~AlGzl@d@nCdBr@`CfDbD`GzA|@|@DPl@vCZbBKd@c@fALvEhBtABjI|FPd@HhAOpGUf@oCdA}EnDuA{CmBcGR}B~@AN[,2,99.4,,,False,619.9,Diego Galdino
2,SRAM Treasure Hunt,6620.5,2373,2715,34.0,Ride,Ride,10.0,Garmin Forerunner 645 Music,14806577065,2025-06-15T07:31:08Z,2025-06-15T09:31:08Z,(GMT+01:00) Europe/Amsterdam,7200.0,,,,0,5,0,1,0,False,False,False,False,everyone,False,b16047166,"[51.6, 5.49]","[51.6, 5.49]",2.79,6.633,,23.0,True,109.1,135.0,False,True,-6.2,-36.4,15801931131.0,15801931131.0,garmin_ping_449335434218,False,0,6,False,20232024,1,a14806577065,ga~yHqdo`@?v@Et@FZpAlDZl@t@rBJ^@JE@H@PIPWv@g@NOH[FwBD]HoCDy@Fm@@YAI[a@Q]eAuCWg@]iBGk@c@AcBq@e@YeA_@a@EWA_@LO`@DN@AAA@@HCCGCRDEF@O@DCFBD?IAAQERI?CCDGB@?YFMNKHQ@sBJwCCOBiANuBJq@n@iDb@uA\u@BSQm@KWAOBSBD@DMCIG@@HGCEFJDA@FFCBGFTEACF@CD@FCBN`@`ARNLGZ]Vg@vA}B\y@@]A]g@wEE{@?y@HkD@gAYaED_@DGt@u@R_@B?@BAAE@@LCCLWC?]l@_@h@C@IKA{A?ICGLZGj@An@BBHADEh@w@t@_B\g@DCL@p@Z`Bd@tDjAfARdAb@VBlBGJJJZ@LDD\NlBr@~ExADCBOAYCMLGMJCL?h@b@lAd@fBRn@z@`Cp@tArA|Dz@~AjAvDRz@l@nA\d@^t@Nd@VvADvBCl@_@zCC\IjD@bAFnBHpAPzAPp@FFIJ?XEH?LARCBCC?CD@E?N\LxABr@Ab@B`ACb@MPMH[L}@@a@FGBIJGXF^~@dADHNj@L`AGp@EJGACCDAKMDJB@?E@BE?F@ID?BHBBD?n@Q|@MXIJcAf@o@b@MXFA`@q@h@[r@UX_@F_@H_B?[Ac@MoAYy@_@e@Sa@ASBSRSFCXAhA@VGLQHe@GaCWyCAe@@G@?E]DMFCAAEDBBDAA@KG]?g@B{A`@{@PsANmCf@wBj@}GjAsAZaADQBiBb@YNc@Nc@Da@Jq@Ty@\s@VeCl@WJULaAt@Q\H`@b@t@\x@TP\]JY?DMDIUPG@CCIF@DHDSDCKEWFBXBIAP@BAGEACOBEEEBFFFCBFDGBIEJZB@FEAEBDF@KBU`@MFEAU[k@kAQU][k@ZUPGBG?MOqD{JE[@MXwAJKFBLJNAXy@FCLB,2,57.4,,,False,136.2,Diego Galdino
2,Graveller - Day 02,70914.3,15081,19991,95.0,Ride,Ride,10.0,Garmin Forerunner 645 Music,14796285012,2025-06-14T07:19:23Z,2025-06-14T09:19:23Z,(GMT+01:00) Europe/Amsterdam,7200.0,,,,2,7,0,1,0,False,False,False,False,everyone,False,b16047166,"[51.6, 5.49]","[51.6, 5.49]",4.702,12.578,,30.0,True,115.1,153.0,False,True,48.0,-8.0,15790766610.0,15790766610.0,garmin_ping_449023962421,False,2,14,False,20232024,1,a14796285012,e~}yHqgo`@oBvErDdKxLuFmA{JXoEnJaQnAk@~PvA`KcBHhElm@rC|OyCxHRpDeE~K|OcBhC_As@CwBpFyKrm@wTPvT^LvIuNeBcMlKqEjOoL`OqMbFgHxPqb@lAo@hOir@hI|FoCxKtChDfHrEhD}K~\bViBeBrC}PfBeGpFbEp@yCsAkCVyCnGmSUgBzD{RvJtKpKid@sCgIvGsQaEeIcHgI[s@F_BrLsXp@^hHaPjBn@lIsTbs@bcA{EicAd[mHlFlEtMsC|ApXoBnVHnDxI}B~H{EjFgGp@uCfNmGrPiLiG}xAsBsU~BwAGwEfB{MrEyHzA{LtGkGu@_MdKbFf@_h@bGzG`Wa_@L_Gb[oVxEwNjGgEt@sDb{@gc@i@n}@g@h@d@c@iBjaAGl_@bAt^fP{Hxk@sk@dUfW|h@qKbB`Wk@|HcC~CQjDtO}FtCn\jBrNnAlDfQ_Lr[rOrJsB]aLzDiKvFmGmBwIeFyBN}BtImDrAuDWlB`Bw@jJjBDyGtEhFrEa@]z@h@qAZxCwAfAfC{@yG_ZfAe@`AvKrDrOnKxYdLjd@dSvo@fBnJnPdk@xE|JEdDdCdIo@t@b@vIgAv^}A|NoJfwB_U_DuSeHcIZcDpIqA`i@mBpNdAyEbEzA\lAkTjNwAEw@qA^{AkE_TiBuOn@WkCkLo@gK{B{MjDcPsAiDuAoPmCyCeMkFgHsL{EOcBsEwC{Be@h@YvGaL~a@wHpBoDlj@gDxRwBzEeK~KiB_DuDnCZnDyBtCyBgAE}E}@HYmAeE^uPhOsJdEuFmHsBuN}KjAmC_He@~AaIz@oAlDw@RCfCmHhAcHEeKoAcA~AoADmBsDqBkAoMvFc@uE{ByEyHnCkCy@eB_NgBOm@oFwBuDkA_N|DyDjBbDx@uHzEwAw@uQ`DqAn@cD{B}]aTnAyGyJgFwO{OtH_GaMoGiDuIeJcDuIq@mHcCsCeFkR{@dEsBnAy@AsAeBK`E{ExEaRtf@yFvAVhEo@|AuKvB{BgJgFnAsFtNkB~OqAvBkBtMcDdDp@hEqDvWgFlKwHbFuXvBeK~FoGdAkKfLbDvHr@rM_A`l@mBcE}WaFoDyE_Co@wHwKsX~I{KAmGpG}AxGuAmA_BqFwGoCcG}OcHiCeCIsAtAwK`UwByIuNy@wB`ChB{B{DmEqEsB}Az@F`C_LxFsEnn@pBhe@q@v_@o@vFuExP{CeAeH{JqApAqErMqExD}HnBgDtHyIeCkB{^{Hg^wPlJ}]dLyJsFySz]e_@it@F{AoLuQqR~DiHrEaEsLZiB|A{@^~C,2,82.6,,,False,1245.1,Diego Galdino
2,Graveller - Day 01,24264.7,5308,5954,39.0,Ride,Ride,10.0,Garmin Forerunner 645 Music,14789756179,2025-06-13T17:42:58Z,2025-06-13T19:42:58Z,(GMT+01:00) Europe/Amsterdam,7200.0,,,,0,8,0,1,0,False,False,False,False,everyone,False,b16047166,"[51.6, 5.49]","[51.6, 5.49]",4.571,8.95,,30.0,True,109.9,140.0,False,True,34.4,-12.2,15783669262.0,15783669262.0,garmin_ping_448800753525,False,0,1,False,20232024,1,a14789756179,w}}yH_ao`@R{A@_Ae@YQHI`@IFc@SKNQ|ABl@|DtK\ElAmApByAx@a@|Bw@KyIHwFdBsDd@w@ZUz@kAvB_E^aAZ]f@?xIbB|BChANjBq@hE_A|@DFLIbDLRPFlJh@hCXjHRhD^lO`@l@Ej@WbABCToGlJMRA^zAfJtChTl@jDXTfCiAZRjAlM?KTKxFaBv@a@dFiFbIgJvBoD~@mAnAsABJHAvAjO^nCfB~HhAbG`AfGb@|Aj@hI\lINjIINyNzA_Ik@{Dy@sCWeF{@?RKA@ZhArKjChYNPtPlDhLOTTITEjBAxMFpLFdCPz@v@Ot@@PIp@{@pBs@fDk@bDWpDeAjE_A|Ge@pAWRHJZZbEHrHE`BU\ALZz@?POzF?dBNxAh@~Bt@tH|AvJh@fHBrAGRsA`@_Bx@g@r@gB`@wDxBa@?q@TkK|DmCnB}@d@_@`@F`@NPxCzA|HtGbBbAfArJ?Zw@tGm@xHSpAu@vCmBbJsAbF}BfLy@zC_CdHe@hBFnCa@pIVxCXpJJzBlB|J@p@_EbKw@xAeCnCsBhBHJAMGLFO{@xA}CxDyA`C_@jBWlKMLGCaCyC{AsAy@mDiDoKuBgJgCqESkEc@gQSwE@c@DExE_CnUeNROFc@u@_OmAsKEWMASaBg@iHm@wGg@eI[iCg@kGnDs@bBs@Ri@?aAMqB]wEY_DKSY?eJrCsCjAyCj@oDpAmEbAkFdB{ErCs@h@GRA\`@zNHvEGRaKdCiI`CMKW{Bu@qDQiB]_BsAqLu@}DO_@eAcFmCePkAsIc@Ic@TyCj@qHxDkBr@u@mFiAwF]iDcAaHqByJ[{Bk@uFy@cFu@qCk@qEqBoKs@wFs@yCMqAKAC}@QqA_@_Bk@eEeAeFsA{IU_AFq@dBsCfA}BfIkNzCaGvH{M`@mA?a@K]@c@Mc@Ca@B{@b@mAHiB~@wALu@HsATQ~BU`@Qt@iAVe@Vo@|@kABWMc@qAqBuCiGcBwCUPo@J]\yAnGs@lBbAsBDWgAqDYkBJq@Zs@dBkB^f@E?Xp@lAfB\c@|@oCp@c@v@SPSTi@LyA?WCFFm@I{@U}@y@iAMi@Hc@PMdBG\QN[@_CYaDAqBUBHNeBBoEx@yCz@}BVo@X}Ex@qGhBkJ`B{@`@gBrAy@Pm@r@WLkCyGk@}B@}@J{@^_BKI,2,74.4,,,False,395.2,Diego Galdino
2,"Quarta - Peito, ombro e Tríceps",0.0,3641,3641,0.0,WeightTraining,WeightTraining,30.0,Hevy,14762439196,2025-06-11T05:11:17Z,2025-06-11T07:11:17Z,(GMT+01:00) Europe/Amsterdam,7200.0,,,,0,0,0,1,0,False,False,True,False,everyone,False,,[],[],0.0,0.0,,,False,,,False,False,,,,,,False,0,0,False,20232024,1,a14762439196,,2,,,,,,Diego Galdino
2,Terca,0.0,3813,3813,0.0,WeightTraining,WeightTraining,30.0,Hevy,14751636489,2025-06-10T05:16:42Z,2025-06-10T07:16:42Z,(GMT+01:00) Europe/Amsterdam,7200.0,,,,0,1,0,1,0,False,False,True,False,everyone,False,,[],[],0.0,0.0,,,False,,,False,False,,,,,,False,0,1,False,20232024,1,a14751636489,,2,,,,,,Diego Galdino
2,Sexta - Pernas,0.0,2464,2464,0.0,WeightTraining,WeightTraining,30.0,Hevy,14710982405,2025-06-06T05:25:56Z,2025-06-06T07:25:56Z,(GMT+01:00) Europe/Amsterdam,7200.0,,,,0,0,0,1,0,False,False,True,False,everyone,False,,[],[],0.0,0.0,,,False,,,False,False,,,,,,False,0,1,False,20232024,1,a14710982405,,2,,,,,,Diego Galdino
2,"Severo | 6,8km",4546.1,1359,1680,0.0,Run,Run,0.0,Strava App,14705765753,2025-06-05T15:45:13Z,2025-06-05T17:45:13Z,(GMT+01:00) Europe/Amsterdam,7200.0,,,,0,2,0,1,0,False,False,False,False,everyone,False,g23116162,"[52.23, 6.88]","[52.23, 6.88]",3.345,7.12,,,False,,,False,False,37.7,37.3,15692945126.0,15692945126.0,F9C19997-7C37-4005-8299-FB825918F1C7-activity.fit,False,0,1,False,20232024,1,a14705765753,orw}H_d_i@DMCI{@cAAIDq@Aw@Ei@ScASg@U]c@a@UGm@G_@F]RUXEREp@FdALbAZv@`@l@r@XVDv@IXUJQJc@Bi@GaAIw@[{@OYY[[SOGk@C[FCBKBMHKNO^Ep@@n@@FDf@Pz@`@v@TV^RZJN@BAT?NCZMFGPSDMFo@Aq@K_AKe@[}@SYi@_@WI]A_@FMFUPKLGPGh@C^Dx@NdAXr@`@f@p@\PDT?b@IRKLKPYFS?aAA]Gm@EWUw@[g@i@g@WM_@E[BSDEDEC@@YTIV@?HEHSNSRKPE\@h@H`@Xf@j@BFXdALvA@z@E\IXa@h@[B]H]CWEa@Ys@eAU{@GiB?s@Ha@?IBL\i@RSNGT?PHP?RFp@h@^n@Tr@Jz@@|@Gv@EZQVGBIHG@KFe@Fg@GQEEGICMOEKYYMUCOGIIWEY?g@CeAFu@AUFJXg@LKPCDERAn@HJHFLPHPLVZ`@hAHjA@p@Cj@Gb@Y^SJUFMAK@YEI@QIe@Y_@e@EKGIAKGIAQGKCa@EMCm@@gAJo@BDHOf@c@FDfACRDr@x@N`@Rb@BHFZFz@?x@AZI\a@d@WHYC]Dc@Ii@_@OSKSa@wA@GGMAYAgABa@F_@FJA?BEZ_@LMNEREn@DHFH@`@ZHTTRVn@F^?XDNDj@CX?p@G^KVQNo@Lk@CQEk@[]c@EKEECMGEQ}@BC?@E@AICqA@o@BUDG@@?E?@NYHITOFKb@EDD^?j@ZNL\j@Vr@LfAAPDT?j@C\IZKRa@XI@GFQ@GEIBICG@g@QMK]_@CIQQ[kA?I@C@@GCThALVNVZ^d@T,2,,,,,,Diego Galdino
2,Moderado | 10km,10010.8,3555,3604,14.0,Run,Run,0.0,Garmin Forerunner 645 Music,14692286351,2025-06-04T09:37:23Z,2025-06-04T11:37:23Z,(GMT+01:00) Europe/Amsterdam,7200.0,,,,0,2,0,1,0,False,False,False,False,everyone,False,g19811443,"[52.21, 6.88]","[52.21, 6.88]",2.816,4.08,81.5,18.0,True,164.0,188.0,False,True,48.8,39.4,15678482904.0,15678482904.0,garmin_ping_445523962102,False,0,0,False,20232024,1,a14692286351,kgt}Hmt~h@Mg@Yi@ES@SJi@Zi@Ji@H?BBTRf@l@fA~@TNVLTb@h@l@V`@p@n@RPT@XVTb@pAhBd@h@z@x@lAv@`@PRd@jAxBJt@RX?FTV\T^FjAFHE^BnAVz@Jv@Nl@H~B@h@Cj@FPFBNE`AAnBL\|ClD`Af@H\TJd@\^`@t@n@t@`AfAfANn@PZZPBADG@w@Iw@Ag@ZyH@w@Cw@Be@?u@JqBB}FHmBj@{DHyA@w@J]\G`B`@`AJr@\ZB`@MbAH`Dt@P@r@Ld@N\ZFJ`@Ft@Ab@F`@@HARBn@GXFbBN~@Nf@?fATXBt@L|BV\@`@PLC@EA@@?AAB@HFTFHH@`@QbDBh@Xh@lArATd@Jb@`@`AX`@`AXZ^\l@r@f@jAp@t@XnAVlAJn@NRLTd@X^b@bALj@l@xALx@z@xBPZRh@J^Tl@Nj@LZFb@P`@f@nBJFd@x@XRZHRPLb@l@pA\~@\dAfA`ENv@^pA\vALb@nAfFBl@QzBKxCk@zBSj@Wh@mHdK]b@]Xq@WiD}BoCyAy@o@kBa@[Wa@O_@Qg@OaAe@KM?I`@sDr@eD`A{EFwA@u@AeBEs@GKEAg@HSH_@LaAAo@EW@e@AYBcAg@KCk@o@aBkCeAiAa@[M]IG[BMJK^CzCQvBYpBCr@s@bJ]~AEp@CpAS|B_@fBe@bBSd@Yl@Y\WXa@ZcAd@e@DWAg@OgA{@]GiBaAoCeDq@sAUUUWc@W}A{Am@{@eAa@][_@c@mA{@g@Gc@A{BZKAQHQRg@v@[l@Ul@Sp@UzBYdBi@rAWf@g@t@QRa@^m@d@cC`CyAjB}@|AWl@cB`EaCjEY^uAbBQCOa@EYCs@DmBImHC{@Hs@@u@Eu@AcD?u@Js@Gg@Me@Gk@Ew@?w@Cy@U_DUqBM{@UmBUaB]iDS}B{@}FGeAAo@YqBS}@i@wCk@wB]aEMw@g@kAWc@k@aBe@iAc@eB]_Bs@eEe@kAOk@Gy@}@kCe@eAOi@i@eAK]QcAk@iCQi@cA_CKO,2,,,,,,Diego Galdino
2,"Quarta - Peito, ombro e Tríceps",0.0,3926,3926,0.0,WeightTraining,WeightTraining,30.0,Hevy,14690745127,2025-06-04T05:25:38Z,2025-06-04T07:25:38Z,(GMT+01:00) Europe/Amsterdam,7200.0,,,,0,2,0,1,0,False,False,True,False,everyone,False,,[],[],0.0,0.0,,,False,,,False,False,,,,,,False,0,1,False,20232024,1,a14690745127,,2,,,,,,Diego Galdino
2,Terca - Costa e Biceps,0.0,3454,3454,0.0,WeightTraining,WeightTraining,30.0,Hevy,14679601642,2025-06-03T05:13:10Z,2025-06-03T07:13:10Z,(GMT+01:00) Europe/Amsterdam,7200.0,,,,0,2,0,1,0,False,False,True,False,everyone,False,,[],[],0.0,0.0,,,False,,,False,False,,,,,,False,0,1,False,20232024,1,a14679601642,,2,,,,,,Diego Galdino
2,Segunda - Squats,0.0,4223,4223,0.0,WeightTraining,WeightTraining,30.0,Hevy,14669388727,2025-06-02T05:32:47Z,2025-06-02T07:32:47Z,(GMT+01:00) Europe/Amsterdam,7200.0,,,,0,2,0,1,0,False,False,True,False,everyone,False,,[],[],0.0,0.0,,,False,,,False,False,,,,,,False,0,1,False,20232024,1,a14669388727,,2,,,,,,Diego Galdino
2,Sexta - Pernas,0.0,3936,3936,0.0,WeightTraining,WeightTraining,30.0,Hevy,14638109781,2025-05-30T05:25:49Z,2025-05-30T07:25:49Z,(GMT+01:00) Europe/Amsterdam,7200.0,,,,0,2,0,1,0,False,False,True,False,everyone,False,,[],[],0.0,0.0,,,False,,,False,False,,,,,,False,0,1,False,20232024,1,a14638109781,,2,,,,,,Diego Galdino
2,"Quarta - Peito, ombro e Tríceps",0.0,4135,4135,0.0,WeightTraining,WeightTraining,30.0,Hevy,14617580940,2025-05-28T05:16:59Z,2025-05-28T07:16:59Z,(GMT+01:00) Europe/Amsterdam,7200.0,,,,0,2,0,1,0,False,False,True,False,everyone,False,,[],[],0.0,0.0,,,False,,,False,False,,,,,,False,0,1,False,20232024,1,a14617580940,,2,,,,,,Diego Galdino
2,Terça,0.0,4066,4066,0.0,WeightTraining,WeightTraining,30.0,Hevy,14607152338,2025-05-27T05:21:58Z,2025-05-27T07:21:58Z,(GMT+01:00) Europe/Amsterdam,7200.0,,,,0,1,0,1,0,False,False,True,False,everyone,False,,[],[],0.0,0.0,,,False,,,False,False,,,,,,False,0,1,False,20232024,1,a14607152338,,2,,,,,,Diego Galdino
2,Morning Weight Training,0.0,3594,3594,0.0,WeightTraining,WeightTraining,30.0,Garmin Forerunner 645 Music,14596881805,2025-05-26T05:18:40Z,2025-05-26T07:18:40Z,(GMT+02:00) Africa/Blantyre,7200.0,,,,0,0,0,1,0,True,False,False,False,everyone,False,,[],[],0.0,0.0,,24.0,True,75.5,117.0,False,True,0.0,0.0,15575924031.0,15575924031.0,garmin_ping_442396154703,False,0,0,False,20232024,1,a14596881805,,2,,,,,,Diego Galdino
2,Moderado | 10km,10178.1,3312,3331,15.0,Run,Run,0.0,Garmin Forerunner 645 Music,14579581037,2025-05-24T11:49:24Z,2025-05-24T13:49:24Z,(GMT+01:00) Europe/Amsterdam,7200.0,,,,0,3,0,1,0,False,False,False,False,everyone,False,g19811443,"[52.21, 6.88]","[52.21, 6.88]",3.073,4.067,84.0,19.0,True,152.2,179.0,False,True,31.4,23.0,15557235313.0,15557235313.0,garmin_ping_441841150336,False,0,0,False,20232024,1,a14579581037,aet}H{o~h@MU_AiAYi@s@}@AOd@uA`@w@RSD?VTNXhAx@d@d@VHRb@x@jAhAlAf@XHJLd@Zl@bAfAZX|AdBVT^Rv@nAjBtBVh@TZ\@r@NZAd@DTEj@F`@CxACLBd@R`ANf@@d@Fh@?b@FN@HDBB?^OdC@b@P^lAz@|A~ATrAXC^L\VZP`@`@f@\rAtAX^Pl@\h@HHXFDIB_FLkFAe@Iq@JuBHk@B}BHc@@_AGe@TaDZuBTwBDkAFUFMb@Gn@HnADdBXnAZxAXl@Ff@?d@NfARDDf@Fn@N`BRtALr@?zBXj@?b@Dl@L`BLr@G|@Vv@\DEA?j@R@XIbAAv@Gh@Cv@@Hp@r@bAnAJRNz@Zb@VVv@l@x@dAPN`@Vx@\xBh@l@J^T|B|@Xb@Jf@Vj@j@`Ah@nAl@pBd@~@Z~@Fv@fAdC\tAP^L^Zh@x@TBDZfAp@|A\zAh@tAj@xC`@bBzBbIXj@?RMr@OhBQx@Ax@SjAiAbDaCfEs@t@kAdBaAfASRUBaB_AWYe@YgB_AqBsAoAq@iC}@]GWMy@UIQ?GxAwIz@sDHs@R}DAkBCKSAaAV_@@qDBa@DKCa@Sc@MsBuC_A{@SUi@K]s@[YM@GFGV?`CGjBG|@YzBKrB[jBOrCWx@On@BbCShBy@rDYx@iAfBSPa@Vg@Rg@Dq@@WGMI]]s@UO?k@Sc@Se@]SW_BgCk@u@sBaBc@a@u@}@Se@c@]q@Sa@S[UUIa@[g@Ye@Qe@K}@Fw@Ne@XsA~BM^a@lB[hCK\c@|@a@`Ai@v@oAzAeD~CkAlA_@n@_AhBg@xAg@jAU\a@~@yAhCa@f@W`@[ZCIEYCw@?_AOsDCuAAcCDcA?y@EqBAyBLuBOe@KgBCiA[}C{@mGE{CWuBe@_Fs@eD}@uIw@yEq@uFQo@Si@Se@s@qAWi@Ww@c@eBm@gDK{@i@_BQs@Wo@]uAWk@Qy@q@gCo@{Ak@eBa@eBWa@_@yAWq@Yi@AI@S|@eDVi@,2,,,,,,Diego Galdino
2,Morning Ride,50034.6,7770,11019,60.0,Ride,Ride,10.0,Garmin Forerunner 645 Music,14578762972,2025-05-24T08:12:26Z,2025-05-24T10:12:26Z,(GMT+01:00) Europe/Amsterdam,7200.0,,,,8,3,0,1,0,False,False,False,False,everyone,False,b16047166,"[52.23, 6.88]","[52.21, 6.88]",6.439,11.657,,19.0,True,124.4,155.0,False,True,26.8,3.2,15556358474.0,15556358474.0,garmin_ping_441820386808,False,2,0,False,20232024,1,a14578762972,ilw}Hk__i@DXm@|ADnA`DjGpL`BdL?Rn@FrFdA~KBrA~C|C`Af@bDKbCbAhBcAdDwF`@_Bd@sFTcA`AoAdBOrGlCfFMpAk@z@_ApBkD~A}D`BxC`DbJ`FlPnB`K~CjIfBvOXhEx@zFl@vHbBxKDzHKbAPrBHzVH~En@tYPzMOdDTfLaA|b@@bDJlAhA~DdFlL~ExIxSdKxIlDzJrFxLfNhDzEvS`j@lHzT`Vzm@zDbMdB|N~ArGxMf_@hMl\hOjc@vF`NbKrZ|Lv[jJlXjBlGJ|@P?tBxEzDxLZFxBhE`HtOpYjl@n@lBbBhCJ|@|@~ArBfJhClHb@hGdDbHd@|BT?hAyC\E~D|AxBvBZ~Hr@rBFbAWrDi@xAAt@b@vEn@bCRpBl@jOnHzl@JbJl@hJlBzOJpKVdExCfXh@lJj@~LdBhQnAlXjBlU@lDz@lCl@bEbAlDjDrGtP~SrClCtDdBzBhBfLrQxLnNLtAi@~EVlA`BnAl@D\[fA_Cp@B|DhHEnFh@VlAQfBjAd`@rp@vT|TvQlRfPhMhCfClBxCzArDtN|c@dCrEvCfDlEtBzMvAtG?~Jl@hNfCnAxFh@dJc@fHkAjIFVd@sCdA{LGsDS_BDw@lCLF_@QI^?e@j@{@EiAPuAcMiCJiJ{AkHS}U{AgFiBkE{D}CeGiN_c@qDsHoCsCiUqRqe@{f@oHiNsTk_@yBoBqA{DeBqDiCuCi@`@sAvC}@Ew@u@UgBr@kGKk@gMwN}DyFkGsJ_GaDgEuDsDkFoIyJwDwHcByHyCq[mAaXiC{\o@_MsDs\QoNcCsUUoG@eFf@mEl@uAAu@[wAa@e@aAHm@vA}@qG}D{]y@qP_AuEc@iEH_Af@wAL}DGaAk@qAs@sI{BcBkEwAWJ{@zB[@[_BqCqGcAyIcEkMk@}CDsBM{@g@UkA{Ae@kBuAaBk[ap@iJmSaGwQoJcVyYyx@_Qig@aCmFy_@ydAoCcJi@oCu@sI}AyGaHoRgKmWsGeRwPwd@yHaScBoCiKaMkD}C_f@{TgABiAc@S}CqAgBqFwLaAwCe@eCUgEt@ah@g@yk@DeLUkCOmVNiCa@qCMuFwGuk@aAwGmDiJsAoHcCqJeE_NqBwEt@uApB_HhKbLhHzIrDbFlSjAJVGpDH`@dMfMf@l@\`Bg@nJKnGKYX}JcAm@CYh@W`@w@FqAQkAy@eACo@a@q@oCiCoAoBkDiCKcANgDcG?wKcAu@m@uLuOm@Y_HaIc@o@[Nk@rC,2,139.2,,,False,1081.5,Diego Galdino
2,Morning Weight Training,0.0,3776,3776,0.0,WeightTraining,WeightTraining,30.0,Garmin Forerunner 645 Music,14567264747,2025-05-23T05:28:23Z,2025-05-23T07:28:23Z,(GMT+02:00) Africa/Blantyre,7200.0,,,,0,0,0,1,0,True,False,False,False,everyone,False,,[],[],0.0,0.0,,23.0,True,85.8,111.0,False,True,0.0,0.0,15543945039.0,15543945039.0,garmin_ping_441444135735,False,0,0,False,20232024,1,a14567264747,,2,,,,,,Diego Galdino
2,"Severo | 6,4",7691.0,2416,2857,48.0,Run,Run,0.0,Garmin Forerunner 645 Music,14562494189,2025-05-22T16:23:04Z,2025-05-22T18:23:04Z,(GMT+01:00) Europe/Amsterdam,7200.0,,,,0,3,0,1,0,False,False,False,False,everyone,False,g23116162,"[52.23, 6.88]","[52.23, 6.88]",3.183,6.14,76.8,19.0,True,139.3,156.0,False,True,34.0,23.2,15538821828.0,15538821828.0,garmin_ping_441269645704,False,0,0,False,20232024,1,a14562494189,urw}Hgd_i@{@aAIoCQeBSc@a@_@a@UaAKe@J[VKXCrABp@PpAFVPVp@n@\LfASn@c@Le@Dy@EeAIs@m@gA]_@c@Ye@Ac@L[TKPMb@Cz@PxBXf@X\`Ah@hAEZQVo@N{AEq@Ky@s@cA_@UaAYs@De@VWr@Gx@B`AT~@\n@p@l@jA\n@OZSJYHYBu@E{@_@aB[e@a@Ya@Se@I[@s@VY~@CvAXdB`@l@x@x@hAFf@ERSPs@F}@Cy@McAMm@Y_@k@c@]MKHo@Eg@NYRMXI|@@v@T|AVn@Zf@^VXHj@Dh@Ch@YJQ?MNoACo@OiAm@yAi@c@w@SuA`@Uh@Ep@Db@Ab@Jx@X|@R\VVh@\XFd@Ez@c@Vo@Dm@G}@OeAUo@o@m@[Sq@Qa@?u@ZKRGZCn@@z@RvAJJF\~@bA\Lj@@t@WTUHUJi@@]KiAUoAUk@_@[_Ac@e@?e@NWTIVIn@BbBZ|ATd@NN^Tr@Pn@@b@QJSL{@DuAI}@Y_AUa@YU_A_@iABc@ZKPGz@Jn@@b@NnARj@RZ`@Zf@L^@z@OT]Pg@D{@Ai@Ig@[o@MMOc@k@q@q@Si@DcAt@Oz@?\Ft@^xAXl@\^d@Tj@Hd@C`@QRe@Hc@DuACWU_AYk@y@cAa@Ok@@g@J_@^K^El@HdBT`AVf@NRr@^b@Jj@AVKZ[Ro@BaAE[Os@[y@a@o@m@g@_AOk@^ORAP?MOv@At@Bh@RxATh@bAr@hAHt@YTg@DWB{@Ey@Qu@Um@c@k@]U}AYM@EN]ZMx@C\Bx@Ft@\pAv@l@p@Pp@@\GLORm@Bo@@w@Ge@s@oB[Ye@YcBK]f@I^A|@@h@NnA`@hA^`@NHh@L^?r@OTSPo@BgACi@Os@Uk@]k@i@]sA[YL?FCG[b@If@An@J~ALp@JVZf@p@`@bAJf@OZ[No@@cAEg@c@{Aa@k@UU]SiAS[FFHe@r@Id@A|@H~@XnAN^b@f@j@Tj@Bv@STYHWFgAG}@Os@]cA[c@[UcAWAIHD~@XLC,2,,,,,,Diego Galdino
2,Morning Weight Training,0.0,4135,4135,0.0,WeightTraining,WeightTraining,30.0,Garmin Forerunner 645 Music,14557724316,2025-05-22T05:31:07Z,2025-05-22T07:31:07Z,(GMT+02:00) Africa/Blantyre,7200.0,,,,0,0,0,1,0,True,False,False,False,everyone,False,,[],[],0.0,0.0,,24.0,True,91.3,113.0,False,True,0.0,0.0,15533673860.0,15533673860.0,garmin_ping_441129736760,False,0,0,False,20232024,1,a14557724316,,2,,,,,,Diego Galdino
2,Evening Run,10097.4,3462,3509,16.0,Run,Run,,Garmin Forerunner 645 Music,14542516144,2025-05-20T17:08:42Z,2025-05-20T19:08:42Z,(GMT+01:00) Europe/Amsterdam,7200.0,,,,0,6,0,1,0,False,False,False,False,everyone,False,g19811443,"[52.21, 6.88]","[52.21, 6.88]",2.917,3.75,81.7,23.0,True,160.1,179.0,False,True,47.4,37.0,15517400020.0,15517400020.0,garmin_ping_440630587606,False,0,0,False,20232024,1,a14542516144,oht}Hct~h@Wk@SQKBGNo@`CQZ?JF\CRF`@Nb@n@rAl@|Al@lBl@tAv@zBR`AAA?BC?Tt@ZxARh@v@rCLn@Rh@V`ANt@J|@n@`Dh@lA`BfDLf@b@tEb@jCF|@ThB^~DFfAHp@d@bCn@vHr@|El@~FDz@E~@@zBAv@Gp@BXHTDh@A`BHjGCx@TfI?~BCx@?rBJdD?zBNxB@rGJzDAfFBdA?rCNhB@zADh@F|CApC_@~HEpEEr@CnD[xIA`ADtDNn@Vp@Nx@Tz@t@fBnAjC~AvDXf@n@pAr@lA|@lAj@fA`@ZdAf@h@R`Aj@jCpAl@^jAd@pC~Az@^RLfAh@f@PfATt@`@b@NpAn@jAb@z@l@dAf@xA`A~@z@vB~Bx@t@r@x@h@x@p@l@`@n@x@~@l@~@zAfBbApBFVFBFGBWAGoBsCmAsA_@w@mAkBsCeDaAoAUg@YY]Ss@s@{@w@c@WoCoAwDqB{Ak@c@Mm@K]Yq@_@a@[u@UoBgAi@C[Gc@Qa@Ya@Q{@u@a@Sg@S{@c@_A][Og@O]U]e@Ug@Sm@k@cA]e@Ym@cAeBm@mAm@{Ao@iB{@qBSo@g@sBKmAE}@E}@?yBPaI@sAJwEFwFJgDLkIO{AC}@Bk@AiBIoBGiDAaALcC?{BMeA?qAI{BAaCGs@A_AH}DLo@t@y@l@gAABQQSD[h@]f@K?GMKs@AsFOwCCeBHo@By@AaB?{CJu@@s@M_@Cq@Oi@WgFWeCMiBS_AIs@I{A_@yCi@gFMs@e@uBS_BGw@GwA}@}G[aDa@mBWq@kAiBg@kASw@[eBg@oDy@aDUs@Mg@i@}Aa@yASe@a@wAIc@Um@y@uCQ_Aw@eA}AyD[o@Cu@j@gFHcD@IDMJA^TZ^b@ZJL`@^D\q@rC,2,,,,,,Diego Galdino
2,Morning Weight Training,0.0,3888,3888,0.0,WeightTraining,WeightTraining,30.0,Garmin Forerunner 645 Music,14542516120,2025-05-20T05:21:43Z,2025-05-20T07:21:43Z,(GMT+02:00) Africa/Blantyre,7200.0,,,,0,1,0,1,0,True,False,False,False,everyone,False,,[],[],0.0,0.0,,24.0,True,84.8,116.0,False,True,0.0,0.0,15517400035.0,15517400035.0,garmin_ping_440630590250,False,0,0,False,20232024,1,a14542516120,,2,,,,,,Diego Galdino
2,Afternoon Ride,30006.9,4135,4155,19.0,Ride,Ride,,Garmin Forerunner 645 Music,14530130314,2025-05-19T15:06:36Z,2025-05-19T17:06:36Z,(GMT+01:00) Europe/Amsterdam,7200.0,,,,12,5,0,1,0,False,False,False,False,everyone,False,b16047166,"[52.21, 6.88]","[52.21, 6.88]",7.257,9.217,,23.0,True,137.6,168.0,False,True,30.6,16.8,15504304067.0,15504304067.0,garmin_ping_440269703379,False,10,0,False,20232024,1,a14530130314,cet}Hqp~h@PBgBqC]a@YI[p@QdAUx@KZIDBx@xAvD~ClJNTnCpKb@jC~@dEt@vBvAtCd@pBbAdIhArMVpAt@|HjBhOCdJRtAD~AHnM?tJDv@Aj@l@r^PnUWdV_@nP?|DFz@dA|DfH`PfApBdBpChXxLxHvD|ElC|@t@pJpKfDdEf@|@hAhC~D~KtFjNxEdNxEfMbJdWlPfc@n@pBf@lDf@vGPpAh@fCbDvIx@tCp@nBbA`CzA~EzBfGn@pAtDrKnD|IfE`MvAlDtCvIdBzEtDvI~FxQdGvO`KxXrGzQlBzFd@nBv@|BjDxIrB`Gd@fBd@PnElJl@`Bv@bBzCvFfBnD|HvP`EbIhDnHbAdC|AxBBb@K`@UTgCbA_HrEwCbBm@n@}@xA_AnBeAxCuChJk@dC]`C{@tJu@`S}ACiCj@_BGkCc@kCaAq@u@YqAQSYBe@R_BcAu@SuACaEV{Ad@uCRMAo@q@I?e@XYl@s@ZiCRe@CKEm@y@G?GB]p@SVs@XgXjC}HbB}J`DqB`@sN`BmCp@kWzEuKfCcBXo@HwACiAOoHsBcB[oADgAf@}CvCoRbTkDdEoClCwAz@aCz@g@@mAIgB]sAk@gBuAkAaBaAoBoIwS[kAWgB}@sDw@oB[Ka@?WOqAwBaD_EcCmDmAoAsAgA{BoA}B_AuAsAe@Y{@G{BeAkEcCoAcAqAa@GIFQp@u@r@a@PQNYbCqGl@yAb@s@To@@SD@?QfDaJPo@Ca@o@eCw@aJu@qG?e@Jc@fAcDrDmMpCgM|CoJhI}XnO_g@V{Bf@gIv@cJ\aHp@}J\gJP_AtAmDn@sBFo@@m@KqBQ}@Ma@c@i@c@]yA{@u@WQ[?i@VgF@uAKyBi@gB?[jBmE~BwE^eApAqHH{AUyCNkJPkId@wE?cCo@}DMuADoFIaDBW?}@KmCO_AQeJIaAMeOc@uP]wKYuBc@y_@[{NHmBTgC~B{\^yCl@uH?m@SuEBsFHs@Zg@vBgGNGlAbC|@p@|FbCvMjGn@RJAXUDB]@aCgAgJgEmAu@oEmB_BcAqAyCk@_AY}@}DmIeAwCe@{B[oDC_Dz@g[DuD?eHg@yRDeDOmIA_DFoGSuGCwJDuFOqDLmA]kDKkEg@cEa@aGi@mEYsA]oC]gBa@oEwAqLk@eDyBkEa@iAo@sCq@_EgCmJeAsCwB{H[i@uAyC?[Xe@,2,161.0,,,False,665.9,Diego Galdino
2,Morning Weight Training,0.0,3986,3986,0.0,WeightTraining,WeightTraining,30.0,Garmin Forerunner 645 Music,14526874960,2025-05-19T08:39:37Z,2025-05-19T10:39:37Z,(GMT+02:00) Africa/Blantyre,7200.0,,,,0,2,0,1,0,True,False,False,False,everyone,False,,[],[],0.0,0.0,,26.0,True,84.7,120.0,False,True,0.0,0.0,15500763908.0,15500763908.0,garmin_ping_440175025770,False,0,0,False,20232024,1,a14526874960,,2,,,,,,Diego Galdino
2,Morning Ride,60761.0,10059,12241,119.0,Ride,Ride,,Garmin Forerunner 645 Music,14517988389,2025-05-18T08:09:20Z,2025-05-18T10:09:20Z,(GMT+01:00) Europe/Amsterdam,7200.0,,,,10,6,0,1,0,False,False,False,False,everyone,False,b16047166,"[52.21, 6.88]","[52.21, 6.88]",6.04,12.017,,19.0,True,115.4,159.0,False,True,70.4,28.0,15490433704.0,15490433704.0,garmin_ping_439873624062,False,3,0,False,20232024,1,a14517988389,skt}Hmp~h@SNu@cBc@M{EnKsC`BsEKaFwBqB@}AlAu@fB_AjIiBhD{BrAkHIwBeBiAaCaB{XaAx@sIJyL_BaAa@oB_EuAaEAu@\AEPRa@q@?Ou@WiKk@oFcB{K{ByKs@oBhE}f@_AkXe@c@aFScHgIgLcQaEmIoJcNoMcUMe@b@cDPsFeBeSoGfDiEnAu@u@]uCeBwEiNsNsNeWkEsJ_BqHe@yJiB{Fs@aFyD_Zk@gIyDmMiN}i@cAuFgI{[kAqXe@yWmAyVsC_QeHcNJm@tOqSjb@ym@dR}q@mEmVeDgM{AsI}CwDaAmC{BqDmEm@s@oAtAeDf@wDQie@F[f@EDoA{@i@^cHBuLd@mHbDcObA_M?qEg@uG?oHT_Dz@gCb_@sXjH_E^VnN}J`v@{i@~Ds@jTh@xAvB\Hl]_QzBa@Vc@q`@ar@}IcNy@wBg@LeRaReDmFaEqQiC{E{@oCa@_KuBmLAoAgCmSsAgIoAe_@N_A_HSTiBKzAPp@bFLP[FmCr@gDaAsLBwEc@y@mBy@WiBvBmh@d@mV`CoaBhAgb@MJlFgCpMiI|NaRhMa\rBwGlHaQtFuWlAuJl@o@QMXd@WDIcApCoMrDqOdCuGrBqJRIhHtKdJ~RnA`S`CfGjBxIzEfDbEgGhAmCf@F}KbT}AhEiEtP_BqA~NqJtHtZxPhV`Kvt@h@PbI}D\u@\_M\UjAd@FrALiAxBp|Bz@nj@fLrgCVdPm@zMqAhLiE`Xau@rAiLF^|Gp@db@bEl`@AxWgCp_@vEjDjGnGfDxHbAbBdAhGjEpDLh@^MfAzBzAx@z@tBc@zBFnAzArCzDhEnCJjFbBlBDxClDfFhInClCbIlE~RNnEyAVw@BqFfAcBNJAbA|C_@xI|DzC`DbDtBfAdCcB`McHfYKrBLxErKaGxg@iChb@{WfBq@OKd@@y@paASvBInR_A`e@DzFqAxo@|@hE~Hfv@{BrC~DxKpDnZfBfFb\fe@zGtGr@zAEzBpMrrA}HNWf@fBzg@Ipq@h@p\BfOQh\}C?iDpDoB\{E}AqJcMkFpAsLtJsDtA_PrKy_AdcAeCvCYoAoBtB{AVaB{F]k@i@HSr@|BjIWd@DjBWt@wF~DuFzBcP`LaHrJqEfDyB`@iC_@oJeHeFo@gPN}L`EyK_EmHoBgISsHv@qEoAu@bNs@fCoDnBOdE}FvBgInAUq@w@sJd@dGt@zDbRkEtDxEpL~HdFdF`BvDlFpTnAu@rHdJhChCbAVLx@eAhE~CrD,2,123.1,,,False,1238.7,Diego Galdino
2,Evening Ride,20069.2,3394,3435,14.0,Ride,Ride,10.0,Garmin Forerunner 645 Music,14500228796,2025-05-16T16:01:54Z,2025-05-16T18:01:54Z,(GMT+01:00) Europe/Amsterdam,7200.0,,,,10,5,0,1,0,False,False,False,False,everyone,False,b16047166,"[52.21, 6.88]","[52.21, 6.88]",5.913,12.25,,19.0,True,110.2,156.0,False,True,54.0,20.4,15470558720.0,15470558720.0,garmin_ping_439314781726,False,6,0,False,20232024,1,a14500228796,met}Hap~h@FE@U?GGOs@cA_AmAOo@Z_A^y@DUFo@HOr@DhGhA|BV~Bl@P@DGPH|ARlA@|@Vb@BVCbFBjETlCd@jBJ~CZtHxAVHdBRD?CABAhC`@bBf@lAXrAJtCd@zBTHHPAxBV~@B|Hx@|B^vDZEI\GVODIDq@`AqTJoA?iBN_CXoGfAqYB_@NgAJ?n@b@bBTzC\jAIfANdA^lAP`DR\NfAv@x@Zt@p@xBfAlAZdDDHP\^v@TtAG^Ob@g@Zc@nB]bAa@bC}B~CkCx@y@rEaJPEROb@Ij@Ld@v@~@lArEjFt@jAbApAhAjAxBtCvChDbC~CxErFrAvBnGvH`IbLZZfAlBbAxAv@~AjAvIl@xDj@pE`@`Cx@xFTrB`@~B`@pAf@hEJ\NjAThCd@xCTr@Xf@Pr@r@lBV`ATb@`AxCdDjJnChIjAxCj@jAp@|@d@j@b@\pCnC`FrF`CbCt@hA`C`Cv@|@^l@JV@|@VtAxB~Kt@lDJZR~@`DpOp@rBd@hBlAnGz@nDlCnM\jDDNd@nIp@|HDz@RnBR~CAHIFGCY_@i@k@g@b@sCvDcAhBiBvBq@`AeBdC[l@gAxAyBdD{FhIgAbBaBrBm@d@kBd@qJbEiD`ByHvCaC|@oDdAy@b@_AXq@d@i@ZuBd@cBj@cDzAuEbBc@XiBx@}CdAsAj@eF|BgKvDqAj@c@XeCjA_Cx@_Br@gCt@aA`@s@f@sBrBqB|AkFnEu@h@uIxH_Ar@oD`D{BhBcHlG_ClBw@v@c@ZCAmAmCiAmDc@cA{BiG{DuJQk@cCwGaAyCu@iBaAoCUg@u@kBoEyLwAiDy@oAaB{BqB}By@iA}BiCOWOS[OsBcBqC{A{DgByD}AwHyDaDuAoDmBsCmAw@e@U]k@}AcAwAe@oAgAeC_BgDsAiDK[S{@O}@SqBIyC@{Db@gQRaLE{GEwCC}GEsDBeCK_GEeEKuDDmECQA@AC?{@KoA@{AEgIKaBDuAEeCGqB?OPu@@e@UuBOuDm@kHSeDq@qEw@qGSaAOgAe@wEkAoJi@aDm@_Bq@uA}@uB_@aBcAwFmAaF}@cD}@yBgA_DWqAOm@EMYa@eAcCOm@BSPW`@eAd@}AReAd@uADIPEPPVf@dAvAZ\^PNTLZV^t@`AXZp@Z@TGXgAlDKRQ?gAqAI]@q@KY_AkAUUC?,2,108.6,,,False,368.5,Diego Galdino
2,Morning Weight Training,0.0,4483,4483,0.0,WeightTraining,WeightTraining,30.0,Garmin Forerunner 645 Music,14495454321,2025-05-16T05:17:31Z,2025-05-16T07:17:31Z,(GMT+02:00) Africa/Blantyre,7200.0,,,,0,2,0,1,0,True,False,False,False,everyone,False,,[],[],0.0,0.0,,24.0,True,74.9,97.0,False,True,0.0,0.0,15465384715.0,15465384715.0,garmin_ping_439169811165,False,0,0,False,20232024,1,a14495454321,,2,,,,,,Diego Galdino
2,Morning Weight Training,0.0,4186,4186,0.0,WeightTraining,WeightTraining,30.0,Garmin Forerunner 645 Music,14474608534,2025-05-14T05:13:01Z,2025-05-14T07:13:01Z,(GMT+02:00) Africa/Blantyre,7200.0,,,,0,0,0,1,0,True,False,False,False,everyone,False,,[],[],0.0,0.0,,23.0,True,87.6,117.0,False,True,0.0,0.0,15443204995.0,15443204995.0,garmin_ping_438509679824,False,0,0,False,20232024,1,a14474608534,,2,,,,,,Diego Galdino
2,Moderado | 8km,8009.8,2891,2925,13.0,Run,Run,0.0,Garmin Forerunner 645 Music,14470663915,2025-05-13T18:05:15Z,2025-05-13T20:05:15Z,(GMT+01:00) Europe/Amsterdam,7200.0,,,,0,4,0,1,0,False,False,False,False,everyone,False,g18048384,"[52.21, 6.88]","[52.21, 6.88]",2.771,3.567,82.7,23.0,True,149.2,160.0,False,True,47.2,40.4,15439032060.0,15439032060.0,garmin_ping_438365360335,False,0,0,False,20232024,1,a14470663915,oht}Hku~h@OOMGI@GDQz@C\Yx@[h@B\\fAFj@Jd@f@dAb@nBTr@T^rAxDRdAXp@R~@Vj@LfAjAzDHRL^Hb@HhAXzAb@pAx@tAVd@Rf@HXl@jCJn@NjBFd@JbANnBJfBVrBPzBVvALXFh@\vDHxBHv@Nn@Dj@^jB\vDTlAHbCAb@?l@Fn@Cf@Mr@NhAB`@?hBBlCAlDN~H?fAHbAC|AAEAA@bAJhABz@HhDAv@R`ILtVDv@T`B?|@D~@YnIO~HKvBGhEQrFAlBBnDJt@Nf@RdA`@rArH|Of@~@h@p@j@pAV^|@f@hB`@^PnC|Av@l@`@NjB|@pCxAlCp@FUcA[SK[G{BqA}@_@w@WaBs@o@i@[]]Ow@e@QEw@a@qBq@[ESOWc@]mAy@cAUa@Ug@COe@aA}@cBg@qAU_@_@{@Uc@o@{Am@qBKs@OaCG_C@eCLqD?qCPqDJ_E?{BF{AAaADkCNkD?k@Mu@QgD@eDCw@Gc@Aw@@oDBsBK{BDu@As@IsB?{@Fg@CqB@gFCU?w@Gc@O_D@s@W{GF_AJw@D}@IeFJsAAUQm@Is@CiBKkCO}@QsCUsBc@}CEo@QaAe@}Em@sCSwBOw@McBg@aDKgAKSOaAEu@Iy@UuAWeASg@q@sA[e@Uo@Qu@[w@I[QgAYqAa@yA?OGe@i@aCcAwB]i@Oa@Ii@Us@WeBQi@e@q@e@yCSUQa@gAqC?GHI,2,,,,,,Diego Galdino
2,Morning Weight Training,0.0,4224,4224,0.0,WeightTraining,WeightTraining,30.0,Garmin Forerunner 645 Music,14463378793,2025-05-13T05:05:14Z,2025-05-13T07:05:14Z,(GMT+02:00) Africa/Blantyre,7200.0,,,,0,2,0,1,0,True,False,False,False,everyone,False,,[],[],0.0,0.0,,24.0,True,85.3,135.0,False,True,0.0,0.0,15431359924.0,15431359924.0,garmin_ping_438178454393,False,0,0,False,20232024,1,a14463378793,,2,,,,,,Diego Galdino
2,Afternoon Ride,28204.4,4925,5046,30.0,Ride,Ride,10.0,Garmin Forerunner 645 Music,14457991256,2025-05-12T15:40:59Z,2025-05-12T17:40:59Z,(GMT+01:00) Europe/Amsterdam,7200.0,,,,7,7,0,1,0,False,False,False,False,everyone,False,b12624990,"[52.21, 6.88]","[52.21, 6.88]",5.727,12.1,,24.0,True,116.9,141.0,False,True,42.4,22.2,15425698828.0,15425698828.0,garmin_ping_437999727211,False,6,2,False,20232024,1,a14457991256,uct}Hsn~h@G_@eCaD[s@De@r@mBB{AE_@g@Oq@k@_@e@Wk@?M`@kKh@gJLuHb@wGb@yATcGT{Cx@{GD{@?}GLq@tFoB~Bk@xCGdCJfFMpAp@fAlAv@l@vCj@dAr@zDzAdBhAx@BdAQjAX|AKn@aANa@lAoF~@}A|BeCv@]b@cA`@g@hCgCdBy@dD{BxAYnAs@vBu@lDgCbBkBVEd@VVt@f@bDj@[BYMCEMOoB^m@^Fd@]BUYkABKL[bBmBMc@^o@bAkAl@M`@yAvAyBnDiELCjBsBbBkAv@qAlD}DnBcC~B{BrBcC~HcIxAgBbGaGzB{CdGuFbEwCfDeBbAcAhDeBd@o@zIeHrCoAvA]NFr@~@hB|CtErFjAd@vElA|DeCZ[`@aA~BEb@LzHV`BBPS`GBjKT`FIdCi@|Ai@d@Pf@t@`@bAx@|@zTvLdBf@pPp@`k@hBBvEJdIPjG?nDT|HXr_@\jQPl@hHlSr@zBjE~LvCrJpB|F`BbBfAv@vIzHnD`EnFr[VxEApHBzErJxF~B`CjAj@b@OHa@GiAPoASHXm@PS|@WlA{@ZCzId@vLrGJjCItGP|NEd@g@jCwBvIq@fBuClCcBhAeCxDqA~Cq@fAgAv@_@h@oEhLu@~DsCnK{@zBcArDaAjCa@`Bk@vAQ`Au@|B{AnCuDnHg@l@s@|Ao@|@aCzFgCzE_BvAiFpH{FhHsAvAgA`Bc@tAc@tCi@`H{CxRGnAVvAXfFdB`MR~BH`CCnBNzBFlEIZ}AToGRwDr@cAv@]r@o@rB{BtDoB`CiAp@oAF{C?mDUyB_Aa@Wy@kAc@JQt@I~ACEJEG?Lk@AaAaBq@aDi@iFuA_IaBsBW}@BmHcBQE_AyASEoA~@sBx@}Bn@mQnHaDjA}EzBoOvF}BlAsDxAuAv@uXnKuCrAeCt@wEnBcAVyFdCiGxFiIrGaGrFcLbJsGrGuEnDS@cF}MwAgEkCgGsBoFgD_K{AyDkC{HmCcHqCsFiJmKo@iAm@a@sAuA_Aq@{Q_IaHmD}@WmJwEi@k@q@uBq@}@oCaGsBaFk@gB[{Aa@{CGiGb@{PT{NCyBBkBMmE@{CIgFBmEMoDKwIDmIAFOoCCsDMaIFiBGqFLsAA_@WeCIcDKoAu@sFEgAoAcMaAkFcC{Su@oCeBkDUu@[qA{@qFmCqKoCaIe@gBwBgFBYZq@ZkAXi@NCxBpC,2,67.0,,,False,329.9,Diego Galdino
2,Morning Weight Training,0.0,3437,3437,0.0,WeightTraining,WeightTraining,30.0,Garmin Forerunner 645 Music,14452988474,2025-05-12T05:16:59Z,2025-05-12T07:16:59Z,(GMT+02:00) Africa/Blantyre,7200.0,,,,0,2,0,1,0,True,False,False,False,everyone,False,,[],[],0.0,0.0,,25.0,True,84.5,109.0,False,True,0.0,0.0,15420377966.0,15420377966.0,garmin_ping_437846911058,False,0,0,False,20232024,1,a14452988474,,2,,,,,,Diego Galdino
2,Morning Ride,44638.8,7284,9057,84.0,Ride,Ride,10.0,Garmin Forerunner 645 Music,14445145593,2025-05-11T08:37:46Z,2025-05-11T10:37:46Z,(GMT+01:00) Europe/Amsterdam,7200.0,,,,31,7,0,1,0,False,False,False,False,everyone,False,b12624990,"[52.21, 6.88]","[52.21, 6.88]",6.128,12.033,,25.0,True,119.5,154.0,False,True,50.2,22.2,15412034031.0,15412034031.0,garmin_ping_437586813336,False,10,1,False,20232024,1,a14445145593,ket}Hcq~h@DY_CkCYXgAdDwAiB[\aAbDiBjDkBpBy@P{CDaB[}DiBqB@_Ap@y@dBmApJeBbDoCbBsCi@aCNiCcBi@}@[sA_AkLUeIOs@cAx@_IFsMcBw@g@oBaE_AuBYqBH]p@CMJh@t@m@`CFtA`DdGnNhB`J@VrAlAvTbDzClAn@zCMdC`ApBgApC}E\sAv@{G`@oAdAcA|AIrFbCxDHvAWvA{@tAuBzCuGxAdCxK~\bBzIbD`J|B`VdBfPzAlKRrIO`AXtDNv\b@pQZp\AbNw@z_@LrDvAnFrExJxFzJfh@pVhMhNrEtGl]|~@hMd^tIjTlBhHlBhPl@~BfDxIf@tBzCdHJdAdTjk@jKrZpGvObKrZ|AbDnTlm@pDtL~FpOx@xCLE`@p@nEhJt@xBzD~GbIvQdEnH`InQvAlBPzA|@xAzApItCjHl@jGjDvH`@lB^K~@mCTKrEfBDsAKaA_BmFc@gEJiErCaLl@mGCcAsAgJIqKNcLnAmQd@gDQeAbCm_@~BwV~D{q@zAmPlCe]bBaYnAmMx@cBtD{Ev@iBzBeO~CcZ`AqC~CuEn@cCZ}Dd@eSjBqIlA_NFqDk@uKh@}N]cOz@cSt@qTCkMQsGVeAi@qHuAyIiAaLDmBfDqRt@cIdAyDdDcE~KqOrCmCbGqLICHSC\ESfEoHpBcFdCuE~@{DxHkT|CqM|EeMpBqBlDgHrHkHpCgK|@eFMc[{@_Q_BwVw@mIgAaSBoIQmOBsCb@yF|AaHvCyGb@iChA_\`AqQp@yGlAY@}@Sm@^_LqDaWByLO_FUyCaBm@{FeIoI{B]PoBlGcBhDm@n@_NWyFZuEq@iA_A}@lA_Lj@sCv@{IdF{Q~HwAXk|@kDyW_NoAyAk@}BoDvA{C^wV_@qDVyMm@e@`AmDxB_APiFoA{JkL_CHgDvA{J|H_GpCsPjLqe@zh@eFxEkFnFsBtCaDxC]x@}A|Ae@kA{AfBy@Cg@b@cC}Gq@Ng@p@`AtCfA~EHdASfAqHdFsEbByMnJkAj@oBbD}CvD}CrCwDlA_BIISF]vBLOBLFJx@H|HAdBoAx@m@vB{PrA{RdAsM`ByEK{J|@kBl@aDpDw@J[GoI{HyHuFg@`@qAlHcBxCkGpDcF~@wGeA_@Lc@U[q@QcGfAgMUwBd@mBnBc@A]`AvFXfDl@j@vEw@zJ}ChE|FnJ`HfABp@jArDrDvHzY~@cARD|KzMrBbA@`@eAzDzB|CJ`@U\,2,80.8,,,False,588.6,Diego Galdino
2,Morning Weight Training,0.0,3049,3049,0.0,WeightTraining,WeightTraining,30.0,Garmin Forerunner 645 Music,14422495517,2025-05-09T05:18:16Z,2025-05-09T07:18:16Z,(GMT+02:00) Africa/Blantyre,7200.0,,,,0,2,0,1,0,True,False,False,False,everyone,False,,[],[],0.0,0.0,,23.0,True,80.3,104.0,False,True,0.0,0.0,15388076388.0,15388076388.0,garmin_ping_436887005647,False,0,0,False,20232024,1,a14422495517,,2,,,,,,Diego Galdino
2,Evening Run,4070.6,1458,1473,9.0,Run,Run,0.0,Garmin Forerunner 645 Music,14407268984,2025-05-07T16:48:09Z,2025-05-07T18:48:09Z,(GMT+01:00) Europe/Amsterdam,7200.0,,,,1,4,0,1,0,False,False,False,False,everyone,False,g23116162,"[52.23, 6.88]","[52.23, 6.88]",2.792,5.32,75.3,21.0,True,135.8,155.0,False,True,32.4,23.0,15372086384.0,15372086384.0,garmin_ping_436390785246,False,0,0,False,20232024,1,a14407268984,stw}Hwf_i@IkCIm@YmA_@g@]Yc@Q_@EM@e@HMJOZId@@f@Dx@P|@Pj@Zh@`@\b@L^Dd@E`@URc@Fq@Co@K}@]gAKQ]e@g@[e@IYAc@LQJKLGRCNCh@@f@L`AJd@Zv@r@~@\JZ@`@EVITMBCJa@?gACq@Mu@[{@_@m@c@]UIYEe@D_@VWl@Ez@FbAJn@\z@\d@b@`@PBv@Dp@ETUJk@B}@Ey@Is@Wo@[g@a@_@a@Qk@Im@@[`@Mn@C|@HdAP~@HXT`@VXXTd@H^@v@SJKNUBMH_BEm@Mi@Yo@a@c@c@Y]Mk@Ge@Fa@^Gl@?LCj@Dt@Nv@Xx@LPPT^Pn@Lt@E`@OPUFSF_AEc@UuAEUWo@Ya@g@Yq@Oi@?UJa@`@M^Cp@F|@Nz@Lb@JN@HJHFLZ\RFVRZB`@Eb@MRMHKJYBg@?w@Gc@e@}AUe@IOe@Yi@Oc@Aa@BMDYTITCZAh@@d@J~@Ld@Zt@PVj@^XFd@Fv@KLIPa@Hs@?g@E]Be@c@aAMg@OUWSOEKEOC_A@a@FOJMNKb@CZBpAJr@FXVl@RZn@f@NDp@Df@EZMPUJe@DeAEu@UiAIS]k@]Yo@Ug@I_ARQTEJCZCv@Fp@RjATv@PZZPPTPD,2,,,,,,Diego Galdino
2,Morning Weight Training,0.0,3242,3242,0.0,WeightTraining,WeightTraining,30.0,Garmin Forerunner 645 Music,14402071484,2025-05-07T05:30:35Z,2025-05-07T07:30:35Z,(GMT+02:00) Africa/Blantyre,7200.0,,,,0,0,0,1,0,True,False,False,False,everyone,False,,[],[],0.0,0.0,,24.0,True,82.6,111.0,False,True,0.0,0.0,15366627181.0,15366627181.0,garmin_ping_436243580734,False,0,0,False,20232024,1,a14402071484,,2,,,,,,Diego Galdino
2,Moderado | 8km,8003.1,3582,3664,14.0,Run,Run,0.0,Garmin Forerunner 645 Music,14396036235,2025-05-06T15:12:47Z,2025-05-06T17:12:47Z,(GMT+01:00) Europe/Amsterdam,7200.0,,,,0,6,0,1,0,False,False,False,False,everyone,False,g18048384,"[52.21, 6.88]","[52.21, 6.88]",2.234,3.34,77.2,18.0,True,153.2,179.0,False,True,29.2,20.2,15360338000.0,15360338000.0,garmin_ping_436050575600,False,0,0,False,20232024,1,a14396036235,igt}His~h@YSg@}@GEI@MRIn@U`AYh@ALZjA?TLn@l@lAz@dCb@v@`@dAz@lCD\XfAdBfFVhAbAhFv@jCj@dATp@n@tAPd@RtA@d@Aj@JxAl@zEJ~BJp@Bf@Ln@RlCTbARrAJnA?VJt@Dr@PrAJnAHr@VpAJv@Jf@LlATpA?`@Gt@Av@LzAB|@AVKb@Cf@HZDj@HhCCf@HdB?rDN`GApABbAAp@Cn@?hAHxAHpB?hBJvA?vCC|AB^?~BDdAHjE?tADt@@^EhAD`AHf@I`@@x@HjB?|@CjHEzCSlFMhISrFAfBBbDBl@^bAF^X~@nAhDhBzDX`Az@zAh@v@^t@HHJTFTb@l@ZX`@p@Z^XLdAZZI\Bx@|@^TXVvA~@p@XTB`@VH@PJ\HlBv@f@TTPVLJOEEEAIFK?OEMKe@Sa@Yk@YSCMISGm@_@mBw@aAu@e@O[GmAq@eAc@AC@IADIK[Ky@i@e@w@Yq@[i@WYq@}Am@{AmCgFeAkCg@cBO}@[yCE{@BwB?sBL{C?qAHyDF_ARwGF}GCy@IgBBs@Ao@@e@?m@Aw@IuABsDD}@MwDDkBKkCAgDEmB?mAG}AF{A?_D@B?D@OEu@Ku@KyBCoBDWBm@QuCAm@@i@Jo@?_@Cg@@s@MkC@q@Nq@?MOiBIYGyC@}@Mq@?YSq@OuAIa@QsCQ{Ac@uCCs@UgBEu@SaAQm@Mm@Eo@?UOeAEkAIc@As@q@oDUkBO{@MoAs@gCWi@k@iAOg@G[c@kAKs@]{Ac@oCSy@Sa@YkAa@mAOm@Qi@[aBaAeCOg@IOw@kBg@_C_@}@Mo@c@iA?GNc@`@oBNi@,2,,,,,,Diego Galdino
2,Morning Weight Training,0.0,3670,3670,0.0,WeightTraining,WeightTraining,30.0,Garmin Forerunner 645 Music,14391541305,2025-05-06T05:24:17Z,2025-05-06T07:24:17Z,(GMT+02:00) Africa/Blantyre,7200.0,,,,0,1,0,1,0,True,False,False,False,everyone,False,,[],[],0.0,0.0,,24.0,True,72.2,95.0,False,True,0.0,0.0,15355606288.0,15355606288.0,garmin_ping_435918320010,False,0,0,False,20232024,1,a14391541305,,2,,,,,,Diego Galdino
2,Afternoon Ride,39201.5,5984,6063,24.0,Ride,Ride,10.0,Garmin Forerunner 645 Music,14386332418,2025-05-05T14:47:40Z,2025-05-05T16:47:40Z,(GMT+01:00) Europe/Amsterdam,7200.0,,,,9,4,0,1,0,False,False,False,False,everyone,False,b12624990,"[52.23, 6.88]","[52.22, 6.89]",6.551,9.775,,18.0,True,103.1,131.0,False,True,59.6,35.4,15350151299.0,15350151299.0,garmin_ping_435733855283,False,8,1,False,20232024,1,a14386332418,umw}Hu`_i@f@x@c@fABxBpBvEn@n@pKpB`@KjLLPl@hA`VxCpC`Ah@hDIbCfAnBmA|CsFXoAz@_HTq@h@o@|@_@r@@tG`CvDFvA_@bAs@|@gAfAoBjBoEb@N`AjB~H`WfA`EjAxGn@bCzBnEb@pBnAtLb@tGp@lExCxXFpEMnBNr@BdBL~ZVlD@tELrCZlh@AxGs@~\@|DpAzFpF|LxElI`]nOvJbF~HfIdE`FtCpEpRbh@bFbOtHlR|G~RxKnXj@bChA|Lj@|Cd@xAvH`TxA|EjHlQzBjHpPde@`I~RxFdQv\n~@bCvH`H~Qd@lBTB`F~JnBtE|F`LtB`F|BfEpA`DtK|T|A~BNlAp@fAdBbIxBfG^~Ad@|FbD`Hf@nBXDbAcCRQlEzATSEiBaBgF]aCIwFPyArBeIz@uH[eEy@_FKgSFkChA{Nx@yGS_Bx@gLVeIn@mFxAkQhDmh@r@_J|@eIlAoTbAcLx@iOfBiTR{DTgC^oAv@oA~EkGzBcN`D{Zj@gCl@yAvBkDn@oBl@mGb@iPHy@bB}GlAyMDqCGkCg@yH@gC`@sIKmIHiJz@oPh@cQ@cI]oMVoAk@sHkBwMo@kJFqArCuOnAuKlA{Dt@kApGiHnF{HlCuCtC_FnBoE`CcE~C}GrBqDbAoCRwAn@}At@uCZg@zCwH~@uDrA{D`A}FpAiC~A{Ef@_AhAkAxAiDlCaEvHoIvBkJv@kEDyFE_JG_Fo@gJKuFuBeV[_KcAeMOsDGsYLuHVsBlBoIbCeF^cBLoBRwNfAaVnAiNp@Qb@s@MmA`@mL{BqOm@aCOsBFuLk@aH@g@IQiA_@cEkGeB}AsHgByC|HoBnDULwOU_CVuAEyDc@kAgA[N]v@s@PcEX_E?mC|@kHjEmOzGeDlAkAHo{@kD_C}@aS_L}@y@g@}@]_CoDnBgD^iHFcNk@s@^iAAyNa@m@z@gEfCk@@yEoA_KaMaA?mBZoCzAyIxH_FvCgLrGcDnCoHtIkIjI{Q~SiQtQ}CrC[t@}ArAAd@WoAU?o@b@y@vAoAd@_C{Hw@HQd@pAnDl@vCQ~@Fp@Or@?^KP{BfB{ErCaCf@oJrGeBfBgB~@wCfEaEjEqDdCqAXwAC}Ae@yCoB{DeDoFq@sNFuJtCDJuA`@mA@oAS}C_BgFaBcGqAaIGaDl@cEi@cA_@Sj@UdG}@pGMb@YPyCfAO`@OnCOb@_GxBmHnAYo@aAuJ,2,76.5,,,False,457.6,Diego Galdino
2,Morning Ride,35604.3,6327,6460,85.0,Ride,Ride,10.0,Garmin Forerunner 645 Music,14373410052,2025-05-04T08:35:25Z,2025-05-04T10:35:25Z,(GMT+01:00) Europe/Amsterdam,7200.0,,,,16,4,0,1,0,False,False,False,False,everyone,False,b12624990,"[52.21, 6.88]","[52.22, 6.89]",5.627,12.0,,16.0,True,129.2,163.0,False,True,67.4,29.4,15336521097.0,15336521097.0,garmin_ping_435324498111,False,12,0,False,20232024,1,a14373410052,eft}Hqr~h@sAoB[CqAdEy@{A[I]Zw@pCkB`EoAnAyAf@sD?cB]yDaBqBHeA~@g@rAaApIcBlDaBzAa@Nw@F{Bg@wCNaByAeA}B{@_Ki@sMa@DUn@UJaIP_NkBe@]y@yAo@iBFBuAwCO}Ad@Eq@K[yI_CmSsAqHqBcJAs@xAoKtAkRZkCAmCo@_TO_@a@YoBJsAOsBkBiG_IaB{BoAiCaAeAeE_HoAuCE]l@_EJcBGa`@OoPDcFn@sBtAaAdAgA?c@cAqFUaDAuDJsHL_@XUbCcB|@]nDcD`LgIR_AOcDuCiPsBoJqDkNqAcIaBkFuCgQs@gGyAcG}A{IoB_OkBwIs@{EaBkEq@}Ca@gIYkKSwDOw@KgGaAaSgAgFqA_J{AcHeAqCyJaL{IcOwLuTqAmBsEkE{EaGuCwCeH}IqQ_To@o@s@QqCCaAq@gBeFe@qFm@gD_KkRqFqLiIkPeAiBWMqBj@kNpIAe@NgB[q@g@CmAp@a@j@wAdGWh@}@x@Bp@Wp@g@|@cBjA}@RwPgA_@JUd@oBtK_BlFiCfHs@fAyIdRiDtKy@|A}DdFsJfS_D`Jc@x@{F|N}EzMqFdMmEdMgCpFsIfXkClKkCjNyBlO}@pHc@tFoAdJyFp]eBvHoA`JaAjIgB`F{AbCqEnFoDxBkAjBe@dA?bA~AjFrAdIiAjCMx@[nPOvAi@rBy@~Ag@d@_Ab@wB^oQvAeEJgAVoEFq@TqGd@i@EiAv@kNpI}@XmGjJaAfDeAhE_AfPMj@a@l@OjBFhCi@zGWv@_@TGRBvB{EjSLn@j@Lp@o@l@eAl@ChCnBfA`@f@O`B{Af@B`BbC|ClHvE|QxAvEj@~DpDxMl@bBrAhBlBbENzDzBvIhDxKzBvJpAvDtFhVhApDhIt\|BbIjHvYjCnJjBjIvEzOv@xDvBnHhApFh@xAtHfZbDrLbAnFfBnFLhArAfGf@z@`@i@V_AnA}AzC{GzE{Hx@wBnCmJ~AmDtB_DvB}DdCmGbB{Fj@_Dj@oFfA{E`AgBrAwAlAg@pDw@r@Tn@j@~B~EfEnLhIrShBxBlAn@rB^zAChPaG|AiA|AeBjAqBtAuDLEZ`AOk@WUPRMU@YnCoNr@qFHuDIyMN{BxBgStBqMpAgDb@o@|@q@vLyF~Ba@nItBlWbFrBz@jFjArC[zHoCfIsDpMaFpXaM~GeCbVsEtKoEjFgE|PyLrHyCbAIEDLg@EEEPPAjBcAzMcE`AIJNWQLg@`B@vEcArAm@X_@LaBvBo@,2,68.6,,,False,434.2,Diego Galdino
2,Morning Run,10008.8,3313,3313,13.0,Run,Run,0.0,Garmin Forerunner 645 Music,14373402641,2025-05-04T06:59:24Z,2025-05-04T08:59:24Z,(GMT+01:00) Europe/Amsterdam,7200.0,,,,3,3,0,1,0,False,False,False,False,everyone,False,g23116162,"[52.21, 6.88]","[52.21, 6.88]",3.021,4.538,84.7,15.0,True,158.0,187.0,False,True,47.4,37.0,15336513374.0,15336513374.0,garmin_ping_435324369849,False,0,0,False,20232024,1,a14373402641,}it}Hav~h@KCM\ANK^SvAUl@?VBPL^rAvCpA`EZp@\nANRbChJh@tATt@Hx@XvATfBRbA`@hAdAjBTj@h@jBPfAJbCHl@Fv@Lz@TxBB\Lr@l@rFTbARtAF|AV~Ch@xDTx@d@zDNtDEdCB~@Cp@@`AFTBREbGBz@?jAJfA@hJJlAA~@ENO^i@l@{@pAq@lA?DDRB@j@aA`AoAb@a@PE@DF`BHt@@zB@p@H|@CdADdB?dCLtK?z@FrA@hCAp@JxCEfEDt@EpBWzCKhB?l@@`ADPA`@UjGC~@@JGdAChCC|@?~@FjACt@Jz@^dAj@vBxC`HlAzCn@dA~@hBZb@z@`B\f@\VhCpAl@Nv@\|@h@bBr@RP\JzAt@pAx@j@VhAd@jClAz@V`@NdBx@dAp@t@Zz@d@jAt@tBtBdAlApBjCTRlA|Ab@n@JD^f@p@l@|@nAR^r@fBHHDAFM?SSq@yAoCeAkAqBiC}@cAk@u@_@_@cAqAy@sAgAs@oAmA}D{BwAo@sAk@sBs@g@Ki@Ue@O_Am@g@a@c@Ww@WKGyBcAsBoAwAu@E@WEe@Ie@Y_@MsAs@o@{@Iu@m@aA_@_@]m@e@mAq@kA[o@yAiDk@wAk@_B]gBOaAGw@IyBDaEB{@NyAAeAFyCHmCFm@PoPOcBBw@KaAA{@FyBAcEIcCAaCF_A@aBEq@I{@E_AA_GEoABqD@sATa@j@g@^c@N]EQQCWVYf@[VQOMe@@sBE{AEi@@wAC}BBoBAaB@uBEcAFm@Je@W_CKk@McDKqAM_AAg@Qi@S_BEuBMw@WkC]mCs@mDQeC_@wCEy@McAWqAWyC]gA_@kCQs@Ww@mAmCm@oBYqAK{@o@gDsAwFSo@QgAgA_Cc@mAuA}E[g@_@w@o@eBEQ@MRc@`@{ARg@,2,,,,,,Diego Galdino
2,Moderado | 10km,10010.3,3619,3630,24.0,Run,Run,0.0,Garmin Forerunner 645 Music,14361232400,2025-05-03T07:01:21Z,2025-05-03T09:01:21Z,(GMT+01:00) Europe/Amsterdam,7200.0,,,,0,3,0,1,0,False,False,False,False,everyone,False,g19811443,"[52.21, 6.88]","[52.21, 6.88]",2.766,3.943,82.1,18.0,True,162.2,182.0,False,True,55.2,43.4,15323701712.0,15323701712.0,garmin_ping_434979391997,False,0,0,False,20232024,1,a14361232400,{it}Hou~h@d@N@KSc@AQHe@d@cARm@@CLBPN@HHHTPNT~@r@PDRh@f@f@\TVTl@dAPFLZHd@TZDLl@j@h@t@N^`Ar@HJZTt@\RNNb@Fb@JTHHP`@r@t@^\RVVNVDtA?zAHd@IdAJb@@|BZp@E~@Zn@JJRBHEnBGt@?PL^v@v@dA|@\d@dAv@Rd@RZZJjA~@~@x@|@z@X^`@pA\TDCBSEaA?i@RgFBmDCk@Jy@LcBLaD@q@K{@p@wHLcADs@A}@@ENQzBZ|Bd@dDf@vB`@fAV\R~@Zr@DVHlAFb@GpBLnARb@EtBZ`@N^Ap@@\Fj@?~@V^LBZEpBMjACd@TXdA|@^^HVHp@FVNV^b@LJjAb@LPTf@`@XZF`Aj@f@NfAd@h@JXNtA\V^Td@`@d@r@lCZn@X`Ar@lARj@H`@Zv@b@nBVr@Ld@V`@Pb@PV\p@XPXHx@tBTb@Vx@f@jADj@lAnEZzATvAl@pB\xAVt@@\c@`EArAg@jBYt@Wj@c@h@e@r@g@h@S`@kAtAi@`Ay@dA_@ZYCyAaAmAk@sCgBi@So@e@gGaCs@QGQF{@Lw@ZsAPk@\mBRk@^oDLq@JoBKgCKME?_APa@BoA?cAGUFe@Dy@_@MMaAkAk@{@]SY[W_@o@m@We@WEKBGJIb@AlBIhAIlBa@vDCt@WrBO~AIx@a@z@C^Bt@?~@SlC]bBUz@[j@_A`AYf@cAl@aAP{@Cu@]y@WSMo@e@_@Ui@y@_A}@iBuCYSe@Uq@u@e@q@[Y_@WeBq@a@i@g@c@a@U_B[mBVk@f@eAvBe@`CWhBOn@]~@eApBQRgAbA}@r@{@x@_AhASZcAxAWj@]|@mCxFm@vAwArBs@z@YCMa@CWMgEA}@?wDCw@HcBCoABqAGgBJg@Dq@Ke@QkBEmBGu@c@}DWaDWiBQmBQ}@MoBKkA]gC[uAMyA@_@UkBIa@AOKYMu@KiAQu@[iC{@gFQk@Um@eAuBQm@a@iBKw@Ou@Qk@Ki@Io@Ou@u@eCQaAu@sCMOYaAi@mA]eAKSc@{AKo@Og@Wi@Qk@g@iAMG?KNm@,2,,,,,,Diego Galdino
2,Afternoon Walk,3506.7,3458,3498,11.0,Walk,Walk,,Garmin Forerunner 645 Music,14355579902,2025-05-02T14:32:42Z,2025-05-02T16:32:42Z,(GMT+01:00) Europe/Berlin,7200.0,,,,0,3,0,1,0,False,False,False,False,everyone,False,,"[52.04, 6.92]","[52.04, 6.92]",1.014,2.7,51.7,31.0,True,100.5,134.0,False,True,87.0,77.2,15317752387.0,15317752387.0,garmin_ping_434770765356,False,0,4,False,20232024,1,a14355579902,mss|Hqbfi@B]GDIRIf@?LC?@?@VCOHDEBERDDDRA@@DIZAL@d@Fd@B`ACzACHUVMAUJSAOHUFIEODWTi@bCSh@Oz@GFO~@Qb@IJMfAc@fAIFOV[PC@AC@JGDSHKEEX@COHOBGLKFM?c@NGPSAy@X_@ZE?_@REF?BIFEBEC[V?CBB?EIFW^WJIM?EG?@CMs@C_@[_B?e@Qc@Kc@JWE_@CKKQAQIQCc@GS@ECAB?CIKGQc@IMI}@@IDP?QMM@UMEEES\QPEMCAMu@?MGc@GUAk@I[GiAOi@Ea@A?A]EYBg@Ww@C[@[^g@NKHS^g@JODUT_@JKNe@Ta@B@JMTc@DCPi@\e@Na@`@e@^u@VQHOASDEB@d@?TDLDp@FPFR@VNZHR?n@ZDABLBDBAGLEb@NlA?XJpBJbA@XChANdAFnBNvA@v@NxBH^Bh@Ab@FlAAp@B\TjEDX?NHbA@rAN~CJj@VR?BC?@DTj@Nj@LTDVl@jBC\UPCF_@TIBM?GDGHUTkAh@KLSJEAQ_@EY@i@H[ASLc@@OXu@DWDE?c@PONEDQHCDQNSH_@E[?WAQ@Ef@cBBOLWT_A\w@^mBJSFYHo@NOR{@Hi@HY^{@F[@UH[@KZcAJm@FcARcBAi@@WCY?e@DWAe@DQEK?SJs@Bq@A[Bs@B[J]GO[K,2,,,,,,Diego Galdino
2,Morning Weight Training,0.0,3441,3441,0.0,WeightTraining,WeightTraining,30.0,Garmin Forerunner 645 Music,14351016408,2025-05-02T05:13:05Z,2025-05-02T07:13:05Z,(GMT+02:00) Africa/Blantyre,7200.0,,,,0,1,0,1,0,True,False,False,False,everyone,False,,[],[],0.0,0.0,,25.0,True,83.8,121.0,False,True,0.0,0.0,15312956627.0,15312956627.0,garmin_ping_434637928340,False,0,0,False,20232024,1,a14351016408,,2,,,,,,Diego Galdino
2,Severo | 6km,7288.7,2530,2581,6.0,Run,Run,0.0,Garmin Forerunner 645 Music,14336084665,2025-04-30T18:32:35Z,2025-04-30T20:32:35Z,(GMT+01:00) Europe/Amsterdam,7200.0,,,,0,5,0,1,0,False,False,False,False,everyone,False,g23116162,"[52.23, 6.88]","[52.23, 6.88]",2.881,5.567,73.3,22.0,True,142.2,162.0,False,True,30.4,18.2,15297337181.0,15297337181.0,garmin_ping_434173613571,False,0,0,False,20232024,1,a14336084665,wrw}Hkd_i@c@YEB?EUYCYBg@A}@Im@Uo@aAcBw@W_@Gs@XQ^Ev@@r@Lx@b@jAf@n@LH~@Rb@@^KRYLc@Cc@Gy@Os@{@_BUY_@UWUa@A[VW\Kr@Ah@Bp@Nt@h@lAd@`@`AVx@KXSPm@BWBq@G_@O}@Qu@[k@]We@Qc@EYBa@PUb@OjA?`@Dh@Pz@Xl@x@v@ZN~@BVKZe@Lu@EkBOy@Ym@_@i@_@[g@Kc@@a@PW^Sh@Ef@@`@Hz@Nr@Vh@^^`@TzALRGNQLYLs@GkBMi@Ym@Ye@]Yq@UgAFONGNMr@Af@FfAJx@Lh@^j@f@d@lAJ\GXQRg@Jw@@oAEYQk@u@mA}@g@y@Gm@PMPKd@A`@B~@AZHj@^jAT^t@h@|@HTIb@]Vo@?M?u@Ek@O{@a@iAc@a@g@Ya@I]Bi@NUVIp@Az@@l@DPBZf@pA^XJPZNr@Jj@C\KPa@LkACeAO_A_@w@k@o@wAc@m@@ODMJKPGTA|@JpAFp@LVJd@bA`Ab@J^?`@GTKRWJe@Dg@Aw@Go@W}@e@q@m@_@uAUm@VMLMp@?dAJt@\|AT^h@f@f@NfAEj@m@FYDy@Ak@Ge@Oq@]s@g@k@{@a@]Ag@JSPSh@Gp@@hAFp@Nl@\p@X^NHf@Jn@@l@SHGNa@JcAMiBOq@O_@c@k@g@_@e@QQ@e@Ri@l@I`@A^DxAJt@Nl@h@|@b@\z@Ff@K\YVw@@i@GmBOu@i@_As@e@_AWk@NMNKVKx@@`ARfB`@fALLRNp@VhAKZWHONe@B[Au@McAIUEc@[i@}@k@aAAQB]TUVQl@Ad@FbANfAXn@h@n@bATr@EZUPa@FY@YAi@KiBOk@QY{@_AWEi@@e@Na@\ILCb@JbCLn@Rh@RVr@h@zAFVGRQJi@@]Au@KmAUy@Q_@w@u@_AOa@Fc@\Ul@?hAFx@Pz@Xn@h@l@PJh@T\A^G`@YHQHk@EsBQ{@Sc@e@m@o@e@m@S[@SH]^KTIp@Bx@ARH|@r@xAl@p@JD,2,,,,,,Diego Galdino
2,Morning Weight Training,0.0,3927,3927,0.0,WeightTraining,WeightTraining,30.0,Garmin Forerunner 645 Music,14329661015,2025-04-30T05:17:58Z,2025-04-30T07:17:58Z,(GMT+02:00) Africa/Blantyre,7200.0,,,,0,0,0,1,0,True,False,False,False,everyone,False,,[],[],0.0,0.0,,24.0,True,84.4,114.0,False,True,0.0,0.0,15290593217.0,15290593217.0,garmin_ping_433996862899,False,0,0,False,20232024,1,a14329661015,,2,,,,,,Diego Galdino
2,Afternoon Run,8257.5,3001,3231,20.0,Run,Run,0.0,Garmin Forerunner 645 Music,14323808277,2025-04-29T15:34:46Z,2025-04-29T17:34:46Z,(GMT+01:00) Europe/Amsterdam,7200.0,,,,1,4,0,1,0,False,False,False,False,everyone,False,g18048384,"[52.21, 6.88]","[52.21, 6.88]",2.752,4.86,81.9,25.0,True,151.2,165.0,False,True,45.0,27.8,15284512527.0,15284512527.0,garmin_ping_433811286821,False,0,0,False,20232024,1,a14323808277,cgt}Hs}~h@CUEIe@W]M_AcAKU?{BDoA?yAJu@FiBDg@FgBC{AJsDT{BHaC`@yCPwBPs@He@@m@C{@FuBVyA^gDh@qDNkDAi@Gm@Ew@@m@Be@HSDBAUCUGUGo@WeBQoBKy@c@oCQy@S_Bi@kCw@eEYgAUqAKa@uAwDGMiAsA[e@Wo@m@yB_@yCc@_FSmFBiAEm@SwCUqAkAoCW_@s@{@WScBu@}@W{Am@{@K_@Q]K}@a@e@W_Au@k@i@Ya@AQI??CIGIEC@KI]c@MIo@Sk@YoBy@{@W_@Co@ESBQC]BI@CD}@`@k@Rw@Ni@Cu@KGDe@KEHi@Oe@Ec@@i@MkAGy@B_AXuAvA]VENBHAd@OjBMhAWj@YT_@Li@@{@VeAT}@T}@B[C_@K_@CW^]Nc@Ja@@a@Dg@Bi@Ae@Bk@FSFYZi@b@eAbBu@vC@NCp@SvBS~EUhBOlBBvABPT`@TXz@dBh@`CRrCB~@Fd@BjBITAA?LNr@NpAXlGJpAJtDCz@B~@]bCGr@Cp@i@zBIvBI^Gv@G`A?tBCn@g@vBIJGl@GrA[pAIfAL^A\ABCAPt@h@jAb@dBp@lB`@bBXxAFhAGh@?^LpARRJPJb@b@hENx@NxAHvBXdDAx@?j@JfB@PXx@NbAVn@Az@BHt@x@f@p@~@hB\`@ZNbAN\?\JdC^j@@~@Lv@B?LC@LBvCIb@@nAEbALNFVMLDFNLt@Bv@?z@t@pKHrCFr@LDd@b@d@T^d@^\f@^d@R`@DxAMX?f@Dd@P~@j@DFCBL?ZOTWd@]h@q@ZQLYX]h@oANe@NYJq@JgCTgB`@}AXc@Z[\QdAMb@Dr@Nr@^~@X^P`@F`@PZB`A@d@DfAGZIxAs@|@w@hAkBRc@v@uBd@aB,2,,,,,,Diego Galdino
2,Morning Weight Training,0.0,4051,4051,0.0,WeightTraining,WeightTraining,30.0,Garmin Forerunner 645 Music,14323805218,2025-04-29T05:15:10Z,2025-04-29T07:15:10Z,(GMT+02:00) Africa/Blantyre,7200.0,,,,0,0,0,1,0,True,False,False,False,everyone,False,,[],[],0.0,0.0,,24.0,True,80.7,116.0,False,True,0.0,0.0,15284509387.0,15284509387.0,garmin_ping_433811222299,False,0,0,False,20232024,1,a14323805218,,2,,,,,,Diego Galdino
2,Afternoon Ride,20219.4,3864,3864,24.0,Ride,Ride,10.0,Garmin Forerunner 645 Music,14312949023,2025-04-28T15:06:12Z,2025-04-28T17:06:12Z,(GMT+01:00) Europe/Amsterdam,7200.0,,,,4,3,0,1,0,False,False,False,False,everyone,False,b12624990,"[52.21, 6.88]","[52.21, 6.88]",5.233,7.18,,24.0,True,106.6,133.0,False,True,51.6,41.0,15273192189.0,15273192189.0,garmin_ping_433477829039,False,1,2,False,20232024,1,a14312949023,{dt}Hgp~h@CQs@{@y@yAY[OCIFWv@CVUdAYp@b@xANZTr@Eh@dBbFpAfDf@~AnCnK|@dF^tAn@`BpA`CZnALp@X`Dv@vGPrBLbB@r@v@lFNrBXdCX|Bb@fCx@zHApA@nCMz@@^Jl@@rGNhM@~BC|BDT@t@HfAFhB@zCHbAFnKHvD@|FRlI@zHi@`UKtFKdD@lEDp@F\z@hDXt@bBlDnCfGxApCnB|CPLhH`DxAt@fBt@xFjCzCnAnEtBtDnB|@p@nCdDtBvBjAxAxBxBrBjCr@rA~BfGxE|MzIpUvG~QnEbLvArE`@`AnAdEh@vApA|CvBxFpAzCZbAl@xAf@dBn@lB^tAXjBj@zGV`B^hB|AhF|AnDzArEf@hAZj@^~@PlA`@tAfBlE^dA`@t@n@dBhBxFrA|CvC`I~@rCXhAPh@|ApDp@hB^jAn@|A`BhFrBnFbArC\x@d@n@r@nB`@|ApBtFhAvDd@nBr@|Aj@jBv@tAXn@xAbFr@xBl@nArAfD\nAhBbEfDhKhFjNpAdEhArCf@zAd@|@pAjDjAlDZrALVJMDQ?UiAoDa@iBM]_HcR[e@Qc@iDeJuAcEqAgDaAqC_AeC{@cCc@wAkCyGo@qBaBoE{AwEsBkFsD}KMYe@cBw@aBs@uAo@{Ao@oBSaA[cA}AeEc@gAe@{@w@yBoAyCm@qBsDaKgFqOu@kBaBoEI[a@_AgEgL{FiPWkA_@qCKaA_@}E[sBi@mBoFeOiEwKc@wAcFmMg@{AcAiC{CyImDeJqAeEmDmJsAcDm@iBoE_LmBmFe@aAu@mAc@m@mC{CgBeCgBwBU_@aDuC{@k@_FyBkAs@qBw@mCsAiCcAiA[q@]y@i@{BiAy@]aAk@oB{@aAi@g@q@Uw@Qe@Q[WWYi@Wu@aBgDgAiByAqDm@cCQ_AIu@QaCCy@NcIPgFRkIVkF?aBCqA@_DIqBE_CMiM?sACq@?y@Eo@AoDKgG?oF@B@u@AYKeAC{@CiF@YAsDDcAEaA?_BC{CJe@?OC[IYUaCEeBKsAg@cEe@}Fm@iGa@aDk@iDQcBc@kFWkBa@mDKMWqAm@kBcBoDIW[sAgAqGa@gBi@oBq@oB[mA_AmCsAuEOq@qAeCg@sADMV]Tw@Lw@Ve@VFrBnCv@|@`@r@Ab@J^DBLGHUAKQa@o@_Ac@a@WV,2,52.5,,,False,202.8,Diego Galdino
2,Morning Weight Training,0.0,3949,3949,0.0,WeightTraining,WeightTraining,30.0,Garmin Forerunner 645 Music,14312152690,2025-04-28T05:16:58Z,2025-04-28T07:16:58Z,(GMT+02:00) Africa/Blantyre,7200.0,,,,0,0,0,1,0,True,False,False,False,everyone,False,,[],[],0.0,0.0,,23.0,True,71.4,113.0,False,True,0.0,0.0,15272359688.0,15272359688.0,garmin_ping_433456083756,False,0,0,False,20232024,1,a14312152690,,2,,,,,,Diego Galdino
2,Morning Ride,32941.6,5931,8931,65.0,Ride,Ride,10.0,Garmin Forerunner 645 Music,14300384733,2025-04-27T08:32:21Z,2025-04-27T10:32:21Z,(GMT+01:00) Europe/Amsterdam,7200.0,,,,12,3,0,1,0,False,False,False,False,everyone,False,b12624990,"[52.21, 6.88]","[52.22, 6.89]",5.554,11.4,,21.0,True,103.1,138.0,False,True,63.2,27.0,15259983706.0,15259983706.0,garmin_ping_433080525488,False,6,0,False,20232024,1,a14300384733,qft}H}r~h@Mc@qAgAMDO`@aAhDe@sABKUMa@LwAvE}AvCq@z@}At@iAJ}DUwEoBy@Kq@Ho@\m@|@[bAw@nH}@jC}@xA_BlAq@J{Bo@gDJiBoAy@kA[{As@uNIkD_@eCiAbAaHBeNiAg@QiEsJGcBNEAIm@OQoJ}B{R_EsQCi@?iArAsMp@iK|@_IU}LSwFSkC]UwBPiBUyC_DoE_GeDqFs@y@qFwI_BkDwAaBwEuIuLkRyA_DkFwHw@wAkB_Gi@mAqByBi@YwAFiAZcPJkOd@kGvBiN~CgDb@wC[sO_IyU}KsIqFyKoI}BeC_@yAOKu@RqBm@}R_IcMmFgMoHgEuCqCaA_Kw@oJkAsc@uBqFMyAk@}IE}Ke@oS]c@\CRFTg@x@Ux@SjNKlB_@vBUt@eAfB{@n@oDr@gUdB_BJeGTkJv@uOrJgA^sGhJ}@bDe@fCe@nAkArQg@f@cAw@wCaK_@FgDxCq@VwFFcDg@MXWhEsAvHsAdK?j@Zl@~HjG`LvJFt@Vd@BXmBnHeH|ZyApKs@pNk@nHCzIMvGFdBGXNf@CnAV|FIvENnA@vBb@|EC~AQnA}@bDu@`E_C~HOtA@t@jA`@pB|BdBRdAlAlA^`AfB?nC_@REN}BzP[dDgBbKMdBw@lDu@pJAzAJVtAhAbI`Bb@b@?jBm@zHSzAoAdHCjLQhEDN|@TnC|AtJzIhDrDpC`Fz@dCtC|K\`CPlC?pBQbESpOLfIT`FXbME|HHpCbAjPBJBORGtBQbAl@jJvBvAtAv@hAx@KkAF`@lCv@pA|CwDN}@B_DJ_@lA[pBCf@LfBdALYNqAn@qAtGiGlBcC`AmBt@sBd@wBdAqIl@cBfA{AfGoDfEqDhFwErNkNzFsEdAuA\SxC}CNCTj@VQd@qAfAsAdC}F`AiBlDcF~AmEtAyFxA_E`DoEdB_DhByEjCeJdAiFvAwIdA}Bt@{@r@a@xEgA~@Lb@\dDjHxCfIpIfTnAlBhA~@zAn@|AJxBa@vEyA~GmC|BmB|@iA`AgBdBeFvCyO`@_DTaEQqJD}CdE{_@l@iCd@uAn@kApBwBxGkC|D{BxAEnWfGzIjA`Bx@lFpArD_@~FwB|R{IbDmArKaFrBq@dI}D|MyDxL_C~MaF`Ag@hBcBxG}E~Ay@fGyEpHuCxAOEYGFJ?ERP@f@c@vBeA~JoDdBKlA|Cr@rAtAvAjCrAv@wGLmCFkEAeANYl@?dAg@,2,67.2,,,False,398.4,Diego Galdino
2,Morning Run,8006.1,2557,2582,12.0,Run,Run,0.0,Garmin Forerunner 645 Music,14297962724,2025-04-27T06:40:38Z,2025-04-27T08:40:38Z,(GMT+01:00) Europe/Amsterdam,7200.0,,,,5,5,0,1,0,False,False,False,False,everyone,False,g23116162,"[52.21, 6.88]","[52.21, 6.88]",3.131,6.825,84.0,16.0,True,158.7,180.0,False,True,47.6,40.4,15257467602.0,15257467602.0,garmin_ping_433030336702,False,1,0,False,20232024,1,a14297962724,sht}Has~h@a@_BGAIHQp@Y~AEJQPId@@X`AvBfBfFXb@`@|At@vBl@fCTf@n@`CRb@f@hCVfBx@hDhArCr@rAVn@Lf@Hp@T|CVfBJvAf@rEHlA@v@JfAp@nDJzBP`BTlB\nBf@nDZhD?`CB~@?|@In@@r@HXBT?`CJvEB`CKnBHxAFdEA`AGh@KZs@|@y@lAi@`AMZFGXJDCVYt@iA`@e@XUB?L~CBjBJdADbB?hDPtGCrCN`D@l@Cz@AxCJzABxAErA@n@ClBMdGAv@G`BMbJMvCEhCAhADdE^lBT|@Tp@xBdFl@lAp@lBzA~Cb@p@x@dA|@vAfB~@h@N|@f@HHZPj@TvA~@l@RVHLALK@I{Aa@]Yy@i@y@]QQe@U}@a@a@KgAg@]YW]]o@_@aA_@i@Yg@Uk@e@w@cBsD{BkFKW[wA]aCKsA?wCZyIBqDP{HL}CBqCAwGKkFIm@AsCI}DD_CU}DBq@AiCAsBEa@?aCHmDLq@hB_CGOU?g@`@a@`@SHCEGm@IoBA}AJgCIuAGa@?[Fg@BmAGcBBe@Cs@Gs@?QR}AMc@S_BIuACuAUkECw@OcAEm@Is@Cw@u@cE]kDm@iCIg@SkBa@kFMw@WsAWeCs@iESi@aAkBc@cAQi@i@{Bi@aEQ}@u@qBuAcFo@aBk@sBgAeDSaAm@oAcAoC@Ih@sAn@sBFG,2,,,,,,Diego Galdino
2,8km | Pesado,10008.9,3650,3707,19.0,Run,Run,0.0,Garmin Forerunner 645 Music,14288008550,2025-04-26T06:26:15Z,2025-04-26T08:26:15Z,(GMT+01:00) Europe/Amsterdam,7200.0,,,,0,4,0,1,0,False,False,False,False,everyone,False,g19811443,"[52.21, 6.88]","[52.21, 6.88]",2.742,4.5,82.1,17.0,True,151.4,180.0,False,True,30.2,22.0,15247014885.0,15247014885.0,garmin_ping_432718939878,False,0,0,False,20232024,1,a14288008550,ket}Hsq~h@FKKA@CU]K@OMeAoAKW?[DOv@cCBCLBRLRV|@`@ZZXNLVJJVv@LNtAtAVLp@h@d@jAZZR\l@t@\ZpAdBRRZL\\Xf@^d@lBrBZTJFNGT@~AXH?FKx@BPJt@DNH|AP`@LlCPZFBZEp@BfAFj@r@`Ab@d@`Ad@Z`@XRz@PEf@n@TNP\Vh@r@d@x@X^j@b@RV`@tA^PBOBkDXwGAk@Ou@XiGPwACu@^{GNo@D}@?GDqAJs@PKN?~@Px@Od@Hv@\zBb@h@FlBf@`BVf@VC?h@LNNXQV?`A[d@EX@d@Hx@`@t@RnDj@zBF\OlA`@`@XL@@BABb@PGxA?fBG`Az@~@\V`@~@Hl@Pp@TXXRv@R\Pl@v@VNf@H^P@FDB|@V@Lz@h@^Pt@Rt@H\Td@jA`@`@|AzCJd@X~BJ^TZ`AhBNr@f@~A|@nBJ`@VVh@Rz@nBd@`Bx@`CD`@Ld@L`AVp@f@tBD\j@~Af@dBNr@Xv@IzAAr@[dBCZ]zAm@pB[p@_@j@wA|AgAdBe@h@}AzB[T_Bk@oEwCyAkAyCkAyBu@u@SIEEI?Ol@cCFs@Pk@Lu@Ps@Jm@ViAh@}DBcDEcAMIyBVYCaCTw@GqAm@]_@IQkAaBYi@e@g@WKSFYc@S_@W@Sb@@fAMvAK`CSjBCfB_@jCIfBS~@Wx@Cj@Bv@Ax@QbB]nBQp@Ul@q@x@k@|@}@l@eBh@y@Ee@_@[Q]Aw@S[So@q@Wc@YYoAkB}@kAkA}@i@w@_@c@y@s@]U}@]e@Yy@w@aA[eAAaB^YROVy@hAUf@{@bGQp@q@~A}AzAo@v@iB`B}@fA_@j@eAlA]n@g@zAUf@EHw@hBm@lAiA`B_@n@]`@Wh@[JKm@GsBAkCEuAHyAEy@@aAFq@Go@?cBGuCJg@?i@Oi@Ek@Mm@Cw@AkBKmBQyAGcAMo@MiAQwBMs@KkBSyBc@cCe@eBUkBG_AMu@Iw@IqA]yB_@yDYkBo@sBoAsBSi@_@kAOw@g@sEiAkDIc@J_@zBwBROt@w@Tq@JaA@m@Mo@U_@a@Y_@_@,2,,,,,,Diego Galdino
2,Morning Weight Training,0.0,5424,5424,0.0,WeightTraining,WeightTraining,30.0,Garmin Forerunner 645 Music,14279215311,2025-04-25T05:36:52Z,2025-04-25T07:36:52Z,(GMT+02:00) Africa/Blantyre,7200.0,,,,0,0,0,1,0,True,False,False,False,everyone,False,,[],[],0.0,0.0,,24.0,True,91.5,133.0,False,True,0.0,0.0,15237790852.0,15237790852.0,garmin_ping_432409491465,False,0,0,False,20232024,1,a14279215311,,2,,,,,,Diego Galdino
2,Evening Weight Training,0.0,4451,4451,0.0,WeightTraining,WeightTraining,30.0,Garmin Forerunner 645 Music,14276384700,2025-04-24T16:31:19Z,2025-04-24T18:31:19Z,(GMT+02:00) Africa/Blantyre,7200.0,,,,0,1,0,1,0,True,False,False,False,everyone,False,,[],[],0.0,0.0,,23.0,True,73.2,105.0,False,True,0.0,0.0,15234837114.0,15234837114.0,garmin_ping_432288225251,False,0,0,False,20232024,1,a14276384700,,2,,,,,,Diego Galdino
2,Enschede Half Marathon,21327.1,7437,7476,64.0,Run,Run,1.0,Garmin Forerunner 645 Music,14172071515,2025-04-13T08:20:39Z,2025-04-13T10:20:39Z,(GMT+01:00) Europe/Amsterdam,7200.0,,,,10,7,0,15,0,False,False,False,False,everyone,False,g23116162,"[52.22, 6.9]","[52.22, 6.9]",2.853,4.867,82.8,18.0,True,166.4,187.0,False,True,62.8,32.8,15125883216.0,15125883216.0,garmin_ping_428945267338,False,0,0,False,20232024,1,a14172071515,uqu}He`ci@AWb@iGBcCGy@BkEIoEDoM[uFYwBq@_D[gC{AmHY{@e@oBwCmGUs@a@mBa@cECyDHmD\uDJwBVgK@sD\aG`@yDP{CTcMd@sH@uD\{CD}@AqARwKRoB\yJTgMXaFJwFH]NRO_@AgCJ{ERuM^sKZaFA}A`@iH?iDJ{CEyB`@wGLyDAcAXoE?uAECG|FYxCC`EK`DBn@ObBCbDUbFLv@?z@M~@?hAQxE@x@WfEQpEK`EMhAa@xJ@vBGbFSpCHrBEdBMxANt@?bAe@xK]~C_@tHIt@G`BB|FWlEC`DQhBStASnDWdHCnBQ`@cD@s@QgLcF{BqAaCy@qCs@uGg@kADyIlGiD~CeC~AqC`CaC~Ay@x@eAf@SXu@b@]`@sA|@qBlBkEzBaGfF{BzFw@bBaBvAqBhA[ZeD|A]HUUKYYeB[mDImDe@uIA}EMwBm@aF_@oGc@}Be@cDYqC_@sBUoBg@aB_@gDOu@i@uEYuAEi@k@wAuD}GQw@YkBG_CQcA_AsGa@{Em@eGs@oE]cDWa@cCjJw@dE_AzDk@zCcBtGi@xCoAjDU~@uF`WSZ[VgA^mBhA_BxAeA^iCOS`@?j@VxDx@`I@l@PpC?bAJhC@|FHbFMjDs@bJa@dHCdBZlFNhGVpCZtJAfDId@c@\IZJ^Zh@`BhA\v@hBlArAnA`CzAtEfEbEnDnBvAdDhEn@rAv@hDrDrLn@nIJ\ZB`Es@nFyA`BKhA^fCl@hALrAn@Hj@?j@KfBYzA?h@QxA]lI@h@T|Ah@GvF~AhGtAFkBRgDd@gCTe@t@F^Rz@dA|@^~BfBpAtAfFzE~@j@pCrC~ElEZb@rBfBf@lA@l@g@rFBzARvApBnIx@|GNl@HhA|@rGh@pFP`HVfBRh@VL|@aCbAsD`BgFX}Az@{BbCeJdA_DTSl@KhB@~DRE`@^q@tBAlAM`Bm@Dq@SaBKUe@iCYaDe@uCJoBc@mEKoCNkBFwFHu@LQhHsEFKLcA@o@MmCq@mCGqAk@C{B\]Y{Bs@{Ao@sAy@i@wDMyAK{B?{CEo@BaGEuAWeDQkD?m@WqACgBGa@C_DWgCc@oAIwAUeANoBCc@PiB\o@XWtAy@z@YjDBxAb@|AP~@CpEmAhBCtAp@n@n@nBlAv@l@v@bALf@\pIRlCIpE@tKGdFKt@ApBMxB]b@,2,,,,,,Diego Galdino
2,Generali Berlin Halvmarathon,21888.3,5539,5539,24.0,Run,Run,1.0,Garmin Forerunner 645 Music,14097137419,2025-04-06T08:08:52Z,2025-04-06T10:08:52Z,(GMT+01:00) Europe/Berlin,7200.0,,,,0,41,2,268,0,False,False,False,False,everyone,False,g21794451,"[52.51, 13.36]","[52.52, 13.37]",3.952,9.633,85.4,13.0,True,154.6,166.0,False,True,21.8,12.6,15047555178.0,15047555178.0,garmin_ping_426460145699,False,0,6,False,20232024,1,a14097137419,iyo_I_xopAh@xGl@lSj@lCjAfDLnAMbCw@zCG|@P~LPtCE~@\`H@|DXdDh@`VG|CPlFMd@NtBb@|Qp@~QB~Db@tK@xE\xHCxBK|@o@zAMv@U`Eu@xC_@`De@pH_BrJ}@dCuAdIYn@s@xCqAhHgAzDaDfPm@jBq@~D_BxGyDpQoBjKCb@T`AGfGb@pLx@Fh\kCjC]`Aq@tA[`FM|A_AvA?^Up@eA~Bo@lJ{BjCItA_ArG_BzAmApBe@fDcBnE@fBNBLjFF`Gn@tACXc@E{@M}Ai@kBI}Fe@}BgAsHIaANiACa@iAcEJwA?_BGyA_@kBNy@Aw@_@mAIw@JqBYiBDgAg@uDa@eIg@_CEkBo@mFUmFkCqTGy@f@}@Da@Gs@w@_EOgCw@gDi@{F}AuG]mCUqD@eCc@wBD]lAe@Na@iAoDeBeC{@oB_@qCIoCP}@h@iAE}@Hy@WuCBq@ZwB`@_@^kA~@kAbAeA^y@H[q@u@Ng@bA_B^{BdAgAv@gB{@iETUj@yD|@eCb@q@jAaAHeAG{AT}BLOCkE\gDb@uAfAeAVg@Nu@y@uA`@mC?g@`@mA[q@v@cEM{ABaA\}Dl@_C~@eBx@mCp@w@Pu@w@mBB}@jCkGNmAc@i@Ao@TcAbDcIwA{AmI{BaAi@mBeBmAg@oBmBaBmBgGmDyDeDm@y@kGmFyAuB}@y@oCwAqFmBa@_@{@mBg@mBOuCBmDg@{Bg@_Ge@gCPsBIkBTm@?cCu@}EMiD@{@X}BXmAA_ALy@g@wAWwDBmCPoBV}@Ws@Jg@EqAeByJG{@X}EIkAHgE]iBOwBAsDOmAQkHcAWwADi@\qCEkCz@yAEgBRaAOeCPWQR_AA}@o@iHVwB?{@c@uB?eAeBkH[sCEiCq@eCCq@\sAiAmEk@}@i@yAgCeJkAmCwA_GA}@vAwCnA}ACm@}AsCeEuIKm@eBuDaBaIq@mBg@IO_@QwAWc@cC{BwAwBbAcHpAaHjBiIRY`AeGVk@bBiJ\w@l@aE~@eEC[KRShEaClIoBvJiAhEgEfTeArDCtATbAnAz@tA|AzCvExAlDNt@zBtGn@rAvFtOBl@Qp@aA|Ak@`BmD|E{BrEg@xAXz@tCtFh@tA|EnQVjBJ`Gz@bMF~El@hPVxBH`JXfN`@jI`@nXZvECnA\bGWrJThH,2,,,,,,Diego Galdino
2,Continua | Moderado,6004.3,2147,2160,6.0,Run,Run,2.0,Garmin Forerunner 645 Music,14075450254,2025-04-04T07:35:28Z,2025-04-04T09:35:28Z,(GMT+01:00) Europe/Berlin,7200.0,,,,0,4,0,1,0,False,False,False,False,everyone,False,g21794451,"[52.5, 13.47]","[52.5, 13.47]",2.797,9.72,82.3,20.0,True,145.3,175.0,False,True,83.8,80.4,15024749055.0,15024749055.0,garmin_ping_425768419706,False,0,0,False,20232024,1,a14075450254,aem_IivfqANGM]?UH]EIAg@NeANm@LYTIPWRk@PYXq@@E?k@Nk@b@Mr@}ALiAVo@AIFETm@BSRi@Hg@Vm@ZiADi@X]~@qCGj@HRNP@DNLd@h@b@Rr@x@ZT~@jAR^n@bABNAPOXyApA]Pg@Dg@He@IG@GJs@rBmAvCk@jA_@rAYn@]jAMl@Wn@[nAe@x@IXG~@UnALf@HbAZ~@AXFNXb@Jb@@ZEr@YrB?f@Ff@DDf@PXP`@Nd@HLL~@~APDB?NIh@u@XYRe@Nk@Vs@Dg@Pg@\m@N_@Ps@@CNIb@mANy@`AgB\mAJo@Rk@VwA@k@FuABKp@]^aB^{@ROT@^Pl@h@Zh@HHJBNEN_@V]NCx@q@pAwARa@hBuHTs@n@sCh@aBt@}@ZYb@q@Z[XBTCPU~@uATc@vAqDx@s@V[z@i@`@[v@e@t@w@RTVBz@R`@Rt@j@FHJf@IZW`@sBvFi@~@WXCAIIUk@Qo@W_@Q@g@dAQVOb@mBdCS^YX{@jAYh@[Z{@hA[b@OXGd@Cr@Y~BAfBGjAQx@AvAUbB]bAAr@KbAS|@Sj@i@\MRWj@Jp@A^GV@XI\Gv@O|@KZQbAOZ[bBg@pAKx@U`AGT[A]JKHS^_AnBi@x@Qv@UZm@lAiAtA{@lAURKGY[q@}@kAo@U[]o@Uq@c@g@]g@}Bg@YUa@MOAM?SKIq@Q_@OCe@Fo@Wc@B_@HYAa@M[UMWQAYM{@s@EMkAm@_@YCEBc@NaA`@iAHy@@s@KoAAaAHcAZ{BLmBTq@,2,,,,,,Diego Galdino
2,Morning Run,8231.4,2785,3016,15.0,Run,Run,0.0,Garmin Forerunner 645 Music,14039693218,2025-03-30T06:33:37Z,2025-03-30T08:33:37Z,(GMT+01:00) Europe/Amsterdam,7200.0,,,,3,2,0,2,0,False,False,False,False,everyone,False,g23116162,"[52.21, 6.88]","[52.21, 6.88]",2.956,4.95,83.6,12.0,True,153.1,166.0,False,True,48.0,38.0,14986925896.0,14986925896.0,garmin_ping_424581866777,False,0,0,False,20232024,1,a14039693218,sht}Hiu~h@KBIIICS@Wt@UjAUr@JZDx@lAhDXp@Pf@Pr@N^~@xCRb@\rANv@h@bBNv@v@vBZxA\rCd@rBf@tAl@rAPVb@|@T`AP~@Z|B?b@Lh@LdBVdBThDJr@VrCNt@Db@VzANfBNlAFbBr@nD?r@LzANh@TzADx@IbDHpAKdA@LJTB^BzBEhA@r@Hb@CnBLhGAzBDnB?p@I`@F\HpB?b@FFEAII@CFzDNbBB`AAbBB|@?fAHxCA|@DxBAfCJlCHrAFjEE|B?nDGlEKvCKzF[~HGrC@nFLx@l@zBvAhDz@fBfC`GdAlB\l@v@dA\r@Xb@nA~@n@\nA`@xAt@r@b@d@Rt@Vd@FpAj@fB|@zAl@f@ZB?NWF?DBCJCACGHFJBQGOAsBs@gAq@kCsAiAe@c@OgAq@y@k@cCcA{@Wg@]a@_@W_@GS?KQu@a@g@_@_@]w@y@cBgBgEy@{AYq@a@kAg@kCMqAM_DE{BBaCH_ANcE?gAT_IBsDFcEAoAK_CAaAG{AB{@AaC@qCGoAA_AD}DEq@C}COiCBcAG_CFqA?mBBk@A?DCC@?GzA}Co@bAY\MDCEMa@CW?e@O{EQ_E?eAFqCBiCCeAP}@@k@Me@QsAA}A[gEQoAGu@Mw@UoB[oBC}@QaBQgDMy@m@_CMu@IyAc@uCE_AQiAWgAe@}CYiCo@cB]s@e@y@[s@BIWkAG{@y@gEmAwD?ISs@w@sBOs@[eAm@eB}@yBi@qB[g@[aBY{@Ea@To@Vw@^iBBCN?VTUWC?ECA@DBFIn@n@,2,,,,,,Diego Galdino
2,Morning Run,10119.5,3779,3779,13.0,Run,Run,,Garmin Forerunner 645 Music,14016908177,2025-03-29T07:08:23Z,2025-03-29T08:08:23Z,(GMT+01:00) Europe/Amsterdam,3600.0,,,,0,4,0,2,0,False,False,False,False,everyone,False,g19811443,"[52.21, 6.88]","[52.21, 6.88]",2.678,4.333,83.3,16.0,True,155.4,177.0,False,True,47.4,37.4,14962352667.0,14962352667.0,garmin_ping_423803859080,False,0,0,False,20232024,1,a14016908177,iit}Hmv~h@E]D]He@BEZYNa@NOB?XPRVzBnBVNVh@dAfAv@|@NHF@TPPf@b@p@bB`ClArAr@h@VTdBbCRTh@t@RRND`@AZI`@@^F`@P\IJGLA~@Fb@H`@LpBXh@Bf@Jn@@NLG~AEhBPf@lCfCj@Xr@`AZP^Vp@x@pBbBr@v@FLPr@RVTHFsFPwE?}@Ic@L_F@{@P{ACu@Dw@J{@AoA\kCRiADyABQVMD?pB^h@@~@RH?b@HbA?|@Hb@FfD`Ar@HfB\p@HZMX@|ARb@L^D^HbALz@Bj@LhBVf@Bf@?ZL\VHj@MfB?d@Dj@HTACJ?d@XNTh@j@f@|@Rr@Nd@LRRVJJt@Vn@~@`@Zx@X|At@~@VfAb@z@NPFTLRXPd@X`@Nd@lAzCLx@z@~B~@jDBXt@vAHd@Th@t@hAZN`@JjApCLt@Nh@d@~AZx@Nn@XfBl@zBFf@Ln@fArDR^FRANWpBIr@G|@EjAOr@m@dBUh@_ArAw@~@Wp@eAnA{@hAa@d@_@j@CBO?c@UoAw@yAeAyAy@c@Qo@g@kBw@eE{Am@[CUh@_EZcBRw@Jy@^cBNkAL{BHsBI{@IE}@RYL]Be@?_A@cAE]BkAg@e@k@g@g@i@w@[WSKc@e@SA[m@Uq@SMORGb@@t@OfCEfAQjBKr@MnAi@|GKh@Sj@G\@hBYdCCn@[bBSt@c@p@kB|A}@j@e@HgAI_@SWU{Am@[KcAiA[a@Yg@y@aAw@mAsAiAiBqBo@e@WOQC_@OwAoAkB_@e@@aAJa@P[Zm@fAe@jAc@lC_@rBQv@o@pA}GdH}AvBe@p@]r@eDdIs@fA}AjB[ZG?GKKi@CwB?gAAyBMmBDq@E{AHk@IgFEu@RcASgAEo@EoBSaDKo@a@yDEkAQgAOeCWwBKk@YeCi@yBc@{DM{Ag@gEi@_EW{A_@yAQk@s@sAk@{AmAmFE_@g@gCWm@]sBUk@s@mCUk@s@wBq@kBeAyDc@{@Ww@[o@Oo@\_A^yAPi@PSPHZ\,2,,,,,,Diego Galdino
2,Afternoon Run,6560.4,2046,2205,3.0,Run,Run,,Garmin Forerunner 645 Music,13964218571,2025-03-23T12:56:35Z,2025-03-23T13:56:35Z,(GMT+01:00) Europe/Amsterdam,3600.0,,,,2,5,0,1,0,False,False,False,False,everyone,False,g19811443,"[52.21, 6.88]","[52.19, 6.81]",3.206,4.8,80.3,20.0,True,144.0,162.0,False,True,47.2,36.0,14905809718.0,14905809718.0,garmin_ping_421981878460,False,1,0,False,20232024,1,a13964218571,uht}Hav~h@QOC?MHKRSn@Eh@i@jA@n@Lh@|@nBd@xAd@dB\n@d@jBl@xARt@Jj@|@jChAbEf@vCTbATp@Lx@n@tANd@p@hANd@l@hCNhBH`BVvBl@xFF~Bv@rEr@jH\dB\|CV`BXdD@vDD|@AXGLEj@NhAFp@C`BD`GHbGA|C@xBChARzCOwAMGHGHBPjDB~BH`AFhBHrMFpC@|BJ|BCf@AnBJpGIdGUzISxFSxI@rFN`ATn@P|@X`AdAdC~BzE^|@fAtBhAnBf@dAZd@d@\ZNjChAfAl@dAb@jB`Aj@Tz@h@|BlAd@Rn@PECQ?e@Qa@Y_@MQM_@Mk@WMCn@Xd@XfBt@b@JdCjA`DfAb@Tx@XrAp@jBbAp@d@|DxE`@`@|B`DzB~BhArAtAbCrCbIlBtEbBbFnBbFtAzDz@tBbF|NdAbCz@`Cx@jB|BlGFN?LO[uB_Gl@jB~@zBB@`FfN,2,,,,,,Diego Galdino
2,20 km | Moderado,20005.8,7442,7837,25.0,Run,Run,0.0,Garmin Forerunner 645 Music,13951255157,2025-03-22T06:33:52Z,2025-03-22T07:33:52Z,(GMT+01:00) Europe/Amsterdam,3600.0,,,,5,9,0,1,0,False,False,False,False,everyone,False,g19811443,"[52.21, 6.88]","[52.21, 6.88]",2.688,4.025,81.9,15.0,True,155.1,178.0,False,True,36.6,23.8,14891883576.0,14891883576.0,garmin_ping_421614887976,False,0,1,False,20232024,1,a13951255157,{dt}Hop~h@k@mBmAiAIO?e@f@eCD}@DGtD^b@P~BRdAA~Af@vBAjAZ`BFxA^`AA`ARv@BdBSbA?`BRjA\~@AxATjBl@lFfAlADfB^x@BjAd@^IbFVvF|A`AHlE|@tCOtA`@nDl@bAJNCx@i@fACf@r@r@t@`@FFeHLkDL_BBqEXgAJkEv@}OByBNaBH{EJiB@sBXuADAp@^f@@x@VvC\dAGt@FzE`AjBLhDlAb@f@rBhAlATzAv@rBDp@ZfAFjA]|@sAbCUj@K\WjDiDjCmB|@sAn@_BRWlBoDVATS`@Kl@NbAnAf@x@p@t@Xf@n@p@jAfB`EzE|FpGvDlFlC`DhJnLbKbNfAlBlBzCNf@^fD^tBBlALdAlAhH^dBd@tD\pBHdBd@tBh@pBAv@\hB?xBx@hEj@vBh@hAF`@n@dBXtAl@hAvBnGz@rB\jAfAtCf@bAzA`FjApBdAxAbAx@vGxHzD|DfAtApDvD^t@Ap@v@jCj@|BZ|AXfCpApGx@pC|@rDzAdI`BnGrAjH|ApGPlAd@dBXnBPnBJ`DNnAJjCLx@JbBR|A@j@\~DJxBEBk@k@i@Ki@\w@|@sHzJuDdGkCdDy@vAaDpEWf@cAlAcChDeCfAsBlAkB`@y@b@m@LyD`BqAp@sBl@gBz@gEzAoDbBqBV}An@kAVeAj@}@`AaAn@aCf@w@j@iAVQR}@f@}E`BkB|@qD~@e@Bi@j@eAn@yB|@a@Fy@p@qCv@oF~Bs@RgI~CUL[h@y@z@]PeCzBgCbBSj@EMYT@Em@p@iAv@{EnEiGfFgAnA_BvAeGpEgFpEiAfAkAwCgBqF_A{By@iCiAeCcAcDgAeCaAqCw@_ByAgE[oAqAwCkCiIUa@yA{Dw@eCcAcBuGoIaCgCw@mAq@a@e@k@cAy@sFsCwDcB}EiBeDmBgAYgB_A{AeAyDyA]JYGc@Wq@y@m@KWOGO@UFo@VKDMISs@_AqBaEsDoI_@eA]iCI_AE}Ej@mSDqDJsDBoHUyG?sIGiCBoB]qRFeEOqD?}EKgA@aDFmBQ{FLw@@o@Qg@MgAIqDSqB]sBWwCWyEi@}DYmCUu@]oB_AqJmAeJa@mAiAuBm@eB_@cB]cC{@yDeBmFIu@yC_Je@gBe@}@c@uAyAaEd@}JJu@LEdAb@bAf@RVKxAg@zBD`@jA|A,2,,,,,,Diego Galdino
2,Evening Run,4418.7,1860,1864,18.0,Run,Run,0.0,Garmin Forerunner 645 Music,13929517884,2025-03-19T18:42:29Z,2025-03-19T19:42:29Z,(GMT+01:00) Europe/Amsterdam,3600.0,,,,0,3,0,1,0,False,False,False,False,everyone,False,g18048384,"[52.23, 6.88]","[52.23, 6.88]",2.376,5.82,79.9,15.0,True,147.9,160.0,False,True,56.0,43.0,14868398334.0,14868398334.0,garmin_ping_420858792605,False,0,0,False,20232024,1,a13929517884,etw}Hui_i@Cq@Ke@Ui@o@_Aa@]]Ou@A[P[XG`@?r@@h@Jv@Ph@Xf@JJb@`@PHb@H\?^K\SNg@?u@WiB]eAMSc@_@[SYGe@@c@HW\Kd@An@Bp@LbAH\`@n@d@b@VLn@BHBp@AVSLSFSHq@?_@IeA_@eA_@k@WWa@Oi@Kg@?c@T[j@Ib@Ax@Ht@Hd@Vn@Zb@v@b@XH\D\?\IZg@Hg@By@Ky@Om@Qi@Wi@_@_@[O{@Ge@J]TQ\Gj@@l@Fv@Jr@J\X\\X|@Zj@F\ALILSNk@Ds@M{AMi@Ui@OUg@c@UIk@Me@@c@PYZCb@Af@Dx@Jr@Nl@Xd@XZd@\^Jv@BLCZWTg@FSC@GLGAABDBC?Hm@Ao@SkBGWYc@a@]y@_@e@CSDk@ZMRGRCV?f@F~@Jd@Tl@Fb@BB@ACDEGDG_@oAKw@Ai@@k@Hi@JULOLKPEZAn@DPFj@d@b@l@R`@P`ABb@Ar@B?MNCh@CCDm@?]GgAMw@]{@OO_@[q@USEq@JYNMLKTCVAr@TbCJ@AGA@Tb@DN@?_@qAE[Go@AeAD[FWJO\QNEd@CP@H?j@V\`@\r@V~@Fh@@XId@BA@BAp@GLCEByAKoAWy@Yi@]]OKo@SS?m@F_@TMVG`@@`AJ|@Nr@CB@GA@AEXn@B??MYo@Ku@Cy@DkAFWTW`@Q\Cn@?b@Pj@r@\~@TzA@ZGZ@HCDB@E??B,2,,,,,,Diego Galdino
2,Evening Run,10006.9,3636,3785,23.0,Run,Run,,Garmin Forerunner 645 Music,13919632706,2025-03-18T18:07:23Z,2025-03-18T19:07:23Z,(GMT+01:00) Europe/Amsterdam,3600.0,,,,1,4,0,1,0,False,False,False,False,everyone,False,g19811443,"[52.21, 6.88]","[52.21, 6.88]",2.752,4.78,81.4,13.0,True,156.1,180.0,False,True,64.8,46.0,14857700013.0,14857700013.0,garmin_ping_420553886655,False,0,0,False,20232024,1,a13919632706,uht}Hsu~h@Ui@?[\kAHQf@qA@i@EIa@?o@M_@W_@_@]c@Gk@L{D@kAF{@BoBDg@HgEL{@VuDJq@FsCFw@J_CFu@Tk@T_@B?Di@BwEDm@ZeCXsAHwALy@HeAByBB}@A}ADq@E@DCEsAQsB[_BQeBa@}BoAeJ_@cBGq@iAgFUq@u@qAs@_AeAoBWo@c@{AWaBMg@Gq@C{AMkASeDHqFMeBIe@YcAqBcEq@{@SOsAk@SK_@Mm@Ie@M_@EgA_@[WkBy@iCoB]o@OGo@y@OKO?aAUyAo@aA[q@OUAg@?_@Hk@?cBn@a@R[H[I{@EYKy@Ka@MkAKwAGk@Fs@Pc@V_@ZITa@`@Yn@Kl@MhBKn@IPe@d@MJq@RmB^mA\{@?m@DaAC_AD[A_@FmC?cB~@]X}@nAc@fAOf@Kp@En@Kt@EbA_AlOFv@Tl@dApB`@`A\|CJ|BA`A@`AGj@R`A\pD@~AFt@@jAVnF?jBEr@[vB_@`DKvBGtBIt@UlDy@hEEv@[|BCn@J`Aj@rAt@hCH^@V~@pEHp@JtBn@fDf@rEHf@VjDBj@Dj@DtBGnBG?UY{@s@IOAoBCg@Mq@i@oA[Yw@]MCa@?a@L_@^K`@DbBLr@Lh@Xf@f@`@|@d@f@BNERKXWRAt@v@b@j@PPZ|BRn@NXLj@AVM^n@r@LDXVdApBx@hA^F`AC\Lb@D\Lv@PHBPCZ?~@Nb@@ZLL@FDVAbAHdAD\Cb@Bd@Cb@BVBFCH?Z[HCJDH~A@`APvBFbBb@lEDhADvBHj@?C\\j@\nB~Ad@RLDT@lBU\F`@JbAr@TD@BEBH?ZId@W`@[Vk@|@qAVw@h@eAb@uCTaDHc@Je@f@cAPQj@[`@Gf@AlA\d@TXFvAj@\Hx@B|BRb@?l@EbAc@^[fB_CVe@r@{Bd@aAVm@HGFBn@t@~AlDh@~ANx@Xv@b@~@jApDDd@HZv@`CLAPJTQZe@bAiA`@]DAXJRLNDTGJM`@aBRc@TsAAMGSo@{@_@c@WIWZU`@w@s@eBgBm@aACy@KSGFA`@PJJUG]KEC@GXHTD@JM?[a@m@,2,,,,,,Diego Galdino
2,Morning Weight Training,0.0,3289,3289,0.0,WeightTraining,WeightTraining,30.0,Garmin Forerunner 645 Music,13905731477,2025-03-17T09:43:01Z,2025-03-17T10:43:01Z,(GMT+01:00) Africa/Algiers,3600.0,,,,0,2,0,1,0,True,False,False,False,everyone,False,,[],[],0.0,0.0,,24.0,True,80.8,106.0,False,True,0.0,0.0,14842661380.0,14842661380.0,garmin_ping_420130209796,False,0,0,False,20232024,1,a13905731477,,2,,,,,,Diego Galdino
2,Moderado | 10km,11001.8,4106,4116,22.0,Run,Run,0.0,Garmin Forerunner 645 Music,13881080216,2025-03-14T14:28:56Z,2025-03-14T15:28:56Z,(GMT+01:00) Europe/Amsterdam,3600.0,,,,3,4,0,1,0,False,False,False,False,everyone,False,g19811443,"[52.21, 6.88]","[52.21, 6.88]",2.679,4.4,82.4,11.0,True,156.1,184.0,False,True,61.8,38.0,14815808465.0,14815808465.0,garmin_ping_419308927048,False,0,0,False,20232024,1,a13881080216,igt}Hqt~h@AIs@kAGY?ORq@Tk@Po@JOFWHEx@E~@Rd@FlABb@Jp@GfARb@?LFh@Hr@A^FR?P[DeBA}@BKJQFg@Bu@?oBJkFA_DHkEFaA?iA@uAB[CaD@s@KgCBw@Dg@Rg@~ASvBQTEnBE|Fe@vAUdADd@JlAHb@H`@NV[Do@OyAHC?w@Jk@Tk@RUd@IPS@Y]oGB_BEaBMGy@K_AVI?{@]i@]y@_@]Ic@g@qAw@a@g@YOWEe@Be@OeASgAIkBBe@DiCEcAB{@YGGsAXYLoAX{@V[\e@Pm@BmBl@CEMo@KaACi@i@wCa@cDEm@Om@gAuGc@qB]wBa@iBOi@Wo@}CaFa@kAEEi@sBKk@]_DA_AWoC?y@DoBCgBY_DOq@m@kBc@gAQUkAqA_Bu@iBc@e@SmCu@_Ag@i@]_As@]]U]Sa@_@Ss@w@YAa@KaA_@g@]eBk@w@I]BiA^_@F_@Ni@^]Dc@AgDi@oBQyBEUDSLc@NqAtACP[r@Kd@SdCQp@e@d@_Bd@w@Jo@PiCR}@IuDVc@FgADq@P[P]ZY\e@|@}@fCQdAYtCIpBUzBAbAI|@MxBBl@Ff@Pl@Vn@f@~@Pp@^fBZrBFfA@jCA@COAD^pFTvFJxDDhEE~@QxBm@bFKnB_@vFYxAAZWlAYzDCz@Er@GCAGEAMYBAFNZ`APv@v@pCb@rB\lAJn@ThAV|BVdBDn@j@nD^nDTrD@t@Ax@IhBGAe@s@]]QWBiAE}@OcAQm@Ug@WY_@Ua@Ma@Ce@P[ZSh@Ax@Dz@Hn@Rr@NZn@~@b@V`AC`@UTURLRVf@Xb@`@FPXlBx@vC?XCLC?fAlA`B|C`@d@XLb@Dj@BZIlBZd@Ah@Hj@Pd@@d@NCLGHGRb@Sz@ExB?hA@j@Bj@Ej@DVpAH|AHz@b@dGJhGBTVLx@v@d@h@`Az@f@Vd@BnBS^@jAl@`@ZBEL@XM~@q@Ta@V[Ve@x@_Br@sCJo@LkBJcAP}@Ri@JSJOb@[n@UjA?\NfARl@T^VhAb@nBPlACb@IzAq@`@YZa@j@_Az@mBRe@Zi@Z_AXg@HBX`@DALNVMPUHSLs@Bo@^w@\BXVz@fAx@|@,2,,,,,,Diego Galdino
2,Moderado | 10km,10007.7,3695,3725,14.0,Run,Run,0.0,Garmin Forerunner 645 Music,13863091109,2025-03-12T15:28:14Z,2025-03-12T16:28:14Z,(GMT+01:00) Europe/Amsterdam,3600.0,,,,0,3,0,1,0,False,False,False,False,everyone,False,g19811443,"[52.21, 6.88]","[52.21, 6.88]",2.708,3.5,81.7,12.0,True,157.5,181.0,False,True,50.4,42.0,14797098211.0,14797098211.0,garmin_ping_418730033898,False,0,0,False,20232024,1,a13863091109,_ht}Hqt~h@E[[k@CQDe@f@kBDIH?\PPVZVX\nA|@|AzAt@~@x@z@^`AvCbDb@n@\V\HX@PRRr@Xp@p@dA`@d@FPV\VJr@Fb@C`@Dr@PfAG^F|@F^H~@?ZBVFd@DzAVFLGdAEbBBVDJxApAtAdB|AdARJfAnApApA\h@l@p@Nj@PP`@LFI?sAE}AD[FcD@yCAeD@w@RiBDOFe@@g@CyALuCh@yDLyB\QnBXd@D~@X|@N|@NN?|Cn@d@DdAVRTr@LTA\BfANL?`AJXH|@HvAF^Md@F`@JtFd@XJZD?Bh@N?TCtA?lAGx@Rh@Zf@x@bANZL|@Xh@DRTT`@H`@N|@t@hAj@d@`@hBn@`@Dr@VzAX\f@Vf@Vb@r@tAd@hAJd@Db@Nb@VrAz@tBt@~Bf@fA`@pAv@|@j@Xp@vANb@Hd@|@|Cj@|Ab@xBb@zArApGJZVd@@^_@tEAn@Kj@k@tB[t@uB~C[f@wApBg@j@}@nAUTaAc@IA_@Q]YuA}@cEyB_@Y]KeFqB]WFk@d@aDd@kC`@eBR{AZ_DDaBAo@Go@GCmBl@e@CgBAy@Fe@Qe@U{@{@cB{B]_@Yc@[Se@iAQCY^Gf@M`FEh@UfBKdBSzBMnDIt@Sj@Mp@?p@[lDm@xDUh@i@r@o@r@i@XmAb@m@Fg@IaAg@sAc@_@SuBaC[_@Wg@kAaB[]]Mo@q@]Y]a@m@y@_@U]Ia@Q{@w@_@YYMgAMe@?eB`@]TMZc@p@a@hASt@s@hEUfAQd@[d@y@z@iBbBwBvBuBrCa@n@Ut@u@vA]v@W`@Wr@m@pAuBhDa@^C?IMOu@EoB?w@DuACaB?e@I{A@aBE{@?mFJe@Bs@K[Gg@Eo@?w@SsDoAuJEc@Bc@Gy@{@}HKq@a@gBm@_FOy@Ma@Iy@SsAIISq@SiBW_DO}@oA{CkAgDc@eBk@cDU}AMs@Qc@u@kCUe@Oa@Kg@Yq@{@{Cw@_COk@_@mAWq@Ua@Ys@,2,,,,,,Diego Galdino
2,EDP Lisbon Half Marathon,21197.8,5612,5612,21.0,Run,Run,1.0,Garmin Forerunner 645 Music,13831585618,2025-03-09T09:31:08Z,2025-03-09T09:31:08Z,(GMT+00:00) Europe/Lisbon,0.0,,,,0,87,0,408,0,False,False,False,False,everyone,False,g21794451,"[38.68, -9.17]","[38.7, -9.21]",3.777,4.963,86.2,20.0,True,168.0,189.0,False,True,76.6,-9.0,14762951138.0,14762951138.0,garmin_ping_417734891680,False,0,3,False,20232024,1,a13831585618,oqakFv}~v@}AVyALwAJeIhAkCd@kAFmCZmC`@g@PcBNoB\uEb@}@R_CTuDp@sHbAyCV_C^iALmCd@kFx@}M|AyAXgNlB}IdA_EJw@?cESqEo@aEmA}DuA_FqAoB_@iAKkACq@JsHO}@I_IUwBOoCCuEUyAWgA]_CgAuDmAwAQ{BMyAD}APCA?MPMb@KxBYhCCp@JlCp@`Bl@rCpAf@PfCd@hHN`GZfB@tBTx@EhANdCDVC?GYMsB_@s@Eo@H[PY`@Sj@Ij@APHz@Vp@t@x@d@TRBvFR|AEzBHd@Gf@Wf@s@b@_BFo@^aCP{BR_EHaDL}ARgAVa@JMNCpABxANtCb@tCr@^@n@HlA^^Db@CV]Fm@Ew@Gi@u@{Ck@oCe@eDOqBQ}@A{DFi@IuCBmBDY?u@KkBBaAC}@NuHEmCMmBKmD[yBOkBUoBq@mDc@aBi@sASq@c@y@m@cBe@{AM]MQQi@mAsCIm@NAb@z@nB|El@pBlBpENh@\rAh@nCb@pCDl@^rCd@jFB~@CrB?zBEZCbBBvHEr@LrAJf@?RIxDIVCv@@nB`@jEh@dD^fBLfAf@tBn@lBt@vAVj@d@t@Pr@Z`@h@bAJ`@t@|Ah@`B~ChHRd@Nn@Tj@Dn@j@tAV`@pAtDPp@J`AnArEx@pEz@jFJx@n@nHDfATnBPrBl@|FJ~Ah@jFX`CP~CHx@T~EB`CJhCJ`BF`DDhDDpBLjBLnAJj@jBvRJl@x@xIn@pFDn@Hd@h@jGb@pDZpDLpCL`BBhBLbD`@bHPzGf@dJFlB@jBQnBOz@[z@_@fBU|@WpBcAtEQf@o@xAm@jB]j@yB|EgBlD{ApDc@t@kB~Dk@bBiArES~@s@fFGx@IdF?lLCh@@~FCnA@rACjAInCKjAIlEM~DMdAGfDIdBKdFGvGQrBCdCWhHCtCGv@E@CS@m@FiGFiBNkCFwFJcCAk@NmADyAEw@?gBJeBHiDLmBDsC`@aHCmAFcEA{A@m@HeA?oAAqBBcDImENqDLeBRyAPuBd@sCv@wCj@iAX}@|BoEXy@l@sA|B{Ez@wAz@oBr@uA|@aC\s@Rw@Hm@`AyDLaARu@j@oDFo@RaAH}AGoDEq@C{@KgAEyCIgAG_BQyBG_DW{D]uJQaBS{Cu@uEMyCGo@WqBU_EAGGIGAoAVeBl@Y@,2,,,,,,Diego Galdino
2,Fartlek | Pesado,8471.0,2822,2822,8.0,Run,Run,0.0,Garmin Forerunner 645 Music,13787446212,2025-03-04T15:03:45Z,2025-03-04T15:03:45Z,(GMT+00:00) Europe/Lisbon,0.0,,,,9,3,0,1,0,False,False,False,False,everyone,False,g21794451,"[38.71, -9.14]","[38.71, -9.14]",3.002,7.017,82.4,17.0,True,144.6,163.0,False,True,-6.0,-15.8,14715113914.0,14715113914.0,garmin_ping_416317325962,False,0,0,False,20232024,1,a13787446212,yrfkFn{xv@QFCR@PZdBADGBa@JMTCNGn@DrBHl@dAt@FHDT?LFNALa@lAi@bCa@rAw@fBGTNHFF?JOv@X`B?XNrAl@lEZlEPvAH~@VdBHbAJv@N`BHb@V`C@VCl@VhDEH_AX]NaA\EX@LTj@v@nAf@nAPZJ^Db@Bf@D`@`@pA^b@Zl@^hAThANjBJf@`@fAPRBHNJb@u@LMHEj@NBNAb@[dEO~@Qx@OvA@z@AdC@hBJrA\nD`@~BLtAFb@FbAd@~DLvAZbCPhA`AnI\lEDrAT|BAHBAC[SgAO{AYiAMaA@]Ce@iAaKMkBMkAMiBh@vCDr@LbA?R@@BIKa@OeAOw@UyBUkA[aDUeBg@uE[cD?ERbA^vCWgBKkA@KQmA@mAEoEDe@ZmAj@mEVwAIj@G|@MlAOp@XmDPu@AOGKWESKMLSf@SDIEOSg@{@Mc@YsBYeAk@sBk@}Aa@sAHFh@fAXb@Rj@@ZPr@IUS_Ac@yAc@y@o@y@?KQ]K_@_@cAMYSYk@iB?WLO|Ba@^KBEBQEm@CGNlAIF]HQJ\GTYCs@Kk@Gq@Ac@D]Q{ASqAg@}D_AgJJ^f@pD?EOyAUyAGkA{AkLEq@A_@Hw@AOOQAEJg@Zu@D]Tc@cAfCCV^ZSS?K^iAFm@p@mBNa@HI}@bDs@tB?RRPBPKh@ARPpARnBRvAHdBf@fEDIc@{DMi@Gq@]mBg@_EFa@Ha@?OSWF[Xq@B[H_@\u@XeARe@Ly@Pi@@QCCUOk@SCCCKFyAGu@?sBJ]Te@\OBGW_BEa@?K,2,,,,,,Diego Galdino
2,Pesado | 12km,13592.4,3764,3867,2.0,Run,Run,0.0,Garmin Forerunner 645 Music,13757616058,2025-03-01T10:00:39Z,2025-03-01T10:00:39Z,(GMT+00:00) Europe/Lisbon,0.0,,,,1,4,0,1,0,False,False,False,False,everyone,False,g21794451,"[38.7, -9.14]","[38.71, -9.14]",3.611,5.6,83.6,19.0,True,152.6,186.0,False,True,-11.6,-15.8,14682637867.0,14682637867.0,garmin_ping_415344955126,False,1,0,False,20232024,1,a13757616058,cqfkFp{xv@EB?D[LEH?NRpA?h@SDURQ`@ItCJxA@n@dAl@BBDZeA|Cc@`BKh@Q`@W`A@JRP?LQl@CTLj@F|@XbBd@dENbAJlBNz@L`Bf@xELbBd@~D@TGl@Df@XhB@RGF_@HWHk@JYNSFEBCRT|@Rj@TPjBnEj@~Ah@rAFv@d@~BRjBLp@v@bBHJJOd@cAPCb@`@Fd@_@hBSjBo@dE?lCBbCDn@f@tERhAZrDZpBFz@N`Ap@xGR`Bd@~Eb@~DJn@H`AFdBFr@TVZIZ@VNbAJ\nALRRb@?b@Cp@Fr@Mb@?ZJf@x@bCR~@ZjA\fBf@fBHBNA~@Wt@MZININ@Hb@Fl@JVH`@ZdD?|@Dt@TfBPdCXlB^nDrAvMTjAl@vHj@jFL|APvA`@nEjAlJTrBB`@?`@Ll@Dx@Ll@HfAB`BHv@FPPnBHt@Px@^lDAVQn@?bAHbANx@P\VPXn@ThBP~BPp@Lz@l@pGCr@GTIBc@Fm@Te@B}@^?D\xABf@If@Dh@N`@Jl@\pDJd@VVt@R`@@pANPKTd@JzA@~@Z|BVdAn@`FZdEXxC@r@Kn@@NFJFBFEBGAo@gAkJUgAYuBa@eADm@OoB]mDG_@KWYEgCV]@CCGi@_@wBMmBQaAOe@GYCk@Fs@Ci@Om@A_@BGVIfDq@B[K}AMkAc@aCOeBIg@g@}EMYc@c@Mm@Is@GaAFu@RiAYcC]oDOs@Im@MqBm@mEIeAQg@Wm@IqAAwBKq@]oC]cEuAmMCm@g@qFa@uDW_De@mEM{As@}FiAoL_@yCAc@M_@QCk@H[Te@P_ALEu@Qy@]o@}@aCKs@_@oAMq@Uq@Cm@F}AK_@E}@Y_Ce@[ME[Ne@Bu@VGOe@cFU_BMmBQcBOg@Ig@c@uDM}Bq@kFe@cDEo@oA{LFuCIcA@sBPo@?i@GoAMqAIe@S]Ig@Ei@I]i@yAGk@Y{AYiBk@{B_@_A_@iAk@oAY_A[i@USg@u@Qk@?QDGv@IxBg@@_@KcAIa@q@wGMeDU{BKo@MwBu@}FE_AMeAYcEMcAF{@KKAEXkAj@_BNi@Rg@`@uANu@AUCEcAg@EEAM@wACw@@cAEe@@e@Ta@t@S@G]oBA[H[,2,,,,,,Diego Galdino
2,Afternoon Run,10008.6,3143,3150,15.0,Run,Run,,Garmin Forerunner 645 Music,13734140160,2025-02-26T16:31:59Z,2025-02-26T17:31:59Z,(GMT+01:00) Europe/Amsterdam,3600.0,,,,1,3,0,1,0,False,False,False,False,everyone,False,g19811443,"[52.21, 6.88]","[52.21, 6.88]",3.184,4.071,83.1,11.0,True,145.5,164.0,False,True,51.4,42.2,14657158644.0,14657158644.0,garmin_ping_414493643870,False,1,0,False,20232024,1,a13734140160,kht}H}u~h@QYGe@Fe@Lk@HUR[DAPHRNFNj@v@z@t@DCZLXTj@jAVXv@z@^TTJL^R\`C|BrA`BhAz@Xn@~@lARj@T`@h@d@`@Ld@Fj@AVFd@?f@Fl@?`AR\Dh@?^Cb@FxBPTDZJDXC`@EbBHh@`BtBd@d@r@x@r@r@XL|@l@`CbCv@fAHj@LXRNR@BEDe@CwBHaBJsDFyHHaBL_A?oA@aAZmEL_A@aAJkAAYDMf@IjANtA`@lAVbBd@j@HF?hAR|AH|@TP@v@A|AP`ABjC\h@P^Bh@Ch@@b@PpA\r@If@Ad@D|@d@HHBXO~ABp@NnAPJh@z@\^^Zl@fBf@z@JFj@Lv@bARPfAd@^V`@PhBj@lAn@x@LZRp@fANn@j@vAb@~@j@bBLj@Xj@t@dBNl@fAlCf@hBz@~@b@TXr@^r@b@jBrApE~@nDLp@h@tBJh@b@jBTh@[nFCx@Qv@s@~Be@|@kB`C_@j@c@j@i@n@iBlCYNgAs@c@OkB{AmBeA_@YkCoAu@QWIoB}@]W@e@XaCr@eE\aCNk@H{@V}EEy@UGqAZYDu@C}BFg@I]Sc@MEEaBkC[_@g@e@]g@y@g@MUGGC?[TGr@MtDOxASvDc@pFEdAE\]jACzBUfCQdAm@rBm@`Ao@n@U^e@ZiA^QB[A_@I}@m@y@Um@[eAkAcAwAeAmA{@oA_@[kBkBw@cAgAi@cBmAUKoAWK?q@HsA^c@Ny@|Am@xAk@rE[hAy@hBu@bAuCdC}AfB}@lAm@hAqA~CoBdE]Va@l@a@v@}@tA]DOg@E_BDoCFiAKkBEqC?}BGgACgCHo@Bs@Mq@OeBE}BKcAg@sDKiBW{BQeCQ_A}AoMo@oEQs@Ky@e@cC]{Co@aDu@yBq@{ASm@gAwE[_CQs@]_AQ{@sAqEcAkCqAoEOw@Qm@g@}Ae@u@O]Zq@Tu@BU,2,,,,,,Diego Galdino
2,Afternoon Weight Training,0.0,2908,2908,0.0,WeightTraining,WeightTraining,30.0,Garmin Forerunner 645 Music,13733602874,2025-02-25T15:07:04Z,2025-02-25T16:07:04Z,(GMT+01:00) Africa/Algiers,3600.0,,,,0,1,0,1,0,True,False,False,False,everyone,False,,[],[],0.0,0.0,,23.0,True,77.1,108.0,False,True,0.0,0.0,14656581039.0,14656581039.0,garmin_ping_414480725476,False,0,0,False,20232024,1,a13733602874,,2,,,,,,Diego Galdino
2,Morning Ride,31523.0,6983,9310,39.0,Ride,Ride,,Garmin Forerunner 645 Music,13703783244,2025-02-23T09:01:40Z,2025-02-23T10:01:40Z,(GMT+01:00) Europe/Amsterdam,3600.0,,,,16,2,0,2,0,False,False,False,False,everyone,False,b12624991,"[52.21, 6.88]","[52.21, 6.88]",4.514,9.638,,17.0,True,113.8,147.0,False,True,30.8,7.8,14624160962.0,14624160962.0,garmin_ping_413539372270,False,1,0,False,20232024,1,a13703783244,_gt}H{r~h@qAeB]MsAlEy@{Ae@?cApC_BpDg@z@{@bA}@\eEF}HkCmBXs@v@y@~Ak@~G}ArEMx@e@`AuAt@q@cAmAg@qEA}@o@gAyAi@_C]kEYwDOiHMcB_@Jk@xAyBUiDD}NyA]]wCoHCg@d@qAq@e@d@r@An@}CrJ_AzDk@|AMfA{BdH\~AhG`HBTg@pG}@rGm@vHQlDBfAZb@pAa@fAF~NpAbE|@jAEpApL?x@s@hDAVPb@Ed@kD`LqDvHsBbCkC|E_B`CcFjLsDbIu@bA}AjAc@r@mAlFsArAoBbFsH|LkAvCsDbHmDhG{GtKqJ~QIf@F|AYx@o@nC]j@{AhAaAnDgEdImSr^yi@bdAsGfLoC`GyE|IwFfJgDxGeBxFe@dGa@fC{BfHe@pEoCtI_ApGgA|DeBfIcC~IQRQxAqCpKg@zAc@T_@r@yA|EiAnAoCkB]Je@lBFfBYl@qBG_@Re@zAm@nDw@v@]D_JnIcAZSXOdBsAz@mCjCeKrDs@?Qz@OJwCbAwClBoA~ASh@c@`@ENXnAG\\vAOlBaBlHyI`TWbCaG`LCfARvA`B|CI^ud@rd@u@l@w@SoQdRs@z@i@hAo@f@o@FgAvC_ItHsB~B{H~GgQzQiA[qCvFmSzSU@k@_Ae@OeAbBuApA]JXvANBAKLGDJEZDOKDLMIBJBSKTgAj@HjAwAd@STm@|@BhRqRhDmGvALrPaQfFqElO{OpAyCl@El@k@hFqGbMsMr@TTK~e@_f@Ai@wAkCW}ACkAlFqJ`@gAH_BnI_SdBmHd@oD^q@Ak@c@{BJq@`DaDlFcBp@L\}AzJsDfByAlBiBN_@E_AT_@xAi@hKyJdAuDx@wAdBEf@WVcDNe@|ACnBf@Bs@zByDVaAhAyAnAwFxAgFDcAn@k@Rm@rDwQ|AkF~@mFV_@lCsJ^oEpBoGp@wFJcClC}HdHoM~A}BpYqj@~JuQbWaf@|FaKfCoFfFcI`FsJ^eB~EqIX}@McBJo@bPuZbBwB|BwD`FiJlBsEnBoCdD{FfB}EnAsApA{El@aAfBuA`@s@xEqKpAwDxHyMtCeDtByDrD{Kr@cDWo@p@mCHqAgAaMjAy@xCUzB`@xBm@o@qSEuLHmClBrBp@\v@LtBQjCjAbBaApDwFjAcJVkAb@o@x@Y|@@tFdCfFCzBeAfB_C`C}FTW|@^ZMtAqDfCpDM\`@IKMUFf@NCA,2,46.7,,,False,326.0,Diego Galdino
2,Afternoon Run,4226.4,1562,1602,9.0,Run,Run,,Garmin Forerunner 645 Music,13688030281,2025-02-21T15:19:54Z,2025-02-21T16:19:54Z,(GMT+01:00) Europe/Amsterdam,3600.0,,,,0,4,0,1,0,False,False,False,False,everyone,False,g19811443,"[52.23, 6.88]","[52.23, 6.88]",2.706,6.66,78.7,21.0,True,141.7,168.0,False,True,62.6,55.4,14606974809.0,14606974809.0,garmin_ping_413033043976,False,0,0,False,20232024,1,a13688030281,snw}Hk~~h@UTC@CPINIKE_@YaA_@qCQi@c@e@Wa@SSCK@}AIaAo@oBUg@]We@Mm@AYG]RU`@Ib@ANVtBPr@Vl@Z\^V^Fb@@f@G\QN[Jg@QwBUaAa@o@YFm@Gw@Ri@XOb@Ed@H`ALr@Th@b@h@RPb@n@VHd@JH?`@SFEX{@D_@?yAG]Sy@e@{@m@Wg@Gq@@ULc@`@Ej@?z@H|@J`@Tl@p@|@^TVJXB^IZa@Rm@FiA?}@My@Ui@SYk@a@e@S_@Cc@H[ZQTCx@D`BHx@Pn@\`@j@f@RFT@d@Gf@UT]Pk@D{@Gy@YaAM]]a@e@Yg@Qk@Cc@Hc@PKLCj@FbAVnBPh@V^z@r@`@HXG\CTGFGTm@B[E{AG}@Mi@Oa@Y_@YY]MGAK@IAQDQJECb@@j@DXN^^Xh@Pb@Pv@Fn@Az@Gj@Sd@GFSJSDUBq@Ce@QGGe@s@Qg@G_@Ww@AWDg@PdBPp@`@r@TVTNb@JN@t@KVINQJ[D]@_@CeAM_AOq@S]m@e@GAe@QM?[CS?MDEDD@RE\CP@PF`@RXVd@p@Rp@PfA@hAEh@KTMPSL]Fg@DSCi@U[[KEI]QQEKCM@AAFBSKACGEi@?QDIX`BP`@\n@VTTJ^FXCPCVK\a@F[D_AE}@Ms@Mc@ISi@w@?K?LEK?D,2,,,,,,Diego Galdino
2,Afternoon Weight Training,0.0,2999,2999,0.0,WeightTraining,WeightTraining,30.0,Garmin Forerunner 645 Music,13688028178,2025-02-21T14:16:12Z,2025-02-21T15:16:12Z,(GMT+01:00) Africa/Algiers,3600.0,,,,0,1,0,1,0,True,False,False,False,everyone,False,,[],[],0.0,0.0,,24.0,True,70.6,105.0,False,True,0.0,0.0,14606972471.0,14606972471.0,garmin_ping_413032999278,False,0,0,False,20232024,1,a13688028178,,2,,,,,,Diego Galdino
2,Afternoon Run,8000.0,2715,2715,0.0,Run,Run,,Garmin Forerunner 645 Music,13670763748,2025-02-19T15:51:06Z,2025-02-19T16:51:06Z,(GMT+01:00) Africa/Algiers,3600.0,,,,0,1,0,1,0,True,False,False,False,everyone,False,g19811443,[],[],2.947,4.025,82.4,22.0,True,145.2,172.0,False,True,0.0,0.0,14588094597.0,14588094597.0,garmin_ping_412463911630,False,0,0,False,20232024,1,a13670763748,,2,,,,,,Diego Galdino
2,Afternoon Weight Training,0.0,2279,2279,0.0,WeightTraining,WeightTraining,30.0,Garmin Forerunner 645 Music,13670373246,2025-02-19T15:12:19Z,2025-02-19T16:12:19Z,(GMT+01:00) Africa/Algiers,3600.0,,,,0,0,0,1,0,True,False,False,False,everyone,False,,[],[],0.0,0.0,,23.0,True,79.2,100.0,False,True,0.0,0.0,14587666924.0,14587666924.0,garmin_ping_412454015454,False,0,0,False,20232024,1,a13670373246,,2,,,,,,Diego Galdino
2,Afternoon Run,10025.9,3235,3332,16.0,Run,Run,,Garmin Forerunner 645 Music,13662239826,2025-02-18T16:58:37Z,2025-02-18T17:58:37Z,(GMT+01:00) Europe/Amsterdam,3600.0,,,,4,4,0,1,0,False,False,False,False,everyone,False,g19811443,"[52.21, 6.88]","[52.21, 6.88]",3.099,4.514,83.7,7.0,True,161.1,179.0,False,True,50.0,41.2,14578800482.0,14578800482.0,garmin_ping_412194312166,False,3,0,False,20232024,1,a13662239826,{ht}Hkv~h@CAOBQb@Mt@k@fB@DLb@LPRd@^t@C^BRt@fD^x@`AnCn@hCZ|@fAzEn@tBLj@Rz@XjBPl@p@|BrAvCTj@Nr@Lv@Fz@ZrBf@~Eh@jF@t@D^Hf@Pl@Jz@NbC`ArHl@~D`@`E?TA`ABfEKv@Lj@Dl@A|@BbCAr@PfLBxDCdCPbEDdEFr@@v@BhE?jGPhKAl@JxDDzGAbCO~DI|DObEE|CKzBKvDA|@BnA?~@JhAz@bDtAbDhEjJ`AjBpBjDb@ZjATv@^b@Pp@\j@`@h@XvEhBf@ZvCvAn@\t@X\V\Nb@FfAx@`Aj@ZLl@`@nDbBfA|@dEzEbC`CpCbDv@`A^n@r@pAVj@LNRAFHfAzCNh@bAlCTf@^dAAKi@cA[w@WaAq@_By@kC}@qBy@{AmBeCyFwGo@m@]k@Wm@]MkAmA_@Yu@c@i@SoB_AgC}@yBiA_AScDmBMCWS]QYUiDqAg@YY[[W{A}@{Bs@yA_Au@{@_@{@Yg@W]]m@cAsCg@u@Ue@cAiCgAcCi@mBQcAWgCEsBD}E\eSBqCJo@@qDBsAAoBQyCAq@Ba@AuDE{@?kBHmE?}@G_BEkEQcCEuBJeF@ICy@O{AA{@FqBCgBOaDAiADq@E{B@cAEuBJg@@OYgCCcCEo@MqB{@eHEoAc@cD]cDe@_Di@yEc@kBAWWoAIy@]}BQmBMi@Iy@Kk@_@oA_@u@_AiCK][q@}@kEYcBK[QcA[qASi@_@}AQi@}@wBUe@k@iCYe@]aB]s@U}@Oa@Yc@Se@DMVe@Pu@D_@Xw@RSPBPHXTLR,2,,,,,,Diego Galdino
2,Evening Run,10000.0,3608,3608,0.0,Run,Run,,Garmin Forerunner 645 Music,13653173853,2025-02-17T17:07:44Z,2025-02-17T18:07:44Z,(GMT+01:00) Africa/Algiers,3600.0,,,,0,5,0,1,0,True,False,False,False,everyone,False,g19811443,[],[],2.772,3.438,79.9,21.0,True,130.5,156.0,False,True,0.0,0.0,14568922297.0,14568922297.0,garmin_ping_411908650614,False,0,0,False,20232024,1,a13653173853,,2,,,,,,Diego Galdino
2,Afternoon Weight Training,0.0,3245,3245,0.0,WeightTraining,WeightTraining,30.0,Garmin Forerunner 645 Music,13652526890,2025-02-17T16:08:13Z,2025-02-17T17:08:13Z,(GMT+01:00) Africa/Algiers,3600.0,,,,0,3,0,1,0,True,False,False,False,everyone,False,,[],[],0.0,0.0,,23.0,True,81.0,110.0,False,True,0.0,0.0,14568228587.0,14568228587.0,garmin_ping_411893621836,False,0,0,False,20232024,1,a13652526890,,2,,,,,,Diego Galdino
2,Afternoon Run,14669.3,4689,4784,11.0,Run,Run,,Garmin Forerunner 645 Music,13644632336,2025-02-16T15:04:22Z,2025-02-16T16:04:22Z,(GMT+01:00) Europe/Amsterdam,3600.0,,,,4,5,0,1,0,False,False,False,False,everyone,False,g19811443,"[52.21, 6.88]","[52.19, 6.82]",3.128,4.72,79.7,9.0,True,158.9,190.0,False,True,50.6,40.0,14559467698.0,14559467698.0,garmin_ping_411599242370,False,2,0,False,20232024,1,a13644632336,iht}Hgu~h@]]KEE@{@vCWh@CJDLZ`@HZC`@BNxA|DPr@Tr@FHHPX~@`AjCpApERz@`@jA^rAT`BXbBn@fCf@tAjA`Ch@nBLz@XhCT|Cj@lFNv@L`Cl@dENbCLbAPfCPp@\fBh@`EHz@DbAAxA@|CENGf@Jh@Fr@DbBB~IFfFA|DGbAVrECrADl@Af@Dh@?`@JbELdJ@~FFx@@|@AzA@r@@~@Fj@AhCB\B~CKdFWfKCvBQjHEtD@xAHnAr@~CbBdElAbCfAfC|AtCZv@d@r@r@nAb@\h@Vz@R~Al@nAp@t@X|@f@`@ZdAb@XTb@TrAh@jBh@d@XvAl@fAj@RNI?i@Mc@OMKi@EGI[G_@a@}@a@~Ar@pAZp@Z`Al@pAl@lA~@vAn@jAt@r@j@`CbCbBlBfBxBlBpBjB~Bh@|@b@`AxBzFzApDrBjGz@jBbCbHbBnE~@vCZp@zAxDn@pBpCfHp@pBjB|Ep@pB^v@p@lBFXMa@KMUo@GGWc@CUk@qAe@cBtAtDvA`Dv@vB`@~@jCvHpDhJl@fB`@z@n@jBRx@b@`CVtBb@~Fb@fCbBxFdBjEvAlEVr@^t@n@dBXtA|@~Bv@fBj@`B^r@p@jBn@zAvB`GV|@x@hCz@|BhAlC`BdFx@pBU[M_@a@cAk@iBa@gAWg@AApAtCvFvOZfAn@fBn@xAp@jBb@~@z@bCXn@\j@Rf@jAdExA`EfAdD`BdEl@bBZnAXp@Zd@Tj@n@zBbFhNX|@nBbFNl@\x@Pn@j@hBx@pBj@bBLZBAF]C[EMe@gAaA{CsB}F_@{@qAwD_AsB[}@Ge@Oc@GGc@qAKUW}@_@y@m@}Am@iBYs@q@wBaB_Ek@qBkAmD{@yBmAeDeAiDsAyCsByGeCkGs@sAm@uBc@kAkBaGwAqDGGu@cBYaAmAkDk@oBoAwD{AmD[iAWs@c@aA]m@u@{Ba@aAm@uBkAyCyBuG{@qBWc@aAkDMYk@}CEg@QiDYwCi@kCu@sBW}@y@mBw@gCaAoBu@{BSa@kA}D_ByDQs@a@kAsAsCsAeEeC_HaBeEuCiIcAaC][q@oBi@iBMWq@mBcAaDcAqCi@iAq@cBu@iCcA}B,2,,,,,,Diego Galdino
2,Afternoon Run,10072.4,3453,3550,13.0,Run,Run,0.0,Garmin Forerunner 645 Music,13626079566,2025-02-14T15:15:34Z,2025-02-14T16:15:34Z,(GMT+01:00) Europe/Amsterdam,3600.0,,,,4,2,0,1,0,False,False,False,False,everyone,False,g21794451,"[52.21, 6.88]","[52.21, 6.88]",2.917,3.82,83.1,9.0,True,165.3,191.0,False,True,50.0,41.6,14539117389.0,14539117389.0,garmin_ping_411032068862,False,1,0,False,20232024,1,a13626079566,iit}Hgv~h@KLCPQ`@WdAS`@SX@JTj@?\F\Vf@p@|Ax@tCv@fBj@vBd@|Ah@vBh@xAHh@V~@f@xB`@vCT~@N`@Rl@f@fAJLf@nARr@b@lBVzC`@tCXnDZ`C?v@LtABNNf@Lz@Hp@JjBTbCNhAj@xCx@~HCrFMhBNh@D`@BjAC`BFhB@~BHtICtDHfCPfAAl@PdGCv@Dt@AhBH|JA`A@xBHvB?dABzBJ`A@zBKrJMtECzC@z@AxCElCQlG@pCBp@Lp@Pf@j@fCVt@dCvFp@rA`@p@n@vAl@fAhBzC\^`Bn@bAf@`@Vf@R`@FhAn@dBx@`@NdB~@bA\|CtA`BfApCfA`Af@tBvAnBxAVXl@h@|@bA`@\\^jAdAx@|@Vb@vA~AvArA`@h@xAdCh@vAh@dB`AdCf@~ATh@xAbEf@zA?@PUQs@q@aBi@cBYi@k@{AiBuFiAiCgAqBw@aA[g@sCiD[YiAkA]g@[]Wg@S[a@WUUwBaBqBiA}@]e@[a@S_A_@cBi@[Ss@Ug@U{AaA_@M]U}As@aBo@qAo@}@w@e@SiBm@}As@{@i@c@_@c@m@Sq@Wc@[a@eAaCg@y@y@_BsAwCWs@Wu@_@uAQ{@YiBKaAEcAE}BLwCDeELoCLeGDcCF}BBsDMoF@uAIoA@o@EiBBiAAiLEq@WmNCgDHe@@s@MkAMeDB}CCoA@e@CkBHq@?cBKoC?cANq@Eq@ScBSkFa@gDWwAg@wF_AyIk@qC}@gHQkBO}@GIk@iFSsASm@a@w@yAsD[uBS}@iAsEIm@Ss@Uo@M}@Ok@Um@w@}Bc@eBUa@aAeCUaAKi@s@qBa@u@,2,,,,,,Diego Galdino
2,Afternoon Weight Training,0.0,3025,3025,0.0,WeightTraining,WeightTraining,30.0,Garmin Forerunner 645 Music,13615094274,2025-02-12T15:59:00Z,2025-02-12T16:59:00Z,(GMT+01:00) Africa/Algiers,3600.0,,,,0,1,0,1,0,True,False,False,False,everyone,False,,[],[],0.0,0.0,,23.0,True,77.8,107.0,False,True,0.0,0.0,14527085804.0,14527085804.0,garmin_ping_410672951723,False,0,0,False,20232024,1,a13615094274,,2,,,,,,Diego Galdino
2,Lunch Run,18008.6,6094,6137,25.0,Run,Run,,Garmin Forerunner 645 Music,13590095000,2025-02-10T11:26:20Z,2025-02-10T12:26:20Z,(GMT+01:00) Europe/Amsterdam,3600.0,,,,3,2,0,1,0,False,False,False,False,everyone,False,g19811443,"[52.21, 6.88]","[52.21, 6.87]",2.955,4.0,83.4,10.0,True,156.8,177.0,False,True,53.4,36.8,14499855052.0,14499855052.0,garmin_ping_409858297230,False,0,0,False,20232024,1,a13590095000,wet}Hor~h@Q?kBsBKJ]xA_@`AEb@^nAj@pAtBfFt@jBh@pBJv@pCxJXhBxApGz@dBr@jAh@pAT~@LhENdATlD`@pE@|@LfAXhAt@jJn@jEP`BXfBTxB?pCFxAAXOx@LjAL|HBdGJtDCfFH|CDvELvBAfDLpGFhIFbDPxBD`FEtD]pIInGSpIQnC@z@D~D`AnEl@`B`DjHbDdG~A~Bx@b@hCt@d@TnA~@fDlArAv@rB~AbCt@|@b@pBl@jAr@xAj@hCpAvAz@d@\bErEvBhDdBxAv@dA`A`Ap@dAt@zAd@fBhA|CLj@^x@^tAt@dBl@pBp@`BdAhBv@tCrA~D|G|Q\t@xBdG`@tAlBrEb@zAt@zAVp@fCpEd@bBf@pA|BbFfBrEJr@Vl@\zAZp@Rr@lAzFX|CDvBh@zE\lAlB~EdA`CZzAd@tA~@zBf@`ATr@ZbB`@hAv@zAj@zA`@vAdAbCv@|AjA~DbB`E\|Af@nAHr@Nd@lAjBLf@h@bAv@zChAtC`@`BVr@xArC\vAXl@~BlHxBtEhAxCDX\j@h@jBZxA`AnCDf@b@vAtArCjB`F\lAPlAt@~AJ`@\n@f@vAbAxBXdAFd@d@zAFr@n@jAzA`EHHNIaA}By@eCm@eAy@_CgAwBu@yBaCgGyAuEaAkCo@}By@mB_@sAm@iA}AuEMk@m@mAo@_C_AaBe@uAm@qA{@aCKi@sA_EcBgE]wAwDiJuAuDKe@aAuBwBuGScA_@}@aAsDo@kBa@eAyBgEuAgEgEkLwAcF_@y@g@}Am@yCg@eG{@uFCsB}@_CWa@cBoD_@aBg@s@k@yBKgAmAiCs@cAk@yAOo@W_@m@qAOKi@y@qAoD[e@Ki@m@}AIi@c@sAiBwEIc@k@mA[iAw@_BoB{Fu@gBk@mBWg@{CwIyBoFaAiDi@sA]g@Wq@wBcGqCcDYi@y@}@qBoCiBmBg@_AqAiAW]}F_DcAW{AaAeGuByBuAwDaB_C{AgEiBgBeA[e@k@yAk@u@eCcFu@oBkAaCeAcDc@mB[yDF_DAkBJ_C?cAN{@D{@ZqKDeIQcEJeAQgH?kCGqD?aDk@{PJaFB?F[?]OoAQ_NHoDIqDBq@Nu@YkCAiBG{@O}@Ew@q@yDGyAc@{DIkCYoD]gA}AsIcAqHo@gFkAkCw@qBcAeEMcA,2,,,,,,Diego Galdino
2,Afternoon Run,4206.1,1496,1559,7.0,Run,Run,,Garmin Forerunner 645 Music,13586207505,2025-02-09T14:03:49Z,2025-02-09T15:03:49Z,(GMT+01:00) Europe/Amsterdam,3600.0,,,,1,4,0,1,0,False,False,False,False,everyone,False,g19811443,"[52.21, 6.88]","[52.2, 6.82]",2.812,3.269,82.0,17.0,True,147.1,161.0,False,True,30.0,20.2,14495476997.0,14495476997.0,garmin_ping_409681973547,False,0,0,False,20232024,1,a13586207505,met}Huq~h@Yi@]e@q@q@QEC@KTY|AOVYt@E`@@Jn@pAx@lCd@lBr@~ApAxDbBzGVj@Rr@Pv@h@hDn@fCh@vAj@dAn@xA`@dBThBJxAnAjLFx@?VFt@Jp@Pj@D^RtDf@bF`A|F`@lDFlGCr@Ih@RlA@tAJzF@rDFrCBlFE|AC?BfALbB@tDF|@Hn@@pHDjB?v@FpB?bEL`E?rCLpB@x@IrFKbCSnGEfFKjES`FAbAB|CF^Vv@f@rBTt@rCxG?HK`@Il@k@`HBHV^Tb@v@hDDf@MfACx@?fABv@?jBJbB@n@A|@Ev@]~BWnEo@pGE~AUzDUdC,2,,,,,,Diego Galdino
2,Afternoon Run,10012.4,2978,2978,21.0,Run,Run,,Garmin Forerunner 645 Music,13572808639,2025-02-08T12:54:11Z,2025-02-08T13:54:11Z,(GMT+01:00) Europe/Amsterdam,3600.0,,,,2,3,0,1,0,False,False,False,False,everyone,False,g19811443,"[52.21, 6.88]","[52.21, 6.88]",3.362,4.583,82.0,11.0,True,161.8,182.0,False,True,52.8,43.4,14480819076.0,14480819076.0,garmin_ping_409300706852,False,0,0,False,20232024,1,a13572808639,oit}Hsv~h@C]Pm@JQd@oABCJ@NHN^p@|@b@b@d@TZHj@~@\^Zd@XVd@j@T@VXDZNXtBjCTPFLX`@VVXTZJZRj@bAz@jATb@t@|@RJRHH?`@Q`@CXJp@@ZIbARhAZn@?t@Nr@Dn@AbAPJVEp@?fCpD`Eh@z@jAj@l@j@f@\~BdCPb@Nn@XRTK?aDBuBHgBBkBK}AZsDB}@Hy@@w@CmAl@eIEMJq@HaBVGJA`B\^B^FjA^P@d@GbA\^B|@T~@NjAXD?b@ZPBn@Gn@B`ALf@?b@EjARl@FlAF|@Rh@Ff@Bd@AP@jATt@Jj@XHPH`@Gn@Pz@Df@?bABP~AnBVd@Tv@Tb@^`@b@T`@^b@h@^TlAh@x@h@jAVh@PJDhAZ^F\^Zh@Z`ATd@Jd@T\HZXp@XfAVj@Nf@`@~@t@zBZpATn@v@~AZd@b@LZXNj@p@~AbAlEh@~Ap@fC~@hE`@`AXbAXn@Cj@Q~AKhCQt@w@`CUf@eAbB}AxBaAhAcBdCEB_@PYKoAw@qA_AiEiCyBaAc@UwBw@}@c@AQTkB\gBNaAd@wBXeBRoDFs@DkBIc@U@iAXk@Da@Ce@?u@Cc@Fc@E{@a@[i@eC_Dy@m@][[c@KBQPQh@CvBOtAItCe@rFKr@OzBc@zAAv@BhAWhCc@|BWj@eAbBa@b@o@d@WHoAZk@AaAi@c@Ma@Q_@Q_@]g@s@gBiBa@o@m@y@_@]i@W{@iAiAiAcBgAiAgAi@S{AScAHeAXc@d@q@pASn@a@`CSlBk@nBs@vASVeCnB{ArA_@^mA~Aa@n@cBvDWp@yAzCaBfC{@lAQLECK[OmCCy@?mCIcDBmABSA{@Eu@CeD@k@Ng@@_@Mo@MwBCgAQcCI{@GUQ_Ce@eCi@kE?UU_E]yBe@uBW{Ba@gFg@sC]cCGw@c@qBSu@]{@y@_Be@aBu@mDUsAYcAOq@}@qDWs@c@yBMy@Us@}A{DWgA[{@Ye@[eA[w@AQf@gB@SH[,2,,,,,,Diego Galdino
2,Musculação,0.0,4283,4283,0.0,WeightTraining,WeightTraining,30.0,Garmin Forerunner 645 Music,13564723724,2025-02-07T13:54:18Z,2025-02-07T14:54:18Z,(GMT+01:00) Africa/Algiers,3600.0,,,,0,2,0,1,0,True,False,False,False,everyone,False,,[],[],0.0,0.0,,24.0,True,77.6,108.0,False,True,0.0,0.0,14471958402.0,14471958402.0,garmin_ping_409039786621,False,0,0,False,20232024,1,a13564723724,,2,,,,,,Diego Galdino
2,Severo | 10 km,10006.4,3235,3430,22.0,Run,Run,0.0,Garmin Forerunner 645 Music,13555069978,2025-02-06T11:19:58Z,2025-02-06T12:19:58Z,(GMT+01:00) Europe/Amsterdam,3600.0,,,,2,4,0,1,0,False,False,False,False,everyone,False,g19811443,"[52.21, 6.88]","[52.21, 6.88]",3.093,5.44,82.0,13.0,True,156.4,173.0,False,True,39.4,29.4,14461354816.0,14461354816.0,garmin_ping_408728469082,False,1,0,False,20232024,1,a13555069978,aht}Hkv~h@OUEO?Qn@yBFOF?JHV^x@n@d@TXTVBNP@D\f@rApAt@l@TLLXBPXj@v@bA\j@pA~A\^vApA|@~@d@lAXf@VZXJV?p@L`DDbCTtARvBTXFDJ@h@E`DNZfAz@b@V\Xp@p@z@bA^\r@^^`@f@VJJjAxAXd@Ln@HPJLABHDL@BKAe@FcD\oFA_ACM?k@NgGFi@@o@A{ADq@Jq@FcBXoBPq@Ay@CY@WDWHETF^NhA@h@FhATp@HpA`@hCPbBb@f@\A@^ChBHtA?^Hb@@XFd@BjADb@Jf@HxAF\Jf@BFE\Gb@J\Fb@PXTF?KLAF`@@BBFL@REzA?`AEj@@RR`@NPjAhARp@Hd@f@jApA^hAnA`@RvDtAn@Hv@Zl@Ld@PDFXl@X^|@~CTj@^jAPd@b@dBZ`AR^p@jBLb@Px@HVVX`@n@ZRf@PFFf@`AZr@Tp@Nn@Xl@d@`BH^NvAZ|A`@rAJf@~@nDj@fB@Xc@dEAt@Mt@i@pBe@`AeBbC]b@[h@[ZUd@q@v@eA|AQTSN]MuAaAe@Sm@e@oAs@gAq@c@]II@Ei@M[Km@a@gAUiA]sAq@CW@MRoAR{@n@wDZ}ARq@PaALsALkCFk@Eq@IOGAa@NyATi@Cc@@g@CqALqAi@kAuAi@u@iAkA_@]MCWc@SWYHCDI^?j@GjBYtDS~AE`AUvBI~AIl@YfAMx@@dCGp@a@`Ci@pBILIFe@hAWXc@Z}Ax@c@Jg@AWIi@a@e@QmAUc@[_CkCc@_AcAyAeAu@SWGSYUcAiAaBs@i@_@_@a@_@Ws@SUCm@Ag@B}@LMF_@^y@zAo@vBe@fCe@jBa@~@i@z@aAlAiAbAkD|Dm@`AeAnB{BdFS^e@t@i@t@KTm@z@OPYTIQE[A]LkCBsBG{@CgBByBDs@SoBCsBD_AJi@Gi@QYMaAIsGI]A]YcCYqAImAAs@Gm@Qy@s@qGQoASu@Gu@QkAC_@Ka@Q_Ce@qB]cCOsBUwAYiAM[iAmCc@}@Uo@u@eD]iCk@qBMo@Mi@}@iC[uAQe@WaAg@qA_AyCa@eBqAmCY}@@GZk@,2,,,,,,Diego Galdino
2,Moderado | 10 km,10071.0,3471,3514,13.0,Run,Run,0.0,Garmin Forerunner 645 Music,13548039224,2025-02-05T15:41:01Z,2025-02-05T16:41:01Z,(GMT+01:00) Europe/Amsterdam,3600.0,,,,1,4,0,1,0,False,False,False,False,everyone,False,g19811443,"[52.21, 6.88]","[52.21, 6.88]",2.901,4.433,80.6,10.0,True,158.0,179.0,False,True,54.2,44.8,14453705480.0,14453705480.0,garmin_ping_408499627379,False,0,0,False,20232024,1,a13548039224,mit}H_x~h@Ro@Vg@Ni@JGD@VTJTZZhApANJTBJHL^T\vBdCRDPLRd@vA~AZ^XXhAzAx@l@rDhFTPl@F~@Cj@NTEt@?vBM`@?f@Pl@Jv@TvAFZRBb@?\KtBF\pB`CdDdDl@b@\XFLzAdBZXRVDJJl@Z\ZDF[Cq@@uBR_G?_AGm@Ag@FyBJkA@cAJy@AmCBeAx@iHBs@H_@VSVFb@?NDLAf@@fAb@d@LXLjCb@^Bj@N^FxA`@d@VC?fARdAHn@El@BvAPTJhAL\GnBDv@FJEd@Jb@PtARZPRBD?CBECZFJFBN@XA`A?r@E`A?^TZ~@|@TZRj@Hj@N`@LTbA\^Xn@z@tAj@|AfANHbAP`@Nj@Fn@LJFPNJPPf@b@xApAjDNl@l@lAVnAZjAd@`AVd@d@jAE\Rn@^`@f@Pl@LHFDNRp@Nn@Hf@^vAd@nAj@nBLt@h@hBf@fCd@fAj@dCTj@A`@[fE?d@Ip@G`@y@jCYl@eBtBa@z@oCtDo@bAQJeB{@a@YgA}@eEqC]KeCmAc@Kg@SqAa@II?SHu@p@sDz@gER_BNkBFeCAk@Km@QI]Bc@Na@Ba@Ae@@qAGMBa@Ec@Q_@SoBmC_@a@[Oa@o@[UWe@SW_@LO^O`BKzDMn@SxCQ~AEx@Q~BGp@c@|A?n@Bp@E~@Ix@e@jCSn@{@xAc@b@c@Z_Aj@y@Xa@Fe@GYQc@OYG_BmAYe@gAiA[a@aA{A]a@_@Sg@_@eBwB}@q@a@SUQmAgA}Be@g@@i@Jc@Le@N[VGRSXc@dA_@t@[`B]~BIZWr@Sb@yApBeErDqAdBs@jAaBdDSj@aAdBc@p@g@~@w@pAw@bAWREQCm@CqDEuBQsD@c@Js@D{@?m@Es@@yBDk@Ju@?IKe@SyAQgDGy@M}@MaBYeCs@iFQaCUmC]kBe@yDQu@Iu@Mw@k@sF_@uCSmBOo@[w@s@uAiA{CQo@i@cDUeB[_By@mCk@wAoA}EwAoDg@kBc@cAw@}BBYPc@T}@Ho@Pe@,2,,,,,,Diego Galdino
2,Moderado | 8km,8000.0,2882,2882,0.0,Run,Run,0.0,Garmin Forerunner 645 Music,13528931961,2025-02-03T15:24:34Z,2025-02-03T16:24:34Z,(GMT+01:00) Africa/Algiers,3600.0,,,,0,2,0,1,0,True,False,False,False,everyone,False,g19811443,[],[],2.776,2.6,79.3,22.0,True,162.9,183.0,False,True,0.0,0.0,14432880884.0,14432880884.0,garmin_ping_407910673013,False,0,0,False,20232024,1,a13528931961,,2,,,,,,Diego Galdino
2,Afternoon Weight Training,0.0,3316,3316,0.0,WeightTraining,WeightTraining,30.0,Garmin Forerunner 645 Music,13528549630,2025-02-03T14:27:03Z,2025-02-03T15:27:03Z,(GMT+01:00) Africa/Algiers,3600.0,,,,0,1,0,1,0,True,False,False,False,everyone,False,,[],[],0.0,0.0,,24.0,True,84.3,109.0,False,True,0.0,0.0,14432456779.0,14432456779.0,garmin_ping_407900025998,False,0,0,False,20232024,1,a13528549630,,2,,,,,,Diego Galdino
2,Moderado | 20km,20004.2,7202,7321,24.0,Run,Run,0.0,Garmin Forerunner 645 Music,13511922693,2025-02-01T14:56:14Z,2025-02-01T15:56:14Z,(GMT+01:00) Europe/Amsterdam,3600.0,,,,2,3,0,1,0,False,False,False,False,everyone,False,g19811443,"[52.21, 6.88]","[52.21, 6.88]",2.778,4.133,81.4,9.0,True,169.4,186.0,False,True,48.6,33.4,14414101800.0,14414101800.0,garmin_ping_407352187494,False,1,1,False,20232024,1,a13511922693,yft}Hss~h@cAcBC_@Fg@`@mANgADInBLnFl@dAZfCN~A|@v@EvABbANb@IzEHbGr@dDRdATrBJxDj@xDbA`AFh@ZZBZMrAFZV`BZrJtAh@^p@NxAL~A?f@Fx@\~@Fz@GzBPlD^pBf@DIJgB?{@JaD?_Ap@qPHkABkAGiCDsBHcAPu@NiBEq@ZkDA}@^}J\qAr@VxANbBFtEf@dA\`E^bA@xCvAvApAb@T|@LVRjAb@lAJb@Hr@b@xAClAYv@w@f@QpCe@jIqHp@cAl@}AbCcEx@k@dAGtE~Fr@d@|A`BfAnBnBjBnChD^ZT\d@fAtBxC`BfBnBlCvErFdJ|L|A`CrAtAr@tAxBbDd@|Bh@`E\xA`@zCR`C^zBj@hFdB`J\jCFt@|@dFJx@@z@b@pCNj@V\PhA~@fCd@r@^|AfBhFbDjI`ArDp@fBt@`B`@XnBtBj@jA`BjBhBlBxCbChAxAxCzCpCbEGb@Dj@^tB~AdFr@|Cb@jCVn@b@pBpBrKtArFjE`Tp@rCh@rC`@|CBl@RdBH|BTxATtCb@lF?t@ZfDDjAIHyAiAS@]\iFhHaAfBiAtAo@rA}FpHcCzDyGnJsA`AwAz@[BkAh@}Ab@wB`AsFjBwAr@aKzDw@L_A~@eEt@iAj@{@JaBpAi@Rq@f@eC|@q@l@gA^_@XaAHqC|@}BlAuFdB_Ad@]\}E~AeEjBgErA}A|@kBl@yEtBMFWt@UZeB~@oAhAuC~BmChBeB`Bm@x@qA|@w@bAwAfAWZuBxAsBlBm@^w@dAaDdCgAvAe@X_@DsBtAgAxA{@eB}E{LaEwL_AcC{FaN{CwJiAaDyBmFm@uAsAaCcByB{FuGiAmB_@S}AwAiBqAkHuCo@e@_Cs@yE}CcAWsAq@eA[uA_A_DwAqAa@_Ak@Y]Ou@Yq@w@gAuBaFaC{EoAsDUuAI}@QiG@cC\iLZkPOmHH}AEiG?aJm@aSFuB?gBF{@Y{EMoE?sCRyCGuEPaBWsAOeBM{Cy@cIG{Ai@yCu@cHk@uCQwBUs@UeBo@eH[_BWaC]sAkA}Bu@yBc@kCW_AS{Ak@{BwB_HIm@s@oBYg@o@kB}@sCcAyDs@mAMe@l@sKRc@`BbAdAX?ZOz@e@`BIh@BNhErFP`@?f@Jb@HGB]Y_@,2,,,,,,Diego Galdino
2,Severo | 15 tiros de 1 min,5763.5,3238,3238,0.0,Run,Run,0.0,Garmin Forerunner 645 Music,13495133450,2025-01-30T17:33:50Z,2025-01-30T18:33:50Z,(GMT+01:00) Africa/Algiers,3600.0,,,,0,2,0,1,0,True,False,False,False,everyone,False,g18048384,[],[],1.78,5.1,82.3,22.0,True,145.6,167.0,False,True,0.0,0.0,14395834726.0,14395834726.0,garmin_ping_406817036676,False,0,0,False,20232024,1,a13495133450,,2,,,,,,Diego Galdino
2,Afternoon Run,10004.3,3498,3563,12.0,Run,Run,,Garmin Forerunner 645 Music,13485373114,2025-01-29T16:11:58Z,2025-01-29T17:11:58Z,(GMT+01:00) Europe/Amsterdam,3600.0,,,,0,4,0,1,0,False,False,False,False,everyone,False,g19811443,"[52.21, 6.88]","[52.21, 6.88]",2.86,3.843,80.4,12.0,True,168.9,183.0,False,True,39.6,28.2,14385234335.0,14385234335.0,garmin_ping_406512687358,False,0,0,False,20232024,1,a13485373114,mht}H{t~h@OWGe@@OT}@d@oAZNJRRTt@f@x@p@XLLd@RZZ\h@f@l@p@VFPLRn@NT\b@`AbAxAhBn@d@ZXzBlDr@|@VJl@Lt@?N@NH`@@lBS^Od@FVT`@TnABf@JP@L?bAJNV@~@IpBDj@JL~BrBd@f@d@t@ZO@NR`@fAjAz@t@pBvBLj@Rd@XHF?DKCcB?yBPqF@o@Ei@FuA?u@L}AB}A@_CXcETaBFaACq@Le@Fy@FMTIhA\f@XnADbBZl@Rz@Nf@B~@XpBZRPCA?C\DHATHNAj@L\?HBb@A`@Bb@Dj@ThARf@@`@KXA|ATfAFr@P`@F^?b@F\PH??BBBd@D@TEp@AlAGdBXj@VX`@VZ^Rj@Hn@FTLZPN`AXLJt@pA\^VTh@VfBh@z@Fb@HX@n@LTH\XXd@Vf@\lA|@dBFRXvAd@zANn@vCdIj@hA`@R\Jj@xARp@X`B^z@f@dBLl@Xt@p@tBV~Ab@rA^fB`@|@?TO~DOlBKz@q@rBe@~@WZOXIFs@bAkB|BSXm@r@a@p@[`@C@OG_Ai@a@Qc@]e@W]Yc@QoA}@}@e@YWc@KYMy@k@c@QkBi@w@[GK@GL{@^eB|AyIJw@LsB@_ACmBGYEAi@Ho@La@DmAGm@KuADa@UWGaA_Ao@eAoAeBSK[USc@EC]EGBOTGf@M~EKxBe@dFCl@Y|CYbAI`@Cd@?hAY~B]rB[bAQ\cAfA?HOf@OHg@PaBd@a@?WM_@[e@UYK_@Ga@W[]s@eAm@i@wAyB]a@w@e@c@]aBoBgAw@m@YkA_Ag@Sa@GyACg@Je@Dc@J_@d@]f@o@zAOf@o@rEk@nBMT_@f@eCxBa@b@c@j@m@l@y@fAw@x@cAxBwBbFi@dAy@pAa@v@gApAG@GMIw@E_ACkCEw@E}ADk@EqBLq@B_AOwFJg@Bq@M_@MsAM{CMcBSgBWsCWcBKqB_@aDUoCk@wCM}@MwAMi@Kw@a@qBQqBSu@Iq@Ko@Co@Io@WeBm@oBm@mAw@{BWo@[kBSw@UaBw@{CUk@WwAsAyEo@aBc@}AWk@a@iB{@gCS_@QU,2,,,,,,Diego Galdino
2,Morning Run,13489.8,5310,5770,143.0,Run,Run,0.0,Garmin Forerunner 645 Music,13395261022,2025-01-19T09:02:48Z,2025-01-19T06:02:48Z,(GMT-03:00) America/Bahia,-10800.0,,,,0,4,0,1,0,False,False,False,False,everyone,False,g19811443,"[-13.58, -38.93]","[-13.58, -38.93]",2.54,4.85,82.5,27.0,True,153.3,176.0,False,True,30.6,-55.0,14287395251.0,14287395251.0,garmin_ping_403630918280,False,0,1,False,20232024,1,a13395261022,nr{qAterlFfnC}iAb@Or@D^Nn@Ab@IjDeBh@k@\WL[Ji@P]DU@}@e@cBGa@Ly@FaAJ_@LaA@aAE_BD[p@cAhAmARWz@{@RKNAr@B`AUv@G\KJ@rAWJMRw@Mi@?UDSLYt@g@FMDSA]e@sBO{B@k@J_A@YD]OSkBq@e@_@e@k@g@Q]_@U[Oe@CUBYOa@_@q@SQ[OWE[@aAIM@UIc@EgA[UU{@g@u@OWSu@[{BkAoAu@[G]WCIOKYIq@q@qA}@_A_@UE[KoBmAOC]W_Aa@g@IYAcBDw@HcBf@oBv@eAx@yAzAc@|@Qx@]z@WdAc@zBiAzC?BL@d@ZdCj@RTBZCv@@\I^ST_@FOJg@~AE`@?h@GZ[ROB[At@Uv@v@Sd@k@v@k@f@eDbCmAfAg@^c@f@sA~@kCzBw@h@m@j@g@PEHaB|Au@h@[X{AbAcAt@gAbA_Al@UTqAp@sCpBm@XG?UFgCjAeB`@}@Hy@?sBNDA{@B{A[kAu@UCEEo@QgCUa@KmAc@eAEq@]k@EQEk@ISKoCi@q@Uc@Ga@?a@BmAXmCv@a@TMVEEa@CcAPII_@Bc@JcAf@[@w@Cg@T_@JSL[XMl@M\Y`@G`@WXQ\TlAPn@BTUx@JJ\j@JBJTHFA\@b@Nx@r@Zb@ATZL^n@?b@t@v@ZP?RTAJT`@Jh@DFBJD~@?d@Fh@@TIPE@IXG\YlAC`@Fx@@l@MXUt@k@fAaA~@m@z@q@x@]NQRRl@Ht@SfA[~DB`@J\`@bAXxAt@n@`@R|@Vt@t@~@hAxAlA`B`@rAz@j@Hl@?TFH?NGb@RJAV[^UhB[\WHK?ECGUQa@Mk@i@s@UIGQa@i@a@s@h@?FODAPC?@QCMMi@m@cBWg@k@q@Y_A@CH?\P|A`@zAj@HBNG?QSm@Ge@Ba@Ha@PcA`@k@|AaATEh@FREROX_@Q`@Y\OFw@GK@}@p@]ZQXQ^St@E`AF^R`@AJED[DWG{CoAWGQ@APJZfAxBV|@^v@Jh@EBK?OKq@{@CAOFgAx@YDy@ZWNOVLNRNvAX,2,,,,,,Diego Galdino
2,Night Run,2051.2,662,662,0.0,Run,Run,,Garmin Forerunner 645 Music,13366449924,2025-01-16T00:13:51Z,2025-01-15T21:13:51Z,(GMT-03:00) America/Araguaina,-10800.0,,,,0,1,0,1,0,True,False,False,False,everyone,False,g19811443,[],[],3.098,4.186,81.0,28.0,True,127.9,141.0,False,True,0.0,0.0,14256290688.0,14256290688.0,garmin_ping_402688749063,False,0,0,False,20232024,1,a13366449924,,2,,,,,,Diego Galdino
2,Lunch Run,10000.0,3666,3666,0.0,Run,Run,,Garmin Forerunner 645 Music,13353153222,2025-01-14T14:43:24Z,2025-01-14T11:43:24Z,(GMT-03:00) America/Araguaina,-10800.0,,,,0,1,0,1,0,True,False,False,False,everyone,False,g19811443,[],[],2.728,2.8,80.6,28.0,True,160.7,179.0,False,True,0.0,0.0,14242088762.0,14242088762.0,garmin_ping_402298858665,False,0,0,False,20232024,1,a13353153222,,2,,,,,,Diego Galdino
2,Afternoon Run,18253.6,6689,6695,20.0,Run,Run,,Garmin Forerunner 645 Music,13339033283,2025-01-12T20:34:21Z,2025-01-12T17:34:21Z,(GMT-03:00) America/Sao_Paulo,-10800.0,,,,0,5,0,1,0,False,False,False,False,everyone,False,g19811443,"[-22.93, -43.17]","[-22.93, -43.17]",2.729,3.863,81.2,27.0,True,159.4,171.0,False,True,-88.8,-100.4,14226886554.0,14226886554.0,garmin_ping_401813948671,False,0,0,False,20232024,1,a13339033283,~l}jCpiofGXRJE`A_AZc@XG~@DjBj@~HnAVA^UhFEvEy@tAk@hA_AzCkFbAmAd@eAfAaAfAm@`Be@~BILG@Yh@ZVDvB@TDlAhAlAb@ZXd@v@vFrGvD|Fr@`Bd@nBL`BCj@MrAMb@cAtBuCzESb@YlAGdA@dAJf@~@xBPTx@h@hCpChB`AfBh@|C`@fDEnC]nBu@\[\u@pASVOLWdAuCBwAKuB|AkFvAgDH]j@_Ad@]L[Hy@b@cA|BmCNgAnAoA`AaC|@mAh@{Ar@aEdAcDJ}A`@mACcDNa@f@k@ZiBt@gBXmAj@o@r@mAbBeBDYISTo@Bu@yGcAOP?Nf@hAF^Bf@IlDJ`@PjBQd@MnAi@xB@TQnAY`AW`@w@dEQrB_@nAy@nEy@~A{@bAYr@eB|CqAxCc@BqAhBwAjD}@rB[pAyApDIn@KfGWDw@e@]?]r@i@j@I\oAfAQ\EdAONoBZyDPIJc@LaAUgCYwAe@oB{A_AmAmBsA_AsAk@yBAkADc@XcAt@aB`AyAxAwCbAiDJcAAg@UaBk@aBgByCk@m@wAgC]c@yCkDgAaA_AqAQ@y@_@wAcAaAFgBMm@_@uDf@}@`@m@d@m@Ty@LgA`A[hBe@fAg@n@wAp@g@?yAa@m@AmDbAgCJ{@_@[CmEN_GUOLc@~@wFeAiEcAQQGaAIYeGoBaAc@g@AYL[z@UZ[@kBm@yCKi@e@Ie@NsBIa@SUsGmBy@g@_@GSHE^H^Ah@U|@?`AiAx@qAxAuEzCKVCh@_@dA_BbBa@Na@@_@Um@C{Bp@aC?iCQcB_@yCyAqAeA]Ky@FUEQ[AsAK}@NCd@nArAxAVh@dBhA`C~@rCf@tADnCGvAe@x@?f@Pd@Ir@e@Xk@h@UR[N_@LkATWhD}BxAqA`@k@h@SJ_@?c@TyAO{@B[SKyE_Bo@o@]O}BIsDb@q@^mBn@UPa@x@WPWDZEXQ`@cA\[dAQ|@i@pD_@fBF`@MnA`A|@\xBh@T?DSRGpCdAnFxAtMhEfEfArE~AlFzAjB\fADj@V|@NnDJfEFdG[r@i@~Aq@r@q@|AgDP}@EOKJQnAYdAaCzC_Ab@uB\{DR}ED_F[mDk@aBc@wJ{Ce@UM?nCv@zCjAhANv@\dCh@,2,,,,,,Diego Galdino
2,Evening Run,6000.0,1987,1987,0.0,Run,Run,,Garmin Forerunner 645 Music,13285189654,2025-01-06T22:08:48Z,2025-01-06T19:08:48Z,(GMT-03:00) America/Araguaina,-10800.0,,,,0,2,0,1,0,True,False,False,False,everyone,False,g19811443,[],[],3.02,3.891,81.9,30.0,True,157.0,183.0,False,True,0.0,0.0,14169145647.0,14169145647.0,garmin_ping_400077896427,False,0,0,False,20232024,1,a13285189654,,2,,,,,,Diego Galdino
2,Morning Run,8011.8,2395,2395,8.0,Run,Run,0.0,Garmin Forerunner 645 Music,13263461422,2025-01-04T11:45:37Z,2025-01-04T08:45:37Z,(GMT-03:00) America/Sao_Paulo,-10800.0,,,,25,5,0,1,0,False,False,False,False,everyone,False,g19811443,"[-23.01, -43.36]","[-23.01, -43.35]",3.345,4.96,82.2,30.0,True,169.8,190.0,False,True,10.8,6.0,14145702026.0,14145702026.0,garmin_ping_399356043015,False,24,1,False,20232024,1,a13263461422,phmkC~ctgGEYI_CCaGE{A@_AGuAAsCKsA?iBGcB@}AIwACcA@g@CuADe@IiAAo@AuEGoA@QGsAAiA?iCD_ACk@@gACi@@m@Ac@CaCBq@AeBFmAAwAJiBCy@FsBAkA@qAAeABiBCoCLoGEeG@yAF}A?{AFsB?{AFwA@{@FaADkA?oBHcC@_BL{CAiAFgD?c@LwAJ_CJo@Gk@BqAXaGLcACg@LcC@k@R{B@q@JoAViCJcBNiAPuBR_EJm@JkANiAl@oFZwAJs@Da@X{A\iCXaBD[EEKl@Gt@k@|DY`Be@xBIf@GhAe@nCK~@EzAMtBIf@a@vE]jCIx@K~DKh@Iz@ItA@rAEx@Gj@?v@Cp@@r@Mp@Ar@?v@Ch@Oz@?f@Bp@Aj@Gh@B`@M\KxA?p@Df@CjCOhDAh@@p@CfAI~ABv@E`EKvAI~BAtC@x@MbDEdGBpACfBBxAEtA@n@EvCBhAAnBEt@?v@DhBGhB?vBEv@B~ACh@@jACl@Dh@@~AAfBBf@BpCCn@J|GCX,2,,,,,,Diego Galdino
2,Morning Run,8008.1,2949,2949,0.0,Run,Run,,Garmin Forerunner 645 Music,13246307734,2025-01-02T13:02:03Z,2025-01-02T10:02:03Z,(GMT-03:00) America/Araguaina,-10800.0,,,,0,3,0,1,0,True,False,False,False,everyone,False,g19811443,[],[],2.716,2.893,81.7,32.0,True,154.4,169.0,False,True,0.0,0.0,14127302533.0,14127302533.0,garmin_ping_398757062357,False,0,0,False,20232024,1,a13246307734,,2,,,,,,Diego Galdino
2,Fartlek 8km (6km),6000.0,1911,1911,0.0,Run,Run,0.0,Garmin Forerunner 645 Music,13238436832,2025-01-01T13:22:19Z,2025-01-01T10:22:19Z,(GMT-03:00) America/Araguaina,-10800.0,,,,0,3,0,1,0,True,False,False,False,everyone,False,g19811443,[],[],3.14,5.28,82.2,32.0,True,169.8,198.0,False,True,0.0,0.0,14118781746.0,14118781746.0,garmin_ping_398450086437,False,0,0,False,20232024,1,a13238436832,,2,,,,,,Diego Galdino
2,Afternoon Run,6989.6,2518,2518,0.0,Run,Run,,Garmin Forerunner 645 Music,13235795117,2024-12-29T13:28:07Z,2024-12-29T14:28:07Z,(GMT+01:00) Africa/Algiers,3600.0,,,,0,1,0,1,0,True,False,False,False,everyone,False,g19811443,[],[],2.776,2.963,82.2,23.0,True,148.6,160.0,False,True,0.0,0.0,14115870697.0,14115870697.0,garmin_ping_398328245778,False,0,0,False,20232024,1,a13235795117,,2,,,,,,Diego Galdino
2,Severo | 10km,9494.5,3407,3865,0.0,Run,Run,0.0,Garmin Forerunner 645 Music,13205886048,2024-12-28T08:08:42Z,2024-12-28T09:08:42Z,(GMT+01:00) Africa/Algiers,3600.0,,,,0,3,0,1,0,True,False,False,False,everyone,False,g19811443,[],[],2.787,5.388,82.5,21.0,True,156.4,178.0,False,True,0.0,0.0,14083504270.0,14083504270.0,garmin_ping_397227485108,False,0,0,False,20232024,1,a13205886048,,2,,,,,,Diego Galdino
2,Afternoon Run,10004.3,3739,3784,12.0,Run,Run,,Garmin Forerunner 645 Music,13188699919,2024-12-25T16:13:15Z,2024-12-25T17:13:15Z,(GMT+01:00) Europe/Amsterdam,3600.0,,,,2,5,0,1,0,False,False,False,False,everyone,False,g19811443,"[52.21, 6.88]","[52.21, 6.88]",2.676,3.488,82.2,13.0,True,149.7,163.0,False,True,18.8,9.6,14065001078.0,14065001078.0,garmin_ping_396515520096,False,0,0,False,20232024,1,a13188699919,}ht}Huh~h@d@vBPf@T^vAdEd@`BZvAhBxFZvAb@`DXtAv@tBn@lAd@dAd@lBXdCDpAXvCLt@JxAR|ADbBHdAF`@Nd@RxATtC^hDRvAXxADf@\hCJ~AJpGCb@Mp@DXL^?THpFCp@B|CAdBFnBLvFE^?n@EBALLnDHh@F|CHz@B~@?`EH~BAtBBhACvBVxF@dCEvBJ~CE|CUrJCtEC~A_@hK?nDCp@Dv@~@pDRl@T`@r@~ArAjCdAdCpB|Dx@nAf@fARTZPlAd@JHlAd@bBt@r@\t@d@bGfCx@`@XLt@f@|BbA`AZnBz@\Th@VjAr@hBlA`@\n@p@zAdBlArApB|B\f@r@v@b@l@x@v@`@d@x@vAl@tAf@~AdAhCX`AVn@@@F@PWIYiAiCWw@IGYmA_AeCm@}@ESQ[o@}@yA_Be@c@eBsB}@}@q@y@q@aA]Uw@}@}BeBa@SsB{@_@QuAg@iA]e@Ys@UmAg@[YsBaAOGaAk@sBw@_@Ua@MsAeAa@Sc@Mw@c@c@OUEQK_@K}@i@_@_@uAuCg@y@Sm@yAwCg@sA{ByEc@_Bq@eEGqABoBDuHPqEDqENiE@}BHiB?mACu@?gBQuCB_EE}@A_GDgDEw@Gs@GaB?{@BmAK_C@}@Du@CoFBKEsAIg@?e@S}DDeFCwFEcDLi@By@Qq@CUIe@IeDMgCq@{FCe@OsAQ{Bq@}FOm@O]QcAi@oHKi@e@kEo@oE_@yAQi@cAeB_@kAa@wAMg@UqBy@{Di@gBMy@i@yA_@yAe@sAOk@yAqE]uAUu@q@wAOg@]m@J[b@sBNa@VULDTR,2,,,,,,Diego Galdino
2,Pesado | 10km,10404.2,3111,3311,16.0,Run,Run,0.0,Garmin Forerunner 645 Music,13175501410,2024-12-23T14:48:04Z,2024-12-23T15:48:04Z,(GMT+01:00) Europe/Amsterdam,3600.0,,,,5,3,0,1,0,False,False,False,False,everyone,False,g19811443,"[52.21, 6.88]","[52.21, 6.88]",3.344,5.183,80.2,10.0,True,163.0,187.0,False,True,42.6,31.2,14050833520.0,14050833520.0,garmin_ping_395998694737,False,2,0,False,20232024,1,a13175501410,ugt}Hit~h@EMAWKS_@g@EMA]T_AVu@DMRI\Rb@l@\TfAp@VHPJd@p@tAjAd@XVFTl@Nj@Vt@j@v@Xd@jArAXh@|@^V\p@rA\b@|@|@Xb@RP~A@t@Jn@An@MTTl@HTNVF~BHtBXLLBj@I`C@HNXpAfAnAnAlAnAB?ANVTbAj@h@f@p@v@nAlAP^Tr@JLA@BALHL@DIA_@D{B?cBJ{BLsBKgA?w@A]JyBCcAR}A@yAAg@DkCB]DGLCPWFQAp@IL?MT}BBkBR[X?b@Hj@@lCZx@XpAVjEn@`@JZXPHxARbENlAVd@@d@?b@Jf@DhDRl@@h@Hh@^Nd@^bBEpB@HRf@T`@Ld@^f@R|@Vj@\b@^NXDPH`@T^^bBx@d@RJBXVb@NjAn@zAZ`@Vb@h@jAzBZb@Zp@JdATx@h@dAt@hBfApDn@~AVb@BRv@f@t@|APV^rA^z@Pl@^fBFPz@jDRvAz@`Dv@~B?h@Ix@A|@Qf@IFCFFp@?HUfAWx@o@xAyAjB[h@cAtA[j@k@r@kAdB]PuAc@mAo@]_@eDmB_A]k@Em@Mq@WkCgAq@OGKCWf@_Cl@aC`@uBPm@P}@PsAH_AD{AAsBKg@SGaBXgC?c@Jk@BmAg@MIm@q@]g@Yk@_@e@]g@QOe@UQOQe@WKK?Of@G@E^ICBEAEOOFDDLFICGDBHJBH@r@I|AM~AQvAMzBc@nEGlAe@|AEV?|@Bz@Ab@YdCe@tBYl@eA`BQ^_@`@o@^yA^g@CkAo@mA_@a@UqCaDcBoCoA_A[YwA_Bs@c@SGc@YmAeA]QqASo@@mAVc@T{@jA[r@Sl@]jCShASr@]v@iAbBe@j@s@n@c@h@y@v@cDfEi@bAm@|AyCxFqApBc@j@_@^AAGQIu@AmAKoCBiA@}CJiCGsA?sBG_APaACa@O]OgAKqDK{@_@cCGs@WwBA_AWcCOmCMkAOaAy@yD[yD]{BOqBg@}De@sCWy@i@cBg@{@u@oB{@sD]gCOq@k@cBy@iD_AcCa@qAS}@mA_EYeAYg@y@iBYq@CSDSt@sAH_@JY?MFGHYv@x@XHJVNJ@NT^LLVf@RNF?m@c@,2,,,,,,Diego Galdino
2,Running treadmill,14000.0,4560,4560,0.0,Run,Run,,,13166278932,2024-12-22T08:19:00Z,2024-12-22T09:19:00Z,(GMT+01:00) Europe/Amsterdam,3600.0,,,,0,4,0,1,0,False,False,True,False,everyone,False,g19811443,[],[],3.07,0.0,,,False,,,False,False,,,,,,False,0,1,False,20232024,1,a13166278932,,2,,,,,,Diego Galdino
2,Moderado | 10km,10000.0,3606,3616,0.0,Run,Run,0.0,Garmin Forerunner 645 Music,13150362324,2024-12-19T17:41:41Z,2024-12-19T18:41:41Z,(GMT+01:00) Africa/Algiers,3600.0,,,,0,3,0,1,0,True,False,False,False,everyone,False,g19811443,[],[],2.773,3.218,79.8,24.0,True,155.1,169.0,False,True,0.0,0.0,14023742468.0,14023742468.0,garmin_ping_394989618640,False,0,0,False,20232024,1,a13150362324,,2,,,,,,Diego Galdino
2,"Severo | 6,8km",6857.2,2863,2991,0.0,Run,Run,0.0,Garmin Forerunner 645 Music,13144465131,2024-12-18T19:34:46Z,2024-12-18T20:34:46Z,(GMT+01:00) Africa/Algiers,3600.0,,,,0,3,0,1,0,True,False,False,False,everyone,False,g18048384,[],[],2.395,5.588,82.6,21.0,True,141.5,162.0,False,True,0.0,0.0,14017405787.0,14017405787.0,garmin_ping_394750403600,False,0,0,False,20232024,1,a13144465131,,2,,,,,,Diego Galdino
2,Moderado | 10km,10006.3,3776,3806,17.0,Run,Run,0.0,Garmin Forerunner 645 Music,13128531602,2024-12-16T15:41:42Z,2024-12-16T16:41:42Z,(GMT+01:00) Europe/Amsterdam,3600.0,,,,0,1,0,1,0,False,False,False,False,everyone,False,g19811443,"[52.21, 6.88]","[52.21, 6.88]",2.65,4.31,80.6,14.0,True,154.6,183.0,False,True,40.2,30.0,14000407361.0,14000407361.0,garmin_ping_394166793449,False,0,0,False,20232024,1,a13128531602,{ft}Hgt~h@S]UIWSEK@c@ZiA^cABANBFFLRRTbAj@d@^RHTj@`@`@`@l@\\h@x@VLr@lAVZn@p@`AjAVd@f@f@hAx@nAfBdAdBZ\PDRE~ABVHb@DnA?r@NLCtC`@~@DjANFHBf@A`CLd@hDtDNfAVNN?tAv@lAdAx@z@~@v@ZbAVNPBDI@UIoBAuBB}@NoDCk@@e@Dc@FKPw@TkEEuADc@BcAJ{AHu@ZsBJyBFQJK\Cj@DlAOVDlAd@b@H`@Tt@TjEt@f@\d@BPH`@QxABlAGX@`Ad@`@JfA@bAHXJv@PXCd@W`@Mx@ZjAhAXDJL@RAz@S~C|@nA|@|@P^Pl@Pb@NVJJfAh@`@p@XVp@b@tAj@bAXf@ZbB\d@RRPRXPd@VVLZ^r@h@~@Vd@`@dAPn@RZj@xATv@\lBbApDNZTZj@LHJ^lAf@pAb@dBRj@VhAj@`Bb@hCFJHf@d@zAVvA^nAHPJPFTAz@@pAKj@GNClAKr@Qh@w@nBcAxAYZS`@w@bAeBdCm@p@Yb@SNc@O_@S_@YK@eAw@_By@eC_B_@K}@]aAe@aCy@[QGK?S`@wCb@qBh@yCRw@Fi@J{B@aCC_AMe@GAwAZc@DwB?_AEWS_@QkAiAeAsAg@k@QIIH]e@e@kAIE]HQd@Dp@GpE_@bDCx@?n@]dD[dBOVOl@Gx@Dt@A~@QdBQjAc@|AQ\m@`@E\KXYd@uAr@YV[N{@AWY]WwAg@gAs@{@eAg@]e@g@i@aAq@aAw@k@_Aw@kAwA]Y_@Uw@Ya@UYa@OOk@UcAOs@D_AP_@Ps@~@Wd@Q`@Qz@a@|Ck@`BKf@Yf@]j@e@b@o@bAk@d@aDlD_@T{@jA[n@Wr@KPM^q@vAeApBwBtDM^a@b@QBKs@A{@KgBE]IcC?i@DkACW@}@Hu@@u@CqFJq@?i@Qm@Gm@IeBGu@OwC_@cDO}@YsDWaCOiACc@k@eE[kB]mCe@iCAm@MiA_@kBIcAKc@m@uDUs@Wk@_AaBQa@a@sA]}A[iBI}@Mo@c@eB{@iCs@eBOy@Om@o@wA[}A[{@Qq@Sm@q@mCaAiB@U,2,,,,,,Diego Galdino
2,Severo | 11km,11214.4,3232,3732,0.0,Run,Run,0.0,Garmin Forerunner 645 Music,13080021485,2024-12-09T16:17:34Z,2024-12-09T17:17:34Z,(GMT+01:00) Africa/Algiers,3600.0,,,,0,1,0,1,0,True,False,False,False,everyone,False,g19811443,[],[],3.47,5.138,82.2,22.0,True,155.4,192.0,False,True,0.0,0.0,13948415892.0,13948415892.0,garmin_ping_392344291475,False,0,0,False,20232024,1,a13080021485,,2,,,,,,Diego Galdino
2,Severo,8176.4,3000,3187,0.0,Run,Run,0.0,Garmin Forerunner 645 Music,13053268140,2024-12-05T15:41:01Z,2024-12-05T16:41:01Z,(GMT+01:00) Africa/Algiers,3600.0,,,,0,3,0,1,0,True,False,False,False,everyone,False,g19811443,[],[],2.725,6.383,82.6,20.0,True,152.6,189.0,False,True,0.0,0.0,13919847240.0,13919847240.0,garmin_ping_391291254006,False,0,0,False,20232024,1,a13053268140,,2,,,,,,Diego Galdino
2,Moderado | 8km,8004.8,2895,2942,12.0,Run,Run,0.0,Garmin Forerunner 645 Music,13046308088,2024-12-04T15:58:20Z,2024-12-04T16:58:20Z,(GMT+01:00) Europe/Amsterdam,3600.0,,,,1,1,0,1,0,False,False,False,False,everyone,False,g19811443,"[52.21, 6.88]","[52.21, 6.88]",2.765,3.744,81.7,11.0,True,164.4,180.0,False,True,43.4,36.4,13912386212.0,13912386212.0,garmin_ping_391031545659,False,0,0,False,20232024,1,a13046308088,agt}Hws~h@Q]o@m@MIKBEJu@lCSTe@y@Qg@Ag@J_BFgFFe@@EPA~@f@ZLdBRr@PpCVx@TlBZzARxALXN^Xd@J\@b@Fd@@l@HlB@`BHbBApADn@ApBRdC\l@DvEl@h@Df@JhEl@b@NTJbABVFCH\A|@Dn@CL@fCn@`B\vAPbAZfAJ~@NXNHNh@@VHl@Db@GbAD`ANb@LjBVTIH?lAXb@Bt@GNBn@AZB`ALNDZXJPDXG~@G`D?hBKrFHhDAtACvC_@vJ?n@Cz@DtBCV@hBAz@El@Ol@UlBSj@[h@AzAQxCg@fDEh@_@bCIt@G~@Az@Gv@WxACh@BbA]hCSrAm@tBg@jAW^e@b@_@RaBr@_@HYEaAo@wAe@[O][iByBmBqC[[}@i@u@y@c@i@S[YScBq@]c@_@Yc@Ym@MQCeAAYD{@P_@Vq@jAe@hAQr@_@lCa@bBWv@i@z@u@dAiEbEw@`Ay@rA]`@Yj@}ApDaAhBqB~Cs@dAYTMm@NcBBo@IsBM_CCcDD}@GiB@cBEo@Du@Fa@?YQc@Gm@ESEq@AyAE}@Gu@Km@SoCQsAEoAOmB_@wBE_Aa@eBSaBOe@Ms@Cw@a@yDCq@Mm@G{@Oo@[sBKuA[uBi@oBqAiCi@wAq@yCg@kD{@yCa@eBc@}A[qA[u@[iAkAeDSk@Ow@Sm@SWi@_BYi@cAqC@m@j@oDL_B@}@J{@DIH?x@p@ZP^LRNC|@o@~ASl@?DFVZb@d@d@h@|@v@v@t@~@J^Af@@HJLF?DK@OEMW[yAuAc@k@MK,2,,,,,,Diego Galdino
2,Pesado | 8 km,9046.0,2770,3084,0.0,Run,Run,0.0,Garmin Forerunner 645 Music,13031848729,2024-12-02T17:09:05Z,2024-12-02T18:09:05Z,(GMT+01:00) Africa/Algiers,3600.0,,,,0,1,0,1,0,True,False,False,False,everyone,False,g19811443,[],[],3.266,4.9,82.2,22.0,True,150.7,166.0,False,True,0.0,0.0,13896996353.0,13896996353.0,garmin_ping_390513321086,False,0,0,False,20232024,1,a13031848729,,2,,,,,,Diego Galdino
2,Lunch Run,12063.8,4292,4318,29.0,Run,Run,,Garmin Forerunner 645 Music,13022553287,2024-12-01T10:36:14Z,2024-12-01T11:36:14Z,(GMT+01:00) Europe/Amsterdam,3600.0,,,,1,4,0,1,0,False,False,False,False,everyone,False,g19811443,"[52.21, 6.88]","[52.21, 6.88]",2.811,4.043,82.5,14.0,True,166.1,185.0,False,True,121.6,99.4,13887040156.0,13887040156.0,garmin_ping_390168959914,False,0,0,False,20232024,1,a13022553287,egt}Hys~h@k@g@IMKEKB_@lAg@nAI^@f@P`@Zd@pBvENl@bCbHBT`@fAV|@d@nAfAdDlApFNz@nAjCZ\z@zATp@\rBl@bFN~@DjA`@dF@p@Fz@Lr@NrALlCXhDJfAf@|Ch@zEF~@Il@A~CKzAR|@@N@tBJnEHhJE|B@|@EpAJlD@xBFvBHx@@f@@pHThLAfCPbGAp@BhCArCIjDSbGGpDQ~E@~@NVBFGxAC~BDqFXyJe@IF}B?gBL_HEcF@sFG{B?yAGeBA_BBuB?eAGoBAyBAeAIaA?cECQ?aA@iBHg@fB}B\u@dBoC`A{Br@sAn@uAfAkBfAyA`@e@\WvA{A~@y@nAoBf@oAd@wBZeBNk@HUz@qAfA_Ah@Ed@B|@`@^XjATvAdAxAvAj@\~ApA`AhAp@hA|@dAj@|@h@l@~@j@|Br@\D`@CbA]~@m@^a@l@w@`@aAV}@Nq@j@cEPw@VuBT_CRiDR}BPa@De@?s@ZoENyAFI`AVdBnA`@\X\V`@\x@XXXPd@H^?lCKf@Ef@MX?Pb@?hBAr@Op@Gx@Kx@kB`JI|@Ep@@HFLVPp@\fBn@rAh@v@`@vDzB\ZbAr@|BlARI`AqA^a@`BkC\a@|B_Dl@{ANq@d@}CJuADiAFe@Ui@Ic@Sk@Ie@mAkDc@oBSq@i@gCUq@]q@Ki@k@{AWmAKU[KY@k@cAWq@Qq@eAaCg@uAOcA}@_CSo@i@qA]g@s@iC[c@c@SIOe@YmASg@Wa@[wA]kAa@{@uAiAYm@gBk@aAU[c@e@a@k@UU_@QKMM_@LkECSa@OaAG}@PkBKBYoAO_B@wAOcCKUFk@?_@[GO[Wc@SWQWI_@?CDc@B_AC_BU{AC_B_@c@Ec@DyA@KNI\I|@K^i@TMn@GnDBv@I~@Cn@UlBDr@C|BAj@Mz@E~@?|@Cv@IrGCTE@GKEUQg@qEeEiDwDCBSGGM_@[[_@g@_@S[AMNiCIs@OKaBSa@Cy@D}AQ}@?[GeCI{@K[J]KaCmCm@eAQQUY[QsBeCo@o@]c@Yc@Sm@OQi@]mA{A_AaAYSe@s@Qa@S]]SYi@SFQXa@b@Md@,2,,,,,,Diego Galdino
2,Afternoon Run,7031.1,2269,2522,19.0,Run,Run,,Garmin Forerunner 645 Music,13011744305,2024-11-28T16:51:43Z,2024-11-28T17:51:43Z,(GMT+01:00) Europe/Amsterdam,3600.0,,,,1,3,0,1,0,False,False,False,False,everyone,False,g19811443,"[52.23, 6.88]","[52.23, 6.88]",3.099,6.1,77.8,12.0,True,128.5,155.0,False,True,107.0,90.0,13875383497.0,13875383497.0,garmin_ping_389777320026,False,1,0,False,20232024,1,a13011744305,gqw}Hgc_i@MDGEcAgA]Oi@^cAN_@I]S]_@Si@Oq@Kq@C{@@q@HYFMVURC^?\H\Rd@d@\v@Ph@Hj@D~@Gd@Y`@UJgAFs@WY[Yq@Oq@Iw@Au@Fw@Rc@XS^Eb@Dd@TTRX\Zt@Lr@Hv@Cn@Mh@WVu@Jo@Ca@U_@]Sc@I[MaAAy@Hy@Pe@`@YVGV@^Lb@XnAfBJd@B^@p@At@IPe@^e@Jc@?eA[c@i@Yo@Ic@IoAHsAV_@VQ`@IV@f@Pr@h@l@hAV`B@p@Il@UZi@Vs@H[A]Ma@]Yc@Uq@MiA?m@DgANk@f@a@VGlANXNr@fANh@TtAEdBITUVm@R_@@e@K]Q]WYa@UuAMiB@a@Lo@V_@VMZE|@N`@R^\Tj@\jALx@BZA\Il@S^]Rm@TSB_@Gq@g@m@_A[cAMw@Bm@Ju@FQLWZY^O^C\J`@\x@jA^lALh@Bj@An@IZKRONe@TcAB_A_@m@y@KUQq@Eg@Ew@@i@Ho@N[IP?f@Gb@DdAR`AXl@d@j@`@V\Jj@A`@KJQZcABq@SuAWm@q@_Ak@c@WEg@?c@HKDQVEn@@r@ELFv@AXBBDIIAHGP`A~@nATN`@Nl@Bb@OLKJSH[DaAIkAIg@Sg@o@{@e@_@y@UYBe@PSPQb@Aj@HzADZDI?KIk@DPFv@Ld@dAnAd@Vf@Hj@I^YNYFi@?[Cm@KaA[{@[e@i@_@a@Q[Eu@NM?[TGzBBVCNFPA?@JLl@DJj@p@h@`@PRd@Lv@OXSLSFY@w@Ai@MaAGUc@_Aa@g@SO]Mm@Ei@LYNMTALEBCXLv@Fx@EEPnAT`@h@r@p@`@p@DVGNITSJ[Jy@A_@U_BWw@_@k@YYYQSEw@?c@NQPGX@t@EZ@r@DXZdABF?OB@x@jAj@^l@@d@GLMP[FY@M?{@Gg@O_AM_@i@}@]Yg@So@Gc@L]d@Cj@@zAJ|@?NFNEEKi@BMR`AVj@Z^f@`@`@FPAf@I^UPa@D[@YAg@Gs@Om@e@kAc@g@OGy@Mg@Be@RKLOr@CXFz@N`AZbARZ,2,,,,,,Diego Galdino
2,Evening Run,10000.0,3373,3373,0.0,Run,Run,,Garmin Forerunner 645 Music,12998079418,2024-11-27T19:01:08Z,2024-11-27T20:01:08Z,(GMT+01:00) Africa/Algiers,3600.0,,,,0,6,0,1,0,True,False,False,False,everyone,False,g19811443,[],[],2.965,2.81,80.6,24.0,True,159.8,172.0,False,True,0.0,0.0,13860688117.0,13860688117.0,garmin_ping_389264743201,False,0,0,False,20232024,1,a12998079418,,2,,,,,,Diego Galdino
2,Afternoon Run,5156.8,1528,1893,32.0,Run,Run,,Garmin Forerunner 645 Music,12952653908,2024-11-21T16:42:03Z,2024-11-21T17:42:03Z,(GMT+01:00) Europe/Amsterdam,3600.0,,,,0,8,0,1,0,False,False,False,False,everyone,False,g19811443,"[52.23, 6.88]","[52.23, 6.88]",3.375,5.483,83.1,13.0,True,153.8,170.0,False,True,146.6,124.0,13812424534.0,13812424534.0,garmin_ping_387653623352,False,0,0,False,20232024,1,a12952653908,gtw}Hwe_i@EEEQHuAC}@QoAKYMS]]_@Sc@Me@Ag@JSJGHITEj@@b@JrADRRl@^h@b@Zb@Jp@U\EZYPi@Bo@G_AIi@Uu@Yg@a@c@c@Mc@Gc@Fc@d@Qb@Mv@?f@JbA\`AX`@x@r@THr@I\Ib@g@Bm@AwAI}@Sw@_@e@a@YQGo@MOBe@NQJUZIf@FpAX`BDNZl@f@b@n@RX?\G\WVc@BO@c@CaAM{@Uy@Yi@MKw@a@g@C]Dc@RIHM\Et@DfAPdATn@T`@n@^^NN@R@`@E\MTi@F{@EqAU_AM[[i@][SOEKUGUCGBGFk@NYRKPKv@Al@DZXvAn@fA\Zd@Jb@@`@C\MPUHk@F{@C[Ki@_@qAOUMMs@_@_ASk@F]XKh@Av@Ft@Lt@Pj@Rh@X^LJv@Hd@Bb@GNILOF]F{AIu@[gAWe@MQk@e@ME]IU@_@F]RQh@EdABh@XdBTj@PZLLPJj@Lj@@f@KVUHQL}@EiAMs@@EN\BRCV@^Al@Kp@@@AEB]CCHI@w@Eq@Mu@Wq@S]i@c@a@Oc@Gc@BG@OF]\EVCVAl@JbAPdAN`@F@DXDDIQKAES@@IOOm@KeAC_@D{@Ps@NQj@Wb@?ZDf@V`@ZZ~@Rx@HbA@XCn@Mh@FCDMCQB?AEDSAi@C]UeAKYi@gAMMa@Um@QOAs@JOJO`@El@@|@DZN~@Tv@?N?CDEANCQCBAI@?AOMw@S_BBcAHYN[LKLEXEbAFXHVV\r@^fANjA@XEr@ETIJ@@BCBMAMBAAB@?II?F?@DKBcAEm@Mi@[y@a@i@k@_@QGi@Ie@D[PKLGRGb@AVD|@XzAAB,2,,,,,,Diego Galdino
2,Afternoon Run,10000.0,3613,3613,0.0,Run,Run,,Garmin Forerunner 645 Music,12945752648,2024-11-20T16:39:48Z,2024-11-20T17:39:48Z,(GMT+01:00) Africa/Algiers,3600.0,,,,0,4,0,1,0,True,False,False,False,everyone,False,g19811443,[],[],2.768,3.121,82.8,23.0,True,158.4,175.0,False,True,0.0,0.0,13805108588.0,13805108588.0,garmin_ping_387399243238,False,0,0,False,20232024,1,a12945752648,,2,,,,,,Diego Galdino
2,Intervalado | 8km,5161.7,1800,1801,8.0,Run,Run,0.0,Garmin Forerunner 645 Music,12930300979,2024-11-18T16:42:42Z,2024-11-18T17:42:42Z,(GMT+01:00) Europe/Amsterdam,3600.0,,,,0,6,0,1,0,False,False,False,False,everyone,False,g18048384,"[52.23, 6.88]","[52.23, 6.88]",2.868,5.9,80.9,14.0,True,156.7,184.0,False,True,81.8,71.8,13788558362.0,13788558362.0,garmin_ping_386859678672,False,0,0,False,20232024,1,a12930300979,urw}Hwd_i@JH]g@]_@AKBgAOyAKg@Oe@c@k@g@g@]Ig@?QD_@REHQf@Kx@Bt@Lv@Xp@`@`@`@V^L^B\C\MJILUJg@?y@Gu@Kq@Sk@]g@_@We@O_@Ag@J]TQ\Gx@Bn@Dj@Nt@Tn@\^`@Tb@Ld@ATAJCVSDINe@Dq@Ce@WuASq@QYOS_@Um@QOA]BYJYZMj@Ax@HdALh@Vp@V\\Vd@THBn@Dh@ST]H]@{@E_@OiAY{@_@g@c@Yc@OSAI?e@F[TQf@Ev@Bv@Jv@Px@\f@l@\j@PR@j@C^WJQDSDy@E}@Mw@]{@[i@OOSIi@MIKOCC@ABA?@AMBSHQLOPEJG`@AxADl@Lt@Pl@LTXVh@\t@@^GXOLOVa@Dm@@s@c@uBWi@[_@q@Yc@Es@@YJU^GZCh@Dh@ThBXn@f@l@NJZNXDd@@PCTMXa@H[Du@CW[{A[aAYk@KIYS]Ik@CM@MFIAGDKJOd@It@@z@PlALj@d@r@XTn@Ph@D\AHENMR]Hq@?aAa@gBUk@SYg@]QGa@IQAMBe@NKHQj@@hBRnAL`@b@v@VPv@Vb@BVERM\m@Dg@@s@C]Kg@Oe@Uk@]a@e@]g@Ms@Dc@TCDKVGZ?r@BTVpBFJ@PDJ^^l@\hAFVGPKTYHYD[@i@Gu@Qe@Oo@Um@SYKIk@Wg@G_@Bm@XSf@G|@Hv@RfAVr@\h@b@\`@JP@`@Ad@SZi@Hg@B}@AKOu@_@eA[c@c@Yq@QWEk@D_@ZMn@?~@JbAPr@Zt@FJ^Zb@Nh@Hd@EZQRc@DE@Nh@^PRP^LHBF,2,,,,,,Diego Galdino
2,Moderado | 12km,12004.2,4298,4331,13.0,Run,Run,0.0,Garmin Forerunner 645 Music,12919051816,2024-11-17T07:09:38Z,2024-11-17T08:09:38Z,(GMT+01:00) Europe/Amsterdam,3600.0,,,,4,4,0,1,0,False,False,False,False,everyone,False,g19811443,"[52.21, 6.88]","[52.21, 6.88]",2.793,3.467,83.7,13.0,True,154.0,176.0,False,True,88.8,78.4,13776385155.0,13776385155.0,garmin_ping_386490890698,False,0,1,False,20232024,1,a12919051816,mjt}Hku~h@C@St@QfAOh@OX?DFd@vBfEd@lBZh@|@dCTz@Nv@dB`Gb@hAVbAp@nEj@zBpBzEVp@Nr@XbBVzCl@jFJ`BLx@Dn@@|@LdAPf@XpBXnEHz@L|@n@nDRdB`@nCB~@Gz@CjB?nAGlAT~@BrAAxCFpEBlEH`CCp@?rERbD@fDLnBBvGC|@BzDRvG@~ANhEAt@BdAEtC?bAIvDQlEGtEKhBGnEKbDApBDhA?x@F`AVh@Pz@ZbA\x@L^zAlDxAzC^|@x@dB`@j@r@rAx@dA^\ZP`@P\TvClAdB~@b@ZjAf@\P~@^pBbAdBj@bAd@f@Xd@PhAd@b@FZJ|AnAd@XxAr@tApAj@p@xAxA^d@d@`@rC`D|AzA`@d@Zf@TV`@h@r@lA|@zB~@jCh@hB`AfCxApDVlAPd@^~@zA`DzB~Gh@zAh@lAhAbDn@jBn@xBxBtErA~Dp@|Af@zAPLJKz@jCz@rBHDJTv@lCd@nAH^D@Qs@[e@u@qBo@{CSk@[k@w@gBeA_DoBaFeAaD[s@o@mBw@iBY{@]{@y@eBeBeFy@oBw@cC]_AYi@wA{DUe@_@uAi@uAQo@oAsCo@sBsAqCaAkByA_BIMq@_Aa@]kE{EU]Sg@e@Y[YMc@e@a@gAu@c@O}@i@mAi@aAY_@S{@YgAk@i@SsA]iAa@a@SUUg@W_@WeAc@IGaAc@oAo@i@][[e@UuAe@eDsA][_@wAWs@Wa@_@]U[Yy@_A}B]m@qAsCaA}Bg@wBM{@OsAM}C?aEJiCHuFJoC@wCJ{D?s@DkADkDCy@?s@Es@M}@Aw@@sBG{@@sBGeGLuCEoBK{@EiH@aCEcA?aAEg@@@@s@G}CMsACwA@cAEcEFi@Bw@EkGFo@?m@]uCOoEWuCa@cDOu@W_D_@uBS}C{@kFe@eEM}@W_A[mD]oC]gBUs@g@kAUc@c@qAk@uB[cBYoB_@cBUaA[aAOu@Ww@Wo@Ig@?i@`@gA\yAn@uBLs@?MCGu@{@e@{@CO,2,,,,,,Diego Galdino
2,Morning Ride,28708.3,4613,6830,55.0,Ride,Ride,,Garmin Forerunner 645 Music,12912426407,2024-11-16T09:08:15Z,2024-11-16T10:08:15Z,(GMT+01:00) Europe/Amsterdam,3600.0,,,,26,3,0,3,0,False,False,False,False,everyone,False,b12624991,"[52.23, 6.88]","[52.22, 6.89]",6.223,8.96,,17.0,True,131.9,165.0,False,True,76.8,43.0,13769207154.0,13769207154.0,garmin_ping_386260424855,False,22,0,False,20232024,1,a12912426407,}mw}Hi__i@ZBM`AK?CJUvA}HdXOhAFt@Xt@zBrDtBvBFRCl@sAnL[hDo@nJCzAPd@NHz@e@|OdAxGpAz@IPnCv@tGAbBw@xCRx@Eb@eApDwCfIyCrFsCjDeEdH{A`DyAdEsC`G_A~BSZ_CpBk@lAe@rBe@xA{A|AkA`DaApByE~HsErJwGhLw@z@s@jAaO~XOZEd@JdAE^_AdCgDzFShAS`@qQv[eNtWuJtQsa@|u@eHbNgEbHgEnIwB|GSpDWdCg@~B_BxEg@xE_CpHaAdFYrBkBtGsApHeBtGe@b@GbAkDdMUd@s@r@Y|@gBtDs@t@gDk@QHIJ]|DINgCDg@fAGd@Uj@]zAgA~AuBjCiCxBcBnA_ALFR[j@Dv@Ob@_CdBeBzAeKnDi@GSJWr@JVFMG_@EEwDdAeBpAeAhA_Av@OGIU{@oCOcAGIWXYv@Vx@`@n@\x@bAtDFj@C\Xr@?\OdB]nBcAlDw@|BiHlPU`CaElHy@fBGjAT~AJ`@pAbCBXCHiMzLaXbXSDc@SOH}@fAcJ~ImEfFq@jAy@p@k@BQh@_@j@Qv@iIxHmH~HeClBoAdBcJtI_CjC]Dq@YEDe@jAsBrDgB`B}NnOWTa@@[]Ui@[@a@z@yBvBKb@Rx@JJZyAd@JLGl@s@v@i@Vo@l@JZQxRuSp@{Ap@{@^}@PIh@Xd@IlEyEzOqOfGuGpH}GV[Lw@f@kA|@YlCkDlBuBnKsKdAoAj@RXKpf@sf@IYeBwCUiB@y@lGeLP{B|HyQ~@gE`AsDVwBZe@?{@{@uD^u@hC{Bn@a@|CgAd@GLLTl@XFRYDq@N]bKwDtEeEFSGaAHS|Aw@dAaA|EcF`C_C`@_Bp@aBRy@^QnBD\qBHgAD@FSTQpAGhAj@tCoFZ_Al@i@Ve@pCuKVyA@i@d@SJStCiMr@sDzAoFh@gE\{AtC}IX_EpBmG`@uBTuCPkCpAgEh@uAtEuIvGeLfMmVt_@is@l[al@|B}DxEaJl@iBNY`DeFhAiCGeBF_@jBmElLsTpAcBpCsEbEyHrBuEvG_LpBiF~AiBfAgEj@gAb@g@tA_An@eAv@{BrCmGfBkEdAqBhFwIjCeDnAcC`B}DvAoEnAcFpAoE~AoIRiBh@{HZuMFyGEmEWeIo@qOW{DIsDWsCe@iDg@wJKqA[sBYoEO_GHyBOaDWsDK]u@E}A\KYt@uG?iATcCMq@?u@PsAFWbCg@DW,2,83.9,,,False,386.8,Diego Galdino
2,Moderado | 8 km,8004.8,2882,2955,11.0,Run,Run,0.0,Garmin Forerunner 645 Music,12900072220,2024-11-14T15:48:42Z,2024-11-14T16:48:42Z,(GMT+01:00) Europe/Amsterdam,3600.0,,,,3,5,0,1,0,False,False,False,False,everyone,False,g19811443,"[52.21, 6.88]","[52.21, 6.88]",2.778,5.36,81.9,15.0,True,137.6,164.0,False,True,53.4,45.8,13755922758.0,13755922758.0,garmin_ping_385814177174,False,0,0,False,20232024,1,a12900072220,gkt}Hyu~h@G^Af@Mh@Wt@?DL^v@zAt@fBZjAhArDt@lBTdAFh@^`A?FG^@Nb@|AP`@Nh@\pBT|@RxA\fBRp@|ArD\lALr@Hf@~@xIThDPzA@v@H~@Fj@J`@ZfDv@nGh@tCBb@p@vFDz@Cf@?t@DdB?PGVCj@TnABhDTzA@l@AbADvAGtA?p@LbEGlE?r@Hn@@bBGvA?l@N~ABd@DfH?vCC~@@z@T|JDpCF|@AbBB`CCzGOhAIpFVxA?xBB`@InBQfH@jCAx@Jt@b@`B^hB~@vB^l@pAzCj@|Az@xAr@jBXb@^\bAbBtC`B`A\~BfAd@X\Jd@Fb@Nf@X|@`@v@VbAh@dAb@h@\LAHKCC_AQs@UqA}@uAq@gA_@}@c@sAs@uA}@e@IeAa@eCgAYUc@}@Wq@]i@Y][k@Qk@[u@Ka@Um@aA{Bw@{AmAkCi@mBYgBMaACaAAeABkDJuBR}GAaAB{BNwDJ{GC}@?uBI}@IeBI_FCqCDk@CeFB}@Ay@KkB?mBIkBA}C@oAGw@BkAJg@@@EyAO}ABo@?{@Es@AaAMw@Gm@EuCLq@Dw@KeGPu@Cg@UuASuGSmBc@iCQuBm@cFGm@?u@Ee@SwAU{@Ow@YiDKu@Y{AQyBKy@S}@g@kDa@iBcAuCWe@kAuDg@mCMcAu@uC}@iCG_@Gw@k@eCw@uAa@{@c@m@Qc@Ei@Im@Qk@Wc@e@wASiABOP_@Ti@No@,2,,,,,,Diego Galdino
2,Afternoon Run,7130.2,2011,2023,7.0,Run,Run,,Garmin Forerunner 645 Music,12892409103,2024-11-13T15:44:33Z,2024-11-13T16:44:33Z,(GMT+01:00) Europe/Amsterdam,3600.0,,,,5,5,0,1,0,False,False,False,False,everyone,False,g19811443,"[52.21, 6.88]","[52.21, 6.88]",3.546,6.157,81.9,14.0,True,152.8,171.0,False,True,40.8,35.6,13747693833.0,13747693833.0,garmin_ping_385553316412,False,4,0,False,20232024,1,a12892409103,qgt}Hkt~h@s@s@EO?U@QH[h@oAN}AFEr@D~@R|ADZF`@@`AJz@N~@^fBX\BpAT`@@\FN?VCfASd@D^E`AA`@HbBTj@Fn@B~AR`ADhAEbADxBVd@LdDj@d@`@`@LdANr@R|@Dj@L`AD`B`@tBZRHXD`El@n@DNJfBb@XXNB^K|@PhDh@tBJv@@`ANl@D^?XEd@Hr@EdABLBRJX`@BR?REt@BdEG`EAtBGpBCzBBrBWzCCz@Ex@GfCIpA?vACj@MhA@tAC|@@jBBl@Oz@[b@Sp@GhACrAG`AMhACjCS|@Kn@A|@UtBQx@_@bAGx@BpAIdA[zB_AfDiAjB}@~@g@N{@Gm@O[[[Oe@IYOa@]y@cAoBaBiAuAe@W]KYOwAsAc@o@c@]mAg@y@}@[Ou@Oq@Ge@AyARk@XqAtB[v@o@tESz@Wr@g@`A_@h@_CdCcAbA_@`@s@~@_@Zi@r@mClGaApBkC~D]\G?GQEWGaAI_BMmFBsCN}A?eCIaBFaA@}@]uBQiEk@iGi@yEIoAKcAMuBKw@}@mFMsAaAwG{@yH[yAc@oA{AiDUs@]uASqAu@sDY_Ag@}B]eA[u@c@wAyBoGg@uB_@q@e@cBa@aAu@sB?{@Fy@HgCPsALyA,2,,,,,,Diego Galdino
2,Afternoon Run,7370.5,2476,2595,10.0,Run,Run,0.0,Garmin Forerunner 645 Music,12876509206,2024-11-11T15:32:23Z,2024-11-11T16:32:23Z,(GMT+01:00) Europe/Amsterdam,3600.0,,,,2,3,0,1,0,False,False,False,False,everyone,False,g19811443,"[52.21, 6.88]","[52.21, 6.88]",2.977,5.84,81.1,14.0,True,145.3,164.0,False,True,51.4,44.6,13730671565.0,13730671565.0,garmin_ping_385026717221,False,0,0,False,20232024,1,a12876509206,mjt}Hit~h@Mn@c@tABLxA`DV~@Xv@f@jBt@dDVr@\bB~@vCR`AdA`Dr@zDf@hBd@tAXh@x@jAXh@Vf@Nl@PnAFp@J~A@n@X|EDt@RrAH|BFf@ZpAPfAPjB^nD^nBLz@`@~DLhB@jEB`ACZKv@ZpCB|ACjAFpA?rAD~A?tAHhD@fDCrARlF?bCNzBLrJBjF?vFFnD?bBHtDCzFIfBg@zRBv@HJBPCxEFfCDz@J|@C^Dn@H`@\xAHPm@_B_@}A_@}CIgBDgBJwBL{EFqC@qFTiGDcEA_A?_AOuBAs@DsAKuMFeDE{ADaA?FCPDpADHGlDC^Br@Fr@@VCJBPAr@@f@?LASIi@?e@AOHcFEcABk@Ec@M_EIgAA_AB_ACq@DoCDs@?s@CYBCF?G@EAE_@?}@IcA@e@G{BEcC?u@Bs@CqAHy@@s@Ck@KmADe@Ew@Au@Ps@Ei@[yAE{CImA]kC_@iBKcB?}AK_Bk@wDKy@E{@Ie@k@kBMaAEiAWwAE}@UsBMcBSsAQsBKu@Os@Qc@Ym@mAqBWq@_AyDUmBi@mC_@yA{@{BcAqDkAsDUg@u@uCg@cAuAyD_@w@EYDsBVaDJw@HaBJOBAPHl@d@`@Vt@J@n@FNd@j@Vb@dAv@`@d@RNZr@JNtBtBPRBPARa@dBs@`CCBQEc@_@,2,,,,,,Diego Galdino
2,Morning Run,12702.6,4096,4107,22.0,Run,Run,,Garmin Forerunner 645 Music,12865305549,2024-11-10T08:01:20Z,2024-11-10T09:01:20Z,(GMT+01:00) Europe/Amsterdam,3600.0,,,,4,4,0,1,0,False,False,False,False,everyone,False,g19811443,"[52.21, 6.88]","[52.21, 6.88]",3.101,4.35,84.1,14.0,True,151.8,164.0,False,True,40.4,29.2,13718601678.0,13718601678.0,garmin_ping_384680280598,False,2,0,False,20232024,1,a12865305549,{ht}Hev~h@MEK?OP_@`Bi@|A@N?`@j@tA\d@n@|A`@`BJXVb@vAhEpCpJPx@^bC`@|Bb@bBPh@~AbDVx@ZhBNtBn@nFHfAh@nGf@xCL|Bf@vE\zBNt@x@dGFn@A`E@`BK`ALp@Ft@Bv@@jEFfB?nCH~HA`DBp@Hx@DjFNxC?|BBdBAhC@nCJ|EDb@BlEHlFEvF]rLa@jRCdAFrBG|@KTI^@ZDLZh@Rl@Rv@j@hBBZ_@rF]pAOXEAy@kAmA}AsAk@_EyBo@a@}BgAe@QE?SXqBpJiA~EO`@_AhEGJm@vCA`@B~BDjAAlBK|GCbAMx@Qf@]f@K\A@M~@m@v@UNKGMSc@eAWi@i@a@q@Sc@A}CFs@AiABm@EoA?cCHoAEa@B_BCiA@}AEm@Fe@Eg@IEKEYG{@?{ACaEg@yJA{BD}@\sC`@mFZcCF}@AeABs@FELAUVGb@o@vIk@~FADG?SWAGVoBJ_ANuC?w@OcEK_AGoADq@h@kDBi@BaAOa@OJGbA?l@PhCAPCFE?SCIGCQ?}@Ey@CeCHs@Xc@X[@c@EoBCaBQwB[oB@]VW@c@_@sFQiAMyBOsBOkAYiAe@wAk@mBWmA_@oEIwCQcAYqD[uFI_Ca@kGKs@?}@E{@SiCS}DU{BEiBWk@Uo@Sw@cAwF]_C_@kF_@gDIoB@e@AiAC_ABuAH_Ar@gDDu@f@}BhA}GTmA?iABaAA}@Ey@MiAOgB@aC]cK?gAM{BAgCBmDBy@H]TJ~@fA`B`AHB^@lAGd@@tBv@PPACNC`@Sl@a@vA_Cz@aBTo@Rs@h@wDVcA\wBZa@`@O^Gh@CRBPBl@PdAj@tCv@j@B^Fx@BlASd@Of@Un@k@vAeCfAyCXq@T_@FCT{ATeALqBCQDaATqBAUPmDBmAJmBA{@FmAZoEHqB^kG?aADw@?_AL{@LoBJ_@FGbAJd@CnB]dB?|@UtBD\AdAFp@AXGNH@H?bAFjCAxAKxD?bAD|@?jBIjC@n@GdED|@ApASvJKp@STKCc@Dg@NeAE_BUc@C}Aa@e@Ae@Go@U_BOKFMr@Sj@Ql@,2,,,,,,Diego Galdino
2,Afternoon Run,6577.8,3124,3202,28.0,Run,Run,0.0,Garmin Forerunner 645 Music,12838232868,2024-11-06T16:16:44Z,2024-11-06T17:16:44Z,(GMT+01:00) Europe/Amsterdam,3600.0,,,,1,3,0,1,0,False,False,False,False,everyone,False,g18048384,"[52.21, 6.88]","[52.21, 6.88]",2.106,6.06,81.5,13.0,True,143.5,161.0,False,True,36.0,27.4,13689471520.0,13689471520.0,garmin_ping_383744903607,False,0,0,False,20232024,1,a12838232868,oet}Hep~h@@?AMWg@]_@_@]_@c@Q_@Dg@HMn@oBLMHBPRJVb@`@z@dATBLJFZLVv@z@z@jAVVXL`@v@dAhAV`@\\rBzA\\Rb@vBnC\h@XVx@Nd@D\?lADf@Pd@Bf@LlAAdAFhCTd@JB@@NAXO`CJb@\Xx@z@f@b@r@z@JFl@z@rAdAZ`@tCnCRZNt@RPKy@Mc@UYi@c@WU}@eA_@SqB}AuAADWEUMYsBkCQ_@JaCAi@MY[KiAKk@@sAC_AFcAGk@BkA?e@AE@kAOUQsA{Am@i@gBuBi@a@{@eAmBwCgIgLKSYWe@{@MKEIASEODAjAXf@HT@n@?l@Fn@Tf@LF?r@L|@Df@NDD@FJAM?AA@ACAFADB?BA?QEgAIk@Ik@Aa@Ei@MaAMo@Bk@Iu@We@i@BDIEFHACBCCED@?@EABBfABdANh@AX?`AR`AZnALLN^T\AGF?CD@IFD@I?u@Km@M_AKcAWkCIc@Ge@OUWCFEEAMJJCDG?QMJP@QDB@ECIf@?j@J|@XPBh@APDT?bEbATFJFRCADBDAB@CGC@CC@Q@w@Kw@U[Ec@Qy@S}AGWD]@a@Gc@UWQ@OZHABAIMCIMLP?FBCE?JFxAZtAN`@Jd@Dj@LXBd@N~@J^AJBPNCIA@CJK@B@LEi@OaAM{AGw@Oc@?_AMw@Eu@YYQDDDKFFGBCACMFDCBd@FlAZ~@BrCd@|AP`@HDDRFDA?AGBAFDCEBSOYIu@MYIq@EQEc@Ai@UmAKg@By@CYMMKFA@BBEC?CH?EGCPFtA@hBTdAT~@FvBd@H?XLCNC?BCG@@CCABAQ?OAsA[cAGY?YG[Y]Au@Ik@B_@Ec@KGDQb@MJCXIJKZDHAPAB?CAJUd@HV?RBDJ@^TJZ,2,,,,,,Diego Galdino
2,Morning Run,10323.0,3138,3142,16.0,Run,Run,0.0,Garmin Forerunner 645 Music,12826571501,2024-11-05T07:36:56Z,2024-11-05T08:36:56Z,(GMT+01:00) Europe/Amsterdam,3600.0,,,,3,5,0,1,0,False,False,False,False,everyone,False,g19811443,"[52.21, 6.88]","[52.21, 6.88]",3.29,8.186,84.3,17.0,True,164.9,181.0,False,True,103.2,95.2,13676976644.0,13676976644.0,garmin_ping_383385450171,False,2,0,False,20232024,1,a12826571501,o~s}Hkf~h@OC@qNEuF]NC?CICAIQ][i@]MWHg@kEfHDSVe@HANSD?XN\\xAdA`@@XJLRz@z@l@z@Vd@XJXf@Jh@JNHFlAvAvAzAX`@d@Vr@@Xf@T~@@TZd@d@j@f@x@\TVDHDlAF`BPJ?n@H^@dAPf@CZElBVZHh@FHDKdDHj@hCtBTVXd@^ZJPRMTRv@lARTb@TP\|@x@Z`@V`@Nx@VV^JDM@IA_ABeDVkE?s@Em@@s@LiFL}ACy@@mAD_@C_Ab@{CFs@Ds@CcANWRGL?rAV\Nf@Lf@Ux@Rr@Dd@JhBT^PhA^j@B`@XLNh@NRENQn@Sb@EHKb@Al@DfANRJvBZd@H`@LnFz@RH^XDC`@NB\K`B?tACr@d@r@VXv@jAPf@FVR`@r@d@f@Lh@`AbAv@`@Td@Lf@Z`@J\RtBh@LLp@RTb@bAbC\^Xj@l@nBt@xBl@~Ar@~Al@bBl@rA\b@`@JLNV~@j@bBLf@Tl@dBpGXtAv@zCb@fBl@dBBf@M|@ItAW`COz@k@pBQf@Yf@_C~CsApB_AhAa@l@URcDmByE}Ca@Sc@Ge@OEE]Mo@QsBy@e@a@AKFuAf@gEdAwFRaCBcDEs@KME?g@Fc@Pa@DsAGm@@m@F[GcAm@w@_A]k@o@y@mAiAi@w@YAYZEl@@|@WbEy@xIOxCGh@Y|@G|@Cv@SxCg@dCWv@eA`B_@^]V}Af@g@Hg@OeA}@UG[M[UcAyAg@Wy@q@c@u@i@q@m@i@aAo@[]c@q@Wi@YY[S_@MmAy@s@[{@[o@Ge@AYB{@RQFa@\s@pAg@nAQbA_@rCOz@Up@a@v@]f@s@v@uDfDe@f@{@lAm@fAaEpIoA|B]l@q@v@YZGCGOIy@OgI?qBE_A@gCEoC@sAHi@Ds@Mm@Gu@GuBSwC_@uDMiBc@eEa@sCY_CI_AM}@UgAUuB]eCUmCe@iDYkCg@uBWu@iAeC}@kDw@cE{@wDo@kBq@iCkAsDy@wCWg@Ww@w@kBcAmB,2,,,,,,Diego Galdino
2,Afternoon Run,10004.5,3077,3109,24.0,Run,Run,,Garmin Forerunner 645 Music,12813558012,2024-11-03T12:45:30Z,2024-11-03T13:45:30Z,(GMT+01:00) Europe/Amsterdam,3600.0,,,,3,6,0,1,0,False,False,False,False,everyone,False,g19811443,"[52.21, 6.88]","[52.21, 6.88]",3.251,4.7,83.1,18.0,True,151.5,174.0,False,True,72.0,61.8,13662979940.0,13662979940.0,garmin_ping_382908829180,False,1,0,False,20232024,1,a12813558012,cft}Hur~h@CKCE][q@u@COAWVcAf@oAHAVVLZl@n@fA`APDLPHR|BbCTTVLp@tApAxAb@b@`@Xv@|@r@b@JB^\Vd@Nt@Xj@vAhBX@nAEhA@h@AlALlARt@BRDn@DzARZJBL@hAA|ADXFLz@z@|@dAr@p@rA?Yf@|@v@bApAlB~AXXXh@Tp@HHNHJA@GCmBXcH@}@@_@EaABo@Ak@NiEFq@BgBKgB@[Rg@Lu@ToBKgCFOb@K|@BP?hAJ^?r@Tx@C\D~@Vj@Vl@LFJ\LlB`@TPBHCD~@HJArCDjAJhATd@Ff@IfBZfAFtBTf@L`@XHADEDNd@J?TE`ABdACb@Md@FXb@l@`AhAJTPn@h@bA^XbA`@RZDLb@Xf@N`@RfAx@d@T`@FdA^fARVRhBfDdBvDZ|@F^z@rC^t@Pl@N|@Pn@Vn@Z`@\X^NRb@h@xAjAdC`@rA\hBlAvEVr@Jv@\dBPv@Vr@Ah@]fCHf@I`A[jBQr@a@x@}@jA{@z@oC~D}@jA[ZOHwAe@[Q{@e@{@o@c@SoAu@}AeAa@QsA[eC}@u@a@CQ@UJq@f@oBr@mDv@kDJcGI}AU?a@Dk@Jm@FoAEaBHe@K_@Qm@}@k@s@Ye@y@cA]a@[MWq@UUS?QXG\BnAMpBI~BOtAWnDSpDOx@[j@Oj@?~Bm@fFUp@]l@]b@iAbAe@\c@R{@Vc@Cc@Mi@_@wA_@]Sw@w@_@o@sCoDY[g@[c@]w@_Am@{@iCuAo@e@qAm@UCw@@c@Bu@N_@RYh@c@d@Wj@a@`CI~@Ox@w@hCSd@c@r@aCtBaC~BmA`Bc@r@yCdHyAvCo@`A}@bA]PIWIcAEeA@e@AsAU}CB{@A_AJ}AByADq@GeCJi@@m@Om@UeB?o@MqBAm@E{@UgBS}@M{@O_BG{As@eGEw@Gm@k@oCSmAIy@g@mCKkAaAmHMy@KiASaAYq@s@uAy@{BWgAu@cEg@qBUy@o@eBk@{@uAuDI}@i@uBOa@_@kBi@gB_@}@Qk@,2,,,,,,Diego Galdino
2,Evening Run,8571.0,2895,2903,20.0,Run,Run,0.0,Garmin Forerunner 645 Music,12783333245,2024-10-30T17:03:24Z,2024-10-30T18:03:24Z,(GMT+01:00) Europe/Amsterdam,3600.0,,,,4,5,0,1,0,False,False,False,False,everyone,False,g19811443,"[52.21, 6.88]","[52.21, 6.88]",2.961,5.132,83.1,17.0,True,151.6,168.0,False,True,100.8,78.6,13630425897.0,13630425897.0,garmin_ping_381909899692,False,2,0,False,20232024,1,a12783333245,qct}Hci~h@IEEs@Ge@Um@Mo@C?EU?aDE?OKAYdAaCJk@?UEEiAc@k@c@a@a@I_@FeHLyDHi@Bo@@g@Cy@@eAH_BP_CLwBPiGSl@Ak@Ls@?m@gAqAONCFMKAQ@eACeA@_AJoATeAn@sERoD?yB\eEL]NSJ@DBBEHEIe@M_@Q}@Y_E[aBi@sBY_B]wCGy@kAmGMuAs@cBQYy@{@W]yAyCy@}Be@wFMmBS}GAqAUeBI_AWuAq@aBYe@q@w@mByAi@S_AMk@Oa@EiBo@k@[QQ_@OcAg@eAy@]_@I_@IAEMYSMQCKWMe@MkBy@kA_@cBWa@DiAXiAf@s@Nq@CqB_@{AQqAGcCBe@Ne@\s@`A[j@Uz@KrBOz@Yd@[Xg@N_AFw@NkA^oADwAEg@H}@Du@@sAAe@?YNw@d@ON]b@]j@[r@Yz@Sz@KzAGvDMnBEnASxAIhC?h@VbApA`CJ~@n@`DHz@Dp@C~BBbAJjALz@LbAPhE?pBHjCAt@BjASvCOz@Ad@UfBKjA[nGSpBY~AU|AWzDOdACj@@CDFHb@R`@RHRx@jApGb@lBTjB@x@Fp@d@`BR`BNz@V`DHhA?l@Hz@Br@EhB@bADt@\jBj@zAXf@Lf@b@p@`@~@T\Tp@Vl@VRzBf@tAN^Fh@NzAV|@FDBCP~@Ed@@bAGn@?tAL~@AXGD@FHLXJf@Df@JxCRzBHtBLz@F|@DnBDn@E@nA~@pAnAh@^XJd@Dd@C`@?ZE^?x@Rb@Rb@Ff@Od@]^a@Ve@tAqBXi@Nk@\mBNyBHs@N{@Vw@Xc@^[HEd@Oh@@l@Dd@LnAn@\VfA\pAB~CG`@E^K^Sz@eAz@oAnAgDt@{AVYB@VZd@DJKFKx@eD,2,,,,,,Diego Galdino
2,39e BAX Halve Marathon,21139.5,5944,5944,9.0,Run,Run,1.0,Garmin Forerunner 645 Music,12756501018,2024-10-27T10:03:15Z,2024-10-27T11:03:15Z,(GMT+01:00) Europe/Amsterdam,3600.0,,,,0,7,0,18,0,False,False,False,False,everyone,False,g13944456,"[51.97, 6.33]","[51.98, 6.3]",3.556,7.064,85.3,20.0,True,168.1,190.0,False,True,56.0,42.4,13601571387.0,13601571387.0,garmin_ping_381042632450,False,0,1,False,20232024,1,a12756501018,scf|Hsbte@H{BGo@^m@vCIx@oArCuDjA_DpBsDfAuC|AcC|CoGW]mBcA{AqA{FsD{HqF{GmFNgDEcEL{EJ_AC_GPmGKcAAkBH{@EsDUyKa@iHK}@[}@e@e@]P}EvDmKhJ{DxCeBhBe@ReDh@qUpB_BFm@KaFoEUe@nA_Ej@gCl@oF`AsEvAiDp@iAd@{BEQkGyGQG[jBeAfCq@tFo@vA}BtIc@lAQBe@u@{D_Dy@gAkAo@mAeAg@q@Ys@oAcAiBwBuF_FmCiC_CuCcBaB_AyDeEiNwAaGw@wBwAiFcAmCEs@dDgJvBuFbBaHhAeDfAoCTy@f@yBn@{ADm@rAmDbB}F`A{DpBsF^sBl@yCTi@fBgGFq@EgAH_@Zy@|B{D@iAXo@jBoCPsCd@oBnA_CJaA`AoBd@mAHs@dAwBRo@NaAh@gBZg@Bg@VdBrBvIr@fF`AfDv@rEn@dCr@lFfBrIhArEZtBBv@`@~A~@rFl@|B\`Fn@rBXxB`@TV~@Bn@r@`E\jFf@l@DfBXrB`@fBZn@PfDLz@Nj@z@f@N\Jl@FfBXvBB|Bz@b@X^jDq@|LaAvA]lAC\SHi@dD{GPu@^i@bCkBnDsFr@{AbA}@dDqEz@gAnCyB~@cAXk@b@]d@gAz@S^YJq@`@k@dEgDvA_Bv@Uf@Pd@jA^zDBhAKrAApD_@lGCdG^p@P|At@bBf@~AJn@rAfBzBlDAj@d@`@j@z@dAxCZ`@`AtBTlAZt@fAjBfApD\l@A^Qh@aDjHo@|@aBjEkB|Cs@bCi@t@Ol@aCrDoBiBmAPkB~@oAZuBm@}GPiBw@i@?_GtDcB|AkChBwBnCkAr@w@t@@\n@x@Rr@r@lJ?rFLrA@bCObFNnGQ|EHjAGnEWpHHbFT~CPv@EjBVnCl@vMJt@Rb@~AvBd@x@Tn@l@dITpIQr@{CY[l@SrFW~By@bCmAnFg@xCeAhBcArNQf@}@S?hDEr@Fb@?n@_@nDm@P[^Kb@CpBTfDChB]xCSt@g@rDUv@_@f@Un@SnDCzBR`BRjE[|ECr@HbC?zDOzBBbAOl@Ex@AhBuB~IOtBu@~@o@pAe@`@M`@a@\Gb@B~BPdBLv@f@vAF|@AbALfBSn@MHi@Ac@Rm@nEg@zBHl@f@t@TBr@U,2,,,,,,Diego Galdino
2,Evening Run,6034.1,2106,2110,13.0,Run,Run,0.0,Garmin Forerunner 645 Music,12728231953,2024-10-23T18:28:34Z,2024-10-23T20:28:34Z,(GMT+01:00) Europe/Amsterdam,7200.0,,,,0,2,0,1,0,False,False,False,False,everyone,False,g19811443,"[52.21, 6.88]","[52.21, 6.88]",2.865,5.255,82.9,14.0,True,162.6,187.0,False,True,29.4,12.6,13570982749.0,13570982749.0,garmin_ping_380092292089,False,0,0,False,20232024,1,a12728231953,kct}Hwr~h@e@LECOW_A_A]i@ISCg@@Ev@aCBAFBn@l@^Vz@j@t@XL^`BpAp@r@`@PN^@HNTrEfFTn@b@d@Xh@`DnDZP`ALV@TJdBA|@LpAFb@FfBPlARJT?~@ErA@THPr@r@|BpBNP`@t@^GRH~@vAhC`CPJVr@T`ACrA[fEM|F@~Be@vPEjCQjE?VFj@@b@EtAk@fAw@dBO|@O|Ac@dCSx@Yx@q@bAyAx@sAhAYZg@^[b@{CvFeCvFm@fAi@p@_AzA_@b@ULEKI_AEqB?kBEeBDkBAoAHw@E{@?{@GuB@g@H}@Bs@Oe@EWGgACsBQwBMo@OkB[gBIaA?y@IiBe@gD_@_DKm@Sq@OeBw@eFe@yEs@eFs@cC[k@aBiEQu@YgBcAqEa@sAKw@oAaESW{A}F_A{C}@_BSe@]o@s@yBEi@Z}CDoBNyC@EHEbAj@n@TXDd@?b@Jl@Vn@LPBZH`@Dj@AVNVHb@Aj@DbAT`@Nf@B~@N`@NHb@G|@CrACz@GlFGt@Qj@?NBNNb@I`@Uh@Wb@SK{@_Ag@a@UD_@z@qDwD]i@,2,,,,,,Diego Galdino
2,Evening Run,8044.4,2357,2365,13.0,Run,Run,0.0,Garmin Forerunner 645 Music,12710284667,2024-10-21T16:29:53Z,2024-10-21T18:29:53Z,(GMT+01:00) Europe/Amsterdam,7200.0,,,,1,4,0,1,0,False,False,False,False,everyone,False,g19811443,"[52.21, 6.88]","[52.21, 6.88]",3.413,6.137,84.3,18.0,True,159.9,188.0,False,True,31.8,23.0,13551808490.0,13551808490.0,garmin_ping_379543325608,False,0,0,False,20232024,1,a12710284667,wdt}H}q~h@}@iA_@]S[SMMJUl@c@z@Un@?DLz@hAtBZx@n@rBzB`GXxAZn@jBfF\lBT~BNbAb@fBZn@z@zA^f@Xb@Tj@f@hDJbAHfAb@dEb@zEHhABjALdALn@PtAj@jH^dCj@hGFz@HrG?JKj@Dx@Lf@BZ@hCJxJL`CJ`GCvACNLfCHzEJdBDdJD`BA`ADxFE`CFpBPhI?`ACrAUtFC~A_@|KIrDEfEHbFx@dDV|@|@zB|BxExAdDl@fA`BpBVf@RX^Zf@T^Fn@PLFXNn@d@pC~Ah@TZV^P`@Zf@NdAp@RJl@LHAHM?M{@[oCoAoAa@{@a@YIa@[_@w@MQ[Oe@OiAQaAYcAk@c@g@c@gAg@}@a@g@Uc@[}@o@mA_@{@_@q@EA]g@{AoCw@wB]yA]mCKoAGyBA_AF}B@_AHaADmABwAFu@VoKFiADaECiC?y@Ee@Ak@IaAEoALmC@w@GeAAkBIiBA}@FaCEmACwCO}BGqCBeCA}DIs@A}@D{@O}BImEBsALcAAm@Iw@CqCBo@Nw@?IGYISAYMw@@{Bq@{GEeAa@}DEm@g@yCKcAIiAGg@g@oBQuB}@yGw@cHQmAOw@]cA}A{Cm@gBw@mDkAwGWw@[kA[s@]mAWo@W{@_@_Aq@uBy@iDYo@w@uBKg@`@uAFa@VeAFK,2,,,,,,Diego Galdino
2,Morning Run,18017.5,6101,6104,27.0,Run,Run,0.0,Garmin Forerunner 645 Music,12690345791,2024-10-19T07:02:46Z,2024-10-19T09:02:46Z,(GMT+01:00) Europe/Amsterdam,7200.0,,,,5,5,0,1,0,False,False,False,False,everyone,False,g19811443,"[52.21, 6.88]","[52.21, 6.88]",2.953,3.937,84.9,18.0,True,152.5,165.0,False,True,62.6,14.8,13530283793.0,13530283793.0,garmin_ping_378920824085,False,2,0,False,20232024,1,a12690345791,{et}Hqp~h@Oe@W]gAiA[EO`@Op@o@dBCRFXdBtD|@rCV^n@|Ad@~AN~@r@nBlBzGx@dFRv@f@~At@nAf@lAd@bBx@zGl@pHVxBHvAZfBPxDpBjNf@jFDxDAr@Mf@Ep@L`@RrEBnDL|C?rGC~@BZCdDH`EJbA@hALpA@jDEnFBhCJdAEpGPhGHvFQpF[vOUlGEfEBhAAl@LdAjAdEzClH@LSn@s@bFGrAr@zA~@dEMxAGnBBhBVfFCfAeAdJUzDo@hGaApP?bCGMEDMvAC`FJlB^bQVtH@tBZjRCz@@t@Jx@@hARjCBnHN|CHzIZnJ?pDJnAJhD?l@RrBBdDS\{@]kCiBuFoDuDY_LkB_CWkF[u@KuAg@_@S}BwBgC_BaDuDaFwIwAmDG?e@hADvEAxBNh@@h@Gt@]^sAzBc@^cG]}@MSOg@MyCLi@Io@e@wAm@wB_@qBm@{Ce@kAa@qBSmBo@aEa@a@@y@QSUyC}@qCIw@]uCw@yAUsAEcAq@c@e@cBmE_@cCKoDIu@k@mDQkBo@uCc@s@_A{BOeBJiBIu@oA{EKi@Au@@aAHs@f@yAb@y@t@eBl@cB^wCzAwHHyBC}B^wFPsA\}Ab@cCz@uDXqBd@oBfA{Ao@bAIAIS@oAToB?WIeCWaBUYe@UcDYk@w@cA}@o@oBRuB\yAr@oFJcBZyBBaAIeBKw@OsFBq@ZuB`AmCHc@IOc@Oa@e@_@m@Mc@C?Zm@H[Sk@gEuGoA{BcAkC_BuCgAoCw@yAeAsAiAcC_@i@CQiBeDk@{AqA{Bm@w@}AiAwB_C_AmA{DwDmA_B?IPi@~@kBz@eCp@wCj@cBfBkHRk@h@yBx@iCvAqG`AiCdAkFzBmGr@iDb@_BnBkG`@{B~AwFfAaDVeBx@uCr@mDZk@v@cCFq@Lm@f@}Ar@{Ct@_CxBeJvBgHNq@~@kCnA_FzCoK\y@TkAdB}EZOPL`@^dAfBh@h@AJXPpB\~Ff@`@JNTpBKtDPnAETHJ`@NjA@r@ZhEn@jHBrBpCdCdB~@fAOf@@xBf@j@XADd@Q~@u@|ByDp@uBx@mHZaA\i@b@Yf@IjAHpBx@pEjAxC?bA[d@a@lB}Cl@uAPq@Zi@`@qAFLd@yCRmHVmAHA\Tj@j@lATD\A`@o@|BMr@DR|AdB,2,,,,,,Diego Galdino
2,Evening Run,10176.4,3194,3221,13.0,Run,Run,,Garmin Forerunner 645 Music,12679159048,2024-10-17T16:37:48Z,2024-10-17T18:37:48Z,(GMT+01:00) Europe/Amsterdam,7200.0,,,,3,3,0,1,0,False,False,False,False,everyone,False,g19811443,"[52.21, 6.88]","[52.21, 6.88]",3.186,9.178,83.7,19.0,True,151.0,166.0,False,True,61.0,53.0,13518287536.0,13518287536.0,garmin_ping_378513778369,False,3,0,False,20232024,1,a12679159048,k`t}Hwu~h@Is@Qg@RuDf@QN[FSFGL?\H|@Hn@BtAZTPt@TlAVTT\RTBp@`A~@x@XRb@HRHbAbAt@T\Vx@`ApAnAVd@DVt@?TZTd@z@T\P`@X\HZB^NrB]hCk@~@EBBHVE`CTTbAb@d@ZRPFNr@TBf@`CnCJBz@f@Mv@h@l@j@\Ft@n@r@P~@FF`@JHABu@s@tDG@GWAqADw@KwBEq@Ae@DmDPoDAm@Qg@C_@@y@RwACk@BaAaBHq@\e@BCILYXAxAVPAdBa@Uw@fAi@f@Od@HNb@lCp@dAd@TXVPVGXA|APdCC|@Tf@@zCh@dA?b@Ph@LjBPZRd@JHNBXCx@SpC@Hj@|@d@h@Rh@XxAj@`Ap@Xd@`@p@b@vA\v@j@h@PfAn@FJ~@f@h@PXR|@lAZh@`@rAl@pAh@~Ap@xAZf@v@lCPv@Th@f@~@Z^|@Zj@bB~@fE~@vBTp@VbAVn@Jz@Bn@Pt@Vv@Rz@V~A`@dAG~AGl@At@Ix@Ux@q@zBYr@g@~@}CvEa@`@}BrCUCWIkAo@c@_@eAi@_DqBc@QqAUwBoAsAg@a@YAQJaBLk@x@}Ch@cC\aCL}AHiBA}@Gg@GOw@Hc@Nc@JcABWAi@OeAHaAW[W}A{BUa@Y[a@MO_@YYUu@UEUNCFEj@?RMjBGfBBz@ARGr@Qz@SvBk@fFWn@It@@hBAZW|BM|@o@fC_@n@e@p@YXqAv@wAn@g@CaAcAaBw@IA_@YMMe@}@i@e@o@w@u@{A[[cAw@_@UUGa@e@a@q@o@]]IUKe@a@c@}@]SaASsAHqATa@Va@j@]n@Sj@Qt@M~@k@|C[dA_@r@g@t@oBtBURoAnAk@t@eAhAa@v@c@r@e@dAaAnC[j@i@|@gA`BiAnB]TKa@Gg@G{CGs@Ay@A{CCs@@{@HiA@_EC_AJs@@q@Qk@Iy@IqDo@_HWuBCu@I{@iAmIIm@[kA{@qGOy@e@iFiAeHUw@Uk@w@cBs@qBw@uDc@eCi@}BSg@iAuEq@yAw@_C{@uC{@cDQg@_@o@Wo@AIb@_BZqAP[,2,,,,,,Diego Galdino
2,Afternoon Run,10152.2,3256,3276,17.0,Run,Run,0.0,Garmin Forerunner 645 Music,12662532607,2024-10-15T15:41:19Z,2024-10-15T17:41:19Z,(GMT+01:00) Europe/Amsterdam,7200.0,,,,3,2,0,1,0,False,False,False,False,everyone,False,g19811443,"[52.21, 6.88]","[52.21, 6.88]",3.118,5.352,81.8,15.0,True,157.7,182.0,False,True,55.0,44.2,13500561699.0,13500561699.0,garmin_ping_377983616723,False,1,0,False,20232024,1,a12662532607,iet}Hkw~h@FFJA@ATRDFk@Qg@W[UMWAQXcAX{@JEnB`CZVVHp@~@`AbA~@hAZNRd@r@bA~@jA|AbBPh@RVR^X`@dBxBf@v@PPdAPv@BnB@\JbAAdHt@BF@ZApCJd@JPj@f@~BnCf@RAj@j@QBLh@z@VXdDfDHRPv@^PN@DK@s@?iEFkEEqB?cDRw@JaCGu@CkBVu@\mDViA?gAVm@XID?p@Jf@Bf@Df@Jn@Fn@Tb@JnAL^Hj@PzB^b@VDHbAGl@Nd@H|CPb@Hp@DpB^lALj@JxCRd@Xh@DDBGdGDP^j@`@d@\h@Zv@Fb@N`@X`@hAb@XV^d@p@Tt@^jBt@lBb@p@Fh@XfAzBtAfCn@bCh@rAxAvEzAlDNTTJjAX|@Zk@@QFCPd@vBVr@VpAhA~D\~AbA`EVr@h@pBTh@Cn@[lBQtCMt@w@|Bc@r@}@lAcBlCg@h@S^eB`CURE?gBy@YYw@g@][gEoCe@MyBy@}BcAIGASn@aFbAqFRoBLy@@wBBw@Eq@MOY@aA\]@q@Cw@Fc@C_A@UM_@O_AgAa@o@e@a@_@O_@]o@Ea@iBCESCM`@AbB@TGz@CfBI`AI|@k@jD[jEk@bBAt@@`AKpAM|@_AlEO\]f@_@d@m@`@yAd@ORU?UCiAm@e@O_@Ge@Oa@Ua@a@Ye@{AsB[i@y@gAiAs@[Yy@_BSU[OoAc@]Yq@y@MKe@KkAMe@?{AZ[XsAdCWx@a@rC]|AOh@a@`AqA`BcE|DcB|BYb@Yp@]h@oAlCg@pAk@hA}@fAyAxBWPCAIa@CcD?gAI_E?mBD_CAyAM{CFYDk@Mu@Am@Gs@?aAGs@Ew@QaBUiAUyBQ_CCgAQiBGs@QwAKqA}@eECe@OiAk@sD_@mEA{@m@}D]aBoA{BWk@Wc@Y{@UkAKUy@sFm@{Aw@qDSo@Uy@[s@gAiDQy@Y_AQ{@Us@MSSc@Us@_@k@Si@VaAPaAVy@FM,2,,,,,,Diego Galdino
2,Afternoon Run,16022.4,5302,5355,33.0,Run,Run,0.0,Garmin Forerunner 645 Music,12637268690,2024-10-12T12:18:53Z,2024-10-12T14:18:53Z,(GMT+01:00) Europe/Amsterdam,7200.0,,,,4,3,0,1,0,False,False,False,False,everyone,False,g19811443,"[52.21, 6.88]","[52.21, 6.88]",3.022,6.92,84.4,18.0,True,167.2,195.0,False,True,53.6,36.4,13473323428.0,13473323428.0,garmin_ping_377170653806,False,4,0,False,20232024,1,a12637268690,yht}Hqv~h@D{@ZeBHy@HQCUIG}@W_@U[]Oc@C]TiMNkDF{Db@yCNyCLq@TwDd@}AHA@IAeAEu@DwBD{@`@aCv@uHBqBK}EHSvEwAhDw@dJFlCOjBl@zArAj@ZhAXz@DLc@LOD?PTlBlAjAp@b@Nl@JfAAr@O`Bm@fCgBtAeB`BaCx@{@\q@PCd@n@XAVc@Pi@`@e@jCuBxBwAfBcArAe@lDuBzBgAvCwBdBcBz@QTWXQt@_B^k@XOzCuD\OX?N[Dg@fB}BdBgBjAyAzBeCf@e@lBkClLsL`BuBfCeCnE_FrBcCbDeDhEkFd@WdByAZa@`@YhDmBnByApBiAJDFtBT~BTtE^hFIf@Cj@GrDIvB@bCLlBRbBb@bGFl@dAnCn@~@Tf@^vAZj@f@pAFp@GdBDfDQ~F@n@j@vCPnB?fEBpFIrFDzA@xCFfBEt@B|@y@pAg@rAcB`DoAtBwBtE_@Rg@M[@q@\u@rAu@nBe@n@cAhCQX}@|@aAt@uAr@wApAo@v@YHaA?}@Vy@fAiA^oABa@EY_@_CE{@a@aBc@oAq@[a@}@]cBgAa@KuFm@{Bc@iBEkBM}BWc@Oy@{@[?S\?n@Jl@BdDC~@e@jEQh@YhBGzEG~@JXLRBf@_@|KMpBInEm@bMECGbDIrA?rBI|BH~EEp@@`AEv@CtESpGGtDGz@@dBUrCAbB_@hE]x@AfA]zEo@nGYhEKr@Sf@Ib@Cv@Bv@OlBO|@g@`C[n@aB|BsCrAg@A]Ii@c@aAa@wA_BuAqAuAaCYW{AaA_AqA][]UsAe@w@cA{Aq@y@Q{@@oAT]`@qAnCQp@e@bDWdAy@nBe@l@{EvE_BtBuBtDyCdHsBrCg@j@G@GMIaA?_FIyBCeDFgAQwGPq@@k@S_@]?[R}A\[PqAXaAnAoAnAYH{BE}Bu@mCWk@@G_@AqB}@gMGqBYaD?}@[sCQm@_CcFsDiJeCcFqAmDmCmGkC{GYUqEnAi@Z_@HUWm@iA]]k@iA]kA_@eBASLg@n@sAh@gBPkAJoBZwBPg@Va@V[\Qd@Od@Af@HvBlApDr@lAApCo@f@Ub@_@rAgBf@_AfA{CZo@VG`AVf@{ARcARS`@VzDvENVFdAH?D[K[{@_AiDoE,2,,,,,,Diego Galdino
2,Afternoon Run,6038.4,1700,2763,25.0,Run,Run,0.0,Garmin Forerunner 645 Music,12614947339,2024-10-09T15:33:08Z,2024-10-09T17:33:08Z,(GMT+01:00) Europe/Amsterdam,7200.0,,,,0,3,0,1,0,False,False,False,False,everyone,False,g19811443,"[52.21, 6.88]","[52.21, 6.88]",3.552,6.252,82.5,17.0,True,146.2,169.0,False,True,36.6,24.0,13449342867.0,13449342867.0,garmin_ping_376442698040,False,0,0,False,20232024,1,a12614947339,wdt}Hcp~h@HB@ICOGIiBiBa@c@Qc@?Kr@gCDMROd@T\Zx@b@RPr@XRf@lAfA@Dr@v@FDLBVTJ`@Xh@\d@r@nAfCzCZNTT\j@zAtBZj@`@h@XN\H^B^I^?\Dh@BZKtADd@AdANf@Ph@HxAPTJBh@A~@Gv@At@RX^\tBbBJNFNbA@J@^zANRp@n@d@^l@v@y@y@y@o@s@y@a@_@oBm@E[S[_AeA][Qg@HqBAcAC_@CC]EW@c@Ee@?[B_@Au@KeAE[@]Cg@Fe@Aa@Da@GeAIe@QKIuAeBmAsA[k@c@c@{@eAaAcAc@i@sAuBwBmCg@i@w@o@Wa@{AmBOUCM]c@CO?SAB@CIG@EhA\`@HhCLd@LfBNlAVN@NH?JG??CC?JBCI@ABF@IiAQm@Qa@@WCIG]IWM]EaA?aBMk@MQ@EI?KBCAJ?G@A?@HD`@JtAXZFp@D`C^tALf@Pv@DBEHBBA?BB@C@@BACA@MAmAQo@Gc@OWAMEOIOBYGc@Eg@BeBOu@YYGAK?DC@?MDCP@pBl@r@Bd@FZ@v@LVJVDzAFDBNBNFJHICBAB@@W@?ALEC@DwAMq@Og@Ae@E_@Ku@@WG{AMGEi@GQIOA?CAJ@E@DEMlAPjB^pALbABfBRjAT@@IFAEMCe@Cm@Ii@UyAOSIMII@UEe@Ay@Fe@CcAUCI@E@BAGAJACJBnBTjATjBRtBFb@JX@VJCV@F@CEKBOMDwAOu@Oi@?eB]m@Ik@@eAQ[IYbAi@bACXMXCR@FXT@RBHTd@TN,2,,,,,,Diego Galdino
2,Morning Run,15718.5,5113,5260,44.0,Run,Run,0.0,Garmin Forerunner 645 Music,12577721356,2024-10-05T06:54:07Z,2024-10-05T08:54:07Z,(GMT+01:00) Europe/Berlin,7200.0,,,,0,3,0,1,0,False,False,False,False,everyone,False,g19811443,"[48.18, 11.51]","[48.18, 11.51]",3.074,6.086,84.7,12.0,True,163.5,186.0,False,True,509.4,488.8,13410408095.0,13410408095.0,garmin_ping_375312854303,False,0,5,False,20232024,1,a12577721356,acaeHgmfeAVEDv@Pb@ZZd@Qt@PW_@Ei@HcAj@uBf@_AT@ik@bjAnl@sgAd@Y`@Rr@`ADp@bBjBxApCpErHx@bAlBxAbCbD^VdAtBp@j@d@BdAOb@?NHDNCdBQpAi@jCKtA?d@ThATh@bAnAzBjD^z@b@`@dFbHxBpD`FzFpBtAnBj@rAN|An@x@@x@_@~AnDf@f@N\I@Zo@PBlAnCf@lBz@l@n@pAt@\bAz@rAhB`@`AnAf@j@`@t@bAxBhErAxBpA|@zAj@`@VtAbB`@bAn@xCFhACvATbB|AvDXXtEi@jD}@vCeAVOfCcCtAs@JYA[\qFHeCZmC\sEHyAI{@z@{Bv@yAp@s@fAuB\]hBuCt@u@vAoBdBkAnAeBd@[Pe@v@}@\q@v@eAv@eAv@m@Te@xC_BpBYKcEMaBAiGB_CHy@QeA{@c@uAgBuB?cFr@u@VeC?g@R{Bd@qCTkD`Aq@uAy@gCc@wBQeBO_@QaAAy@BaBGoBa@kBKaD]wCc@cB]c@_@KkCM_@G{@[q@TqEBYPB]SyGYy@?cECQQCu@_AGqBK{I\A?oAMgBKoDA{IO{BCsC@}@EuCBqBOwCFw@McD?gHYaMBcGGu@CaBJkBMi@U_@OyDBgD@Db@q@FYGiD@qAIg@q@y@]KaAB_ChAmCr@m@ZqIxAsBFeBZiAFwCtAWEk@}Cm@qByBwMa@mA_@a@k@aEe@eBc@aE[eAm@qAc@gCi@c@Gu@_@{AUUj@cD_@[mAeHq@aDiAyD_@Gc@F}@o@Kg@q@a@oBW]Bm@QQ[B}AGwAKo@_@yAmA_Cb@sA@{@P{B@{EOg@w@m@k@w@@YFESIo@y@}As@}@OgDrA_Av@{EdAcABaB`@a@Pm@f@q@jAi@~AQbCVtIMbEWfAi@nAmAjAqBjCS^Ql@Ej@E`ELxAZTbCDfA^xBH^LTZDv@BhGKdFFnA@nBF`@M^KbAGbBFpAAz@W~ALbJFh@Cx@Jd@Bv@InB@zAGp@Lf@@j@ShD@hDGdBDr@EbFEx@@x@^hEt@rBRrB[fBo@`Bw@xCgBbEcA|CeCzFsBvFQt@_DtHOt@k@zAs@|AiC`Ft@hAa@V]BGNIdB@b@XnBZjHLbALl@d@n@FX\?~@Z,2,,,,,,Diego Galdino
2,Morning Run,8964.9,2480,3470,24.0,Run,Run,0.0,Garmin Forerunner 645 Music,12554731572,2024-10-02T08:18:25Z,2024-10-02T10:18:25Z,(GMT+01:00) Europe/Amsterdam,7200.0,,,,1,2,0,1,0,False,False,False,False,everyone,False,g13944456,"[52.21, 6.88]","[52.21, 6.88]",3.615,5.282,81.4,14.0,True,149.5,174.0,False,True,-6.8,-19.4,13385773815.0,13385773815.0,garmin_ping_374561125590,False,0,0,False,20232024,1,a12554731572,act}H}n~h@LJNTDLCp@NZ`@f@p@h@TFP]Je@Z_CFST[HH\l@bAjA|@z@v@|@^XZP`@\r@rA|@rAb@f@^h@XV\BXCx@PrAOl@Kr@DdACd@Jv@XtALf@@ZDBFBdACz@C^@x@T^l@b@t@r@p@r@nAdBRH`@V`BxApAtAb@r@V`B[tDE~@B|DCbCIfBGtDKzBSjJGv@I~B@t@Dx@C~A@@EGA?BFHcBMyA@[R_IAkAD]Bf@Cd@`@sOAuAPkFBqCLeAJsB?SCCG@ETDIDLBCJSEDQeAW]q@_@gEcEWYm@c@Um@ECU[g@]]]w@o@Yg@L}B^kCCeAIg@?y@P{CDiACWBG?QEEE?ABCCF?@EADBBBGHAQ~BK`FMnD?bAEjCT^pAhAfAhAv@|A`@?\L~@dA^X^f@vAlAXh@Vz@?VIzA[zCQrFDIAGDJE@CED@JAIKJJ@BEDCR?pBGjBAlBQrD?tAERKJDJIAIBDIBy@N{BC}CFiAJs@DoCAuATeCFmCHw@FmBB_@AGC??B?CGN@CBBBCCAKWIo@IQKMk@Yi@_@{@_Aa@g@Q[i@g@u@_@YM_@S?MUm@W_@mA_Ae@e@CGEo@H_AJw@PcB@_@FmHDm@Aq@B]AACF@IKOL@GF@A@HBlDIbE?xCQfD@l@L^RV^XbB~AFRTz@T?FR`AV`@TxBnBZ\b@\HLNv@Nd@K~BO|AApAI|CKv@EYBKCABGB?EPO@B?PEKBEHNMB|BCxBUxFIpAGrACJIEPAHH?G@ADWB[@}A?qCHqCAmAFwCLqDHwA@y@L_BFiBGFC@AD@?@BH?CD@B?CE?KO_@qAsAu@mBcBsAsAo@}@D?c@UQUQKw@}@k@i@_@e@Aq@FgCCUGQSMc@IkBL{@Ae@G?EBGRBDCHAHBJ?LFLBLAHB?D@@AE@BCAADOBoBEi@@qAOe@Zi@Ce@QC@_@Ze@CGCcAiAoBkDi@w@iAaAGK_AoAeAaAe@k@q@kAc@Yc@c@c@w@g@o@aA_A}@iAKCOMEKMICGGAa@SKMEAOBOb@ADFLIRIx@@HJHf@fAJJLD@Ht@vA,2,,,,,,Diego Galdino
2,Morning Run,14813.7,4569,4605,16.0,Run,Run,0.0,Garmin Forerunner 645 Music,12530250462,2024-09-29T08:32:30Z,2024-09-29T10:32:30Z,(GMT+01:00) Europe/Amsterdam,7200.0,,,,0,5,0,1,0,False,False,False,False,everyone,False,g13944456,"[52.21, 6.88]","[52.21, 6.88]",3.242,10.09,85.0,17.0,True,156.2,172.0,False,True,-24.4,-33.4,13359608582.0,13359608582.0,garmin_ping_373782666587,False,0,1,False,20232024,1,a12530250462,u`t}Him~h@Ue@}BcBM]t@eCJmABCnATd@MdAHdCArA}@fACdD\h@TbB?fBb@`BLOeCFHD^EPOFe@f@qAtCo@zDeCjCWf@CPo@hB@Rt@r@Tb@vAj@BJVJhAG^@~@TALHB^YdAWTJHCl@^PXbA\nANjA?ZIFTg@rD@XNb@|@VrAjB^^XJfAvANV?FtAlArCdDHn@NZAp@Fh@n@EpE`@bCx@hCjAdAT`A`@j@Ih@UhBQhAHf@T~@jAv@hBn@jAjAjAr@dBpAtAhCbAz@fBdBSh@_@J@l@fB`@l@f@tB\d@dA^|EQ~Cu@rAPjC|@fC`B^NdCzBf@\bEr@p@TbBjCrAfBdDrFnCbEZB|@m@~@Y\Er@NpC|B`Ah@LP`ARtAx@fBt@hAdAfBjAdBxA~FlDnB`B~At@`FnCjDdCfFnDdCxAXf@Jf@j@bIn@bIX|Bv@nEr@nF`@`Bl@pDTr@rBvDBPCPeBbBqCdEq@r@k@~@gAtAgBlB}@xAQp@KbAQlCg@zEwApQK^_@CcBg@eGy@_Aa@OK@Ae@I]JyA~Da@`BeB`FuB`Ik@xAa@hBO\KDqA?oEu@uBSYKm@k@yDg@KUo@qCI_A@eAMm@Wo@Ik@IeBGyDSi@]a@Og@@cDEkCu@k@TNXC^wCAWGI[AAIiA[aDQa@Oc@q@y@iBm@eBaE}Is@}Bw@eBkBmFe@}Am@mAW]UC_Aj@{Bx@aAf@wBZwHfC{Cl@e@Pa@?AkBIgCT_CXwBj@wBf@oDKqAQgAEy@?eBNeCTgBRu@PoAES]c@eAq@qE{Bu@Re@_@Y]Q_AOeADq@c@_@QBqCbBc@Dk@YMD_ClBY^UjBCf@Op@a@h@Ob@[MUk@OOOB_@Z_@h@eAnB_@VU_@i@kB]u@q@eAYM[\sAlBoAx@IIi@_B_BmJSqBi@yBuAwDYeAe@}@_AiAeB{Aa@s@s@yCk@eB]gCQu@{AqCaBsELTe@OYU_AmA_@I]TW^_@ToIv@q@WIe@KkACi@D}@EmBy@kGKiCg@{FWiAOsA]sBs@_HQu@i@cEw@}GS{@Yu@eB{CUu@g@uB}@iFq@mCcAwCOw@Y}@q@_Bs@{B}@mDg@u@iAyCCQ@S`@cBPk@`@u@PA~BvC,2,,,,,,Diego Galdino
2,Afternoon Run,7779.2,1946,2757,16.0,Run,Run,,Garmin Forerunner 645 Music,12501795980,2024-09-25T15:34:27Z,2024-09-25T17:34:27Z,(GMT+01:00) Europe/Amsterdam,7200.0,,,,0,4,0,1,0,False,False,False,False,everyone,False,g18048384,"[52.21, 6.88]","[52.21, 6.88]",3.998,16.848,81.6,19.0,True,142.3,159.0,False,True,186.4,177.0,13329249873.0,13329249873.0,garmin_ping_372857426943,False,0,0,False,20232024,1,a12501795980,c~t}Hm}}h@X`@Rr@T`@b@N\XDd@HJNXRf@|@`A\T`@f@\NVTXp@h@|@|@dAx@t@X^\XPXvJuQn@CtBs@BBh@@\JXN\Z\^VFXNb@A^a@L@d@\f@L`@D^@XI^H`@BhATdAAhBD\NHb@ArAZo@n@Gf@Jf@n@NJJDFAd@TBDqMpc@Fv@HHb@\hBhB^ZX\DSOK_@^}A\jBBgAN?mAELq@HkAd@dAuAAE~@aCFE@VBBJx@TRFXPTRRHRFXL\BVIbCUxBGv@AdBMDID@g@b@\ALRMSb@PVv@cBJRMh@Eb@H?nAkAdAu@n@k@Zk@\[MMKQPw@Ig@A_@N[Fc@`@_BFu@FmBKk@Em@OMzDcG\c@Ts@[HY?KSSWK@QFD?JGh@FlB{EfAgBTaADGHAZ@E@g@e@kFkFo@qAg@c@eAu@aAaAIo@?k@JaAFsDD}@?mAFmCLqBHoCDM?FGCAJNHBCOEDnA?|@IpBAzCEx@Ir@EzAE?ECA@GIHAPDCLA`AQbC@VDJR`@bA|@~@hAj@j@R\NNxAlAnAv@`@`@Zd@n@p@H@E?AFMGAC@CB?LR^hAIbDKtBKlAEpACtEC`AWlEEnAClCGn@GjAAbBOdFBRAb@V?FK@?EF?BCA?B@C?BAk@?w@LcAE{@?y@BmBHwA@eBBWFUFBADDFECJmDJkAGqAB_BCmALwAByCDg@La@DWBs@Fe@A_@QAGCGQAo@Oy@E[GOCF@ED@CEHZAKABOM}BaCmBiBY_@MO?aAUIu@Be@SmBkB[s@CmAJcB?eAF_ADiAP}@NoCNwDKc@DS@OBAGCB?AB@CCBB?IzCA`ABtCK`EIx@EHCGEABEJDEV[HQAeAQgCMW@aAEODOBcAUS@KCk@@_@EiAAmA}@CI?QFIF?CGK?@PAD@BA?a@_@m@u@a@]u@iAi@g@c@i@gA_B_A{@CGi@k@a@q@]Q[_@Yg@oA{ACGFCPDnAlAd@p@JHTq@DCLCXMBIDu@?KEEOtAPb@ElA?b@BFJL@HCALHLRRR,2,,,,,,Diego Galdino
2,Morning Run,3613.8,1279,1279,4.0,Run,Run,,Garmin Forerunner 645 Music,12463431160,2024-09-21T04:58:03Z,2024-09-21T06:58:03Z,(GMT+01:00) Europe/Amsterdam,7200.0,,,,1,2,0,1,0,False,False,False,False,everyone,False,g18048384,"[52.21, 6.88]","[52.19, 6.86]",2.825,3.956,84.7,18.0,True,159.2,169.0,False,True,21.2,15.4,13288266009.0,13288266009.0,garmin_ping_371707009287,False,0,0,False,20232024,1,a12463431160,egt}Hsz~h@NAVHlBnBl@Vb@p@bApAx@v@THd@bAlApBt@r@XTl@t@~@n@Z`@Xl@tAlBl@j@PJp@JNHRD`@Kh@FJFPBXE`AXt@Jb@Kd@?~APdAD^FPHFLKbDDd@VZ^T~@v@x@|@Tz@j@X^^v@d@`B~AvAdBNp@N\?|@D^B@X?HENAh@?fCNd@F`@RdA`@v@Lb@HhAf@hAXhA\\@x@E\Bb@?ZCn@Af@L|@`@TVz@jBPf@jAfCl@zAVZ^^f@\pCpARPFh@JNHDN@NIHAjAf@TAv@d@^ZRVFJT~@T^`@Z^N\DZ@`@EfCAfAMZJJj@IhCe@nCa@tAw@vEg@pBMz@Fn@FLJFr@Rr@Lx@Vv@RfAb@pAx@XLnDzB^P^VfAd@^^b@X,2,,,,,,Diego Galdino
2,Afternoon Run,7556.1,2059,3171,34.0,Run,Run,0.0,Garmin Forerunner 645 Music,12443209778,2024-09-18T15:50:01Z,2024-09-18T17:50:01Z,(GMT+01:00) Europe/Amsterdam,7200.0,,,,4,2,0,2,0,False,False,False,False,everyone,False,g18048384,"[52.21, 6.88]","[52.21, 6.88]",3.67,5.72,85.2,23.0,True,138.9,155.0,False,True,32.6,22.2,13266672940.0,13266672940.0,garmin_ping_371072727779,False,2,0,False,20232024,1,a12443209778,adt}Hqp~h@C_@iAwAu@w@CEEk@F[`@yAPa@D?NHdCrCXJz@dApCpCP`@^p@nA`Bp@t@x@dA`@X^^r@nAfBlCXNl@Dp@LfAJnAAx@BzBXl@@rALp@BDJBv@@`CLh@lAhAf@n@ZTjBpAJRh@b@RZhB~At@`Ay@s@i@o@eAeAm@c@o@u@eBo@Q]Oa@w@gAYYQi@Bw@RmCDsB@kBD_ABy@C?CRCh@CDBt@EdBa@~GDt@V`@zClCHN`@`At@\LLbAl@d@`@T\rAxABBN?DD?A?DEDIEcAu@yC{CgAeAc@m@o@YmCwCGU?q@H{@T}EFmCJi@E@EJE@?EJ?ADDA@DOdJGtA?ZJr@`@h@j@l@^h@b@`@p@XR\ELFJlAz@f@h@`@\h@r@\^BFZXPVEEEGHABF@CA?BB?AABB@@Iq@e@_@]}AeBaAkAkBiBq@_@UYeBcBOc@Cm@PgCLcAF_ABuBBs@LSIFK@AA@AB@L?OAFADB?PGpCMrBEnC@hARd@nBxB`@\`@h@VHFXZVX`@n@v@r@f@lAlAZVRT?DCDECAB?CBFBEB@DABEAAE?KGo@k@_@]MUOQ{AoAc@a@e@i@MW_@OEUe@g@qCgCM]Aw@Hw@LaCFi@@cBNwBBA@BMBKJA?BG@H@AA@LC@NIvC?hACn@@ZIdCAx@R`@xAtA\b@lBtAN^Zb@TPRVxArA^b@b@RNV?N@BAB?AJCAAA@?AKFFICIMO_@a@qCaCq@}@eAaAYg@k@Wc@e@yAuAKSQi@TcDByAE{@FwANs@EUGCJSD@ADOHHEJABFApAObBCrAMNiDMkBAQD{@?o@Gy@Dq@_@g@Ms@GYFKEa@c@i@u@@CBBDJA?BCC?BDEC@ABH@?E?ADMMq@{@c@c@c@{@w@m@o@s@a@o@qBuB{@wAWKy@iAOKyAkBy@{@W]i@a@@@GHKFLKAIJG@GAAGB@F@CEB@@HG,2,,,,,,Diego Galdino
2,Evening Run,10717.3,3604,3605,20.0,Run,Run,0.0,Garmin Forerunner 645 Music,12426459121,2024-09-16T16:57:59Z,2024-09-16T18:57:59Z,(GMT+01:00) Europe/Amsterdam,7200.0,,,,1,3,0,1,0,False,False,False,False,everyone,False,g18048384,"[52.21, 6.88]","[52.21, 6.88]",2.974,5.456,84.0,21.0,True,154.5,168.0,False,True,37.0,1.0,13248822108.0,13248822108.0,garmin_ping_370568357416,False,0,0,False,20232024,1,a12426459121,ydt}Hsp~h@Wk@y@aAi@i@M_@?WBMn@cCTs@JC\@x@Jl@LfBH|@T~@FXJBD?~ACzBUjBFd@Vf@ZTxC~Cz@x@\V`AbBd@h@nAfBPNVHXDj@BfALZ?^ChBBh@BpDh@l@DLFBDBTGbDT`@`BtAb@f@n@h@j@VVh@JFb@h@dE~DTj@Nl@TLNCBa@A}BNwHEgB@m@DeA@kBPwA@YCy@HeCTkB^cCNsBRe@VCf@Ld@NpARXBf@Eh@DnAP~Bn@f@Hd@N\D^PRNx@NVSj@Bb@ClADtD`@b@@h@HlAFXFd@DDAZFrBNb@VNd@OlBApBBDFJLBb@\Xf@XVh@`AHb@Nb@\X^L\Tb@`@Zj@V`@hAb@b@Xb@LvAn@`@HpA`@n@JXRf@pA`@v@\fAd@t@dAdCVp@?Hl@rBPZbBlFZ`@lCz@l@H^JxCRv@J|Cj@WGm@EoAC{Fk@s@CWN?`@Fj@Hd@p@zB`@`Bb@|AfApEv@rCd@|APX@PQbDSjC}@rD_@t@kCfDuAvBwAhBc@d@YKcAq@i@Wi@_@cAm@]YeAi@UQ]O}@k@a@QkAYsB}@g@MOU\wBR}@XuCr@_DTeBF_C?}CDIEKS?IDc@JOHi@DeAE[BeB?aAYUSg@u@e@{@oA}AUKUFKCa@gAQYYBO\CX?ZKrDm@dIQjBCz@Iz@Ov@QZSl@Ch@?|@SjCGh@_@vBOd@W^Mj@O`@Y`@a@Ze@Lk@De@HmAO_Ai@[EcAg@o@u@_@k@_@]_@e@{@mAWe@cAs@_@]{@aAYa@WUu@e@e@Qe@WMIU[_@]i@Uk@Mk@A_@FcAVYH]`@m@fA[`@K^]jBKx@c@xB_ArBs@|@gC~BgAjAgB`Cc@t@m@tAq@rAk@~AoAxBsAvBu@|@UTMEKk@GkAEqH@y@IgBLmAI}A@cEPu@C_@Qu@K}@CgBE{@YqCKs@K_AQ_AEeAM}AKe@U_CMy@Es@QgB{@mFYgDYaBQq@u@aIIc@Ok@SaAUm@c@u@s@yA{@gD_@_Co@}C]y@Qq@Sy@Ik@e@yAGm@Jk@f@}At@uCTm@Fc@MYiAgAIOOq@Am@KYc@m@,2,,,,,,Diego Galdino
2,Morning Run,10342.8,3302,3333,28.0,Run,Run,0.0,Garmin Forerunner 645 Music,12404870683,2024-09-14T07:04:23Z,2024-09-14T09:04:23Z,(GMT+01:00) Europe/Amsterdam,7200.0,,,,0,4,0,1,0,False,False,False,False,everyone,False,g18048384,"[52.22, 6.92]","[52.22, 6.92]",3.132,4.718,85.9,16.0,True,154.2,167.0,False,True,28.4,10.0,13225663342.0,13225663342.0,garmin_ping_369942026505,False,0,0,False,20232024,1,a12404870683,}yv}H{fgi@\@j@TZ|@~@`@BNOn@o@xBYnAMv@YjCa@pBUr@I^Kv@NlCF`@HjAAd@Dx@TfDFj@@n@Dl@Ln@Fx@PfBJxCDn@DhBFp@\dBPzAS\yAhA_@d@UZITMn@[xCUj@]d@_@P{FpAI?KIk@Gm@Mu@@yDd@g@@yAr@g@n@W^s@vAQh@]fBIr@CbB]dFMhCKx@AbAE`@UPe@Tq@NkCG}@OsBMgAWk@I}@TYQg@m@Wk@i@w@[s@Yg@U]KGu@oASs@a@w@EQ}@uAY[kCkEu@gAKa@QYy@s@y@qAu@}A]k@gBuCUm@[m@]a@qAqBm@oA[w@uBqCuA_Ci@s@g@cA[kAm@sAMo@cAeCe@m@aAgA[S]E?CABGBo@@c@HcAXg@Be@AgAHa@CcBD{EA[Co@Da@Cg@B_@Cu@JcCJaAR}BFmBZo@`@o@PkARg@NmBx@qCZGCCMC}@DgB?}@KsAC{@CkAAgDB_@Pu@H}AJm@F}An@aHLy@Bm@Ao@I}@[}BCeCHeACaCH_AGiAQ{A@m@IqASwBQkAKeCKiAEkADw@RSf@@p@Pf@FXCp@e@f@W^Wb@e@ZQh@MB@J`@D~DF|@Jn@x@|D`A|CLl@Zr@\j@Rh@k@{@Sa@[}@C[x@nBVb@PJFMBUC{@HIh@G`Bq@^Ul@_A\y@Nm@F{@Ps@LQ`@]t@s@Xo@h@cF`@gHCwBBeACaAOoAFK^Y`Ba@z@e@N[^Yj@o@\UdAcAXQZ]HCTL`@p@d@d@V\Tf@PX`AfAP|@Vp@Pn@B^?h@`@vBL`ALn@J|A\jBLnCVrBXnAZ`@fBN|AVTJdEp@VJx@JZH^AZDn@Pb@G\OVCx@WlCEf@ElA]d@Cd@RtDtCx@t@f@XVZ^XRTLF\^h@^\^N\Lr@d@zALl@`@hALVRLRWrAy@`A}@h@SXEd@WjBiBpA{@fAmAx@e@l@s@|CwBh@e@pA_AjAs@rAM`BTjABlAC`@Dt@PnAN`@Pb@Hj@Vh@H^VHx@?b@EbCUxBEv@?v@Bz@V`CNzB?^NvC@z@EL,2,,,,,,Diego Galdino
2,Intervalado,7226.1,2226,2808,12.0,Run,Run,0.0,Garmin Forerunner 645 Music,12387103188,2024-09-11T16:26:31Z,2024-09-11T18:26:31Z,(GMT+01:00) Europe/Amsterdam,7200.0,,,,0,2,0,2,0,False,False,False,False,everyone,False,g18048384,"[52.23, 6.88]","[52.23, 6.88]",3.246,5.808,75.1,16.0,True,137.1,157.0,False,True,29.0,2.2,13206564978.0,13206564978.0,garmin_ping_369365623135,False,0,0,False,20232024,1,a12387103188,guw}Hct_i@o@h@ULmABYLKPSx@EhA?p@Nt@Xr@X`@b@b@\N`@A`@GRMTm@Ba@CcBC[YmA]m@e@Ye@Ig@@i@LILGVK|@Ar@Hx@Hj@Pj@Vh@Z`@VHb@B~@W\WJm@@mAIo@Sw@a@kA[a@_B?i@NKLUj@Ct@NnBLp@T^\`@l@\n@Bh@Oh@g@HUAwBWyAY{@_@W_A]k@?a@L]^Mj@HlBJn@Pv@Xn@`@b@HD`@FhAQ\_@Nu@By@C_@Ku@]cAW]_@[gAUi@?YLIJENE^@~@PtB?HCJFFF^Xd@`@b@v@Px@MZ[Tg@Bq@?g@Cc@Kc@k@sA]c@i@e@e@MQCc@B_@XMp@Ax@Bd@Hb@AVPt@|@zAB@DIEIK?@FCFj@ZjAF`@]LQHWD[D_AGs@Mg@{@wB[SWIy@GWB[NU\EV@ZP`DCDDLv@hAPFHJDAYOGBh@Vl@P`@Bj@a@P[FYJaA?YEi@_@cAe@}@]e@k@WYEk@AUDYRK\CX?t@FxAANXpAHRJNj@THHBHDAFDHCEEt@F`@ENGVWLYFe@Cy@MeAWs@k@iAUOs@W{@Cc@ROXGv@?\XhCZ|@LTj@b@JCNJp@HRAPGb@{@HYBq@Ae@Iq@e@kA_@k@cAi@w@Kg@HYVIb@Ap@LfBHf@^bAn@p@`@VZLr@AJCPOAAFILm@HGBW?[GkA]oAOa@Uc@e@e@OK_@Ii@@a@J[VIRCZ?bAF`AJj@HVVj@p@~@RHt@Hp@ELE\c@F]Ca@D]SwA?]KKo@sAYYg@QiAIe@NMHIREz@@\ThBLl@L\PVt@d@\HjADd@ULSF]Dm@SiAC[ISMu@MEBCIA]k@USqAYo@LWTK~@AXDl@Jh@\rAXl@`@j@h@Rh@@n@MRQHUJaACeABIWeA?IISIG_@o@]Wi@Qo@Ka@@c@RKNGVCZ@j@LvAX|@Zt@p@z@XLp@Bl@M^[Lo@KeBQeA?YEOICKSQM@CKUQIIKQKe@Ia@@YD]LKRGd@AXNrBLz@f@z@b@d@tARh@MVWPs@?YAcAWqAYs@OOCSHO?GM]EEI[MQCWDKX^EF@C,2,,,,,,Diego Galdino
2,Singelloop Enschede 2024,8229.4,3653,3653,20.0,Run,Run,1.0,Garmin Forerunner 645 Music,12356753666,2024-09-08T09:19:45Z,2024-09-08T11:19:45Z,(GMT+01:00) Europe/Amsterdam,7200.0,,,,10,5,0,16,0,False,False,False,False,everyone,False,g18048384,"[52.22, 6.88]","[52.22, 6.88]",2.253,3.582,81.2,25.0,True,140.0,154.0,False,True,47.0,28.2,13174207692.0,13174207692.0,garmin_ping_368557494439,False,0,0,False,20232024,1,a12356753666,wdv}Ha~}h@M}@Qk@Y}AO_BY{ACCOG[C[IW_@EcAGOSIa@Aq@DYLU?_ACa@@e@GiA?[I_@EuADqAYi@E[GYMg@I_AF]Is@GSIa@Yk@eA[u@m@oA}@}Bo@kCEw@Mq@?oBIuCw@_ISsAOqBKa@_@yDKg@OsAk@aBOcAMe@i@cBMm@Wq@MwAVsBReAj@_F@a@Jy@J_CHmAZwCFqA^cD@c@Fo@DgAIkCIm@Bw@GsD@{@K_AAu@OuCCKCcDIe@?e@Go@a@aCGQYwAQ_@YkAg@sAKm@CyAP_CXqCEc@?UFM?YHc@BoANeAb@_BToAVa@Tc@v@aA`@[RKl@O|@Oh@@|@Sn@GtA?dADnAGx@WzAS|Aa@XWN_@Jg@@q@V}BJi@Te@ZY~@_@\WzBSZ?x@Hj@Zj@J`AX\B^?b@GxCcAt@K|@D`@BZH|CbBhBbBfAhAt@f@RPVLP`@nA\lAh@`@@NFj@JXJ\?^Ht@RRJ^Xh@n@dAfBVVPXPh@Xj@XrAJbADbA?tE@h@PxCLxA@f@L|@Dr@D`@Rp@`@rBRh@R^TZP\Z^Pb@l@v@Zt@f@xAf@zB`@tAf@|Cn@lFNv@LtATpANfA@`@^vD?d@BnAHpAEf@BtAAx@A^Ov@KvA_@bCUzB_@hB?`@BLE\Ar@Q~AFZB\UfEUfA_@tC?n@QlC?^Fh@EtAOfA?rAGt@GjB@bAOzAQvCQxA@n@Cr@Iv@Cr@UxB]tAKj@i@bBSt@Ej@GL{@v@OTWV_@d@_@XYN_A\w@F[A_@Be@F[I[A_BaAuAa@w@]QE_@C[@y@\a@VQTKd@Kl@?r@QRQz@AL[~A?`@a@hBYVEVEDMp@Up@k@h@yA`Ac@@a@O]U}@UYCmBT_@GI_@Cs@Io@CaAFENu@l@mAJa@JqA,2,,,,,,Diego Galdino
2,Evening Run,7677.8,2520,2613,12.0,Run,Run,,Garmin Forerunner 645 Music,12326657149,2024-09-04T16:49:11Z,2024-09-04T18:49:11Z,(GMT+01:00) Europe/Amsterdam,7200.0,,,,0,4,2,1,0,False,False,False,False,everyone,False,g18048384,"[52.21, 6.88]","[52.21, 6.88]",3.047,5.516,79.9,21.0,True,154.0,184.0,False,True,41.2,24.0,13141753194.0,13141753194.0,garmin_ping_367729520160,False,0,0,False,20232024,1,a12326657149,kdt}Hkq~h@QUOOuAeBQ_@CYPo@\aBTm@HChAHlADf@Hf@Nd@FrAVnD`@|@Fr@^\IdCT^Al@IvAEb@Jd@Bf@GpAHpBNt@BxBZb@?f@Cb@Dh@\\HhANdA`@`@Hh@Nd@J|APbBZb@?lB^d@Ll@Tb@@nAJl@LjEZl@LzAf@n@Z?@J@n@Iv@H~BNlABtAPb@Jn@Fj@Lt@LzBNl@LRNp@\ZDBEDUNyD@yCNyA@qADg@\iI?{@DgA@kALu@PeB@oCD}BFiAFeD@uBF_ADwATiBDw@AWNi@Ny@Go@Mu@J}G@m@C[F_@KCEMSIAo@Dq@CW?wBAe@Ca@Ow@Qs@[Ii@EaBWo@O_A_@eAGQYeBq@c@KeCc@}Ai@YMi@IeBe@WKY_@]]c@I}@m@cAFeAWWBo@IaASk@Qi@[Kk@CGYS[Ai@d@CL@DBA@ECME@@@AC@DANQf@eBtB]l@e@h@i@b@k@p@_A~@c@Zm@\a@Zo@Vw@Ny@Bg@Ci@M}@]wA_Ao@[c@]Y[iAy@c@m@]SgAC{@]i@O[Eg@Eq@HiAD{@Pa@By@KQEQAQBCCTGJBBCGABADHaADkAC]Cs@By@Lm@Ti@\{@X[LEHKl@YLw@NWLCDJrA?rAEv@HXAxA[tCQ|@OzAM~@SjCIrCGj@E~@YjAWvEKx@I`Ac@zKKnABJGl@BTMh@GdAMf@IfEK~@@PL\Zb@r@Zp@Lf@Rv@NdBf@BH^ZfAJb@Pd@JfCRb@H`@Lp@LJLF\@bBG`EGx@QpA[jAE?YU_A{@g@k@]c@u@sAcDsDOWM[W[KK[@UOMUM]MIUI,2,,,,,,Diego Galdino
2,Morning Run,10942.6,3751,3821,20.0,Run,Run,,Garmin Forerunner 645 Music,12286515538,2024-08-31T06:38:40Z,2024-08-31T08:38:40Z,(GMT+01:00) Europe/Amsterdam,7200.0,,,,0,5,0,2,0,False,False,False,False,everyone,False,g18048384,"[52.21, 6.88]","[52.21, 6.88]",2.917,4.203,84.6,20.0,True,152.9,165.0,False,True,46.0,29.2,13097576748.0,13097576748.0,garmin_ping_366579562295,False,0,0,False,20232024,1,a12286515538,cet}Hkp~h@BEFB`@Xb@d@HP?j@DXf@z@Zb@fBpBl@f@R?n@oCXy@JMB?rA`BXZ~@l@X^Xj@tAvAb@z@b@l@b@LvAJn@Iv@@j@Gd@FjACfA\`BR`ADLFDJ@^CpAI~@?PRZr@f@GDAO@WPeAAc@TwBBEAe@M_AHcBA}@Q}@`@_AJw@B{@RiBGe@QG_AJEI?cEPQD?lAFtC`@pAXTZ~@z@rA|Ap@d@lAd@ARWhAIz@Cr@Ix@QjGGf@CpAB|@SdDIfEEv@AxAGfAAjA@|@JDx@Id@?jD^fBb@XRjAJtAj@p@Jr@`@TFb@@r@KvAAj@Kf@Fb@RZXd@n@t@vBXl@X`@t@~AVt@z@jAbAn@XZxB`ARb@XLVMJi@WaB?uAF{ADi@CW@_BZcCDu@CeA@_AFu@DaC\{DCy@@m@Du@?m@Eg@?}D@cAAQLqCQ{@IuDNuB\iC\aE@{@JwBDqDZeDJqB?aARwBBaAF{@NaG?i@HwBJgA?uCD{@@gATiCV_BWiDHuBBgHFiBMuA]oFa@gBGi@k@wCi@mBSiAQq@QeAEu@]eBUcB}AgHKo@S{@Iq@?}@]eAMm@Gg@Us@Iw@Sy@Ws@[e@Wi@Ma@KWa@m@Sk@Go@g@{AE[a@qAg@kDMk@[oAAw@Iq@a@{AMy@Ke@EG[QKLI?GGk@mAEq@?m@IeAs@qD_AiFa@mAK{@a@eBc@{AC}@m@qBAm@Os@Wq@_@gBa@eDEGm@W{@Oa@AkA\_@Bg@Gc@Yc@Qc@CWTSd@sBnGoAhBeAdAYh@g@r@_A`CUt@g@v@kA~Ay@f@yAb@wAHuGx@e@@}Fr@u@@qBVe@LmBJwB^k@CoBTYNKnAGTg@vAw@jCk@vAMz@?x@Y~Be@fFo@fJGfCGhDDfDJnALz@P^Rn@C^Qt@\dB~@~Fb@nB~@~FHv@HjBLr@@p@BNF@ADFf@?LM\?v@Fp@?^DPBd@@n@Kr@O|BOdAc@zE_@lAGpB@bB@B?ZG\El@WfAGjBOnAMd@SjGGbDGh@ObCEb@@^G`@UxBIbEGv@@d@n@dALl@HNXTh@n@HBCR_@`AMh@Kr@?LJPfCpC,2,,,,,,Diego Galdino
2,Evening Run,8508.5,2616,2626,16.0,Run,Run,,Garmin Forerunner 645 Music,12240879770,2024-08-25T16:40:11Z,2024-08-25T18:40:11Z,(GMT+01:00) Europe/Amsterdam,7200.0,,,,3,2,0,1,0,False,False,False,False,everyone,False,g18048384,"[52.24, 6.9]","[52.23, 6.89]",3.252,4.962,82.3,22.0,True,167.9,188.0,False,True,45.2,26.0,13049347357.0,13049347357.0,garmin_ping_365189272074,False,3,0,False,20232024,1,a12240879770,qhy}Hsxai@MTG?_@Ee@KyCg@q@EQWUCGIW{@I[CqBKaE?eBTiBDaBReAPqAC[QYQE_@?KE}@K_@MEg@UWq@o@cBmBs@o@aBiA]c@c@[Y]k@]cA{@c@YmCgCoA_AS]e@c@_@Wq@kAmBoBiAs@}@aA[Uk@WwA_BeAcAm@g@g@Ya@]eAu@{@g@eBqBo@{@k@Yi@e@_@c@mAy@MYqAo@{@i@i@Qe@m@OMC?STUh@g@zAu@nAo@v@o@^qDnDW`@Mf@CZ?lAK|@[dA{@tBmBvCmA`Bo@xAYlAKr@UnDEzAElCK~BOfAUt@wA|CiBvCsEdI}@vB{@bBaB`Ek@hAqAfDSz@MjAQfA_@fFW~B?lC@|ABx@Fv@CdAK`AWv@Wj@iC|Gc@rBwAnFk@pCIf@aAjD[x@u@|Bo@|By@|Dm@lB]rBAp@Ev@At@Rn@XC`@UfAeAXIj@]JC~BeA^M`@Gr@Q`@Ev@AvBn@F?b@Lr@Fj@RtAHb@Hn@Rb@TnB`@rC`@pAd@d@Dh@Jl@VhAZh@Bp@LXRJN^T`@Jb@Bf@F`@TZDf@Db@Nd@@DCtAEf@GxAYdDeB`@[b@Uf@Od@SfA_@r@i@tAi@\Sf@UjA]ZOhAa@fD}Ab@YbAg@dA]j@[p@Yf@Kb@Qf@Yb@K~@i@n@[r@YvAc@lAk@pCgAfAi@jEyANC~@Wf@GdBs@d@Gf@MfAc@z@WVCZmAB}AC}A_@cDGeCD}@BgBKqBDeC?iDF{@Jw@@cBLEl@@b@KbALT?h@FnA`@d@FrAF`@Cd@DPAn@OLQGwA@mDD}A,2,,,,,,Diego Galdino
2,Morning Run,6834.3,2933,2953,132.0,Run,Run,,Garmin Forerunner 645 Music,12192869614,2024-08-20T04:37:07Z,2024-08-20T06:37:07Z,(GMT+01:00) Europe/Madrid,7200.0,,,,0,3,0,1,0,False,False,False,False,everyone,False,g18048384,"[39.54, 3.33]","[39.53, 3.33]",2.33,3.688,81.2,24.0,True,154.5,182.0,False,True,-22.2,-61.4,12998918783.0,12998918783.0,garmin_ping_363832107116,False,0,0,False,20232024,1,a12192869614,ebipFohiSAKFEJFd@J`@Vd@`@PCHJn@hBNLZp@nAtDpCrHt@`BvArDjAlDnA~Cp@pBvAzGTrAfA|EbAfFL`@RNRDTE\M`CmBtE}CXUjAo@l@g@`@OFHd@lA|AtE~@~BrAvD`@pALV~@n@vDh@x@ZzBZVFPHl@h@JLLXBd@HVPb@PRP`@~@`Dh@jAdA~Cr@jBJb@@LEZDLZLh@fAXv@`A~CNd@NT`@\d@?rAKPAPDxAGf@@VBPFj@`@Jb@A`Ao@lGK`BFHx@LTl@PFT@@IB}@H]RWlCiAbAu@TG^Yl@eAf@c@DId@gABaAFe@HkAD}ACOAyCGiANg@D_A?a@K_AEeBHk@P_@JOCe@D]KeA?UDIFc@\cABKCGBECOBG?I@CDABMGMKCEIMaAKS_Ai@]]IOc@OOSIW_@]@AGB_@CCFG@GCCIE?g@JMEKSGU?MK?AIQGSCI@?@EAMLcBfCGN[bACf@Kb@o@~@KZShA?j@@FI?AKC?EPYRYZU^UTQEC@ELE@EEM@ACa@{AQ{@QYMa@g@aAMWYqAe@iAWaAa@q@KsAMQs@I_@q@?KHQE}@CIQYAKGIMKEOKEEMQYa@oBGSQ_@PSlA{@FKQAUDWg@aC_Gc@qAaBeEAKFUDG?@JGFKCWs@gAMK]Mg@De@N}@P[Ta@f@]Q]_@Qa@Am@FaA?aAE]Qo@e@cASY_BaB{@kAGWQAHDH??GJUAOB??EEMJULIECQc@CEOEOWWu@KMM_@SUSo@MA,2,,,,,,Diego Galdino
2,Morning Run,12055.3,5018,5529,185.0,Run,Run,,Garmin Forerunner 645 Music,12167346502,2024-08-17T04:32:10Z,2024-08-17T06:32:10Z,(GMT+01:00) Europe/Madrid,7200.0,,,,0,5,0,1,0,False,False,False,False,everyone,False,g18048384,"[39.76, 2.72]","[39.77, 2.72]",2.402,9.952,81.1,28.0,True,154.8,180.0,False,True,27.2,-54.0,12970551980.0,12970551980.0,garmin_ping_363082266409,False,0,0,False,20232024,1,a12167346502,iouqFcarOIE{F~UUNeALQ[HFCR[XWr@oA\EP~@LX_@?HXj@P`Ao@`@eAHYLkAdDgB`A[F_@p@s@b@VfA@\\\N\\jA~BhGNr@H~@_AhAy@b@aAbA{@JwAx@wAfBiChCc@~@o@r@]lAe@`@IRc@fBk@vAeAfEQdAWp@[RMGa@}@MO}A{@MAYNyDnDy@rAqFdF_BbBeCrC]dAoD`Gi@zBg@xAi@~@WbADnAGhC]nEBzAJlAMTQORPJE@o@K}@cBc@m@]m@m@c@kCk@mASKSe@EJc@_@QCQ[IE_@oB@QEGSHMo@GEAq@IEGc@aAqA[EA[s@eAGYYSCKIKm@GA[w@^GIg@j@Ej@BdA[`@Y@}@Wa@?e@JeAf@eC~C_@j@gAzBg@b@a@|@mAdDWRe@KMHq@|AWz@Yb@w@~@c@TaAz@y@vA]Xi@jASRW@g@SWHWVcAZi@Ao@PMKu@BeA]YoE]mDo@qC]aAwAeAc@g@uBeBQ]e@QkBqAuAm@iC]}CAsBFuCp@uBhA[Z}B`EFLnArAt@JEN_BoAw@_AIYBUj@s@EUc@{@YKEk@O[Cg@_@cA?m@d@}@Z_@z@e@z@yAQy@Wi@Ze@@IKq@m@g@{@mCaA_BGm@Da@VYnCm@qI`C`BuAb@?~@g@r@UdBS^Sd@DHIIeBH]Ye@?KZSJYAYhAa@KKASNAPPPGr@Vh@KRBBFIVAMfAABJEBOICUT]UB?Rf@@LCVc@nBHPINYj@[p@kAb@EJTr@YR[^@CB\a@VKt@y@dAm@z@F|@Sx@q@v@Ox@e@dA}AvAULQzAe@r@AZWz@]f@a@Ta@VGN?x@`@hBPh@TVI^PpAQ\Un@y@Z?j@h@f@lAPT~@|@t@l@r@CRQR@Vf@p@t@z@aBt@\b@|@P@l@c@hAuA|Ck@~BaBHKMHjtBmkFtBm@FXktBtpFd@{@BHHBAEJIn@iBpAi@@JFAv@j@t@GnB{@dAo@x@s@p@GvBm@~@i@DUSEDKb@[Tm@lBkCFu@^{AjAkAt@eAf@WNe@NkABu@\}ADo@J]f@iAVUTs@vAiB?Q^k@XaAMu@BK_@cAqByDWwAWq@p@_@,2,,,,,,Diego Galdino
2,Morning Run,9400.0,3302,3302,0.0,Run,Run,,Garmin Forerunner 645 Music,12165309918,2024-07-15T06:24:24Z,2024-07-15T08:24:24Z,(GMT+02:00) Africa/Blantyre,7200.0,,,,0,1,0,1,0,True,False,False,False,everyone,False,g18048384,[],[],2.847,2.972,82.1,25.0,True,172.2,181.0,False,True,0.0,0.0,12968047505.0,12968047505.0,garmin_ping_362999247005,False,0,0,False,20232024,1,a12165309918,,2,,,,,,Diego Galdino
2,Morning Weight Training,0.0,3676,3676,0.0,WeightTraining,WeightTraining,30.0,Garmin Forerunner 645 Music,12165309018,2024-07-15T05:21:09Z,2024-07-15T07:21:09Z,(GMT+02:00) Africa/Blantyre,7200.0,,,,0,1,0,1,0,True,False,False,False,everyone,False,,[],[],0.0,0.0,,25.0,True,100.1,123.0,False,True,0.0,0.0,12968046562.0,12968046562.0,garmin_ping_362999215184,False,0,0,False,20232024,1,a12165309018,,2,,,,,,Diego Galdino
2,Morning Run,11860.4,4180,4191,31.0,Run,Run,,Garmin Forerunner 645 Music,11875486375,2024-07-13T06:23:34Z,2024-07-13T08:23:34Z,(GMT+01:00) Europe/Amsterdam,7200.0,,,,0,3,0,1,0,False,False,False,False,everyone,False,g18048384,"[52.23, 6.89]","[52.23, 6.89]",2.837,3.9,84.1,17.0,True,152.1,169.0,False,True,67.8,45.2,12663862659.0,12663862659.0,garmin_ping_354566361604,False,0,0,False,20232024,1,a11875486375,qax}Hgr`i@g@Ni@Fm@Zg@Ps@JMFGFKZe@RYXMJIRU\g@NWPsAnAcAl@mA~@[^[h@]^{BzAQHIAy@j@SHo@HQPMJ_B^oAp@cAJ}Ah@]RyBt@gCj@e@Bw@P[Bo@ZI?OHg@F}Ab@c@Fu@Vc@@w@ViAXWHIJi@NkBv@c@LiCjAIA[g@u@i@iC_A[UqBw@gAm@y@Ue@W}Bu@yB}@a@KcEiBoAg@cAWaBo@SO{@W[QUWSMu@Y_Bo@a@Y_@Au@DOA[OcBsA{BmBWYm@g@g@Ye@Om@Mu@Gc@CsABeAe@u@k@y@UYa@]Sg@AcBt@o@h@_A^W\YVw@L}@Cq@_@{@m@IM_@[UqBCw@I_@Cc@@uDJqB?sAB[PkANi@d@kDJsAKc@SMa@K{@]sBm@MKeA]q@[{@Um@YwAg@w@Qi@Y{EgBg@YaBs@u@_@e@a@Kc@HgBV}B@_AAmAB_BAsBHqE@_ECsCBkBHaDFsGDwAD_@@]CqB@qCJoEAqBPuEFoG?yFFsAHEN@hA`@jBz@x@d@b@LPJ|@Pb@VZH|@d@xCt@`@Z`@L\T~@f@PAV{@`@yBT{@Js@Fo@n@eDNa@NULU@GEg@QmAc@}DUiESiCYkBSoBG{@Ec@Cc@BuA\_CJi@TM^E`@@d@GpFj@lBXt@@VGjBu@jAs@hB_AfDwAr@e@`@MjD[f@OtC_@`BK~@FJRNz@XhBPbBZlBJnAL@HSf@qBTm@^sAx@kCd@gBZw@DWACw@RcAb@WTUZMj@@x@Ir@[zEYpBAlAGz@[zD@vANtB@r@FfABnBDx@?VOD@x@X|@RbBJdBBnCJrB?p@Ex@?v@CT_@f@AJ@RNt@TXXFxAjAt@\TZ`@`@ZVnAzArA~@r@^b@ZnAtAXTVJnBxB^VZF`@ZrArAh@^l@p@~@|@bAhAf@b@n@n@DDJ?RLhD~CrA`AXV`@j@TTZLh@h@tEdEzA`A\^`@\NRhA|@^\RZPb@hAf@j@LxAh@ZCFFDp@ZZfClBzArAx@x@ZT|DtDlAz@|@`APH`CnBlAjAt@j@\^xBdBlAnA^d@`@X`@\|B|B,2,,,,,,Diego Galdino
2,Lunch Weight Training,0.0,5110,5110,0.0,WeightTraining,WeightTraining,30.0,Garmin Forerunner 645 Music,11869055167,2024-07-12T09:29:05Z,2024-07-12T11:29:05Z,(GMT+02:00) Africa/Blantyre,7200.0,,,,0,0,0,1,0,True,False,False,False,everyone,False,,[],[],0.0,0.0,,25.0,True,92.2,124.0,False,True,0.0,0.0,12657203608.0,12657203608.0,garmin_ping_354356052968,False,0,0,False,20232024,1,a11869055167,,2,,,,,,Diego Galdino
2,Afternoon Run,5321.2,2653,2653,0.0,Run,Run,,Garmin Forerunner 645 Music,11861476601,2024-07-11T11:01:00Z,2024-07-11T13:01:00Z,(GMT+02:00) Africa/Blantyre,7200.0,,,,0,0,0,1,0,True,False,False,False,everyone,False,g18048384,[],[],2.006,4.368,78.5,23.0,True,142.2,164.0,False,True,0.0,0.0,12649344933.0,12649344933.0,garmin_ping_354126280928,False,0,0,False,20232024,1,a11861476601,,2,,,,,,Diego Galdino
2,Lunch Weight Training,0.0,4108,4108,0.0,WeightTraining,WeightTraining,30.0,Garmin Forerunner 645 Music,11861129262,2024-07-11T09:48:19Z,2024-07-11T11:48:19Z,(GMT+02:00) Africa/Blantyre,7200.0,,,,0,1,0,1,0,True,False,False,False,everyone,False,,[],[],0.0,0.0,,25.0,True,94.2,125.0,False,True,0.0,0.0,12648984654.0,12648984654.0,garmin_ping_354117845982,False,0,0,False,20232024,1,a11861129262,,2,,,,,,Diego Galdino
2,Lunch Run,2184.4,959,959,0.0,Run,Run,,Garmin Forerunner 645 Music,11836429301,2024-07-08T10:39:57Z,2024-07-08T12:39:57Z,(GMT+02:00) Africa/Blantyre,7200.0,,,,0,2,0,1,0,True,False,False,False,everyone,False,g18048384,[],[],2.278,2.952,82.6,25.0,True,144.7,162.0,False,True,0.0,0.0,12623513699.0,12623513699.0,garmin_ping_353393413361,False,0,0,False,20232024,1,a11836429301,,2,,,,,,Diego Galdino
2,Lunch Weight Training,0.0,3413,3413,0.0,WeightTraining,WeightTraining,30.0,Garmin Forerunner 645 Music,11836305114,2024-07-08T09:42:48Z,2024-07-08T11:42:48Z,(GMT+02:00) Africa/Blantyre,7200.0,,,,0,0,0,1,0,True,False,False,False,everyone,False,,[],[],0.0,0.0,,26.0,True,99.5,121.0,False,True,0.0,0.0,12623384827.0,12623384827.0,garmin_ping_353390396570,False,0,0,False,20232024,1,a11836305114,,2,,,,,,Diego Galdino
2,Morning Run,10000.0,3602,3602,0.0,Run,Run,,Garmin Forerunner 645 Music,11823803416,2024-07-06T08:33:53Z,2024-07-06T10:33:53Z,(GMT+02:00) Africa/Blantyre,7200.0,,,,0,4,0,1,0,True,False,False,False,everyone,False,g18048384,[],[],2.776,2.963,82.3,24.0,True,150.8,179.0,False,True,0.0,0.0,12610408049.0,12610408049.0,garmin_ping_352989454637,False,0,0,False,20232024,1,a11823803416,,2,,,,,,Diego Galdino
2,Morning Weight Training,0.0,3755,3755,0.0,WeightTraining,WeightTraining,30.0,Garmin Forerunner 645 Music,11823802002,2024-07-06T07:29:25Z,2024-07-06T09:29:25Z,(GMT+02:00) Africa/Blantyre,7200.0,,,,0,0,0,1,0,True,False,False,False,everyone,False,,[],[],0.0,0.0,,26.0,True,90.9,112.0,False,True,0.0,0.0,12610406544.0,12610406544.0,garmin_ping_352989417726,False,0,0,False,20232024,1,a11823802002,,2,,,,,,Diego Galdino
2,Afternoon Run,4088.8,1380,1636,4.0,Run,Run,,Garmin Forerunner 645 Music,11798907712,2024-07-03T14:15:29Z,2024-07-03T16:15:29Z,(GMT+01:00) Europe/Amsterdam,7200.0,,,,0,2,0,1,0,False,False,False,False,everyone,False,g18048384,"[52.23, 6.89]","[52.25, 6.9]",2.963,3.976,82.5,21.0,True,155.4,178.0,False,True,51.4,47.0,12584690600.0,12584690600.0,garmin_ping_352260930646,False,0,0,False,20232024,1,a11798907712,uax}Hyq`i@a@Rc@LYP{@Zi@LOGIBYZwAhAy@XOV{@z@a@P{@r@}@`Ae@^gB|@wAbAi@b@y@v@uAv@cARsAn@gBj@]N_Af@mBh@mAV[@EOURaA^q@LqAL]JSPKBy@Ra@?c@JwAb@mDt@e@TUABG_@ToAd@YPy@r@a@T_@PUCw@u@eA[a@Ue@Oa@Yg@WkAa@_Bs@y@Ya@We@Iu@YmAYa@GgAc@wDsAm@k@WGMIiAg@e@Q}@a@SQo@WcAi@a@WgAa@u@c@]O[I_@F_@GU?c@O}@w@Y]WS_CwAy@i@[Y]U]MiASiAAmCg@_@[q@y@e@a@Ge@Ba@Jq@Ns@B[Lk@Jy@`@gBN}@CGH{@A[RoAPuCJu@EEJ_@To@RYNId@e@Tc@b@sAR_@Ng@t@aBt@oDDeAa@mCM_BD}@Ka@Ga@Og@s@w@U]Ue@,2,,,,,,Diego Galdino
2,Evening Run,6525.7,2062,2403,10.0,Run,Run,,Garmin Forerunner 645 Music,11783967409,2024-07-01T17:07:49Z,2024-07-01T19:07:49Z,(GMT+01:00) Europe/Amsterdam,7200.0,,,,1,1,0,1,0,False,False,False,False,everyone,False,g18048384,"[52.23, 6.89]","[52.23, 6.88]",3.165,6.054,78.0,20.0,True,153.0,182.0,False,True,33.4,22.0,12569302079.0,12569302079.0,garmin_ping_351812294593,False,1,0,False,20232024,1,a11783967409,{yw}H{o`i@j@zBb@jA|@|C^zBZlCVz@Lp@V~C`@~BH~BDf@B|BBn@?x@KEyAgBAGFg@?o@Cq@i@gBSYw@w@c@Ug@CYFKD]^Qv@At@@d@LlAPh@d@r@p@b@XFf@Ad@SXc@Fs@@gAKy@Qi@Ya@g@g@e@Y_@Og@Ac@HONCHIf@Ar@@d@@XLt@Nh@DLl@t@VTNDr@?^EZKT_@Jy@?k@Iw@CGi@kA_@e@e@Ye@IWA{@JWZOl@Cr@F~@VdAt@~@b@\\TZDH@b@KZSDENm@Du@Gw@MmAM[KSc@c@e@Wq@Qe@Bc@RWl@Eh@@lALr@DLNXV\ZVv@f@f@JX?\KXg@FYDeBGo@I]Ym@a@a@WM}@]KAc@?G@[RQRK`@EjACSJgBFSPOLEc@`@ERG`A?h@Ht@Jn@Tr@Zf@DDd@T~@R^Ah@[Pe@By@GiAKu@Ys@W]g@c@m@Ui@?UFc@R@E\Sr@UP?NDXPDAEC?FCBMEu@Eg@DMBSNMVCTC|@Fr@Nt@Tr@d@p@RP\Nr@F\G`@WX_@DQEaBKaAKe@a@m@u@m@]Iq@GD@HMH?J@RAPJ?LI@KE@EVNe@Mc@GY@UHSLINGXAZBbBTjATj@j@v@d@PNDb@DNAd@MFEXc@Ni@BU@WIu@Kw@a@y@s@i@c@Sk@IU@BKJIFCPAHDH?HBLFCHQCAIDCPR@F@Cc@Ie@Cc@@MDULKLGTEv@Bz@PfATt@h@r@j@Vn@PLAXG\UTm@Fe@Bc@Cy@Ms@c@{@MMkAs@cAIAEFGPKLAj@HLN?HSC?CDADBHLo@QQCg@DUJQNMr@A~@Bn@N~@Pf@T`@`@\v@Xh@Cj@YPUHULy@Au@i@iB]e@s@g@c@Mi@CDGH@TEVFN?FHEHYG?CFCRHBFAK?JmAMYBOBMJKNELGl@?`ADb@XrAHTPZX\RN`AV\?b@[Rg@F[@y@GoAIc@I_@Yi@KKe@YOEg@Eo@Ba@V@BMNQj@N~BHNJp@Pl@FHD?,2,,,,,,Diego Galdino
2,Lunch Weight Training,0.0,4199,4199,0.0,WeightTraining,WeightTraining,30.0,Garmin Forerunner 645 Music,11780853008,2024-07-01T09:17:53Z,2024-07-01T11:17:53Z,(GMT+02:00) Africa/Blantyre,7200.0,,,,0,1,0,1,0,True,False,False,False,everyone,False,,[],[],0.0,0.0,,27.0,True,67.7,103.0,False,True,0.0,0.0,12566100012.0,12566100012.0,garmin_ping_351727616492,False,0,0,False,20232024,1,a11780853008,,2,,,,,,Diego Galdino
2,Morning Run,4768.9,1445,1515,7.0,Run,Run,,Garmin Forerunner 645 Music,11749897430,2024-06-27T05:54:08Z,2024-06-27T07:54:08Z,(GMT+01:00) Europe/Amsterdam,7200.0,,,,0,1,0,1,0,False,False,False,False,everyone,False,g18048384,"[52.23, 6.89]","[52.23, 6.88]",3.3,4.613,83.3,27.0,True,147.3,169.0,False,True,33.6,23.0,12534098564.0,12534098564.0,garmin_ping_350761709683,False,0,0,False,20232024,1,a11749897430,_zw}Hmp`i@Lp@z@jCr@fDr@xELp@VtBVbAf@rD@~@NfB@fBDnA@bBEA{@}@[I[[Ey@?y@ImAMw@Oi@MQi@]OIk@Ii@Be@RQ`@Gx@Av@Bd@Fj@Rt@PX\b@^Jf@Hr@BTK\]Tu@@u@GmAIo@Yo@YYk@a@g@Io@?]H[XK\Ep@@t@PtARr@Zb@^\`@N^Bf@C^QJORm@F}@@y@M{@Qo@e@i@_@Sa@Om@Cm@JURGHKb@AN@|@Dt@Z|At@fAd@Lz@HXGPMTi@F[Dg@BeAMiACOUa@_@]e@SmAQQ@c@LMHILIp@?hAHz@Rx@Xl@h@f@b@TN@f@Cd@WZ_@Jo@Fy@C}@O{@EE_@k@i@_@UI{@G[@OBa@VOd@Ar@@dAHl@Np@Pd@ZX\V^Hl@B`@I`@a@Tq@JeAM_AOm@[o@]_@e@Wy@QWA]JYTU`@?HCt@HnARbAXp@h@h@f@PZDR?b@EZ[JQLa@Hy@A_AOq@Wi@a@e@_Am@y@CUB]LW`@Gr@B|@J~@Pl@Vl@RX^\TFP@f@Ad@MX[P}@@e@?eAAKGSUq@o@u@i@]k@Km@Cc@TMPGREv@FnBXnAj@v@TRb@Lb@Fh@GTQHKN]Ha@HmAG{@Mi@[q@Wa@KG{@Ya@E[@SDc@NCBOj@?`AD~@Fd@Vt@`@l@d@h@j@Z,2,,,,,,Diego Galdino
2,Evening Run,3302.2,1015,1171,1.0,Run,Run,,Garmin Forerunner 645 Music,11729855653,2024-06-24T18:13:50Z,2024-06-24T20:13:50Z,(GMT+01:00) Europe/Amsterdam,7200.0,,,,0,1,0,1,0,False,False,False,False,everyone,False,g18048384,"[52.23, 6.89]","[52.23, 6.88]",3.253,4.921,82.9,26.0,True,149.2,174.0,False,True,32.0,25.6,12513627571.0,12513627571.0,garmin_ping_350163057757,False,0,0,False,20232024,1,a11729855653,eyw}Hyo`i@f@hBd@~BJXn@nCPz@@r@Pt@j@`DDx@Fz@VxAHbACjCFxF?HGJ_Aw@e@QS?YTe@Ng@@WEMC]U_@c@KQGYUuB?_ACw@N]f@YLAd@Aj@Nn@\Z^Xr@Lr@FjACl@Sr@]`@OHUD_@?m@Kg@][e@Qm@My@GcAAs@Hu@Vc@`@UR?V@l@Hl@^\j@Xn@Np@D|@Aj@Ip@Yf@]To@LI@WCc@Wa@c@Wg@Qo@Iy@AoA@}@Le@\Yf@Gf@@p@T^^b@v@Pn@JhA?v@Ix@W^]Xe@Ji@?g@OUQg@}@SsBC_C?GNa@VQ\Cd@Bh@LNFXX\b@Z|@Jx@@v@Gv@Wj@[Vi@Lg@Ci@SWQOWSg@Ke@IiAAoAFu@Pc@VMl@Ed@@HB@CJFUGa@Cu@@]HMJINETCjAVtBPl@b@t@f@d@LFRBb@?JA^KTSHSNq@DcA?UEFBv@EG@FFG,2,,,,,,Diego Galdino
2,Afternoon Run,7456.3,2202,2243,9.0,Run,Run,,Garmin Forerunner 645 Music,11720733342,2024-06-23T12:45:03Z,2024-06-23T14:45:03Z,(GMT+01:00) Europe/Amsterdam,7200.0,,,,2,6,0,11,0,False,False,False,False,everyone,False,g18048384,"[52.3, 6.84]","[52.3, 6.84]",3.386,4.543,83.1,28.0,True,186.7,199.0,False,True,38.0,28.2,12504204208.0,12504204208.0,garmin_ping_349877240388,False,1,0,False,20232024,1,a11720733342,i_f~H_lvh@@EKYMe@CUAaBGIMCYEU?a@CCm@@]DeCFsAFcCCqAScE?u@PaDFkC?uAKcDDsBAaADqAt@mKPyEF_@X_Ah@uAL{@JmAJKD?bAZ~Bh@jB\dGRfB?xCPzC@dFNdB@d@DzAZ`Cx@h@XtBzAbDhBbCdBDPAHSXoBrB_CpBo@p@w@r@g@h@qAfAuClBq@^o@j@u@~@]l@_@rAWvAk@zEWnAi@rBc@lAe@x@_@f@uArAuBhCg@b@qB|Ba@p@[n@[bAKF{@i@g@OwAF_@Dy@R_@`@Gn@Q`@oANuADe@KUi@WcAA}@G_AIOECk@CKGIST}C@_AGuA@cCCw@CsBMsBDwBPeBCy@@w@AiAB{ACw@BgGh@eMVgDPu@|@}BH_@BYDkAJU^H~@ZhALNDLH^BRJz@Lf@BRGbA?d@FtABl@JfAJf@?zAJpBDbB?fCFzCAV@h@JjAZpAb@|CpBf@Xd@N^TVHZN`At@z@j@h@d@JXCDoAdAaAhAS?IP[VW\k@d@aAbA_Az@y@j@e@VUTm@b@IDw@r@mAr@_@\UVg@|@]t@Qp@C`@i@nDOtAi@`Cc@vAq@fBg@x@s@v@qBpBoC|Cw@j@_@^Yl@E`@Qf@S`@_@Ka@[[Mo@Ba@Lc@Fu@DE@_@ZKh@Sp@c@DoADq@Cc@MEEQm@Q[C@EJ@RGHE\C?B?JDBC,2,,,,,,Diego Galdino
2,Evening Run,7337.3,2025,3123,15.0,Run,Run,,Garmin Forerunner 645 Music,11675039802,2024-06-17T17:11:32Z,2024-06-17T19:11:32Z,(GMT+01:00) Europe/Amsterdam,7200.0,,,,0,2,0,1,0,False,False,False,False,everyone,False,g18048384,"[52.23, 6.89]","[52.23, 6.88]",3.623,5.988,81.5,25.0,True,147.0,186.0,False,True,31.6,23.8,12457158280.0,12457158280.0,garmin_ping_348504658081,False,0,0,False,20232024,1,a11675039802,ozw}Hap`i@F`@h@|Al@zDd@zBVb@L|@n@tCRbBH\JrAL`@Dj@H`@Fn@DtABpCGlBKE[g@c@c@]OiAf@q@Be@K[]Yc@Uo@McAE{@HcAXe@b@Of@Il@Lj@\Vd@`@nALtAAj@Ov@]b@c@RaA?e@USSe@q@So@IkA@kARw@^Sl@Qh@DXNp@l@Vl@RvABz@A^Ib@[b@c@Xq@Da@Kc@[c@s@Q{@I{@AaBRs@`@Yn@Kh@Dn@d@\d@X~@LjABt@Ez@S`@e@Ze@Bg@Gu@W_@_@GOU{@M{@CqAL_AP[h@]\Ed@@l@NRN`@h@Vv@JnA@~@G`AUd@IFYPg@Fw@MYSk@i@Wy@M_AIcA@}@Ts@`@Wj@Ip@Jb@Vh@f@Xn@P|@DlACn@K^[d@w@Vo@IYMc@YU]F@VZt@d@t@Fv@S\g@BID}@C{@S}@q@gBe@g@CTFSBHBE@BDICOD?@@kAOm@B]`@[v@DhALrANn@Rj@z@`ANFZHXAIBBKAKKd@CAGQJ@C?@D?Kz@YNQNg@DeACq@Ku@Me@g@{@g@]k@McAJOJ]f@MFFG@B?CCVAIJ?@II@HKEFIl@An@B\V~A\v@RXx@f@~@Hj@KZYP}@@cACi@OkAOMABBJGCNBAEGBDLMGQk@Wi@gAu@WIk@Bi@VUVET?nAd@jCb@|@XTRBHLVCHNGDBDAGIAALrAMVOVg@Dw@CeAYgBO]c@m@USk@OkAFE@ALK]DJBG@BEMBL_@f@M`@EnABZJ`ATz@n@x@XPjARp@E\YN]Nk@ISMALHJ?EE@UGeAGg@Oe@c@q@}@w@e@Mu@@o@XMPMb@?j@JfBJx@FTBSAIEJ@FEMB?BORh@l@~@LLx@Zx@Kl@a@HQJ{@IkAYsAYo@_AgADGCEBFBGB^}AGe@FYRKTG`@@vALfALd@l@fAVVd@FrABZKQ?CNN[JDYPEGTUR{@DqAOsA_@mAW_@a@Ue@Oi@Ec@De@VM`@E~@JZFBBEOBIDEFUc@GWA}@HMPI^ZCTEtARbBNb@Xj@T\^Zj@N`@@x@YTQL?`AhARJOqAAyAIs@GsB,2,,,,,,Diego Galdino
2,Morning Run,8004.7,2516,2521,28.0,Run,Run,,Garmin Forerunner 645 Music,11662766408,2024-06-16T06:07:44Z,2024-06-16T08:07:44Z,(GMT+01:00) Europe/Amsterdam,7200.0,,,,0,2,0,1,0,False,False,False,False,everyone,False,g18048384,"[52.23, 6.89]","[52.23, 6.89]",3.182,8.592,84.0,19.0,True,157.1,181.0,False,True,54.8,31.2,12444475510.0,12444475510.0,garmin_ping_348143629312,False,0,0,False,20232024,1,a11662766408,agx}H_hai@QK]K_@a@]e@i@k@}@yAW]QSqAkAyAsBY[iAo@aA_A[q@[c@g@sA[_@cAu@cA}@a@W_@OYG[QYUGKQQi@c@e@s@eAy@]O]?QGm@k@[iDSw@EIG}@OM[I}@@a@AeAYUQC_@MYWQy@s@_@ScAcAaBsAy@y@_@e@eA{@uC{Cc@_@cAu@IKeD{B{@cAqAeA[[i@]_AeAgA_AgAuAa@e@i@c@k@YKKyA}@e@k@sBoBu@aAYO]YSIc@e@i@a@]SWSq@w@_Cw@[EUQSa@EOBK`@oAQeGUoDAwBC]EaCMyBWaCGyAOeCG{BN}DNcCD_BLsB^aFN}ABqAFq@[cF?wAGoA@mBGwAGyDGw@_@qBe@iFEcAA[By@HKJCb@@h@Db@HV?f@O\Yb@Yh@g@^Sb@QR?BBH`@Bt@@rANzBJp@ThA^rBrAvEn@rAnArBh@fAvBxDtBnEtDtG\d@b@d@Xb@Z^b@^^f@rAhA\j@Z`@lA`ApAzAnAbB`@r@Jl@f@`BNbAFx@IpB@FBBj@Nb@Vn@p@\l@l@fBh@rAd@|@v@lAnAlCtA|Bb@hAR^d@f@nBtDbBbCXZ\TX`@r@jA^z@b@p@t@rA`B|Bh@lAZl@FHVP`@f@Vh@Tn@rAzBfBhCZj@~@jAfAdBXd@Xx@z@nA`@d@nCvDz@xAz@x@p@~@z@x@r@|@p@l@d@Vd@HnBAf@BHXPxA\rEFrB?bCLhCBjAAx@G~@a@xD,2,,,,,,Diego Galdino
2,Teste Máximo 2,7067.0,1953,2026,8.0,Run,Run,3.0,Garmin Forerunner 645 Music,11636263177,2024-06-12T15:43:23Z,2024-06-12T17:43:23Z,(GMT+01:00) Europe/Amsterdam,7200.0,,,,0,1,0,1,0,False,False,False,False,everyone,False,g18048384,"[52.23, 6.89]","[52.23, 6.88]",3.619,5.151,82.5,21.0,True,174.5,197.0,False,True,35.6,26.6,12417195037.0,12417195037.0,garmin_ping_347314666458,False,0,1,False,20232024,1,a11636263177,yyw}Hcp`i@Hl@R~@Bb@`@xAFLXvAn@bET`CVzAf@`Cd@tERrB@fB?TEZ@hAC@CAWg@k@g@[_@Fk@@i@EsAM{@K[Yg@e@a@o@Ye@GI?e@HSHMLSh@G|@@RDr@N|@\v@\b@^Zj@Lt@Eh@YJYFy@?w@M}@[oAKWc@_@eA_@c@A_@Bi@`@Mf@@~@Z|BHXXj@b@`@f@X`@HJ?z@[TSHQFk@AaACc@EMWaAYi@a@a@k@a@g@KO?UHc@VIJELC\A`ABv@Jr@p@dBTVb@TGASOESM?A@DID?@FKEFF^Ph@HXA`@I\QBGTaABgASoAUq@a@o@s@c@a@Kk@BQH[TOPKn@?RB`APjATt@Tb@\b@VLr@Ff@Gf@]Rk@@MDaAGkAS{@c@y@i@g@i@SMAq@@UJa@d@Kj@Ev@@x@Jx@Xn@Td@TZXRn@PX@XIj@[NWDYFuACm@QcAWs@KKe@a@s@Wc@IM?M@IDi@f@IJMd@E`AD~@^rAZl@f@f@NFn@Jf@APEZUVk@H{@@w@Is@YgAs@aAe@]i@Ii@@SB_@\Qf@C|@FpANz@Xr@l@z@DBf@Nb@F`@C^Ih@q@Hw@?_AAe@KaAg@aAo@m@e@UMCk@Aw@Ta@`@Ix@A~@LjAHZVp@b@x@l@b@d@Jf@APMf@k@Vu@HaAA_AE]Ym@U[i@i@k@e@e@KS?_Ah@EDSl@I`AF~@PhAL^R^^b@b@Vv@Fj@AVQR]Rs@HmAMsAUq@]a@w@m@g@Om@Ee@Lg@`@Qz@Cz@LdAXpARVVVh@`@`@Np@?d@O^c@TeA?aAG{@]w@kAkAg@[i@Ee@De@b@UbAAhAJhATt@^j@\b@f@Xh@?j@Eh@_@DELo@B_AKaBSw@c@eAa@[w@Kg@@a@Rc@^Qj@Ct@F`ARdATj@j@t@NLh@Vf@@j@]b@c@Ry@D}@MiAUaAYi@k@c@w@Uc@CQBYLOJ]b@K`AB`AZdBPb@^d@b@`@f@Jj@Bd@M\c@Ts@,2,,,,,,Diego Galdino
2,Afternoon Run,7313.0,2341,2394,15.0,Run,Run,,Garmin Forerunner 645 Music,11620130853,2024-06-10T15:54:51Z,2024-06-10T17:54:51Z,(GMT+01:00) Europe/Amsterdam,7200.0,,,,1,1,0,1,0,False,False,False,False,everyone,False,g18048384,"[52.23, 6.89]","[52.23, 6.89]",3.124,5.09,80.6,17.0,True,157.3,183.0,False,True,756.8,46.4,12400632611.0,12400632611.0,garmin_ping_346840984525,False,0,0,False,20232024,1,a11620130853,s`x}H_r`i@e@N[Pa@NWRg@LUN[HO@Sa@UPY\_@\]b@[V]La@^q@x@_@TOPo@ZeCzB]NYXkCvAe@XuAhAc@Ve@H}Ad@a@Nq@\iA^{@d@{Ab@aALa@BUAa@TcAXs@D{AVuAh@sBb@_AJODa@Pe@Jm@Fg@Nc@XGMKL_@R]LyA|@_@XaA\K?w@u@cEoBm@S{BaA{Ai@uBg@g@WaBe@w@Yi@Y]M}@e@g@QMIm@Oc@QaBw@YUi@OqAg@oBkAsBcAYq@^aAr@eER{@`@iAb@q@hAoAj@y@t@aCARDFRRj@TBDABC?][_@QAQRmANs@pAkE`BsGd@qCFuATkALc@h@wA^wAxBiGNi@t@}APOl@Gx@JZHTM~AkFnA_C?Mb@Qj@Gt@Wz@Kf@JNG\@PN?BD?XDRKLCTAVFNGP?\EHOKHBAGE@EBABLDBLARI^Ex@e@~Aa@rB{@`@GjAY\F\?d@Cf@ALCvA^b@Rb@N\VJBdAHPF`ANv@TPBd@?^JH?VJn@PjAFh@Fb@H\LXDBDf@J`@DPAJB^?j@HXA|@Rn@?b@CDCd@Cd@Pb@IL?dAELJ`@Fb@Il@E\?z@Fv@?f@E`@Bj@@`@Hn@BLBXEz@UXWV]Z[l@Wl@Gb@FXC\KPDFNBhAPbBNhEH`ABrA?n@Dp@?d@En@EPMFg@Bw@Zc@Vm@NwAj@g@LsDdBeA`@Y@a@e@]YK[\yDbAuE@YCEG?y@[YOu@Co@Ww@AKDANJp@TdDPdACz@Bv@Dt@XdCFJRP\r@T`@TVLZnAt@bA~@,2,,,,,,Diego Galdino
2,Afternoon Run,8029.4,2652,2702,26.1,Run,Run,0.0,Garmin Forerunner 645 Music,11564151545,2024-06-03T15:13:35Z,2024-06-03T17:13:35Z,(GMT+01:00) Europe/Amsterdam,7200.0,,,,0,0,0,2,0,False,False,False,False,everyone,False,g18048384,"[52.23, 6.89]","[52.23, 6.89]",3.028,11.562,83.7,20.0,True,154.5,182.0,False,True,64.2,40.6,12343050521.0,12343050521.0,garmin_ping_345153328710,False,0,0,False,20232024,1,a11564151545,gfx}Hejai@cA{@]e@v@iAISe@k@IQWSWc@IGWECYIK[GgBiAaAg@s@}@m@aAA@_@EMGCI}@m@Ya@Wg@EQBGI?aAq@e@Wy@o@}@[_@q@QQIQa@[W]{A_BcA_Ac@Y{@{@eAq@Yc@?c@BKEA?BHEGUYSY@QK[BQIQJMAOBe@IQIC[Q]MM{@k@s@y@W_@[YGAg@a@[QIAa@Ym@i@a@S]c@AIe@KgAq@a@g@[g@OOq@sA]WYMo@a@]Og@_@k@_As@s@Yc@AIMOeBaA@CGKyAiAmE{D[_@_Ac@i@_@m@g@DAII[ScDuC][WMu@k@[_@[M_@_@c@Q[o@]_@MCKQO?cAUw@e@w@{F@GTOK}@Cy@FS?u@Di@E{@HcAGs@?q@JWUcAKy@AuCHg@i@aEEgAj@mPLaB?q@DUJMB[@u@Ew@JBReE@u@QmAKaAMcC@_AVeAUwDc@cAi@aDG{@Hy@?_@KqBQ_BEkA@SHc@NKHEXGpBZZLx@eA^[tAKt@KD@Jl@QAIE@PCJ_@H~Kd^\d@rA|Bl@vATb@Rn@R`@`@p@z@dA`@^r@tAr@dATXj@f@l@v@dAdA\j@fAv@^^Vb@~AlBh@t@VNJPr@tC\nCPXZTTRVh@Jx@Pp@bAfBVp@Nr@t@hAbBlDv@lA^`@Vd@r@fBR^v@lAl@t@Lb@jAvBz@lAZXXL`@t@b@hAn@x@Vf@dA`BVb@t@bBZ\n@bATNp@`AnA`CVf@vAnBRZTn@T`@Zd@ZXZt@XZh@^T^p@xANh@fAvAt@pA`AxAz@~@rAdB`A`A`@h@bCrBr@JZ?d@EhAYFBPvDJhA?d@RtE?lBB|ACj@@r@Ct@Gr@ObACj@Q|A,2,,,,,,Diego Galdino
2,Rosen City 10km,10174.5,3120,3127,28.2,Run,Run,1.0,Strava App,11231305565,2024-04-21T11:34:12Z,2024-04-21T13:34:12Z,(GMT+01:00) Europe/Amsterdam,7200.0,,,,2,7,0,31,0,False,False,False,False,everyone,False,g13944456,"[52.22, 6.9]","[52.22, 6.9]",3.254,4.839,,,False,,,False,False,55.4,36.7,12000080860.0,12000080860.0,DC53E005-F173-45DD-A170-02A536216F2B-activity.fit,False,0,0,False,20232024,1,a11231305565,aqu}Heaci@FUHkBBMD{@?_@JiA?qBFqDCc@DcAGeB@yCA}AGy@AaAKoAOqDI}@EyAIkA?[Mo@Ys@IYOoASkAGACHDTFJ?RA\]NKE[?kBcAcBu@wADqATuAd@c@B[?}AW_Ck@u@EiA@uA\cAb@q@`@WZOZKh@Iz@IvBI\_@n@OL_C`@QJkB`@uDHqBXo@AsAJq@ViA~@K@OSYg@w@eBi@_BU]_@cAU}@wAsDmAoDYm@W}@k@sAeAmDq@kBYi@Y}@MQKB_AlBs@dAs@jA_@b@EJ?F`@`BTjATn@T~@N^f@zAR|@Df@XbADXXn@d@dBJl@h@jBBXShCIVG\U`AMVQhA?XGZINGb@y@bDUvAIx@GpAMp@IpA?bAMXU`AMVQj@sApCUn@ARJr@NpBNhAJ~ANpA?b@IPGB_AEo@BwAAcBSuBI_BSi@@kAQcEiA_@@oBa@OBCHCb@FRTPRZJFd@N`B`BpAx@LRp@l@LXZ^t@d@|@|@RLR\DN?PL\lAl@`A|@t@h@\`@NH\Vl@r@RJTZrAlATJr@p@TLfBjBLDPTr@p@TXTJ\`@~BrBd@f@lBfBVLTRb@f@r@l@V`@HV@HIh@G`AQnAGp@EtAF|@TvAt@`CFl@d@rB\tBh@~DFtADRLPFp@RjAP~BZnCPhCBjALfDFPDn@RhABFPFJCj@c@^q@f@cB\_Ax@eDbA}CViAb@{AF[N_@\qAZw@v@gCVm@?IJUD]Ng@Zc@NIZCvABr@PLG|@FdA\P[CCNHVAtDc@fA]XSBa@uAaJYkCG_AEYAW@{@AcAGeAIc@Aa@Ig@CaBE[@WH[Bo@IoBDQ@g@C[?UNaAFYFI|ByARYBG`A]XQD@h@WJKTIN?LO@IKyBI_@@IGg@Ac@Go@WgAUu@Cm@E]HQCSCGAYDWCO?gAF[@UG{@U{ACk@Mc@[kBE{@O_A?SGm@ESM_BCm@b@m@Xi@FW@IRs@?OJg@PWHi@Vq@`@mDRy@BWPi@@QxAkDBMp@uANu@Dc@Jk@L_@Dy@AQSeAGm@i@_C]sBMiAIqAF[DCND\DdAd@d@X`Ad@f@b@lArAHVNvAPpCNjDJfHC~A@fHBHE\B^At@E^OpGGx@?^Q`BAr@,2,,,,,,Diego Galdino
2,Afternoon Run,5370.3,1775,1775,0.0,Run,Run,,Garmin Forerunner 645 Music,11158285946,2024-04-11T15:27:37Z,2024-04-11T17:27:37Z,(GMT+02:00) Africa/Blantyre,7200.0,,,,0,2,0,1,0,True,False,False,False,everyone,False,g13944456,[],[],3.026,3.314,83.3,17.0,True,153.1,166.0,False,True,656.6,631.8,11924991419.0,11924991419.0,garmin_ping_332933573516,False,0,0,False,20232024,1,a11158285946,,2,,,,,,Diego Galdino
2,Afternoon Ride,30377.5,5509,7057,31.9,Ride,Ride,,Strava App,11056817422,2024-03-28T16:16:38Z,2024-03-28T17:16:38Z,(GMT+01:00) Europe/Amsterdam,3600.0,,,,0,4,0,2,0,False,False,False,False,everyone,False,b12624991,"[52.23, 6.89]","[52.23, 6.89]",5.514,9.332,,,False,,,False,False,41.5,15.0,11818916811.0,11818916811.0,stripped_health_data_20232024_1711650317.fit,True,0,0,False,20232024,1,a11056817422,i`y}Hk~`i@EyIIPEz@b@b@|@N^UdPpBJFNx@Zd@pH|Af@CDWAo@JK^DtAdA@z@Q|BBt@j@zCjAhEr@vDjC|TP~BDnDJfBl@pDZt@?LmChIuBnHuAnFFdAHZnDrEtApAFVwCp^GpBXXt@_@j@@vOlAlFdA`AChAjK@tAEn@o@fC?NRr@kC~IwAxDkBtDk@|@gBtB_CdEqBtC}AbDcAtCwCjGaAfCk@`AyAbAg@p@e@lAc@xB[|@cAv@_@d@_AvCw@fBaHjLy@xBeFnJe@j@qBrD_A|@cL~ScD|GAb@Xx@Ad@{AzCgBdCo@lAYtAs_AjeB{@nByHpNkL~TwDjGaFpJqBtGGdBc@|E_@|AoBbGYnD_DxJ_AbHaBfFcCxL}@pDk@Z?fAs@xB_CjJs@d@m@bBgCrE_AxAESq@iAYY[GSPO^SxCKXyBUUFOXuA`GwKvKyAl@Uf@Hl@E^}CxCDXl@Sp@Zr@_@h@GP|BJjD^tZUjIQzDy@nKKjAKV[FyAs@cAw@q@w@oEqHwC{FyLkTa@n@G?[s@]l@eJtL}D|Eg@\y@xAkEtEeChBoDrEg@TS`@ANLj@Qr@}@nAi@f@{HbL}AhAiHjC`AfDTnAz@hLTzD?v@MbA[v@gGhG}DxDoCxCiAlBu@l@m@AQZGb@U`@Mz@sH`HmAzA{HvHaAr@y@hAiMdMiAz@k@]SBk@pAq@x@{@rBmBfBiO~OSH_@Ge@iA_@DQ\E`@qBjBZpBE?ESGXJG@WCDPk@b@UhAmA^INq@j@JXIlR}RfA{Bt@iAb@_ANCp@XTEvLyLfCwCv@g@pKuKf@[tFsFV[PeA\a@Jg@l@@vBwCnG_HbI_IP_@d@Z\Ijf@mf@B[kB{CS{BDo@fGaLL{B|HoQ`A_DT{Ad@kBVmCb@q@?Sq@qC?w@c@q@m@sBOo@D[hCkDfBgDvB{FhDuKvAyClAkBb@_@rFyAlBClB_AnAqAbBG^WfAwDrAaHpAoFz@_Dt@gBhFsQzAiGj@_BtKeU|AuDnJwSvAqCf@Q\u@RoApDmIbGsMn@}@~@oB`D_Ip[cr@tGaO~A_DhAuChOe\rB}ElDiKvCaKpD{MdAeFrKkb@z@{CfBgElMke@xAyEbD{MnCcJhAuErDsMbBgHhDkMdIyYxByGrIc[j@yALeBo@eBQiAMeBMoGgBiNYcDy@yEcBgH,2,60.5,,,False,333.2,Diego Galdino
2,Afternoon Run,6287.7,2154,2165,13.2,Run,Run,,Apple Watch Series 8,11055594353,2024-03-27T16:34:50Z,2024-03-27T17:34:50Z,(GMT+01:00) Europe/Amsterdam,3600.0,,,,0,3,0,2,0,False,False,False,False,everyone,False,g13944456,"[52.23, 6.89]","[52.23, 6.89]",2.919,4.957,,,False,,,False,False,54.3,41.0,11817650301.0,11817650301.0,stripped_health_data_20232024_1711637967.fit,True,0,0,False,20232024,1,a11055594353,mex}Hkmai@WW]S[W[a@u@s@UIMMoA}Am@_@c@c@]S{@eAe@We@i@]Ye@c@QM[]_Ai@][[Qi@m@y@s@w@c@a@i@aA_Ak@o@OGw@w@OIUQQWYS[[uBkBg@k@?{@GIe@Fm@I_@?IAe@[w@KYMGQC[oBcBeAeAq@}@s@a@IKm@]MOOIq@}@oAcA]]m@]S[m@k@KOeAy@q@{@SIc@[cA_As@c@y@y@c@]Y_@OKk@i@c@[k@m@]Yc@Wi@k@U]{@g@SU]QSUWQg@i@KG]_@k@_@]_@k@g@OIKO_Au@[]c@OUQm@o@YSU[c@YWg@YM]Ea@]e@UYGMKIAGEOUGGIYAW\}@l@o@bA_@lBcBT[b@]p@qANc@DYJSHg@t@}BTmAJWBO\{@BWRw@Lo@JULu@HQ|@U\?PI\?VMJ@X?LCP@\GLBXCZBPC^Kj@@XIJ@h@EF@`@Id@@HBLJJAND^ARBXEh@Jh@AVCJEPAVEb@AFEZGP?FBNCX@XHV@J?b@Kt@F\PLJZJNNDHf@^h@l@HDRXFPh@~Ab@dALd@`@z@b@n@`@bA^p@|@dAh@bAXb@V`AVb@N`@RVHD`@j@l@tARTp@lAh@p@ZRVXf@|@VVf@t@jBlDLNR^f@n@f@hAbCbER^Xp@hAnBZ`@pArAP`@d@j@^v@TTNFp@bARt@Vb@FXXh@VLLNBHf@f@`@n@h@j@PVh@~@TTLV`@d@j@f@TXPJ`@d@`@n@HRnApA\LP@VHX?PHH@N@d@I\HHCFHPp@Dt@?j@Dl@A^L|A@vBF`AANDbA@dADpAAbAWlBO~BIv@,2,,,,,,Diego Galdino
2,Evening Run,5003.1,1747,1747,0.0,Run,Run,,Garmin Forerunner 645 Music,11001979686,2024-03-20T17:00:07Z,2024-03-20T18:00:07Z,(GMT+01:00) Africa/Algiers,3600.0,,,,0,4,0,1,0,True,False,False,False,everyone,False,g13944456,[],[],2.864,3.055,81.6,19.0,True,154.4,179.0,False,True,737.4,716.0,11761899330.0,11761899330.0,garmin_ping_328200150427,False,0,0,False,20232024,1,a11001979686,,2,,,,,,Diego Galdino
2,Morning Weight Training,0.0,4440,4440,0.0,WeightTraining,WeightTraining,30.0,Garmin Forerunner 645 Music,10908642093,2024-03-07T09:50:27Z,2024-03-07T10:50:27Z,(GMT+01:00) Africa/Algiers,3600.0,,,,0,1,0,1,0,True,False,False,False,everyone,False,,[],[],0.0,0.0,,24.0,True,96.3,150.0,False,True,0.0,0.0,11664717598.0,11664717598.0,garmin_ping_325332290888,False,0,0,False,20232024,1,a10908642093,,2,,,,,,Diego Galdino
2,Afternoon Ride,20190.5,3469,3615,52.4,Ride,Ride,10.0,Garmin Forerunner 645 Music,10904049648,2024-03-06T16:23:53Z,2024-03-06T17:23:53Z,(GMT+01:00) Europe/Amsterdam,3600.0,,,,3,1,0,2,0,False,False,False,False,everyone,False,b12624990,"[52.23, 6.88]","[52.23, 6.89]",5.82,8.536,,21.0,True,135.2,166.0,False,True,62.6,33.2,11659895084.0,11659895084.0,garmin_ping_325186287815,False,1,0,False,20232024,1,a10904049648,qrw}H}`_i@d@g@Nz@VhAXz@jBjDtAzC\ZTHhBJfJjA~AAdELn@EP@PLPzEv@~JJzCBJ`Av@|AbBTNdBXjBMl@PlAn@P@b@Sz@g@tAyBx@{Ah@_Bj@oF^cBh@}@`@[l@Ud@?VDdClAtAj@zAPjA@hAKdBk@j@g@d@k@tAaCnAuCVaARkAJ}Ax@yP|@_QJ}DLcCHmAFa@ZiELUFArA@rBUh@Cp@@EIiAHuDd@[ACEAQNaBAyAB{@|@cIPiBB_@AIB?BYBw@Au@IqDBs@BGBFMBBEDBBy@AoAKyAYiCUwAaCuLs@uE[yA_@sAk@_BkCmE{@aC_@}A[iCS{CKaD@uDCq@SwBa@mBs@oBw@qAiAgAqB}@uD{@oCkA}@k@mAgAQWK]o@aEwAaHaAuCgAkCoAaCg@mAk@gCWqBEcACeBFeCNqBL{Dh@{IHsDd@}LBcBLkAFY@DFiAASB?u@KW`@E@g@@i@R}@Gs@Yy@e@wAg@}CeBgDqAsAo@_DeAoDs@}AGyAUkBM[@e@N_BpBwAdAiAfAaExCWFCIEq@KmBYgBoAiGeBsG[oB}@eEYcA_AyEUeB[_BOsAgAkEiCsLYeBi@_Ca@gCO}Ag@aCo@uEUkA}@yDU_CsAkGgDaSe@iBa@kDYaAk@o@O[]qAOmAMyEEa@{@pA[VmARsD^s@PQPqBtDiFfJ{EbI{FbK{BlD]v@qF|TyD|Qw@dDw@jCo@bDgAfE{A|Gk@rBcBpH]jA_@`@cCbAm@\o@v@k@`@_Ad@c@BuAQ[@OLEJCLA^FnAbAdLJrBPjCFvAHhKJ|EWhDSnBg@vHSzBG`AAdAj@~LAPHp@PtDVtHAjEKXW^e@dAw@xCKV_CfCi@r@cBbBo@`AS`AQdCe@~Bm@lA_DnE_ArBg@zBM`AIdA]nJIhAe@dCk@|AmEvGoAdCcJbT{@`CUdAQjAi@vFe@pDAz@FfBF|CAhAMpBK^eAfCs@|AUp@qA~Em@rCu@|CiCvIqDjNYhAOxBBh@Jd@H?`CuAbGoCb@Op@Ap@F~Bh@lMjCtI~AbBh@hATbAn@z@NjAHxCf@~C]bDoAhB}@nE}AxMwFhFiC|GgC~FmCdJyD`LiCjDk@G@@DfDu@~GmCnC_AXEx@[j@c@rAwAr@k@nIcGnAgAjAiAp@Y@G?HTUFS?k@OsB]}CSgDD]PCnAX,2,62.2,,,False,215.8,Diego Galdino
2,Lunch Weight Training,0.0,4029,4029,0.0,WeightTraining,WeightTraining,30.0,Garmin Forerunner 645 Music,10901958362,2024-03-06T10:16:36Z,2024-03-06T11:16:36Z,(GMT+01:00) Africa/Algiers,3600.0,,,,0,0,0,1,0,True,False,False,False,everyone,False,,[],[],0.0,0.0,,25.0,True,82.9,148.0,False,True,0.0,0.0,11657699666.0,11657699666.0,garmin_ping_325137323780,False,0,0,False,20232024,1,a10901958362,,2,,,,,,Diego Galdino
2,Lunch Weight Training,0.0,3814,3814,0.0,WeightTraining,WeightTraining,30.0,Garmin Forerunner 645 Music,10901955185,2024-03-05T10:39:42Z,2024-03-05T11:39:42Z,(GMT+01:00) Africa/Algiers,3600.0,,,,0,0,0,1,0,True,False,False,False,everyone,False,,[],[],0.0,0.0,,26.0,True,78.0,103.0,False,True,0.0,0.0,11657696406.0,11657696406.0,garmin_ping_325137229280,False,0,0,False,20232024,1,a10901955185,,2,,,,,,Diego Galdino
2,Lunch Weight Training,0.0,4195,4195,0.0,WeightTraining,WeightTraining,30.0,Garmin Forerunner 645 Music,10901949390,2024-03-04T10:19:00Z,2024-03-04T11:19:00Z,(GMT+01:00) Africa/Algiers,3600.0,,,,0,0,0,1,0,True,False,False,False,everyone,False,,[],[],0.0,0.0,,25.0,True,72.7,101.0,False,True,0.0,0.0,11657690307.0,11657690307.0,garmin_ping_325137147134,False,0,0,False,20232024,1,a10901949390,,2,,,,,,Diego Galdino
2,Morning Ride,31821.1,6318,7814,55.1,Ride,Ride,10.0,Garmin Forerunner 645 Music,10880343763,2024-03-03T09:09:48Z,2024-03-03T10:09:48Z,(GMT+01:00) Europe/Amsterdam,3600.0,,,,1,6,0,4,0,False,False,False,False,everyone,False,b12624990,"[52.23, 6.88]","[52.23, 6.88]",5.037,11.278,,19.0,True,125.1,153.0,False,True,45.9,20.3,11629358365.0,11629358365.0,garmin_ping_324526409244,False,1,0,False,20232024,1,a10880343763,arw}Hmj_i@}@_EUa@aHqKsEkGqCaF[QkB`AaL|IoGdEmJ|DkWjFwIvCiCpAQYQoAk[iLwJeEiFoCeCSmEsDeD{BmB[uABeBa@kAw@cBoBkLkYm@mAe@]sOyF{IyCcGsDaDeAq]qQaC{A_H{CqBaBqEwByIwEwEsCqGoC_D]yKSI}GKkBgAsFsBgN{CkMUSgDz@cLpD}AfAoDrKeFxMkK`[iGhPUDGQuDgOmAgDyAuCcCeDqHiH_DgEoB|De@YgBeDWNgFdJ{@~@sAhC[TuDjGYv@oAbA{D~FaApBMlBUjALhAbAhDEz@Q@aBuEYSYu@i@wB[uCcGsTWXQhE]Ld@?^iFLNxApG|BdID^e@|@LjAxC~KtDlKPbDNbAlB~E~A|Ir@jBMz@eCdHiBhEa@e@_@gCSYwAHe@YoC_E[qAeBp@IKL@e@\G`@pCtSc@xAGx@NxGG~FJpARt@b@\b@BZSz@gCd@Wr@ArDcCdA`AfAZnA~CpAxG?^Mf@eBvBqDtB}ApAIj@@|BZ`EPt@h@YJVpGf]z@rFrFlItBvDr@v@h@JNd@F~@MnBAzKUnHo@bGgAhHaDbPsBhMOfNm@zHkD`L{@rFeAfD}@bSDtO_@tHPfANfEo@nQXh@|@p@n@bAj@fD[sCl@JNM}@NZrBj@fAhCwB\k@JmENa@`Ea@rCnAf@gCh@}@pIyIfAyArAeD~BiNnBsD~E{CzEyDpLmL`CuBpHiHfKaJPRhCnKxA|ElCbLMv@wB`Da@V]zAuCzFa@Qo@kAoDcCwCyBmD{C_KaFe@m@[HiAgATNj@n@Oj@FVZSzQeQhDgCxD_Ef@BvB`JzC`KrAjHAtAz@VPh@Si@TWPiA`@[JJClAHfAhEpPtCfKdDi@xGa@PXp@dFl@dCAgAk@sDGeANe@lBaARZpAxJPf@b@V^Q\eAOmD~@qA`@QzWrWrGfGlAx@Vc@nH{TtGeKhDwE|@]pC_@zDbApBF\[rAsE|@eE~@yBfB{CrMiRvDgFXmCT_GX{AxDyDrDoE|FaFxNkJjFwCtFiNhGmQ`BsIl@yBnFt@fE@bCe@|Aw@v@oA|EuM`DoGhGiNL\YlKbA~GNNnAHfDObA`AjCiFnAiBxCCtIjAdCMFm@AuAc@qD@nA@eBn@cBfAIl@{@l@kDz@eCVuBAeDLa@`A{AdBkIrDcLPK|Av@lBHp@wGlBwDnFz@v@TNZTMVaA`@e@bAt@r@F^Cv@g@hAjA,2,47.0,,,False,297.1,Diego Galdino
2,Bike indoor (Zwift),34200.0,3780,3780,0.0,Ride,Ride,12.0,,10558665695,2024-01-14T16:00:33Z,2024-01-14T17:00:33Z,(GMT+01:00) Europe/Amsterdam,3600.0,,,,0,4,0,1,0,False,False,True,False,everyone,False,,[],[],9.048,0.0,,,False,,,False,False,,,,,,False,0,1,False,20232024,1,a10558665695,,2,,,,,,Diego Galdino
2,Bike indoor (Zwift),23800.0,2866,2866,0.0,Ride,Ride,10.0,,10532005356,2024-01-10T16:19:26Z,2024-01-10T17:19:26Z,(GMT+01:00) Europe/Amsterdam,3600.0,,,,0,2,0,1,0,False,False,True,False,everyone,False,,[],[],8.304,0.0,,,False,,,False,False,,,,,,False,0,1,False,20232024,1,a10532005356,,2,,,,,,Diego Galdino
2,Bike indoor (Zwift),22900.0,2623,2623,0.0,Ride,Ride,12.0,,10519098479,2024-01-08T17:02:07Z,2024-01-08T18:02:07Z,(GMT+01:00) Europe/Amsterdam,3600.0,,,,0,2,0,1,0,False,False,True,False,everyone,False,,[],[],8.73,0.0,,,False,,,False,False,,,,,,False,0,1,False,20232024,1,a10519098479,,2,,,,,,Diego Galdino
2,Bike indoor (Zwift),19700.0,2477,2477,0.0,Ride,Ride,12.0,,10502919663,2024-01-06T07:57:22Z,2024-01-06T08:57:22Z,(GMT+01:00) Europe/Amsterdam,3600.0,,,,0,3,0,1,0,False,False,True,False,everyone,False,,[],[],7.953,0.0,,,False,,,False,False,,,,,,False,0,1,False,20232024,1,a10502919663,,2,,,,,,Diego Galdino
2,Bike indoor (Zwift),27800.0,3780,3780,0.0,Ride,Ride,12.0,,10490470127,2024-01-04T06:45:53Z,2024-01-04T07:45:53Z,(GMT+01:00) Europe/Amsterdam,3600.0,,,,0,1,0,1,0,False,False,True,False,everyone,False,,[],[],7.354,0.0,,,False,,,False,False,,,,,,False,0,1,False,20232024,1,a10490470127,,2,,,,,,Diego Galdino
2,Pedal indoor (Zwift),23100.0,2921,2921,0.0,Ride,Ride,12.0,,10478376215,2024-01-02T06:30:24Z,2024-01-02T07:30:24Z,(GMT+01:00) Europe/Amsterdam,3600.0,,,,0,4,0,1,0,False,False,True,False,everyone,False,,[],[],7.908,0.0,,,False,,,False,False,,,,,,False,0,1,False,20232024,1,a10478376215,,2,,,,,,Diego Galdino
2,Morning Ride,59857.0,12448,14358,57.0,Ride,Ride,10.0,Garmin Forerunner 645 Music,10164756161,2023-11-05T09:06:36Z,2023-11-05T10:06:36Z,(GMT+01:00) Europe/Amsterdam,3600.0,,,,4,7,0,5,0,False,False,False,False,everyone,False,b12624990,"[52.23, 6.88]","[52.23, 6.89]",4.809,9.391,,16.0,True,126.1,156.0,False,True,112.0,72.0,10887312506.0,10887312506.0,garmin_ping_303234194529,False,2,5,False,20232024,1,a10164756161,wlw}Ha|~h@So@w@fEqF~PsH|YcFbOkKzb@wGlS[vB{BvCu@jE_Sho@eP`p@mFxWcCzImLrYg~@fqB_KtSq@h@m@hCeG`OoSrc@cFfP_Njj@y@~GbEnJbBbIlOvDZnGpClEb@tAu@tNn@bEhAhEzChGbC~B~AtCLxB|Ab@nDnDlc@tj@jQxPXu@hGhAhPsBbET`SpHbA~AvH~EdDfA[bCrAv@Eh@yA`@wApCqAhAgFNgCdJwCrFDnAGs@He@zCeF`CmI~Fu@nDeFjMXbB~@vA_A|EvApCvChd@zs@bGpGvLbI|ClDrCp@dLpI`BXfEdCfHxEb@jAdB@~E~Bt@`@l@dB~@OrDxA~KvGvI`LrBjDxF~NlArGnElIrIdJdDdA|B?xFeDpXo\pCmCbCkAvCInOdBxg@yJnRgCz[{Hba@cEpBt@tBaBdKaAzBVhDvBXm@MgAmAL}BkAQi@VoLg@hJTxA|BuBd@\n@xCfB_@hJtBf@bDvDa@|Bu]pBuKbCmIbCwE|HeGTA|FjJh@~ANtCuCu@LW@Z_@A^HG]S`@Pg@`CvAKjBeBdCnDpIbEf@`JbG]_ADmDvAcFtHtCb@x@\pIz@pBEvEPj@jIdBjEEf@oDa@qJfDmBjLoCb@LnRl`@`Urg@xPjMrAEvA}An@FiA^GrBHUUDS{@r@iAbGxA`Cc@vNbA`\cXfEu^|Bw[rA}KkHscASy@oAeAfJmC`A_AAeOnD}BlCgKy@qHdAgLYgCiA_C|BgMsAeJX{CKuE\aCf@{@EqC`AsA~CcMc@gBXoBpEaL~AeALyAGaAw@_BF_Do@uBBaEUcBf@cF?yDf@sE|@yCkTkWfFmQf@oNnYmGXw@LkE_@wHCwd@f@uk@ByNe@}j@sn@ePxHsx@{FaCtC{\Gm@{A?mDiZkXeGmBsA{KnAzBqz@w@{F~E_OnBuBzBkFvIyIhAoCdDyNQk\uN{GyHi@yArAeA?n@M}Yvn@a@fF_Ab_@uG`V}Gdp@cl@fDeb@dx@jAzTeBw@_b@tl@{SpJm_Bhn@{CiGcFsDeLo]qBaEsKuL{f@eDu@]kBgDsEmDuL`\oCtEgCkCgBiAcX_L}MeHsIsQ_CaI]iG|@{d@m@ek@]ee@LiIwBgXaHmh@eDkIkEyR{DaMmIiQgA{CiKcd@JcBU{AcAH{BiAmDuDoN{JyAcBcR~DY]iAwJgCr@CpBmLvBsOkDaAj@aRgQUDTvCUZcMsCq@vLQ^uAm@@oAWG,2,48.2,,,False,600.1,Diego Galdino
2,Van Oers Marathon,42381.5,12821,12821,72.0,Run,Run,1.0,Garmin Forerunner 645 Music,10125188431,2023-10-29T09:45:24Z,2023-10-29T10:45:24Z,(GMT+01:00) Europe/Amsterdam,3600.0,,,,15,7,3,5,0,False,False,False,False,everyone,False,g13944456,"[51.57, 4.64]","[51.57, 4.63]",3.306,4.871,85.8,18.0,True,160.8,179.0,False,True,10.6,-9.4,10845771890.0,10845771890.0,garmin_ping_302034629020,False,6,2,False,20232024,1,a10125188431,{gwyHoyh[vAxIbA|A`F|@bDGlB_ArBwBr@uAfBqEzFiL|C_JtDaH`@oCYmFGwHi@mHH_ERaE|DyXJyB|IBhCg@vC}Ab@@bAhAhEnJvBKlAj@lFpDxDzDbBeBtBmA|P{ARLHf@VpHR~@rMOrDxFd@LnAIdRoHHg@WaCk@yBe@_GE}CH]rBoBz@_CXkHEqGZoLe@sCIqHF{IK_JVsFB_F_@_D@kAg@wBo@q@qB_ARcBv@w@nAQ|BTdAp@|AP`QdGbBrBlCfF`BfBzDxBhG|EvNpNrGdDpFbEpB|BhM`KrJpGnEh@l^XzD}AhMiCpKkENRThXIzMh@xI}@fGkA|DMfCRxIGhCxAxIHpAMn@uCxBiAfBgGzGiG`NoBfCwFnC{KfHcI~CeFrC}JrJaHjImBfBK`@rAjP~A`HfO|RC`@cIzFgIvBkCpAxE~LHvCQ`CBbDHvAn@fCnBxDfElF|A`DfDjJxArCG`@kBbDwDdFuD|GWEuAeDeH}ReCkIyAoF_AwFuA{F_GmU@a@r@g@hKmDnAq@Pe@wDsR_EwOSaBHiCUcC_DiJmC{KcBsOg@aBoEd@oHpEeFdKwKbJyDdGiC~CC`@zEvVzAfL[dA_ElEwB~As]hK_@j@_@bBg@h@sIdEwAgAgLaPmRcWNgDY_FAyJm@mSaA{LvCoF~E_GfKwOfBuBv@qABg@sCyCsG}EqBwCk@uCcCoGw@qAwDcKq@oCiCoGaDmGcE_MuC{FGk@t@g@~B~@dD|BpF`FrD_DjHcAjHa@fA`LjMIfCfDnArB|TyIIeD}@sEa@qGJ{@rBmB~@wB`@yQDuFi@gPAoVFcC`@yDBcFWaDo@iCkAeAgAOO}@d@yAtAu@lCRtF`B|C~AbIpCv@r@jD|FlExDlEnC`S`Q|SbPxK~H~EbFfDpBvc@dAnO_DjQoGNhATb`@M|Fl@jFkA|IeA`FGpAPxMpA|JaBjDoKtLsFjLeBfCgR~KiJnDoJdGcA`Ay@vAwCnBqJrLbAhOnAxHz@`BjCnCfIlLuAjByEpDoGhAeEdBa@Gu@cEuBcJmEsPUsB?gD]yBY]sGhBsDbBcZdImIzD_@b@@b@bBvLc@zAiEnFkCfB{[pJYP{@|Bg@f@cJrEwB{DyDqFoB_BiCaEmFyGqGkJ_@mAU{DJoJQ{NwA}VhBqCXm@Aa@w@\uCtCeAzAmBdEmB`Bs@RMSsF_V{@cFoD_H_BqBa@yA{B}EyCkFkEyJcGkJ}AdBwAlDeCrE{DzKoE`J]lAoE`Ho@j@mGpB}COgAq@{ANmFnC,2,,,,,,Diego Galdino
2,Evening Run,6802.2,2199,2205,4.0,Run,Run,,Garmin Forerunner 645 Music,10109047500,2023-10-26T16:43:03Z,2023-10-26T18:43:03Z,(GMT+01:00) Europe/Amsterdam,7200.0,,,,0,3,0,1,0,False,False,False,False,everyone,False,g13944456,"[52.23, 6.89]","[52.23, 6.89]",3.093,4.038,82.6,16.0,True,149.9,162.0,False,True,51.4,41.6,10828864691.0,10828864691.0,garmin_ping_301555756402,False,0,0,False,20232024,1,a10109047500,ayw}Hqp`i@ZtAd@rAVl@j@xB|@xGl@tC^lCP~@N`ALhB@tCFhAALKBECqB}AGiBMy@k@gA[[c@Ug@Oa@Aa@H[RS^E`@Ah@Fv@Lv@Pj@h@f@\Tj@N\DVGTKR]Jq@?_AMw@GUc@cAYc@i@Oi@Ai@D_@LWd@Ed@Ax@H~@Nl@Th@^d@f@Rd@Hj@?b@IX_@J_A?]C]My@GYUq@]m@WCe@Qi@CQ?e@HIFYb@Gj@?fADh@Pr@Xn@\b@^\l@NZ?d@S^_@H_@D}@AaAIu@K_@W_@m@k@e@Yk@M[@YH]ZKf@Cj@DpAJ|@Tn@Vb@b@`@b@Lf@FXE^YJQFUNyAEqASo@Yq@q@s@[MWEe@AKBUHIH[`@Gl@FpAJ|@Hf@`@`A\ZXHb@HJ?h@EZOFGVm@F}@A]Q}@Mk@Ue@[k@_@_@YIi@@c@Hg@`@Qt@?t@JhARx@R^d@j@b@Xj@L\D^OZa@Nk@Fs@?w@Ky@s@oAUYs@a@[CY?WDKDYVOZEbABz@Lv@Rr@Td@XTr@\b@Hb@I`@UVk@Fk@Aq@I_AKg@Wk@_@k@[Sg@Qk@@a@FOHMPSh@Ap@DlALz@HT`@r@d@Zh@Rb@H\Id@c@Tu@?y@EcAKg@]{@Wa@a@[c@Gc@@g@F[TOl@Cp@D~@Hx@Nl@P`@^\f@ZfAB`@MX]Lm@D}AEk@Os@MWgAkAc@Qk@Co@L]d@K^A~@HbAR|@Zl@fAr@ZN\Cd@Qd@m@Li@@}@G}@Wq@_@k@_@_@c@U_@Gs@HOF_@^If@A`ADr@Nz@Vp@\b@d@\`@Jn@ARELKXa@Fs@?}@AQM}@Uu@We@[_@_@QOEU?q@B_@TO`@Eh@@|@Hl@TnA^dANJPBd@Jj@H^Cj@a@h@^XXb@XF@@EK{A?{@MaC?_@_@kCMm@a@iDm@{CE}@?u@@[A]cAkFQu@u@cC,2,,,,,,Diego Galdino
2,Afternoon Run,8005.8,2411,2452,27.0,Run,Run,,Garmin Forerunner 645 Music,10096706446,2023-10-24T15:11:15Z,2023-10-24T17:11:15Z,(GMT+01:00) Europe/Amsterdam,7200.0,,,,2,5,0,1,0,False,False,False,False,everyone,False,g13944456,"[52.23, 6.89]","[52.23, 6.89]",3.321,4.817,83.0,18.0,True,155.7,169.0,False,True,55.6,31.0,10816050550.0,10816050550.0,garmin_ping_301191014410,False,0,0,False,20232024,1,a10096706446,}ex}Hqlai@gAcA{@aAcAu@mA_B}BcBY]eAs@_@_@_@W_ByA]i@MK{AkAs@w@sAeAs@u@i@_@_A{@cAu@cB}AeBgBWa@@a@KW{@QcAc@uAYc@QCe@QW[Ya@Uc@QQQ[g@a@c@a@_@w@k@_EqDuBwAiAmA_BqAa@_@e@YgAy@oAsAcDwC}AcBcB{A_AiAc@YaAm@u@y@_@WwBcB_Aw@uAoAmB{Ae@a@iAi@cAY]QUOY_@GY?UL_@\o@Ba@C_EKmBEaD@qCC}@B_@JKF?c@kAKu@UqEK{C?cABsALoBPiBVkBf@mHVsBMwE@}@CiD?_BG}BWmBG_@G{ASaASyCImCO_DDi@BE\QfBX\CxA{@`@[j@w@JIZST?Hl@BrCDbAJbATbAh@fDr@|BXf@l@`Br@zAf@`AzB~Dp@rAZh@rAhCt@fAb@dApBpDpA`BXZl@f@bBlBjCnCf@n@n@l@p@|@\h@R`@dAnCH`@LlAbBlB`@h@\t@z@zCh@vALj@Vh@vAbCfCxDpAdCzAhChBhC~@jBX`@R^Dd@Pd@fCdEtCjEp@fA^p@|@lBA?DBP`@d@r@jAnA~AlCb@h@`A`B\t@r@pAx@fAtArBvAjBhCbDpAzAhAjAn@P`@Cb@Bb@Af@IJFN|@LbBR~CJpCAlCBnCCv@UzAI|@EjA,2,,,,,,Diego Galdino
2,Morning Ride,41752.5,8250,9149,70.0,Ride,Ride,10.0,Garmin Forerunner 645 Music,10083359415,2023-10-22T08:12:52Z,2023-10-22T10:12:52Z,(GMT+01:00) Europe/Amsterdam,7200.0,,,,16,5,0,4,0,False,False,False,False,everyone,False,b12624990,"[52.23, 6.88]","[52.22, 6.89]",5.061,8.093,,18.0,True,133.3,168.0,False,True,34.6,-26.0,10802119738.0,10802119738.0,garmin_ping_300814530666,False,11,0,False,20232024,1,a10083359415,clw}Hc`_i@@^i@d@_@aAa@eIWyCoB{KgAwIkCkLXmF`AeHd@sJlAiKWgKq@iLyDCwAi@wH}IcEcHyAgByDiGeBaEuA_BwV{a@kG_KyD_KgCmCS}BaAaDi@}@gOePyLyTYDc@~BSVeJ|GqBzFK?wCfKm@hJj@lMcG|AyBFuDu@mk@qYeP{LyBiCIaAa@Ug@RmBk@q_@gOcTgMsEqBqYgCgHiAeV]kF[qBk@_EFwd@oAi@f@cAjDCrJ]xFcAbDqAdBkEhAg_@`C_Ep@mD@iQ~J_AVqGtJa@McBgD}BfBiJfEuDnEq@\oFZsAfSuC`Oa@pDy@bD{Gn[Lr@dHrFFb@I|@cOnp@o@nBg@pC_AdByC`OGjAcDlNy@vNsDfd@UxEiHf`AaDte@uDpc@aAdEVnEwBn[yCjb@sCd^F|D`CnIxAnu@n@lQxAdM|A`Xh@rEsIrMgBdDsE`CkFUm@zG}@t@y@Hs@t@a@nHaAf@gFH[VQjBWh@u@\_A`DO|GmEfDu@li@d@bMj@~EzAbEv@tE|@hU`AjGXRdC[LWQHP?HTCOwCp@TbJC|F|CjElBnDbAdAjIhGpJnJzOvMnG|GxAnCrBtNn@dIXt@fCF~CnBxGhFZhAtDvDrCrAn@dAdArDtBbFhBbDn@PlCSdAf@Nx@B`Gl@rEh@~AhDTjCrB~@Tv@aDJHGbDxCp@xCzCdBr@|@QtBgBzGeAhAkEz@iBdATRQjB}Cl@eBpCsBxFcBYcFhDaAzDu@PJBnENZlHwAn@g@vNiEl@M\TjDeBn@i@t@_BxEqEfFgEfEkBfQwPpFuGb@kDxAaBPH\~@TQlSmSRg@V~@t@PnBuDrI{H|CqAhF[|Dw@tCsBtI}In@l@p@`D`CaD|BkBrE}An@iA~KmDpE}DRi@]_Ft@wDEoAMSLHZc@U@?g@^a@jA_DRs@^kEr@eBtAh@hCl@lA|@t@pAx@f@fB\NSb@sDvDQn@k@|BqE~@aA`EyN?{@^[d@qAvAcIxDkN|@mGxCsJZ_EdBiFj@oCb@uGrBuGr[il@jK{ShLeSvn@ekAt@_CnBwCzBuEJo@GcBlBkEtKeS|BwCfIeOjBgEtEmHbBcDrAkE~AwA~AcGhDmDdKyUtFeJbBmBfCsEtCaIlAmEHu@Um@t@mDCeBkAkKrAs@lCEvBb@jBc@\Mc@cLYaLJiKb@oAk@_Dw@oKQkH_@oDCoBNwGs@iKm@gQy@oFgA_PB}Cw@wH,2,51.3,,,False,423.0,Diego Galdino
2,Morning Run,12542.2,3789,3789,27.0,Run,Run,,Garmin Forerunner 645 Music,10075794162,2023-10-21T06:14:04Z,2023-10-21T08:14:04Z,(GMT+01:00) Europe/Amsterdam,7200.0,,,,4,3,0,1,0,False,False,False,False,everyone,False,g13944456,"[52.23, 6.89]","[52.23, 6.89]",3.31,5.993,87.5,17.0,True,156.9,171.0,False,True,64.8,41.0,10794242502.0,10794242502.0,garmin_ping_300621721420,False,1,0,False,20232024,1,a10075794162,qax}Hyq`i@g@^iAn@u@La@NWDQ^cAVq@j@cAhAi@f@m@Rc@Xe@b@}CpDa@Z_@P[LQ?MF]T]d@m@BUHsAt@iAXCBy@ViAVK?[Ng@H}@hAqBXwCRg@La@Ac@DYF]Ny@n@c@H{AJo@LUTODiAJ{@b@qAVK@uBl@YJu@h@e@V_@F[Wi@W{CiAiAq@mDsAeA[}@O_@Og@YeAi@c@MiAg@gBk@oBcAsAk@OCyCkAgD_B}@S}@e@eABc@MWa@]YYOa@YeCsBc@c@YUu@]SQo@Ok@GaB@c@GqAa@k@w@q@e@a@Ik@J{@Va@ZoBhAg@`@YHkAFe@GiAo@}@u@GUE]MwCMcBA}BNsE^oCLcBTaAJo@F{@OYiA[w@KwBs@{Ao@m@OiB{@e@IsC{@e@YkAa@{@_@}@m@iAi@}@i@i@q@EMEu@PaBVaBAcCLaM?cGDgGAcIBiAH{BC}GEoBDOFg@NsCDkHF_E@wCDoALe@T?d@LvD~A~A^fB|@d@ZzAZ~Ap@`@FlBn@XLHMn@uCb@}AdA}FXg@FYMaAS}@QgB_@cC_@iEs@aEGcAAQB_AIe@@YGm@?_A^mDJUd@EhBCf@HvADpAL|Dh@d@G`Bq@bGeDdCmAhEq@h@ChDc@`CQPH~@nGZ|CNv@BEH}@HeCXkD@y@H{@PMNA\Mj@]x@s@BB?XUt@SfAOn@KPYdAWfAu@nC]|As@vEExA@dBf@bNJz@\|IDz@CfGe@`AEV@L\d@nBhAbAb@R\hAr@rCjCx@~@pAbA^`@bAv@h@h@pAz@~AvAdAdAr@h@x@|@zChCjBtBnCrBfAl@b@\\b@B@Z\l@^d@b@^b@d@\vAzArBhB~@dA^Z`@N^V\^J^P\fDtApAPFn@V^`@TlA`AVRJNfAz@f@f@pAbAVXbAz@`AhA`@RRPt@f@h@p@^\rBvAf@h@h@^n@j@|@dAd@`@^TPHRVfAz@ZNVDR{Aj@S^G|@WFLR~@\fAZj@\`@h@^dA`@l@CVYTo@@{@Ce@Vy@Bq@Oq@W}@Ia@NOnAc@b@S|@d@JLBHGhCYrC,2,,,,,,Diego Galdino
2,Lunch Run,8448.6,2612,2618,24.0,Run,Run,,Garmin Forerunner 645 Music,10066189475,2023-10-19T10:02:33Z,2023-10-19T12:02:33Z,(GMT+01:00) Europe/Amsterdam,7200.0,,,,2,3,0,1,0,False,False,False,False,everyone,False,g13944456,"[52.23, 6.89]","[52.23, 6.89]",3.235,5.64,83.1,18.0,True,159.4,189.0,False,True,53.4,30.0,10784236120.0,10784236120.0,garmin_ping_300325033121,False,1,0,False,20232024,1,a10066189475,efx}H_kai@KI_A_Ae@cAk@q@k@a@SKKU?Gi@w@aA}@y@q@[GY[m@a@G@iAsAUGU]eA}@MGmA{@yBmAUUWYCWMQ?Ka@a@SI}@kAsAkAc@c@i@u@o@yAi@aACm@GUi@Og@CwBU]@c@IG_@S[q@k@QUsAqAuAiAuAwAiBwA{A{Au@g@aB{As@i@][a@i@g@e@_@U_AcA[Qw@w@{AeA]Su@_AA@LHAK?DDBa@c@wB}AeA_Ai@o@sBaBmBgBuB}Aw@}@a@]]e@qAy@Yc@c@Sw@Sa@QeAi@Ws@Fi@Vk@Bo@GaAKi@IwACgF@eAOaE@ONKHM?BAIOSIe@I{@YaFAiAIsA@{@TqDF}AH}@FuAHmAPsABqBT{B?{@IyE?cDB{BCqAKcAIwACeCKmBWsBe@kFDy@VQFAVHEGY?a@FIEEGFj@LYKMC@H@@BAN?EB@`ACl@Dd@@TEh@Wt@g@b@_@`@Ud@Q`@AFVBV?nAB~@HrAJt@h@nCN~@\vA`@dAjBhEpAvBl@z@b@z@`@j@r@rAbAxBp@hA`AnBz@zAz@tATZzAdBhChCxAlAVZx@jAhAdARZ\t@`AbDPbA@b@F`@Z\zApA`@n@r@hBd@dB\t@\fAfEjHv@v@Zp@Tl@h@dACAOS_@]Mg@S]KRGTINIAFA?QCA?ENR|ArC|AxBz@bBZZj@z@`AhA`CnDpA`ChBnCxAzChBxCnAlA~AdCb@x@|@lAf@`ArCzEfAxArAxA\l@\b@nBvBt@n@b@h@^Td@FjAFf@Eb@FFb@ZjEPzEN|HGjAm@rE,2,,,,,,Diego Galdino
2,Afternoon Weight Training,0.0,2570,2570,0.0,WeightTraining,WeightTraining,30.0,Garmin Forerunner 645 Music,10055055905,2023-10-17T13:14:58Z,2023-10-17T15:14:58Z,(GMT+02:00) Africa/Blantyre,7200.0,,,,0,2,0,1,0,True,False,False,False,everyone,False,,[],[],0.0,0.0,,23.0,True,80.5,119.0,False,True,0.0,0.0,10772693816.0,10772693816.0,garmin_ping_300016141002,False,0,0,False,20232024,1,a10055055905,,2,,,,,,Diego Galdino
2,Afternoon Run,8046.0,2650,2685,30.0,Run,Run,0.0,Garmin Forerunner 645 Music,10049864566,2023-10-16T15:49:48Z,2023-10-16T17:49:48Z,(GMT+01:00) Europe/Amsterdam,7200.0,,,,0,5,0,1,0,False,False,False,False,everyone,False,g13944456,"[52.23, 6.89]","[52.23, 6.89]",3.036,4.527,83.7,14.0,True,148.0,169.0,False,True,59.0,31.2,10767303253.0,10767303253.0,garmin_ping_299868672302,False,0,0,False,20232024,1,a10049864566,uex}Hulai@o@o@WOmAgA_@KYa@QM@A_@a@a@s@][MGi@m@iB{AUUc@i@uDkDYSg@e@wB{Aa@e@{@u@u@w@g@c@a@Qg@g@{@qAeAy@u@w@WOq@uA?KUE_ADgBe@WAQOGc@IQa@]e@q@o@o@kAeAkCoB}AyAqAeASOm@{@c@a@cAs@e@e@w@o@sB{As@{@a@a@eAq@YYc@Ya@]yA_BuAiB[e@]]wA]o@WkByAgBsBg@a@a@YkAiAo@c@IMYY_@WY]UOYKmAq@cAg@IGS_@E]DQZg@TWBoGEoBGeAAw@SsDDi@DKOa@Kc@AgBOsAMwACcAIaA?k@JqBBwAT}D?aAFeAl@gHJgB@}AAq@KmBBgAIyD@w@KeB[}Bg@sBG}@CgA?iDQqCBQFWTIhCP`@IbBeAr@s@h@Q^CBDFTBxBJvBNx@XpAVnBPt@f@bBh@lAl@lA`A`BjAbCv@zA~@pA^p@r@jBvAnCjAbBVj@`@r@hAtAdCpCb@n@zBzB`Av@`A`A\h@n@lA|@bDBPDt@Nl@b@^x@z@z@jAVh@dAfDXl@`@tABd@Hb@|BxDb@h@Vd@Tt@Zp@lBfD|BxDt@h@Zb@Tb@zC|EdCnEnB`DXn@l@dAHVC?DHz@rAv@r@\b@`C|Dz@lAvAfC`@j@rAtB`CrC~AdBdAzA~@~@p@l@`@Jb@BhBg@ZVXbBPlCJ|BDvDLdGCl@o@fG,2,,,,,,Diego Galdino
2,Morning Run,34981.6,11240,11552,70.0,Run,Run,3.0,Garmin Forerunner 645 Music,10035845403,2023-10-14T07:26:56Z,2023-10-14T09:26:56Z,(GMT+01:00) Europe/Amsterdam,7200.0,,,,8,6,0,1,0,False,False,False,False,everyone,False,g13944456,"[52.23, 6.89]","[52.23, 6.89]",3.112,5.087,86.3,17.0,True,157.6,189.0,False,True,47.2,14.4,10752659053.0,10752659053.0,garmin_ping_299490609543,False,4,0,False,20232024,1,a10035845403,wyw}Huo`i@jB`HtC|TRvDAhF`@rCv@jCOp@tFvG|LzApFFvCYTzGXxCl@n@h@hFl@~Aj@|@zAv@xCIjCd@x@]nAuAzAwCz@}GfAeDb@c@lAg@hAHnDrBpFXfEcCbC}EvAoIFyDP{AMe@TcAZuNt@{IXcNXaCOmEnB_HZyBLsCMi@CqF]kFiCwOX_BMgAmByHwCgEyAwEm@uE_@sGGsGe@iCuA}DaBoBgB}@yGqBqEeDyAwJwAaFmBcFmAqBo@gBo@sDSeFFmEhAkSN_K`@{GZoAP{D`@}KJmKb@aLn@mJViMBuGL[?}C^sL|@eSGsAb@sKCeD|@ePMeBFyCjAsW`@oTp@iIEPG}Od@mQIuAt@sRXoMK{@n@wLNiKQaDCaG_@oDZwGGyD|Aa_@Pe@\QFk@G[g@g@?q@^cHReMXwFd@kSj@aK^aVPuFt@oIPu@h@w@Fk@Ik@o@YO}AFsEV_I^{GHkIf@gITmIfAyMTy@GuC|AaNCULw@IcA\iFtCiLLiAd@y@\mBGg@eDmEeAiDo@iAqIgI_Bu@{HkGgB_AgBaCeC}BkAaCwAiDYkAyAcCkEiKaBcCoA_AwCmF_AHmCrAk@CgJzFsD`AwHlD[@qAuBYIcR]wDPwAf@oXjSkOxJwGhGiHrD_MvIkCbA}BrByXhRiCdCaAjCYhDHbH`@vNaBfPwAbFk@lDk@jJFdKc@nGmAX{EQyCb@{KHgGpBqDzBsFx@WxAaCvCwBrAWjAuApCaClByDr@gAnAUv@U@kAnC@h@Mh@qGhSaClFaBvEiAlFoB`Hy@zFsA`Es@l@BbFiB`J}CvJuAfDoHxNkApCiB~GkAdCeFvG{H`PuElMaI~Ss@tAa@|AaEhJgHdRaB|EC^jAnBrAdAXdAx@fA|AbDtAtAlBz@|BxENlAp@rDhCtFd@fCbBpEi@p@j@p@nC|Hz@lHR|G|@|J~@|CdArB|@r@rCfAzCn@RX}@nJ?jBe@pGeBnPGbEmAjLOjGyAhJU`Gc@pCmAdO|Cx@nE^|Al@fHlDhGhE~DxBtc@pQ|@GXTNdAlChCpFlE|I|FlDxAtEfDnG`C~LxGfJ|D|FS~Bk@x@g@k@kNHwBn@sFpBaGVcBfBqFxHcGlAe@v@kCNMrDvFpAxCpEbI|KzKtBbDlApDV|BjDzD~@~Cr@xA^|BpDtGx@~BxAzAjDhHi@lFo@zLq@tDStCd@nGFzCIdFa@|E\tBvJ~HbBjBlEjDtChCzF|FjDbCvCxC,2,,,,,,Diego Galdino
2,Evening Run,12853.8,3922,3932,34.0,Run,Run,3.0,Garmin Forerunner 645 Music,10026659631,2023-10-12T16:14:31Z,2023-10-12T18:14:31Z,(GMT+01:00) Europe/Amsterdam,7200.0,,,,3,4,0,1,0,False,False,False,False,everyone,False,g13944456,"[52.23, 6.89]","[52.23, 6.89]",3.277,6.765,83.4,19.0,True,153.2,171.0,False,True,71.8,44.6,10743110399.0,10743110399.0,garmin_ping_299220303530,False,0,0,False,20232024,1,a10026659631,}ax}Hsr`i@mEjBSXITcAh@YTMLMd@AJGVUTy@h@i@Ni@Xa@\g@X}@b@e@PwAt@g@Pk@d@_@J]PQTOZKXORsBjAo@J}Al@S@}Ar@}C~@WFM@GO]d@aAJsBb@qAR_AXeARoA\sCl@mBl@qAv@g@Nk@\mAb@Y[c@ScBk@eCmAuB{@SOBABCCQ]m@ABJd@AJOAg@MqB}@iDiAy@_@iA_@gBaAyAm@w@UuAg@qAm@u@Y{Aw@qB}@KCc@De@C]I_@QwAaAuAcAiAeAu@g@s@a@m@Qm@IgAIo@@[K}BcA]c@g@e@[M]J{B|AgBdAw@Zo@DSAc@G}@e@oAaAEIGi@CiAK_BG_E?gAJaALcAF}@NgALwABaANsAA{@Y_@kAi@VHFAl@XH?cA[@?NFb@JqBg@aF{Ae@QaAk@_AYeCk@_Cw@k@WiC{AmB_AKKIQIqA\wDJmD@oCFwC@{@GoB@iEJkF?uALgIAoADyGTsEFiC?}@E_DHsDCMB}AC_AA_CHoBBCFARFr@^fA`@~CpAf@Xp@VVTO?WOSGoA{@SE_Ae@KECBb@LdAf@r@T`CfA`@JrAf@t@Th@Xz@ZvAXDERs@h@gC^yAt@}DTy@HOJq@Ek@OaA?UWgCYiEUiAGk@[oDCcAJ_@?]MWQgBAi@Au@Dw@Ru@VKvCS`BJ~ADf@JlBJp@Et@c@h@QbDgBpAe@~C_Bf@OxBYbCOnAS`DQZBFJLt@Bj@BLBAO}@CKQ]QGWCUJWFS@ODm@Bv@IvA[^FFPPrAXfDj@tEFRB?Ha@FcAXmCZyED[BGfCsBHCFF?Jm@nBg@|B_A|CYlAe@vAS~@a@vCK`AGdAAzAJxAPzCJrCCb@CD^jBJt@NfG@pDG~CU\Ql@D\Zd@b@Vr@VbAh@PDjB|AxAtAdAhAp@d@hC~B`CbCxAtAf@`@^NGIIEUEQQ_@WYIQYYYGCOU[QMMKSGA@B~@r@d@`@hBjAdBzAf@\j@j@n@h@`CdCpAbAvAtAh@`@dAdAx@n@t@x@zBjB`@h@b@^h@XzAjAh@j@lB~AhAhAVt@JF~@Vn@V|A\\LFv@HN~B~B|BpBdAt@bDlCt@t@hDxCl@p@rC~BbB~Ab@\fAt@t@v@fA~@xAxAb@RZVLH,2,,,,,,Diego Galdino
2,Afternoon Run,18199.8,5694,5722,75.0,Run,Run,3.0,Garmin Forerunner 645 Music,10020087626,2023-10-11T15:07:17Z,2023-10-11T17:07:17Z,(GMT+01:00) Europe/Amsterdam,7200.0,,,,8,4,0,1,0,False,False,False,False,everyone,False,g13944456,"[52.23, 6.89]","[52.23, 6.89]",3.196,5.805,85.8,22.0,True,156.2,173.0,False,True,76.6,40.0,10736294278.0,10736294278.0,garmin_ping_299049003658,False,0,0,False,20232024,1,a10020087626,qax}Hor`i@SPqFtBaCbBa@Ps@r@uBpA}AvAw@~@mDdBc@\e@L_BtA_@Fk@`@uFhBg@FkA\i@BeBn@uF|@URu@T_@XaEh@wBr@QEKNYTaCrAiBh@W_@w@i@eCq@mBiAcDeAeCaAcGaCm@a@wCy@e@e@{@Y}@c@gDcAgB_A{EaAwCeCkAw@iBcBSKqBg@eBBgA_@eBgAiAiAoAkBg@{AqB}EcBiDe@{B_@aAeBoDa@Y{GeB[UuD{AiGcBeB}@iCcAy@e@sAqAeBs@q@O}BsA_BaAcCiA{A}@g@Q[CyBkAqAe@q@k@wAi@c@]c@MoB_B{Ag@eCqAc@m@u@_@s@QcAe@wFwCkAe@i@a@}@[q@MoAu@_@Iy@o@gBiAi@S[[wCkB]GsAgA{C@{AOgAF}BS{AGg@_Da@yEIsAKw@c@{BuAqFoAqGc@kAg@qDE_A?iAQaAw@gDa@mA_@aCc@mDa@aBQwAKQYqBW{@Q_BAeB^eGA}@D]K]Jw@CgA_@qADsBIs@C{@Oo@?}@F_CA}@HaBOiCBkBKuBDo@A{BJsCA_ADUrDUx@Pt@SfAFlDUtAd@`@FnEH`@E`C^dEX|A^bCHbCd@fCHrDb@^RfE|@vCfAlChBn@t@bAx@h@FxAh@tE`CV^vG|C`B^bB~@~DdAvHvCjCpBPx@VT`@BnE|CpArA~BjArBtAt@XtAfApDrBhEzC|ElBxC~A~B|AlDxAbBl@nBhArAj@V@`@GxBv@tAZd@@`BOxEuAPUImEQgCG{CNsD^cEBwAJo@PsBPmDJm@Au@OyB?m@HkBI{D@_CGiAMy@U{Ce@qEW}E?uAR]b@AtAPZGXK`CgB|@a@R?Fb@B~BPnDTzAxB~HVr@hA~Bf@r@\v@rA|BzBdDzAhDxBxDr@|AhBtBvAnAfCjCdBxAvBxBXv@Dr@^|ATjC|BxBp@hAlBzEXlBVv@h@r@xAxCl@`Ah@jAhBnCtAbB~@xBl@d@X^zB~DnBdDp@v@v@zA`AxAr@fBx@bBjA|Aj@d@bE|Gj@pApAzAd@|@vDlFzAnBnBvBl@|@A`@Wh@[RaGj@uFYaTw@qBm@iBYi@AaBUIHCf@Pb@`A`A`E`Dv@|@rEpEdCfBhBbBjBxA|A~AxBdBvAbBhCrB^^,2,,,,,,Diego Galdino
2,Evening Run,10486.0,3351,3418,19.0,Run,Run,3.0,Garmin Forerunner 645 Music,10007602195,2023-10-09T16:39:17Z,2023-10-09T18:39:17Z,(GMT+01:00) Europe/Amsterdam,7200.0,,,,1,3,0,1,0,False,False,False,False,everyone,False,g13944456,"[52.23, 6.88]","[52.23, 6.9]",3.129,6.77,79.5,21.0,True,148.4,170.0,False,True,44.2,17.0,10723367623.0,10723367623.0,garmin_ping_298719539836,False,0,0,False,20232024,1,a10007602195,kuw}Hco_i@?Ea@c@OI]OY?_@Fa@`@Yt@MbADbAXfA|@fAj@XVHz@JdA?Rm@JcAMy@k@sAK]CSg@{@MKMUUUOEy@G]Be@LEDSVIRCX@r@Hp@Nz@ZbAZ`@\Zh@Nn@@ZETMDGN]Hg@Bo@Ak@E[_@}AEMs@w@Q?YIMEQMGCc@NQBOJUb@GVEf@Bl@NrAH^\r@`@`@XPd@FhACPCNKLSD]AsAA]WoAI[[u@k@m@KI{@BIFa@HULKLGTKP?v@@h@N`AJd@Pb@j@r@LHr@PT?b@GFC^]HWDYDk@Eu@Ky@Og@Wy@UYg@c@e@Ua@?WH]PMV?\MhABF?jAJl@Pf@^n@X^PHd@Fn@?NEPIRQLg@Fq@EcAM}@Qi@_@_AYYq@]k@Aq@LURIRGXAp@@LFRDpATt@FFPf@X^`@ZPDf@Db@ERINOP_@Jk@E}AKk@Og@e@mAOOg@]}@EQ@q@VMPG\C`@FxAJlADRR^JDRXDPtA^T?j@MTQLWHWFo@?]Gs@YqAe@_A[]k@Sg@Ei@DOHUPMZI^E\?lAJz@h@lBVZLHb@BPCb@Bh@OZOTo@F]Dm@IkAI]q@gBOO_@ScAK]Dg@RSVMf@?`@@h@RrARv@HRb@n@v@h@JBHA@EFENBDE`@IROFID@He@DoAMkAK_@]u@]a@QOa@Qm@Ia@Hi@V[AIU@c@AY[}@Bm@Pg@x@kBI]We@oD_Fw@mAKUkAyAW_A[m@I?m@l@c@PIEYJe@^i@j@[l@e@X]CUBi@Le@X_@BkB[e@MmBSk@O_@JWl@Il@CFSFg@AaBUODi@Ai@QWCkBEgAYSH_Ap@gA`@i@Do@Ji@Ba@Xa@Be@Oo@Eq@@OCYQQ[EeCFeEAwB@_A?{@H_CH}@Co@EcEEa@Cq@JeBRoA@yDF{@@o@KeD?cDDo@PYXEfA@f@Jd@Dl@Xt@J\V\nBJR~@HnBd@JDp@Jj@Bj@PjCf@bAf@PX,2,,,,,,Diego Galdino
2,Morning Run,13631.1,4152,4166,28.0,Run,Run,3.0,Garmin Forerunner 645 Music,9991208489,2023-10-07T05:36:26Z,2023-10-07T07:36:26Z,(GMT+01:00) Europe/Amsterdam,7200.0,,,,0,3,0,1,0,False,False,False,False,everyone,False,g13944456,"[52.35, 4.9]","[52.35, 4.9]",3.283,9.608,88.9,21.0,True,156.0,182.0,False,True,32.2,19.0,10706223168.0,10706223168.0,garmin_ping_298300128040,False,0,0,False,20232024,1,a9991208489,}kp~Huo{\FCJVAHLz@Fj@?d@DTCrAD`BL~@Dr@NRjD[hB@NIh@VpAOh@RbBZp@Bn@Oz@ATK^@PKFObDKp@OZi@FCh@EbB?pAHzBZx@XPChAXx@c@b@Ot@_@f@QpBc@f@?nCsCt@[TLrDcD`AWj@W\EfA@j@GfAh@T@n@MvB^d@Al@HfAId@OvBRvCBHFpDvGlAfCH^AHQ\}@xA@l@Yh@{AlC[^S`@G@GOb@lAj@xBn@zADd@Nt@PPJXf@Zl@HhBBtHA~Ff@fAe@Z?nAPnAHtEFh@QbACnBXx@Un@CXJ`B@d@[bAOpA\jEMlBLn@_BFcCLa@^_@Ng@h@uCXeBHiAGgA?k@LKhBJz@E`@S`@e@ZU^GXMZDZrABb@FzHLd@TBnB{@l@KhKkE~DoArHsCvBo@Ta@H{@?yHN{GCwEDmANW`@?tK`AnFPdAND_@DmBLiAFuEL{@^oJDM@_@Co@WOsASiCsAaC{@yABy@Lu@VkEpBu@?}@_@eAmA_@s@u@gCKq@eAyEUw@c@}@e@o@e@Ug@A_@Pu@jAq@fB[zASrAQx@}@dD{@lFaAzC]r@oAhFMlAG|BChCHfCKpHQdBw@vEe@jAg@t@_AjAQXoAnA}C~AeDFqB_A}@k@aAWYWkCsAyC{@gCgAsDeDeAw@wByB{@c@qAIwB`@}CnAg@J}B\_@AQIg@cAK]g@m@]m@Me@U_@[s@_@{BEuC@_BLiD?uBEy@@kAEkAS_Aq@sA{C{DeE{CkASg@@q@JaBW]Oy@Ak@[oA{A_@e@a@u@wAaE?M]_As@w@Lq@gBcIIw@G{AI{@Sg@{@mAUg@{@sAYa@YY_Aq@_@Qq@Qe@@SNELGBeBd@eAH}@\aAX@GuAxBu@Xg@EiCHiBz@i@Ni@EWXAHAZNp@KQkA~@BZVvAHfAAVk@JMu@U}@OeAMW[IWBSLW^i@Rg@|@cAx@oEfBm@@cA\k@HyB|A{@`@M?WQe@Ns@r@{CzA_AjBy@?I@kErDgDv@eBz@W^GZ}BlC\RtAR^tBd@l@Lh@JhALh@l@dAd@f@DNFdFRL?RNv@?bATjBf@VRTHf@Rj@^XHTP`BPn@Ff@BfA,2,,,,,,Diego Galdino
2,Afternoon Run,8725.8,2598,2973,31.0,Run,Run,3.0,Garmin Forerunner 645 Music,9982207503,2023-10-05T15:06:32Z,2023-10-05T17:06:32Z,(GMT+01:00) Europe/Amsterdam,7200.0,,,,1,3,0,1,0,False,False,False,False,everyone,False,g13944456,"[52.23, 6.89]","[52.23, 6.89]",3.359,5.562,84.0,21.0,True,146.2,173.0,False,True,70.6,43.6,10696847555.0,10696847555.0,garmin_ping_298040874618,False,0,0,False,20232024,1,a9982207503,{ex}Hamai@u@q@i@k@aAy@e@[{@w@iAu@q@g@[g@k@m@cCiBu@y@w@o@MS_@_@oAkA]WeBgBa@WaC}BqCiC[]}AoAMu@]_@_@Ue@Oc@Ue@MeAKI]MUk@g@eAiAaAu@SYe@[g@i@gBsAcA_AwBcB_AeA}@q@g@g@mA{@cByAUYiAy@{A}AOQEKFDCB@@?EADcAeAmB{AKEk@a@OQcAq@yAsAUMm@k@y@aAqE}DsBwA_A_AcBu@c@YYg@A}@Pi@F_@BgFE_BMmAE}CMeCBUZSDKAOGGUBQD?@@@DKBABG@D?E?HCDCCCK?YScC?g@IwACcAIeBByA`@iFJ}@d@wHDaC@UDGFy@AcAB{A?g@Gy@AqAMwBEoCOaBU{G]_FScEFi@ZMXFCEKIG?OBSJSBCB@@JW?EGR?HBER@xBLTCjB}@j@o@VK`@YZAH^FlCLfBFb@XlAVzAf@rBjApDr@|A|AhCtAjCN`@lAbCbAzAXf@f@p@JZb@z@Rd@\v@LJ^l@\`@a@QGKSQGKOg@QSGYQWe@g@@IRTpAvBtAnBdAnAn@n@vAlArArAf@x@^b@D@lAlAxAxBl@nBP~ADbAFNJJj@`@TRh@p@^p@Tl@j@fAp@bBVnA\dADt@^p@x@`Ah@~@h@fAJj@JLBAHJGLBMIYu@uAKIEWMOVTp@|@z@`Bd@`Af@z@j@hA^l@^x@z@lAj@\tBdDp@nAh@t@jAzBl@l@z@zAh@x@Vh@z@|B?rADRH@X]NFvAzAnAhB^v@xA|Bb@nAD?GVJDDCEJHGINDKEHzAzA\b@Xb@t@|@\j@tBlCrBzBXTNTTNJNXT|@TX?j@KdAHF^HjARnADz@H|HHfA@jBAbAMfBa@pC,2,,,,,,Diego Galdino
2,Afternoon Run,8019.6,2699,2704,28.0,Run,Run,3.0,Garmin Forerunner 645 Music,9976304992,2023-10-04T15:31:46Z,2023-10-04T17:31:46Z,(GMT+01:00) Europe/Amsterdam,7200.0,,,,0,3,0,1,0,False,False,False,False,everyone,False,g13944456,"[52.23, 6.89]","[52.23, 6.89]",2.971,4.148,84.6,20.0,True,143.9,155.0,False,True,56.6,30.8,10690699494.0,10690699494.0,garmin_ping_297883720801,False,0,0,False,20232024,1,a9976304992,uex}H_mai@aBkAo@m@gA{@Ye@_@_@gAu@_@_@]WkBiBqAeA}CsC_@YiAiAa@_@]g@_Aw@i@]}AqAyAqAkAmAyAiAOOAGCs@KISGc@KYE{@U[O_AYMi@a@e@aCsBIM{BsBg@W_@[aBeBkAeAQWgByAyA}@[[oA_Aa@_@wAiBe@Ye@g@mAu@SS{AaAgDuCu@y@kA_Aa@a@g@YeAw@aByA_AeAeCoB[a@Y[yB{@a@UUSMQOa@?ILYb@m@Dg@YaGKwAC}CEu@EkCF[QeAIiBA_AIcBGkD@_A^eDJ}AJiAXyEZyDJs@Du@Cw@[mFA_A?aESyF@}@OsDYyBa@{EBs@LMn@?h@Ld@Fb@QhAk@r@s@b@]\KD@DLHf@@nBHlAJx@`BrHTt@h@pAjCdFf@v@d@~@h@l@lBrCZh@Zt@pB`Ed@fAz@zAh@r@p@r@RZtB`CrAtAhB~AfBnBVd@Rj@r@hDFfAElBD^nB|@\j@`@f@\h@j@tAFHNf@x@~A~A~BnBhDVn@Np@n@vAhAfB`B~Cd@r@h@Zp@bA`BdDt@rAf@j@l@bANh@rArBb@h@b@p@dAbCfAtAr@j@TZZl@^b@Vh@nAhBb@~@RZhAdBt@z@Vf@`@`@v@tAxAhB~@tA\\b@Z~@dA`@ZDL^h@ZFfABXIlASAp@\xGH`GRpD?jAGv@OxAKd@Kv@,2,,,,,,Diego Galdino
2,Afternoon Weight Training,0.0,2366,2366,0.0,WeightTraining,WeightTraining,30.0,Garmin Forerunner 645 Music,9969143111,2023-10-03T14:43:33Z,2023-10-03T16:43:33Z,(GMT+02:00) Africa/Blantyre,7200.0,,,,0,2,0,1,0,True,False,False,False,everyone,False,,[],[],0.0,0.0,,23.0,True,78.5,118.0,False,True,0.0,0.0,10683238714.0,10683238714.0,garmin_ping_297703783608,False,0,0,False,20232024,1,a9969143111,,2,,,,,,Diego Galdino
2,Evening Run,8355.0,2978,3017,30.0,Run,Run,3.0,Garmin Forerunner 645 Music,9963432731,2023-10-02T16:42:16Z,2023-10-02T18:42:16Z,(GMT+01:00) Europe/Amsterdam,7200.0,,,,5,4,0,1,0,False,False,False,False,everyone,False,g13944456,"[52.23, 6.89]","[52.23, 6.88]",2.806,7.922,79.4,24.0,True,144.3,174.0,False,True,34.4,21.2,10677268248.0,10677268248.0,garmin_ping_297547368866,False,2,0,False,20232024,1,a9963432731,wyw}Hmp`i@Nt@f@vA|AbHh@`Gd@rCXjDNr@Fr@J~C@lCGBs@e@_@[]g@@kBKcAQm@S]}@{@_@Oi@@i@L[VMj@?v@Jv@b@xAt@fAXVb@PhAE`@a@No@B}@G_AQy@Yk@[i@g@c@y@Oc@He@RUb@EjB`@~Bv@bAhAb@ZC^UXe@Ly@@u@KuAe@qA{@o@cAIe@Na@b@Ir@Az@F|@VbAXl@\^l@Vf@DT?VOKLKG?JDSGAb@YRk@?iBSsA[u@_@g@i@Sy@?[Hc@ZUb@CZ?l@LfAR|@Tb@fA~@vAHd@UJONo@Aw@?fA]n@kA^_AIBI@D?GLJ`ABh@Md@i@Hg@EqA_@mBe@_As@o@e@Kq@JYNU^Gr@?`@TxBNf@^l@hAt@bAB\UVs@Sn@MNi@LyAKz@Dr@Mb@k@Fe@C{AS}Ag@gAk@g@w@Is@VOP[fACX?z@F\j@lBb@f@b@VvA@b@[Zk@Kd@SRs@L_AE_@Ox@P~@Mb@a@Ps@?kAU_Bk@iA{@o@k@Cc@J{@r@Gf@AvATpAZt@b@h@XPr@PfA@HIEKM?gAPe@UEF@K?DDCDJTFjAEXMZi@FyAE{@Kw@g@mA[_@w@c@k@C_@L_@XIVKd@AhAHt@VhAd@v@r@j@^Nt@?MTa@Dq@WQUGFDLDULHj@?j@Gr@c@Ra@Dy@CiAIu@KWm@aAm@_@i@O{@Jo@f@Kx@BlAJx@b@jA|@jAZLhAUCHQLSF]Cy@Y@H@_@RPbAEp@Kb@c@Jo@?]KkAKk@g@sAQW]WgAKgAZONIf@C|@Bj@X|Ap@fA`Aj@^Hh@ECF{@F}@KCEDC?JDUPP`@B`AMf@WP]Jc@BgAE]YqAWo@g@i@sASg@Da@RW^Kh@Cv@Dt@XlAj@|@t@b@nAJEFu@Bq@YF?DYGFHNCVtA?~@a@Tk@Di@GeBKu@Oa@]m@g@c@aAQuAd@SZGZAfAFj@ZtA`A~AxAVKFc@@YMY[JRxA@x@WP[Jg@AiBa@kBWk@c@e@aAUi@Dm@VUVMVEZ?|@H|@ZrAf@r@lAf@hAHPQCAAH?KFA?F,2,,,,,,Diego Galdino
2,Morning Run,32209.6,10418,10463,64.0,Run,Run,3.0,Garmin Forerunner 645 Music,9947982729,2023-09-30T07:29:37Z,2023-09-30T09:29:37Z,(GMT+01:00) Europe/Amsterdam,7200.0,,,,14,3,0,1,0,False,False,False,False,everyone,False,g13944456,"[52.23, 6.89]","[52.23, 6.89]",3.092,5.4,86.0,21.0,True,150.2,174.0,False,True,65.0,29.8,10660968802.0,10660968802.0,garmin_ping_297151235632,False,5,0,False,20232024,1,a9947982729,abx}H}r`i@y@v@yIpDuAjBgCrA{BtBuEjCgAx@Yt@iAJoHrCuMnB_At@_CXs@z@}DpAk@rHGd_@WnRKZyNx[oAdEaBhDiAt@_Cl@oBHmIu@k@ZuApFe@pDwDvJaA~DaEdIS~Ai@pBGfAGtCVbGoAvIDfHWbG@nFUxDGxFRpHr@dGLvCgD`CuEbLgA~@sBn@sEp@oG`D}BWoBA_Cx@}Ej@mEt@_BKmCaBqCqEsCcG}Ee@oAq@qAMoDvA}DpFyAzCkBzBcDrHaDbK}@`BiLaM{CuBuBsCe@}LT}IRqBM{Bt@qHl@qJz@iGvAqNPk@REn@p@d@a@dAiD`BuIMgCY_AQyAZcEvAiF^k@n@aCh@{ElGeBlB[lBmAxBc@|DqBp@gAlDsJz@oGtB_LHqCW{MlBkPBg@O}@{@wBmAiBUsAuBeF[[_LtFy@T]u@@}MTkElDqVEcBt@cGM_C|@kGEkDyAkBDaF`@{Du@eBtAuLj@cC|@mBRqAT_GrAsCr@mEb@?zBnAvC|@Tq@h@_EPoPR{DG_B^}j@b@yTLuS?yQUaBeAeCO{CJsArAcCIaB[U_Ec@_DaBcN{EaDkBsFuA{G}DeN{I_G_AkDa@@_BTyAB}Cb@gFjBqPPqHhA}GTkGt@_EL{Cz@oHl@eIh@wDr@_Ol@mFp@gEf@iLf@gCRoJGqEl@_L~AsFd@{Dj@cCf@mFhAwIMgB_@mAu@aB{AyAi@oAs@kIEgFF_EViADyAdBqCjBsB`@C`At@f@Ux@sAL}AjCcH@kBQiDD}ArJoFdDuAVtBb@fJr@pHP~D^vCb@tIjEFzA}@~BInC{@z@Ht@]XL|D}@~BKf@[dDKZWHkA_A{Bx@pBTBb@a@vGoKpGeIpFuIlWq^XDvCjEjDzDbApC|@ZlBbBtBlCl@~AhBpAdGtH|BzBb@dA`C~CvB`E|@hA|F~KzFlJ`CxBjC|CjBfDt@xEdAfCh@jDdAbE~@lHA|BdA|Vr@jMKjDiAfB}Ed@sAh@_MlSwBhFoErF_ElIeDlOcBbHoB~Ga@dCW^mAzFUfCi@fAs@tD_AxBgBpJiDbL_D`AwAzAgAp@oDBY\@|BlAxK^lG@`TIfFqAjQh@pOwB~@mGr@Ir@\rA~CbHZlAfBdCj@PdBtCnA`AjA^v@dAnCjBbAnAnGrFvAx@xAbBhDlCjBxBnDhCfD~DzGxDtBfCfGfFd@dAzD`Bh@?Lx@bKtIpJhJ`CbB|H~HdEdD,2,,,,,,Diego Galdino
2,Morning Run,12918.6,3725,3831,31.0,Run,Run,,Garmin Forerunner 645 Music,9941682278,2023-09-29T07:26:17Z,2023-09-29T09:26:17Z,(GMT+01:00) Europe/Amsterdam,7200.0,,,,3,3,0,1,0,False,False,False,False,everyone,False,g13944456,"[52.23, 6.89]","[52.23, 6.89]",3.468,6.245,83.3,23.0,True,162.3,188.0,False,True,69.2,45.8,10654393603.0,10654393603.0,garmin_ping_296979860292,False,2,0,False,20232024,1,a9941682278,sax}Hkr`i@WZ_@RcARc@BE@[j@QCW@STmBx@oAbAAd@YLeBtA{A|@a@\i@LWLUP[b@c@Ti@h@m@`@i@Ra@`@eAZSP_B|@wAd@{AXc@Pw@R]RaAXo@DSQQPa@Ne@LGCe@Hq@Ve@HyAl@k@Du@f@cBBkA`@k@HmBbAm@Re@Fk@Z_@^g@Ve@LK?i@m@_Bo@i@OcCoAyAg@YM[_AP\BLWAs@OsAm@qAa@oCmAmFiBkCmA{Am@_AY}As@q@Ow@a@m@Ua@UYDg@Cc@Oa@Ww@w@kCsBcB{Ak@]_BYwADc@Gy@Yc@WYa@_@_@_A[e@Ce@ToDbCyAp@s@Dg@KeBoA{@e@Em@D_BCmAAwFXmBN}Cn@}FBe@Qc@c@U_@MB?NPLFTD_A_@VLr@PAHaDkAmB{@kDcAcCiAeD_AaC_A_F{BUOSo@l@mDDa@FkAJkOFkCCY?y@@iBFuA@gDHmD?}CHaD?oEDwADyD?}ATmTBy@Ba@BEJCl@RzDhBlCfAs@e@y@Q{@g@g@M]Q_@E~@VfA`@zDfBh@LdFvBr@Rn@Zb@DDGl@mD`@yABWt@yDRq@DGTk@WgBw@qH]cC?WEu@Ku@KgBOoA?g@J?BFBCCYCEGa@IyAF}@Nw@NuALQb@MzA@nGv@~BJj@QxAs@r@YbCkAbBaAnB}@b@KxBSdB[nEi@d@?AEGAQLUCy@Fu@NcAFHN~@c@XEhBIfADHf@JrARhAFl@Ln@Dz@PbADl@NXB@HG@GZkEP}CBaBL_@VSf@Q\_@l@a@NH?NKb@Il@k@`Ba@zBq@tCUx@_@ZQ`BUrAGv@EPGnAMjAC`ADjDFvAVrCOP^p@Bd@JzFJtADpCCnAL~@?Ji@rB?TH`@\d@v@V~@f@r@Jr@r@~AlArAdBfA~@tA|@rAx@`BxAj@r@VVDAo@IYMK]a@MMO]WM[tBhBz@l@d@^tAxAh@\JT^`@vBdBxAbA\`@`@XhCbCbD~Bb@f@\TfCpBb@b@h@x@jBpBxAdAt@r@`@VPl@TPxB|@h@Hd@CFHXJLPJp@v@z@hElDj@l@hA|@pAlAnA~@vA~AhAhA`C~AdC|Bb@d@j@|@x@b@z@j@rEhE,2,,,,,,Diego Galdino
2,Evening Ride,11917.3,2424,2446,9.0,Ride,Ride,,Garmin Forerunner 645 Music,9941434967,2023-09-28T17:02:50Z,2023-09-28T19:02:50Z,(GMT+01:00) Europe/Amsterdam,7200.0,,,,0,1,0,1,0,False,False,False,False,everyone,False,b12624991,"[52.76, 6.32]","[52.69, 6.2]",4.916,6.47,,20.0,True,125.9,151.0,False,True,4.6,-2.8,10654135128.0,10654135128.0,garmin_ping_296972068626,False,0,0,False,20232024,1,a9941434967,ca_aIabqe@Fx@^dD`@hCf@dFbClRDfAn@bGPv@h@bCl@pBrAfFnCnHlFzNP^V\n@hAzAbDtHhOlB`DpBpCzBbDnAbB`@r@v@~@x@hAbAhA`@n@d@bAnBtClBbDrAbB~A|Bv@dAtGzJzC~DjD~E|B~C`HxJl@r@bArAP`@Dl@HVDDRDFDj@n@`@Zd@p@Vj@tBdCfAxAj@dAv@fBl@~Ad@zAfAxCpDhK~B~Gf@hAz@|BvDbMpA|DdAjDpAzDvAtEp@rBl@nBlAzEbCfIt@vC|C`K`AjDf@pAh@dBb@jBn@vBn@hDh@fBl@dBd@bBf@`Al@rBt@~Cl@tBZnAh@bBp@vC`BbGb@lB`@nAfAbEl@fB`@xAv@jDbAvDdCpJ^jBTl@Hx@N`@lAvF~FzUhAhFVdA|@rE|ApGr@dDV|An@tBd@tBhClLVpA|C~JrA`EvFfRz@`Ch@dBh@xAj@dBrBnHrAfE`B|EbDvKvAtDh@bB`AvDvBxGfBdG`AnCv@nAf@KbBBxCCfAIpACfFEpCRn@ZHVBdAH`@DDNBZ?XEr@_@XC~ADnBC~@DfB@dBEN?HBBFGrBIX_@V_@J]PQRCJFv@NvAPLh@EHBHHJ^f@rHJxCMjDBj@EpAUtCHbC?l@_@zH?j@BZHPhAZzBf@`ANfE`AnBd@nBj@Pf@\f@r@IPBpAd@z@Rz@Lx@VXPF@HHL@RE^Fl@C|@DPXLFfAXt@N|@J|Aj@N]Ag@BMKB@GGMHOCECLCj@D?BEABKDW@WACDIO,2,48.3,,,False,117.2,Diego Galdino
2,Afternoon Ride,11449.2,2107,2242,10.0,Ride,Ride,,Garmin Forerunner 645 Music,9941434331,2023-09-28T12:50:01Z,2023-09-28T14:50:01Z,(GMT+01:00) Europe/Amsterdam,7200.0,,,,0,1,0,1,0,False,False,False,False,everyone,False,b12624991,"[52.71, 6.23]","[52.76, 6.36]",5.434,7.26,,23.0,True,116.8,141.0,False,True,26.2,18.0,10654134450.0,10654134450.0,garmin_ping_296972044706,False,0,0,False,20232024,1,a9941434331,}zv`Iwb_e@_AyBMKs@oBuDuMi@wB_@mBaBkH{AkH]mBg@{BoAsEqCyLe@kBu@oDwCcLcAiEAW@YEYi@oBIk@@]D]AWOS_@KQUa@gAsCoL_BqFeAmEiBcHo@sBeDaMYwA{B}IWu@q@}AOUK]kBoGo@{C]yAkAwDo@eC[s@}@mCsF_S}@kCkGySwBmHiAeDaBqFoDyK_BsEeBoEwAkF{CyH{AoEo@yAqAyBuCaEYW{AaCm@u@QS_@COOO{@Sc@_AsA}@cAgAaBqAyBsBkC{DwFeEqG_DkEoAmBeCoD{B{CyEeHkAmBUg@Ya@_DaEu@{@]s@sBqCaDoEyAiCaLqTeAoBq@cAwAsEeHgRk@yBwAkG]eBk@gEc@_CQoB{@gGe@}Dg@eFu@}Fm@gGm@qE{@_J_AkI[gEw@qGi@aGW}DE[C_@HmACyDE_BBuDC{B@iHCwBCyI?uG@wA?mCEyBKq@?s@HkABcIC}EGgA}A_HaAcFoAcF_BcJe@sBOg@_BuDo@iBo@wAqAmCYm@ScAGK]i@mAyAkAiAq@gA]uAYoBeBaRMeCAgCLeDAa@YgDKmFD{@C{@a@oEBOJGR?x@NTA`@BRJ@HGE@BA@BAAHDCE@ADAABEECF@AFD@DCCCEBEG@QDSLE?IC??COEOAKMFBAu@Dh@JL,2,62.0,,,False,130.6,Diego Galdino
2,Evening Run,15005.0,4607,4615,82.0,Run,Run,3.0,Garmin Forerunner 645 Music,9932134885,2023-09-27T16:19:23Z,2023-09-27T18:19:23Z,(GMT+01:00) Europe/Amsterdam,7200.0,,,,5,2,0,1,0,False,False,False,False,everyone,False,g13944456,"[52.23, 6.89]","[52.23, 6.89]",3.257,5.498,85.1,22.0,True,151.1,167.0,False,True,62.0,-57.6,10644454894.0,10644454894.0,garmin_ping_296720076204,False,2,0,False,20232024,1,a9932134885,_bx}Hwr`i@g@XiA`@sAn@eAx@}Ar@]ZuBzAu@p@aAhAiDxCqAz@eA`AgAp@{CpAuC`AyB`AkFrAyAXwCz@s@LiA^aEdA}@Va@Va@LuEzAq@g@yIqDgEcB}@WcAc@iBo@gBy@qHgC_CiAmBkAgBu@][yA?UI[OaAo@oDwC_BeAq@YiAWMOqAOo@SuAo@m@s@eBuAQ]c@iAqBaFYy@U_AmAcCw@gAWg@o@sBu@cBY_@i@WwCw@_EsA_CkAcBa@cA[{D{AeCyAaCiAe@e@qAk@s@Q{CyAaB_A_Bq@a@YyBaAi@OgBcAeBs@[UoAi@}ByAw@c@mAaAqBw@eAo@IKm@c@g@CW_@i@a@cBk@}CaByBqAe@]yA[QI{AcAkAm@e@a@aCqA_@_@kAq@}BeAw@KwC?wAI_@D_BM{A@UCUy@_@}BGiAGcD[aBu@{CSiBq@_EG_BaAqEWm@kAkEM}@Eu@eAwFSqBWaAKs@g@oBgAuFk@eDC_AHyBCy@?aCGuCMmACaAIaADw@K_ACy@HuA@eAH}@?eAHsDA}@U_COgAGiBT}CXgB@UAi@REp@?t@Y|CQrAHnAA`@Eh@Jf@O~BC|@Rh@C\Bp@Tn@@THx@N`A?dALd@E^Jt@HPFXC`ABp@Dd@Dn@Pd@RdBN^ClAXn@Cl@NdBF~@N`Ad@P@`Ad@ZTlBx@jBdAp@n@v@XnAz@F?jAj@jBr@TLV^x@z@fBf@j@`@`Bl@|@`@bARn@Vh@Hh@f@RJtBl@`C`AjCx@@DXXvAp@~@~@h@^F`@NXTHb@Dd@XBDv@b@rClBlAjAj@\ZFVJZZhChBbAh@zCxBfCnAdBhAl@TbAj@~DlBnCdAhAr@f@Lt@^jC~AlCjA`@VfAd@`@XtAl@p@JnAJ`BBd@Kr@[h@Kn@UfAOFDVpDC~@b@tDDt@DlDIp@_@\CDAr@Zd@f@d@xAv@\Vv@x@n@`@fAhAZRnBlBzAhAlAjAPHvBpBlAv@`A`Ah@Zh@d@rBvBx@dAfA~@l@`@|BpBnCvBjAtAlA~@RTfA|@tBzBfFzDHJHf@X^rBn@pBXBB?PJl@jBvAhAfAl@b@d@PbBnAjBfBhA|@f@j@fEdExC|Bj@p@vBfB`FzEnAdA,2,,,,,,Diego Galdino
2,Lunch Weight Training,0.0,3532,3532,0.0,WeightTraining,WeightTraining,30.0,Garmin Forerunner 645 Music,9922967551,2023-09-26T09:54:07Z,2023-09-26T11:54:07Z,(GMT+02:00) Africa/Blantyre,7200.0,,,,0,1,0,1,0,True,False,False,False,everyone,False,,[],[],0.0,0.0,,24.0,True,73.0,101.0,False,True,0.0,0.0,10634868773.0,10634868773.0,garmin_ping_296501606286,False,0,0,False,20232024,1,a9922967551,,2,,,,,,Diego Galdino
2,Afternoon Run,11074.9,3654,3725,44.0,Run,Run,3.0,Garmin Forerunner 645 Music,9918420582,2023-09-25T15:24:44Z,2023-09-25T17:24:44Z,(GMT+01:00) Europe/Amsterdam,7200.0,,,,8,2,0,1,0,False,False,False,False,everyone,False,g13944456,"[52.23, 6.89]","[52.23, 6.89]",3.031,6.41,81.4,23.0,True,149.1,171.0,False,True,48.8,37.2,10630076695.0,10630076695.0,garmin_ping_296375203132,False,4,0,False,20232024,1,a9918420582,sfx}Hwiai@UMAGZuBu@_A[YgBqA[KcAs@}AoA][_@U_@a@aAs@aB_BgA}@Wk@u@y@eAy@eBeAq@q@_BiBgAcAwA{Ae@a@]SYc@bEbDjCfCdBxAfBbBvD`Db@b@`Ap@dCdCtAlAT^vApArAz@nDlDVRPFx@r@LTxCdDJPRN?DeAq@SIOUMM]Mq@w@u@qAiCcCu@{@kAiAUQKY?LCAAIb@^r@b@p@f@zAnAp@p@zBrBdBbBv@dAj@h@CD{@y@a@Y]MUUy@k@UYo@a@_@e@yAuAeBwBIQQIKIICq@s@GA@CB@BA?B`@Xz@h@~FbFtDnDn@dAaAu@y@u@{BkBmAkA}@cAqAgAg@s@KGSGY[IOCAGD@KZXvAbAp@l@dBvAvCnCt@t@l@d@PTDLr@j@NVUKe@_@wCcCi@c@i@q@aB}Au@w@_Ay@QY_@a@QGOO@@EFGI?EB?`@\t@f@zDlDzCbCjAjANPJTPFd@`@LTCJCIu@g@uAkAmAmAmAeAqEmEIQMO_@W]a@EAE@ELEGHADELNXTp@^hBxAjCjCdDtCFHLJZb@HDRVXNKC?LaAm@mFsEoAuAwCqCo@s@wBeBo@c@uFiFg@o@_@WaBuAoCuByBwB_@c@gBwAgAiAgAw@e@e@USAKBe@I[_@MyAQg@MWCa@M[OGa@EISIiAcAc@m@wAyAgCqBc@e@i@a@MQQOgBoAg@i@uCaCwAyA}@u@i@i@qC}BsA_B_@_@IGOA]WaAw@u@}@i@e@eAs@i@e@oA}@i@q@q@o@a@g@}BkBkBoAM]CDJLd@Tn@j@l@^r@p@p@t@zBpBt@t@VNxAjA`@Vb@b@fAx@n@l@TNb@^fAfAl@f@`C`CvBdBn@p@jBtApChCr@f@hBfBpA`A`AbA\`@fAbAt@h@j@\n@l@Np@HHNJhBj@\D\Jf@BJDPfA`@`@`@^nAv@vAvAdDpCpClC~CfCxBrBxC~BlAfAt@z@^Vl@j@l@`@nBvBj@j@,2,,,,,,Diego Galdino
2,Afternoon Run,12008.1,3585,3594,21.0,Run,Run,,Garmin Forerunner 645 Music,9905534405,2023-09-23T14:16:21Z,2023-09-23T16:16:21Z,(GMT+01:00) Europe/Amsterdam,7200.0,,,,6,4,0,1,0,False,False,False,False,everyone,False,g13944456,"[52.23, 6.89]","[52.23, 6.89]",3.35,4.458,87.0,20.0,True,153.5,176.0,False,True,64.2,44.4,10616496425.0,10616496425.0,garmin_ping_296038710403,False,3,0,False,20232024,1,a9905534405,qax}H}q`i@_Bt@aCzAa@ZuBpA}@z@iA~@e@X_@PqAt@oB~Ai@`@_@RaCfAo@d@{B~@eB~@YDs@VoAZe@\q@LeAFML{@LQ@]Hc@DcAZ_@BeAP{@Ra@HuAHw@Na@LCFe@Ne@RqAh@aAt@_Cv@iAh@c@D]e@UQm@WSCc@Kc@Wy@Uc@[mB{@s@U_A_@i@O_CaAi@Kg@Wg@OaBy@iC_A}CuA}@g@i@OaA_@OKa@M_@UYIu@[SCo@YIBo@Eo@Q{AgAmBgB_@W{@w@_@Yi@Oi@I_B]g@Aa@@e@MoAk@a@Wq@u@}@e@o@LcAt@o@^}BpAk@NcBLYOs@s@c@[g@YEEEUCYK_GIaAFyDJgBZoARoABi@`@eC?a@EQIMQMqBq@m@M{@[yCkAc@Uk@OiAg@aD}@wBs@eB_A}@_@oAu@_@e@Ca@HqATgBFkAJ_NLqCBuB@yEDgDAwHLiJAaCFoCAeAHcDDwGP}JHGfA`@fAj@p@`@hA`@xAb@pAl@nBr@r@`@VFn@Fb@Pb@VxAb@BCn@iDd@oBLaA^wBTw@Xs@?q@Y_BI{Bi@kEUsFO_AGuBMq@G_AEgA`@aDlA[h@CnA?tB\l@@|@Zv@Jf@Fb@A\MbAy@zBcAb@U`@Wh@YvB_Al@]b@Iz@Ip@SzBa@vAM~B]jACFDJb@L\Jh@P~AJzAj@dEDDBIJiDRgCFkA?m@DWN_@POtA{@f@c@B?JL?Be@dB]dBWl@g@fBgB`Ha@vBKrB@pAXvCB|@LvBBtBGXEFDf@Xf@HzB@p@LxBJnBChC?`AC`Am@fA?NHL`@b@pAt@v@l@f@NZTd@TbBfBv@t@JRRT`@\d@l@nAbAZZlDlCdAbAhBnBf@X\VJBjBxAh@j@|@v@T^RNh@p@t@^^X|@x@fAjAXPpBbBZThAlA~BnBv@`@^ZZRX^VVnAfALPBl@L\\Lt@N\L~AJd@JBF?l@L`@^\~@l@\`@n@d@d@Xf@`@Xf@^d@h@`@^`@rAjAt@f@n@h@f@h@hBzAx@v@j@XzAjAJNfBbBx@~@d@\d@Vf@h@R^nB`Bb@Xf@d@,2,,,,,,Diego Galdino
2,Morning Weight Training,0.0,3012,3012,0.0,WeightTraining,WeightTraining,30.0,Garmin Forerunner 645 Music,9897415876,2023-09-22T08:04:25Z,2023-09-22T10:04:25Z,(GMT+02:00) Africa/Blantyre,7200.0,,,,0,1,0,1,0,True,False,False,False,everyone,False,,[],[],0.0,0.0,,26.0,True,83.2,114.0,False,True,0.0,0.0,10607977353.0,10607977353.0,garmin_ping_295835676519,False,0,0,False,20232024,1,a9897415876,,2,,,,,,Diego Galdino
2,Treino de tiros,7316.8,2693,2763,24.0,Run,Run,3.0,Garmin Forerunner 645 Music,9892272196,2023-09-21T11:43:09Z,2023-09-21T13:43:09Z,(GMT+01:00) Europe/Amsterdam,7200.0,,,,0,2,0,1,0,False,False,False,False,everyone,False,g13944456,"[52.23, 6.89]","[52.23, 6.88]",2.717,6.933,74.6,24.0,True,143.4,176.0,False,True,34.4,11.0,10602604788.0,10602604788.0,garmin_ping_295695108660,False,0,0,False,20232024,1,a9892272196,uyw}Hsp`i@J^~@zBl@pCl@xFX`Bf@nBTlAHpANhAHbADnAB`BFtADh@?NGD]Oa@[m@YMKEoBGo@Oo@g@aA]_@a@Sg@Ec@Jg@ZSb@En@@x@Hp@Nh@Zf@`@\jAd@p@Dd@WNYHs@C}@Mw@Wy@c@q@WUeA[o@?YJ[ZKb@@z@F|@TdAVb@Z\b@\b@Pf@@j@MXUNm@A}@Gs@Ow@[k@]g@a@]m@Ue@?g@NY\K`@?z@Dp@RfAZn@^d@n@Xd@Hj@CVKX]Js@A{@Ku@Mk@Um@Wc@_@[]Ma@Ga@@a@HWTMr@@x@Dt@Fb@L^Z~@Zd@fAp@|@O\YPq@?u@EaAOaAUk@]o@e@_@c@Mg@Ag@@EZWd@Ij@?l@LnAHd@^`A|@z@h@Ln@ATGVYJUFy@?i@KeAU_Ae@_AGIi@Wq@Oo@B[TKPGb@AbAFlANv@Tn@d@j@\Vj@Hh@Ef@WJOHWDo@Am@KuAEYWe@Qg@_@[[S[GcADSJGJE@KPE`AB`ANrAVn@x@x@XNZFd@Ab@ONKLOH]D_@As@KkAu@}A[_@g@[e@Es@DOLKNSl@An@LpANfAPf@VZl@j@XLf@?d@KNIVe@FYBo@G_AQkAg@cAOQs@g@OEc@Ee@F]^IXKpBFh@XfAR`@l@t@^Rr@Hf@IRKJUNu@B}@Ci@Ku@Yy@_@k@WYSIo@Kc@?g@T]h@AjAF`ALv@Nb@Xh@b@f@h@Pj@?ZERKPSPs@Bm@QoBOa@g@aA]_@a@K{@Aw@XKXIn@DhAJ|@Lh@Zv@d@b@VNZDj@@`@MZ]Pq@@w@GcAIc@Ma@QYAGg@i@]W_AIc@D_@VKXGd@@ZBr@RxATp@RXf@b@XHp@FXG\SVYFY@]CuAE[So@Yo@u@s@w@OS?w@LKJMn@Ez@@j@Hz@Jf@`@p@^Zf@Xj@HZ?l@UJWF]Do@EsA[gAUi@IEAIOEY_@UKu@Kw@XONELGl@A^F|@F`@Nl@Rd@^`@h@`@XLZ@d@G\SJUJa@B_@EkAIg@Wu@BEFHLp@DzAAt@Qx@OV,2,,,,,,Diego Galdino
2,"1.  Repetir 1x
- Correr por 8km - Intensidade Leve",8008.8,2587,2626,30.0,Run,Run,3.0,Garmin Forerunner 645 Music,9887596683,2023-09-20T16:32:05Z,2023-09-20T18:32:05Z,(GMT+01:00) Europe/Amsterdam,7200.0,,,,0,2,0,1,0,False,False,False,False,everyone,False,g13944456,"[52.23, 6.89]","[52.23, 6.89]",3.096,4.116,83.1,22.0,True,154.0,182.0,False,True,-1.8,-28.8,10597712489.0,10597712489.0,garmin_ping_295567538217,False,0,0,False,20232024,1,a9887596683,cfx}Hwmai@cBeBuAgAs@}@eAw@e@I_Aq@eA}@S[q@w@aAw@}@{@mDsCe@W]Yg@q@kBeBkA_AcBgB{@y@y@q@S]?e@IYi@SK?UD}@QWIa@A_@GQ_@C]CK[]kAw@e@o@{E}D{A_BkBiA_AcA_Aw@_@a@kC}BiAs@i@s@_@a@u@g@qAkAWWs@}@OA[Ou@{@s@aAg@i@oBuAy@u@oAy@u@o@}AkBk@_@UYc@U_BkAW_@e@OkBu@a@[S_@IY@Id@aABKDi@GcDByAK_BOmFKiBBUHSGQG_@OqCAyAUmDAuBH}@Bw@FeA\gEF}@@m@`@yDRcD@k@EmAOeC@{@EkACqDKeEOaBMu@KmAm@qESkCBaARQ`@?bAJj@Bb@MhAo@|@s@`Aa@P@NhAHbDPbB\tBl@pCt@vBb@dAJXv@vAh@l@x@xA^f@l@vAfD|GxCjFf@t@X\`AfA^l@nAnAtB~B\V`@b@h@\`BnBf@jAZ`ATj@Pz@Ft@@r@MrA@HPVl@h@`@Vt@z@l@dA|ApDPh@v@pAx@hAt@xAbBtD\h@`@b@t@`ApAjCTZZj@XXRL`ArAr@t@lBrDTf@t@bATl@lApBz@nATl@Zh@Rl@KAx@tA~@hA\h@|@bAp@~@f@~@LNr@tAfA|Ab@t@TRb@f@hAlBn@v@RZnAvA`@h@bE`DhAZXBTC|@?D@DNVpBFbBNdCBxB@`ED~@An@I`A[xBQzB,2,,,,,,Diego Galdino
2,Lunch Weight Training,0.0,3460,3460,0.0,WeightTraining,WeightTraining,30.0,Garmin Forerunner 645 Music,9878718542,2023-09-19T09:56:31Z,2023-09-19T11:56:31Z,(GMT+02:00) Africa/Blantyre,7200.0,,,,0,1,0,1,0,True,False,False,False,everyone,False,,[],[],0.0,0.0,,26.0,True,67.5,104.0,False,True,0.0,0.0,10588435246.0,10588435246.0,garmin_ping_295352476340,False,0,0,False,20232024,1,a9878718542,,2,,,,,,Diego Galdino
2,Treino de tiros,6409.1,1929,2007,41.0,Run,Run,3.0,Garmin Forerunner 645 Music,9874216291,2023-09-18T15:46:46Z,2023-09-18T17:46:46Z,(GMT+01:00) Europe/Amsterdam,7200.0,,,,1,2,0,1,0,False,False,False,False,everyone,False,g13944456,"[52.23, 6.89]","[52.23, 6.89]",3.322,5.027,80.8,25.0,True,151.8,178.0,False,True,60.2,48.4,10583731678.0,10583731678.0,garmin_ping_295226631321,False,0,0,False,20232024,1,a9874216291,}`x}Har`i@[Te@TwA`@aAj@K?CIKFORc@Vm@V]Vc@RUR{B|A{AnA}@j@i@f@eAv@]Pe@d@w@\aCbBiBl@c@RgAZeAh@oAd@qATeAVa@FUCHAE@[\{@Ve@Lc@@e@Ls@Xc@HQ@sBn@eAHq@Na@@cA\]Py@NyAv@_AX_@VuAb@m@c@eAo@eAa@g@YwBo@qAg@KMHCBKQk@@GJp@DFWA}B{@mA[_@Qw@QEG[Q}Aq@kAa@_DqAsA]q@Yo@[oA{@_CiAyAg@EEIWF]Xs@z@iEPkALg@Zo@nBsBZg@Xy@\mAATQr@Ub@Od@MLJUVy@b@iBjBqGb@kBfAiE^}CJcAPcAJ{@IgAGkCEy@M}@UaASiCSy@Cm@R_@d@KLAj@Hp@Ad@D|@Zf@XXf@Nv@BBJCT_@d@Sj@Ad@G^BLDNLCXC?IMMIg@HGBJAb@F\IRs@L{@XoAPu@L]p@}AZc@`@M`BK`@G^?RG~@G|AYp@@jBOhCc@n@OlAc@jBi@p@Md@DDBlALfC`@fDfANBXLBRA\FJHFL@f@^LPbAv@tItHlCfC`ItGd@h@nAfAX`@p@^b@ZfBdBf@j@x@t@,2,,,,,,Diego Galdino
2,Morning Run,30007.7,10127,10330,66.0,Run,Run,,Garmin Forerunner 645 Music,9858658966,2023-09-16T06:27:08Z,2023-09-16T08:27:08Z,(GMT+01:00) Europe/Amsterdam,7200.0,,,,4,6,0,1,0,False,False,False,False,everyone,False,g13944456,"[52.23, 6.89]","[52.23, 6.89]",2.963,4.947,85.8,20.0,True,165.9,185.0,False,True,51.4,14.2,10567365945.0,10567365945.0,garmin_ping_294842060234,False,0,0,False,20232024,1,a9858658966,ezw}Hmp`i@|BvIlBfNl@jHFjHoAm@k@q@FqBK{AY}@}@{@kAMw@j@U`ADvA^|Ax@lAdBTbA[lBtBRfB`AvC_@fBu@rBW|AWb@mAtEYVi@`BgBbH]rCgAtB}A|HSl@[ZmBtHaBpEQLm@i@}Aa@cAVoBxCaA`@gAvC}AdDe@^uBNy@ZyDvCoAAyFxAoG@gHp@oFJuBt@KVEjFu@zQ]~E[bJ[lDm@h@eFd@Wd@w@^SXGd@cGvBmAtAiBjAg@hAeEzCiB~CoCnGwAnDwGn^a@\oAjBiCv@yBdBuDdK_AdAsLhD{BjAcCh@a@`@cFK_C\gBt@cER{Ei@cCoDwC}Ea@yAg@s@aHqAkAEmC^?iKGyCr@sKjBaKd@uJKeFZiFBmDb@eDDmHZ_CHoH^}DBkBxBb@nEBD|@SpECdF^pAvDrB~@nC^f@bC`A|@CnCfA^?Vn@`@Xp@zAd@pCLnA\VDmAR`AR?`FmGhAgAjBiA~EwElJsFnI{DjE_NbA_CXuAtAsDhCqFx@}ExA{E^sGk@}NDkDQeGS}NGsOMiFMg@qCx@}FxCmG^uAQiAm@cAEkFaBaB{@mMuAyBgBIWrDcA|@KvIwD~GwBzByDjBoFlDgFfDyGQY_BUiIiGaCw@uD_@gC{AMc@dAcJnAsFh@sHXy@pA}AbCaGn@gCA{@g@mDKyCH]hAe@vBKV]Lw@V_Cd@yJ`BeKa@mHc@}Dq@yCk@Sm@q@d@h@ZYJc@AsB]w@y@a@yBFeEfCgA^_@KqFgHsDiDkIuEyOoFeMwF{GwBaH{C}E{A{@o@iFcBiGcD}O{GgEeAsEyByFaBaA_AcBWuBeBiBw@{AoAgB{@i@_EI_FL}BEiBL}EQ}BAyBJ}JdGAnHtADm@pBP\MXaBFeCnA}GXcFE}@NeDnAmHd@}FBgBlAmHr@aNxB_TLcD^wCpAoUZuBC_ATqAr@eBTyD|DkBnCLjBy@fAB|EoApHeAvBs@tBwAnA[hY_NZ?~B~Bf@R|Bq@lFh@bN~CRZl@dJd@bCxFvRpChLjAtFnAbD~GlYx@~B~BpJ\fI~ApKV|C~ChRfAxBC^w@ToAbBo@\eA\cDMGl@rBnUDxJV|IoA|Ng@bIf@fNUd@f@|@^lKLjGCd@g@h@Kd@~@bAbD~ApCxBxD~DxGnF|FtFxCpBvDdEvAt@bPrNfChCX~@hGjBDr@PVxCtBdV~S`EdE~CzBtCpC,2,,,,,,Diego Galdino
2,Evening Weight Training,0.0,3021,3021,0.0,WeightTraining,WeightTraining,30.0,Garmin Forerunner 645 Music,9855303873,2023-09-15T16:23:11Z,2023-09-15T18:23:11Z,(GMT+02:00) Africa/Blantyre,7200.0,,,,0,1,0,1,0,True,False,False,False,everyone,False,,[],[],0.0,0.0,,26.0,True,85.3,127.0,False,True,0.0,0.0,10563837387.0,10563837387.0,garmin_ping_294741387733,False,0,0,False,20232024,1,a9855303873,,2,,,,,,Diego Galdino
2,Evening Run,9433.5,2704,3182,56.0,Run,Run,,Garmin Forerunner 645 Music,9849135431,2023-09-14T16:37:07Z,2023-09-14T18:37:07Z,(GMT+01:00) Europe/Amsterdam,7200.0,,,,0,1,0,1,0,False,False,False,False,everyone,False,g13944456,"[52.23, 6.89]","[52.23, 6.88]",3.489,6.786,81.6,21.0,True,152.5,178.0,False,True,36.0,23.8,10557379871.0,10557379871.0,garmin_ping_294581052409,False,0,0,False,20232024,1,a9849135431,wyw}Hup`i@~@bDh@pCX~Ar@`Gv@lE@b@VhBPbCDrBCfEiBkBAkCMuAm@}@e@]gAYm@Bg@VK^CjA\~Bz@rAjAj@f@@h@QVi@F{ACe@a@qB[c@iAq@oACk@b@Gj@P~Cd@lAt@t@~@RfAc@Ra@Dc@OuB[kAaAoAc@Ss@E_@La@`@G~ANhB^hAVd@\\nAJx@WJQPoA?u@g@_CPRFx@Gc@c@aA_@c@y@_@oAJc@`@Gx@FfBRdAx@xAVPpAHu@Em@So@k@Wi@SoACy@FwAHYZa@l@Of@DvAt@`@bAE@IW`@xAHpBQbAg@b@aAJi@Mk@a@k@}@UoB@oBRq@l@So@ZMVGh@F~A`@hBn@|@n@XpA@j@i@Li@?{@W{BATWu@a@g@eAs@_AAs@b@Mp@DjA\jBx@rA|@j@ZEWHe@Kc@Yk@u@[iAGgCDi@Ti@x@YlAVfAbAPj@]m@^bANz@Dv@InA]d@_BXi@KgAsA]yBCgADy@Ta@p@Oq@XUp@C\LpBl@`Bz@z@`@Jx@Gb@UR]Hi@@{@WqBD`@k@}A{@q@a@IiAHc@^IbAHtAZzAb@v@t@p@r@?uAMg@[a@{@Oq@GuAB{@Pw@\a@`@Ot@?h@Pr@r@Rj@EFAQE@b@fBBl@ChAOb@UXkAViA[m@u@Wo@YcCBgAFWPU`Aa@}@\Sj@CfALzAVdAh@x@b@Zr@FhA]^s@BoA_@yB@Xc@gAq@m@c@SqACWJU`@?nBH|@^lAnAxAh@RHGm@?c@O_@[[q@WsAGuAD{@Xw@z@[x@J|AnAJf@?SWM\~@R`BExAg@v@y@NmAQ}@gAYy@OgA?eADs@Xm@FAWp@E`AFnAPbAj@dAt@d@rAEd@YJUJi@@k@[kCPd@D`@E@o@iBuAkAyA?ULQ\AzB`@tB^t@l@h@rADm@FmAo@_@i@Yq@OcACy@NyATYj@Uv@@jA`@l@rAIRL\g@aBa@c@aAg@oADSVKVGz@DfBNx@Vp@dAlA|@AIDgAYe@a@[i@S}@IsA?_ANu@`@a@|@OvAr@z@hAIA,2,,,,,,Diego Galdino
2,Evening Run,12004.6,4061,4113,90.0,Run,Run,,Garmin Forerunner 645 Music,9843025523,2023-09-13T17:03:59Z,2023-09-13T19:03:59Z,(GMT+01:00) Europe/Amsterdam,7200.0,,,,3,2,0,1,0,False,False,False,False,everyone,False,g13944456,"[52.23, 6.89]","[52.23, 6.89]",2.956,5.175,83.5,19.0,True,154.1,166.0,False,True,67.0,-115.6,10550987603.0,10550987603.0,garmin_ping_294424512216,False,0,0,False,20232024,1,a9843025523,{`x}H}q`i@e@Te@ZeBl@_@R]Fe@j@oAz@o@n@aBjA]\uAt@}@r@gAbAq@d@iEpC{@f@eCj@qBx@gB`@gBp@oAZWJM?EGCM]^[Hk@T_BR_@Lw@NYLi@HCD_@Hk@JoAN{A\YBgGzBmAl@_@HUYYM_@I_A]iAW_Bu@eA[eAi@_Bi@SMk@Yc@Ie@UaBk@wBaAy@YqBg@cDeBe@U]I_@ScB{@]S{Ai@WWQCMFK?_BWQIa@]iCmB}@}@}@i@gAi@cA[e@KmAGwA]]Ou@w@Y_@[Qk@I_@N_CvAsAdAg@Pk@Jc@BYCoA_@g@a@q@e@O[BqBI}AF}CCi@Fo@Jk@Dg@GaAXaC@y@P{@D{@RsA?]S]gA[gAWc@MgAUi@Yy@[mAYk@_@k@YcASgBw@YGoC_A_Bw@mBu@[QWWGc@@[TwAXwAJoBBuBC{FDoBA{DL[@i@AaA@o@?q@Dy@F}C?qAJiFAaHD{@R}AA}CMoE@s@R{E?sGFkCFGN@^TXFlCdAjCvAjA^d@FfAZ^HXL`An@z@R^TjARR{@Dc@Ny@XeAVuA~@uDj@aBMoASi@Iw@SiF]eCm@gDI}@@aBBIMo@GaCn@yDLUr@At@DPFj@Bd@AxBPdATZDrADd@MtAm@zEoCh@SxCaBtBM\M|@ObAGhAQvAK|@K^AJ@LNNh@PlA\hBHx@D|AT|ADJBCD_@NiB?}BLuBLsAHWRONE|@q@f@[TGDHBRYfAm@hBGd@_A|C[p@g@xC[bAIv@OlBGpBZlGHlDH\Dv@AbEBtAJr@VxDG~@CfBBP?`@i@`A@PDL\d@b@^bAd@\F|@f@`@b@d@^TXh@\rAdB~@z@x@l@zAxAx@r@bAn@dBpBbBpAb@`@p@d@vAlAh@^fBdBV\j@`@~AxA~@l@nA~@^^ZT^Ph@b@dBnBT^`Ax@XVz@d@b@Zb@^x@`A^XZ\Vr@NRfCbAh@Jf@FBDDl@FLLHf@F^P~AnA~@fAbA|@rA`AZ\d@ZtBxBd@ZdAz@f@l@NFx@t@VZh@\hA`AZ`@dAdAVd@\Vb@Px@bA^XTH^Xt@t@XNp@t@LF,2,,,,,,Diego Galdino
2,Afternoon Weight Training,0.0,2872,2872,0.0,WeightTraining,WeightTraining,30.0,Garmin Forerunner 645 Music,9842341885,2023-09-13T15:56:43Z,2023-09-13T17:56:43Z,(GMT+02:00) Africa/Blantyre,7200.0,,,,0,0,0,1,0,True,False,False,False,everyone,False,,[],[],0.0,0.0,,26.0,True,85.4,105.0,False,True,0.0,0.0,10550284447.0,10550284447.0,garmin_ping_294412781781,False,0,0,False,20232024,1,a9842341885,,2,,,,,,Diego Galdino
2,Evening Weight Training,0.0,4967,4967,0.0,WeightTraining,WeightTraining,30.0,Garmin Forerunner 645 Music,9836101869,2023-09-12T16:27:43Z,2023-09-12T18:27:43Z,(GMT+02:00) Africa/Blantyre,7200.0,,,,0,0,0,1,0,True,False,False,False,everyone,False,,[],[],0.0,0.0,,27.0,True,70.1,101.0,False,True,0.0,0.0,10543736894.0,10543736894.0,garmin_ping_294256154042,False,0,0,False,20232024,1,a9836101869,,2,,,,,,Diego Galdino
2,Evening Run,10392.9,3213,3234,33.0,Run,Run,,Garmin Forerunner 645 Music,9829810944,2023-09-11T17:53:21Z,2023-09-11T19:53:21Z,(GMT+01:00) Europe/Amsterdam,7200.0,,,,1,2,0,1,0,False,False,False,False,everyone,False,g13944456,"[52.23, 6.89]","[52.23, 6.89]",3.235,6.028,82.6,26.0,True,151.4,171.0,False,True,62.0,45.6,10537128197.0,10537128197.0,garmin_ping_294096958029,False,0,0,False,20232024,1,a9829810944,}`x}Har`i@MHWTeCfA]RQFGIG@eAz@o@\m@j@gAf@[T_Ax@k@\e@j@wB`Bm@f@mAp@sAfAiBx@SLmAVe@PcB`Aa@F{@XK@q@XuAXa@PYDUGMRULiAVi@@cANe@RmD`AoAHoCr@]@]JYAEDETGJYJiAVg@Pm@VcAXSUWMeA[eAUy@[{@e@iA_@o@e@?KGUM]JFTf@[Ee@QyDaAkCcAgAg@iAa@sBi@eB}@qAi@aBu@gBaAi@OoAa@e@WWBc@Cs@M{@m@y@o@o@q@kCcBi@g@aCu@g@Ek@AgBe@_@Oq@c@u@s@CIAe@j@iEPyBHs@Rs@NcAj@iCHcABiAJw@Z_AbAmAZs@b@yAv@gBTy@ViANuA?aAUcBOsBEkCEc@O]UUk@e@Yi@w@sBQ]@i@\y@Lq@NuCBmCNiEHaAZ}AP{@Ts@j@iAXg@hBcCtAwBd@wBJo@BaA@{BDS^k@dA_A`AoA~@aA`@m@v@_A@@KZe@j@SNKj@MJa@n@I@SP_@NYZGJA?l@o@t@iAz@kAh@m@LUXw@Jk@ZkAd@aA`@a@|@c@^[tA{Af@c@d@g@\q@~@qDLy@j@eBr@sCf@aCN_@t@OjCQdBEh@@rAGr@OpBIl@Fl@Np@T`@Cj@If@Dh@LdAUX@l@Id@KlBKh@@l@\jB|AZ`@f@bAx@vBDBZn@Vr@Zb@jAlBbBjCHNTz@Vl@Zl@^l@jA|ArA|Cd@l@f@\x@bAZr@@Hb@l@jAtBb@fAXl@|AtBz@xA^~@~@hBjAfBn@r@t@~A\\X^xAlB\l@x@fAv@zAbBzBR`@`AfA\h@`AlAGGKCEEe@YCM[YSa@Y]OKYc@M]IGPJ|@bAlAbAv@|@z@x@f@t@j@h@T`@XRP\Ef@SZc@^e@T]HIFe@Lc@Ai@BkAEWC]De@Go@BiAK[?m@D]CeB@yAMg@?s@GoBWg@Ci@Am@Hc@A_@Ea@QmAYgAMM@U`@Of@Cv@@FLPb@Tj@P^ZnAt@XTX`@^`@~BrBbBnA^`@b@j@j@f@hCpBpCjC\NR\XPpAlAb@VPX`@d@|AzA,2,,,,,,Diego Galdino
2,Lunch Run,8203.4,2060,2060,21.0,Run,Run,,Garmin Forerunner 645 Music,9819969315,2023-09-10T09:04:49Z,2023-09-10T11:04:49Z,(GMT+01:00) Europe/Amsterdam,7200.0,,,,16,1,0,28,0,False,False,False,False,everyone,False,g13944456,"[52.22, 6.88]","[52.22, 6.88]",3.982,5.536,87.1,28.0,True,164.6,193.0,False,True,49.2,30.8,10526716838.0,10526716838.0,garmin_ping_293858991180,False,13,0,False,20232024,1,a9819969315,cev}Hc}}h@M{AUcAQyAe@oCIQcA[EEQg@Mk@gAMa@Dk@Hg@?GAc@BqBEm@Fe@?eBOc@A}I_AKK]c@{@mBi@cAUi@gAmDUiAQwB?_CA_@I}@o@mEE_AQ_AA]Ii@Go@m@aCSqA]{C}@kE{@wDGy@OeAAw@TkCb@mBL}@H_AVmALeAJ}BPqCt@kHJg@Hq@BaAGcA?sAIeAI_CEyCUyCI{B]{F[oCOy@k@_Cq@mBOaA@sAn@{JJeDHo@XeAp@cB\o@d@k@f@c@RKfAUh@G~@AvAGnCElCa@n@On@IP@hAWJE\]\w@NeB@eAJu@\s@f@i@p@_@p@Ot@Ev@Ad@BfALzA\lBJh@AtE_Ap@FpAVlAj@nBjAl@b@n@r@zAvApAx@ZLv@T`@Pz@RZLr@J^PvA`@XLlA`Af@l@b@x@t@vBR~@T`BBz@@fBN`IN|A^tC|@vCp@bB~BzDh@hAl@fCd@fC^jCTzBpArGp@dIPhEDbA?z@EpBIhAo@tEa@dEC^a@v@Mt@KlHQrCGvCEtAYlGQjBKrCYbEOjDExAOpBChAOzBOrAWnAQ\Ol@Yl@q@rBg@|@{@pAs@l@w@Za@@}@L]M_AGi@K]EK@s@Ke@Ok@Ym@a@k@Mm@?e@Fq@^y@~@YlAMlAIlAWzB_@lAYn@o@lAsAlAi@Za@F]COEeBUqB@]AMMEYSeCAYB[D[HWj@iAb@yB,2,,,,,,Diego Galdino
2,Morning Run,28011.1,9345,9918,44.0,Run,Run,,Garmin Forerunner 645 Music,9812970079,2023-09-09T06:33:52Z,2023-09-09T08:33:52Z,(GMT+01:00) Europe/Amsterdam,7200.0,,,,1,2,0,1,0,False,False,False,False,everyone,False,g13944456,"[52.23, 6.89]","[52.23, 6.89]",2.997,4.642,85.6,26.0,True,152.0,169.0,False,True,48.8,23.4,10519327713.0,10519327713.0,garmin_ping_293693877893,False,1,0,False,20232024,1,a9812970079,gzw}Hop`i@j@~CnAvE`AzFpA`J\jFKpCZjDbAbEE\dA~AhAbClAlAlLjBbJ?f@NTx@t@|IZbIx@G|AxB|@t@d@LvCK`C^~AUnBkEd@cBTqDXg@@i@b@{@Fq@P_@fAo@~AG`Cn@v@j@lBl@bB?~@]hAEn@]b@e@jCkD^kAGy@|@sFZaIGe@Pk@RyGtAmSD_DPkCAwCRoDbAoGHqBn@cEBmCOa@?_DLOKkCiCyQaBqIu@mCgDgGwAuD{@cHWsGKyFa@cDQi@iBuD{@{@iBg@OcAyBU}BaAiBqAqAcByByKqBgFk@cCgC}E]aBc@mF@cBh@uMb@gGh@yQR}DXgA?uAP_Cr@eS@uGJcEZsId@eJDuEf@wJJsKZ}FPyIZyCLkSn@{MNq@JB@kINkKx@Vg@m@AuAf@aLA{B^}Ll@cGQ{I?o@F@K_Cb@cKDkKP}BDsCSmHPaHVaECkCq@MgDnAcEv@eGK}BXmDKsAk@_FTeAa@yCkBI_@TiB?{@gEwGqF_JyAcD}DkHy@wBy@cGcAyCsAwBiAsCuTcb@mA{CeCiEyDoPgB}E_Ik[cDyJyBeD{GkFkBkAkDsAgHuDoBmBuGsIoBSqBpAa@CcHgDkMcCoB@kBj@}BVeFc@a@MWi@]KcF\_EEgEd@iEDs@U{MfGaE`@ORGdAmDzD}@l@]`AwAfC{BhCqE`A]Z_B~C{@|@@h@UxA}BvHsEtL{AvEu@~AoD`NqBzIi@rCs@l@Cp@Hj@GnA@xAq@tDeBrG`@dMLr@OxCPtCBhI|@|\LbNXdH?~C{ChHGhBUf@c@\c@?{@m@YAoA|@Qh@kBlCKl@Y`DBjGArBVxCNrCT`A~CxEpAfCAVkAvJSlDg@xCm@dB_@vBKzAeAdGAxCq@fIAzDW|F[zFi@`EEnBa@jECnDF|@Y~Aa@dA_ArJ]~@K|@QlEWlBy@`L[dB_ArO]`BIlFSdB[l@_@vBw@rMMl@WlDm@|E@vAPTdDp@jAEtBb@hClAhExCvFvBz@z@|D`CfChApCfAbFxAlAz@vDpArJfEZVK`AZdAbAThCdBxAp@xD~C~GnE`EnB~B|@nA`A`NlHnEbBbIhE~Bh@b@xBpCzGnC`Fx@l@n@bAfHtErB|BdJ~HfDlD|H~Fp@dAdHxFdAxAtBnApAhAbBfBnDlC~@bAFt@^VtDv@d@|@lFjEjRnPdMjL,2,,,,,,Diego Galdino
2,Afternoon Weight Training,0.0,2279,2279,0.0,WeightTraining,WeightTraining,30.0,Garmin Forerunner 645 Music,9808141741,2023-09-08T12:28:28Z,2023-09-08T14:28:28Z,(GMT+02:00) Africa/Blantyre,7200.0,,,,0,0,0,1,0,True,False,False,False,everyone,False,,[],[],0.0,0.0,,27.0,True,75.7,96.0,False,True,0.0,0.0,10514252883.0,10514252883.0,garmin_ping_293562308629,False,0,0,False,20232024,1,a9808141741,,2,,,,,,Diego Galdino
2,Night Run,10076.1,3449,3577,35.0,Run,Run,,Garmin Forerunner 645 Music,9804779224,2023-09-07T20:34:16Z,2023-09-07T22:34:16Z,(GMT+01:00) Europe/Amsterdam,7200.0,,,,3,1,0,1,0,False,False,False,False,everyone,False,g13944456,"[52.23, 6.89]","[52.23, 6.89]",2.921,5.75,76.5,24.0,True,144.8,164.0,False,True,41.0,31.2,10510693659.0,10510693659.0,garmin_ping_293462413715,False,1,0,False,20232024,1,a9804779224,efx}Hglai@k@UKKc@Wi@Sm@_@g@_@IQw@q@Y]qAm@e@a@E?Om@[e@_AcAcByBg@a@Yk@yAmASIkBwAe@WyBmBQ[a@U_AaA[q@i@u@OKw@eA_@[^Lp@f@d@`@l@^lCbChAz@`AhAT\TP\N`An@h@`@h@t@l@Xh@`@fAx@h@l@`BlAZf@Ph@XTXb@Pn@l@Fb@Xd@`@z@h@\\bAvA~@`Af@BNFLCJJ@NR`@VJhCjChAz@sAeA[IgAi@u@g@c@c@c@i@_As@g@k@uAqA_BkBKBGKC]EGGAQQi@IO[AGPPICIJSE_Ag@k@g@c@{@_B{Aa@o@q@c@k@i@gBcAo@e@yA_AKU{AcBcAw@E][c@Me@_@e@QQICYe@m@YWYUGVAVPJXf@TfAbAPTl@`@zA|AjBtA~ArA\d@tAlAlApAvAhALFTFFHBFFFTFPLd@l@TJFPTVZNANHJBCyByA{AmAaBuAo@q@qBsAeAaAs@_@i@c@cAcAw@q@k@u@i@gA_@[Q]WQQWk@S[]COQOEKA@?Jb@Nf@v@VRRF\Vt@t@n@x@vAzAd@Rn@l@^Rl@x@RRbA|@bAv@RT|AjAx@x@FHf@ZPDVNDF?HNVTTh@V^Z@HmCkBkA_A_EkDk@q@{FyEwBwBS_@@Mq@[WY[g@m@U?QQIKk@UE@H^Zt@bAhA~@j@n@|AxAZf@dAh@lBlBzA`AfAz@n@p@h@n@f@d@f@TLRl@TX`@d@XBPTLJP^PDHK?{@g@sB_Bc@c@mDoC_AkAg@[mAeAkAqAe@WgA{@Wg@k@s@CQGKe@Ua@a@UGIOY_@KCIKKG?CQi@MGGFFP\Nf@p@l@`@h@p@RPnAvApFhEb@Xp@j@nAlAZb@`Az@d@\\JPNNZ`@Z^j@b@FRHXXJBFL@JSEkCsBu@e@k@c@gBaBs@g@QWmAkA}@q@_A_AqAaAmAmAc@q@OMIUy@s@GKMICIYWUKI[]UQCGDtA~@rCfCx@l@VZ~BxBzA|AxBhBd@f@vAlA\ZDAm@i@KOUK[a@]OWUUa@CZBBj@\XV|CzB^Tl@h@zB|Br@h@`AbAfAl@~AlB|@x@,2,,,,,,Diego Galdino
2,Evening Weight Training,0.0,2547,2547,0.0,WeightTraining,WeightTraining,30.0,Garmin Forerunner 645 Music,9796668678,2023-09-06T16:53:40Z,2023-09-06T18:53:40Z,(GMT+02:00) Africa/Blantyre,7200.0,,,,0,0,0,1,0,True,False,False,False,everyone,False,,[],[],0.0,0.0,,27.0,True,84.9,102.0,False,True,0.0,0.0,10502185699.0,10502185699.0,garmin_ping_293268241235,False,0,0,False,20232024,1,a9796668678,,2,,,,,,Diego Galdino
2,Morning Run,10139.2,3286,3314,16.0,Run,Run,,Garmin Forerunner 645 Music,9792883200,2023-09-06T04:46:55Z,2023-09-06T06:46:55Z,(GMT+01:00) Europe/Amsterdam,7200.0,,,,0,1,0,1,0,False,False,False,False,everyone,False,g13944456,"[52.23, 6.89]","[52.23, 6.89]",3.086,4.1,85.1,19.0,True,152.8,176.0,False,True,59.0,44.0,10498189530.0,10498189530.0,garmin_ping_293182663925,False,0,0,False,20232024,1,a9792883200,o_x}Hcq`i@WT{An@EAe@Pi@Dk@Ni@HOLQ^[^_Bv@SVc@Xm@`AWXe@TeCdByBpA{Ap@iAn@_@V_@\c@NEA]TW@eA\iClAyAv@sA\o@LYJKEKQODQViA^mBNeAf@e@XiA\Q@s@V}A^aBd@a@P]@e@ZmAf@a@XYLiA^]?_@w@_@_@i@[_Cy@_Am@_@OoA_@kAu@yAi@_Aa@c@Oe@UqCu@k@SwBiAc@OmCy@_B[iAc@i@Oe@Ui@Mc@Qe@c@GCSC[De@Cg@Sa@a@o@a@a@[]_@IE_DmDa@_@c@Uc@MwAO_BFmAa@w@a@[a@YW[i@A[FcBZgE`@}Cr@eEb@mETu@Zg@|@iAvAoDRo@^}AVyA@w@Ky@Ey@E}@EcCGw@Mg@Ui@o@gAWs@s@wBEe@ZaBHaAJ}BHmFRmCXuBRw@~@_C`@s@tCcE`@{@T_AJm@T_EPs@hBiB|CuDr@uAh@oBl@qAZY`C_Bl@k@hAqAXa@`@}@Tm@nA{Ef@{AXeAr@iEFGpAOp@AjBWdCEhAKr@Ch@Db@MlALd@?n@C^DjAK\Dd@CjAAf@Cj@D`@Cf@Ar@Fj@NdAv@|@hAj@fBZx@L^`@|@RV|AtCdBxCZl@ZdAt@vAvArBxAlC|@dAVNhAjBZb@LL~@bBt@dAb@r@b@h@pA|Bt@`B~AxCOBh@l@^h@v@r@v@fAx@rAv@xA~AbCVh@Xb@zCvD`A`B`DlDp@~@v@x@DL@RIf@a@^c@\c@Nw@R_CFi@EkCCm@IuA@y@EO@gBAq@GsCKeAQ}AFq@K_@DsBa@y@Io@Ag@Ka@YMEaAKK^?FxAbAdB|An@b@nDzCfAbAdAr@f@h@hA`Ab@b@tB`Bn@n@t@j@d@h@bCvBrCzBhChC,2,,,,,,Diego Galdino
2,Afternoon Weight Training,0.0,3138,3138,0.0,WeightTraining,WeightTraining,30.0,Garmin Forerunner 645 Music,9788859560,2023-09-05T14:44:12Z,2023-09-05T16:44:12Z,(GMT+02:00) Africa/Blantyre,7200.0,,,,0,0,0,1,0,True,False,False,False,everyone,False,,[],[],0.0,0.0,,25.0,True,82.2,109.0,False,True,0.0,0.0,10493990295.0,10493990295.0,garmin_ping_293084285665,False,0,0,False,20232024,1,a9788859560,,2,,,,,,Diego Galdino
2,Evening Run,10730.3,3379,3463,22.0,Run,Run,,Garmin Forerunner 645 Music,9783151264,2023-09-04T16:51:27Z,2023-09-04T18:51:27Z,(GMT+01:00) Europe/Amsterdam,7200.0,,,,0,2,0,1,0,False,False,False,False,everyone,False,g13944456,"[52.23, 6.89]","[52.23, 6.89]",3.176,4.648,81.5,24.0,True,144.0,163.0,False,True,66.2,47.6,10487980137.0,10487980137.0,garmin_ping_292934094355,False,0,0,False,20232024,1,a9783151264,w`x}Hgq`i@oAb@_@HiAd@_@^GGK?WXy@h@k@p@[RSVoBzA}@`@c@n@i@d@]f@y@t@u@x@a@XmBj@a@ZgA^c@?kAZYLc@^i@PeAd@y@d@_@VmBPy@?WBMKE@i@Ps@Fk@P]F_@P_@F_@@[D_@Lc@BoBl@oDt@[Pe@NONEEFBQPUNmAb@iAZo@Zi@PQU[SmAc@]Ga@M[SaA_@e@Wa@Ia@OYUIWMg@Wo@BLJRDDDVk@CyBg@kAe@m@M{Am@uA_@cB}@q@Sq@_@}CqAk@QyBkAkD_BuBGc@Ui@e@u@g@kAaAi@q@{@g@_@]}Bu@c@IgACi@Iy@[a@M]Q{@u@Ui@Bw@^gE`@wCl@gDVoCDwAJs@`@cArAwA\m@t@wBZq@t@{CN}@@mAGqAMsAA}@GoAO{@M[k@u@j@|@Ld@BTB@B?j@e@d@Ka@NIHg@ZKACGM_AMYa@k@{@{Ai@cBGa@B_@R}@XiCJ_FHu@TsD`@yC^qA^{@rCeEbA_B`@sAPeCDgALy@P_@NQbAu@j@g@l@o@jBaCZo@f@mBp@{BDERUvAo@b@Uh@a@xAwAf@w@l@aBj@cC\gAl@qCLYjAmEFOr@GtB[dCGf@Fz@ApAQl@Eb@KxABJBFDCDaA@o@COF]EaAA[J@Bv@Ax@Kx@Sh@@VJj@DzBC^GTAh@G^F`@JvBChAJ`AVb@Xl@p@f@t@t@tBdAzB~EjIXr@XbAZj@pAnB~@nAd@bAl@|@`Ax@`@p@v@|@j@v@l@h@hAtBx@pB~BlEXp@n@pAbA|AXXb@j@nAnBt@fA`@Vj@n@Zv@dAjBh@r@b@v@d@l@nBvCRNHP?HQKE?EIWQa@a@OUCOU[GCS[_@]CQUQAIBED?NTRNvAvB|AbBnBhCd@f@nA|AAh@WVk@`@_@J{@Lw@CaCNi@C}A@m@Ce@Gk@Bg@CaECk@Em@?i@EECw@CYOc@Jk@?o@KmAG[EmBc@mAMg@Mm@Ic@MIDEPDVbChBlAbAz@z@vApAvGrFzBrBjBvAhC`Cd@h@lA~@h@\Zb@HDXFJHp@`ARHFFrAxA,2,,,,,,Diego Galdino
2,Morning Run,26244.5,8724,8730,44.0,Run,Run,,Garmin Forerunner 645 Music,9766189055,2023-09-02T05:39:04Z,2023-09-02T07:39:04Z,(GMT+01:00) Europe/Amsterdam,7200.0,,,,6,2,0,1,0,False,False,False,False,everyone,False,g13944456,"[52.23, 6.89]","[52.23, 6.89]",3.008,7.0,84.3,19.0,True,167.2,185.0,False,True,60.4,31.2,10469986419.0,10469986419.0,garmin_ping_292528080554,False,3,0,False,20232024,1,a9766189055,azw}H}o`i@rAvFt@fFfCxRArCTfEXnB`@rARb@Bd@cAxCyA`H{BpFmAtDgAjFcBlFeEfP_A`CcAtDSxAuC~J_AnE_AfDyC`JqApFwB|GSh@sAvA_AjF}E`Ow@bDwAbEy@bDeDpJc@lByGfWe@lDoAlDy@nC]vBg@tAu@w@_NsA{FuAyZkCsDHaAVaGbDmAXoCjBsE~Ku@n@mB`AcHbB]ZsGlCsD?sBPkAKg@FwBz@eDd@{Ca@uAi@[[wCgGcC{Ec@Q{FaAkFHGg@@yEK}C@kKhBuJ@wBr@qEJcBHaRXcBTkE\cDL}BB{A?}Cj@mJMiEiAcNIy@c@cA`DoPf@sDNeE?yCMcDAkDUI?a@hAgI^oEGe@oB_GgAqAsAaEuHzDeDhAYKKSUgCPaATsNx@kFd@uEEmBp@iA^aCG}@r@yHOeADq@XwB\sEMcBiA_BCm@?}Dd@wDOo@YWEa@l@uIl@mDvAuCRcB?iCJy@^{Ax@wA`AmF\DnAx@dEpA`AgFD{BGyAFaCI}@@oAZwGI_ERsQAuLb@qRBeKPaa@Hk@WgDc@yA[e@v@xAV|@JB?oGHkDk@i@RkAGw@Y_@w@LaBk@qOgG}DmBeAM}Au@oGuBeGyD_B_@}CyCwBgAkCy@oI_AQy@IsBj@cJ`@qCx@aKv@{G@eCh@aFViGR{AHmBb@kBZ{Dx@mEVqEh@yFF_Ed@sCb@uDJ_F\eD^uIj@yCHyCLs@T{QNmDd@gB`@_Dt@{Cl@yEn@_DHuBhBqL?_BV}ANgCn@}DhC}Ez@iAp@yA^_@lAyBz@}@|Am@zEo@|B@lAi@rC[~@FhAYvCQvDmAzA?dCm@zHq@vBk@H]n@b@l@z@bDhGvBjIdAzF^rFfAbXBtIl@pR@hBb@vFx@|FzChLfE|PrD|LnA|GbDxMtD~LbAlFJxDVfCfBhLn@pFd@nC^~Dj@jCl@rAJx@w@Pg@XI^aBnAk@LoCYUXAR|@tLV~AFpAZ~BBz@EtI\lFMjDM^k@bHo@~L^vI@jCR|A\pFLtEI|CHl@q@l@E\H\r@r@lCxATh@dE`DtAfBnHhGxAzAlBtA|FrFfIvGbEdElHjG~@`@|@|@Vd@DZdCnArBRN|@DG`@l@tDfDh@Tt@|@f@TlB|Bx@`@vA|Ab@L~HxGjB|B?RNNtAv@x@Xf@v@lBbB,2,,,,,,Diego Galdino
2,Evening Weight Training,0.0,3877,3877,0.0,WeightTraining,WeightTraining,30.0,Garmin Forerunner 645 Music,9763481964,2023-09-01T16:46:35Z,2023-09-01T18:46:35Z,(GMT+02:00) Africa/Blantyre,7200.0,,,,0,0,0,1,0,True,False,False,False,everyone,False,,[],[],0.0,0.0,,25.0,True,70.6,117.0,False,True,0.0,0.0,10467080212.0,10467080212.0,garmin_ping_292440040665,False,0,0,False,20232024,1,a9763481964,,2,,,,,,Diego Galdino
2,Evening Run,8808.0,3126,3210,31.0,Run,Run,,Garmin Forerunner 645 Music,9757038250,2023-08-31T16:16:50Z,2023-08-31T18:16:50Z,(GMT+01:00) Europe/Amsterdam,7200.0,,,,3,1,0,1,0,False,False,False,False,everyone,False,g13944456,"[52.23, 6.89]","[52.23, 6.88]",2.818,6.189,74.0,21.0,True,135.6,158.0,False,True,32.8,11.6,10460293302.0,10460293302.0,garmin_ping_292272911841,False,1,0,False,20232024,1,a9757038250,azw}Hup`i@hBjHh@jEJvA^vCf@hCRtC\hBJ~ECxAQCaA_AWg@GiCSeBO_@k@w@iAWc@Ba@RUh@Gn@LpBT|@Xf@Zd@^T|AFZYTo@AmBIu@Uw@S_@g@g@e@UeAEa@LQTOfA@p@HbALp@p@lA`@ZjBFRKXm@Bo@Eu@_@eC]k@c@_@e@O_BPY`@Et@@|@NjAPp@|@fA`@VlA@ZO\o@ERUR]RiA?e@Sa@a@m@yAK_A?gANgAb@a@f@OfAPh@`@V`@ZfAJr@@t@IjAIRQZi@Xu@Cu@a@a@a@[k@UkBEqADm@Xg@RInAKlAn@^n@V|@LdA?bAMr@[d@QJq@Jg@Ea@SY]i@eAUu@E}ADu@Xq@z@_@fAJ|@z@Vh@T~@Hv@@hAGh@Q`@WTm@NkAKk@i@c@}@[cAGy@JuAJe@d@a@\Kr@Hb@Td@d@n@zANzBI`AQZg@`@aACy@c@a@k@a@uAQ{A@g@Ju@P[^Ud@Er@Fp@^|@rBLjA@dAEZWh@[T_ALk@Mm@e@]c@GYUsAIsAAw@FS`@e@t@Sh@@x@\d@n@Tl@XzBGzA_@j@WRs@JmAa@]_@Q_@Sq@MeAEcBD[HW\a@nAO|@`@|@lA\lBAjB[l@g@^o@Bu@Uj@Pb@?p@URWJk@?uAOkASk@e@u@y@g@iAKu@b@Kl@@v@LfAXzAP^PVb@Vp@Nt@Ef@_@PiACqASuAYu@u@m@uAQ}@\Sl@BrBNnATr@f@r@b@\fAFn@c@Vk@@[BeBYaBO[g@i@k@]}@Aq@V_@n@Ct@Bt@N`AZ~@\b@l@d@bAL^E^WHONo@CmBMi@e@mAu@q@oAOi@L]ZKp@A`ADj@VjATj@\`@^Vp@Lf@E`@OXYH[Dy@Ew@SkAWk@c@i@_Ai@i@Ae@Je@\GR?d@TtCLb@j@dA\Vb@JlAMRQTk@F_BY}Bc@w@}@g@uAG]LUTEXCx@NhBNr@\x@d@n@XJ~AE\UJYF}@C}@MaAc@oAQWi@[mAQWD[PSVGVBrBJ~@Tr@x@dAdAVn@IZUV]?e@,2,,,,,,Diego Galdino
2,Afternoon Run,10005.4,3312,3454,19.0,Run,Run,,Garmin Forerunner 645 Music,9749988667,2023-08-30T14:31:56Z,2023-08-30T16:31:56Z,(GMT+01:00) Europe/Amsterdam,7200.0,,,,0,1,0,1,0,False,False,False,False,everyone,False,g13944456,"[52.23, 6.89]","[52.23, 6.89]",3.021,4.349,82.6,22.0,True,157.5,181.0,False,True,63.6,45.2,10452789702.0,10452789702.0,garmin_ping_292098495427,False,0,0,False,20232024,1,a9749988667,eax}H{q`i@i@TYNgBv@o@`@C?QYC@_A`Ae@^[b@s@j@YAODg@h@a@h@aAp@aAbAYNQRi@Z}@v@gBfAaAt@e@XgAXa@Dc@N[PqA^c@TOBkBz@gDv@MECEU\IH}@NUFo@Dg@?c@PaBh@i@Jc@B]FOHm@Rc@J{AT_AZ_@?EC?IQP[PkDzAq@VMAc@_@WQa@OsCw@e@YkCy@{BaA_@EoA_@}@[i@]iCmAkDuA_Ae@gA]{@a@]IgDeBe@MmAg@KOMGYFYEg@?]OeCuB}DwC}By@e@G{@?gBa@a@Yk@s@WQ_@]CSBi@d@cGN}@p@wCL}AFWF{@BaBDq@Lu@Xu@Ze@POj@iAXc@Pq@~@sBb@}ANu@H{@Iy@GWU_DDqBGq@k@aA_@[]]Wc@w@yBGa@Fe@Tm@Nw@NcCd@{GLkCNsAZgBVs@d@cA|BqDV[r@sATk@Ny@JeDJu@Xq@vBaCbAsAh@e@z@wAj@qA`@oAf@cAPS|B{Af@c@d@]b@c@j@eAJ]V_@To@p@aCl@iCRs@`@s@Ri@t@aDRKd@GbAIp@EfCIr@G\Gf@Cr@@XEzAK~AJJDZB^C^@\CVM\B`@Hd@E~AJjAOX?d@LN?f@PPJ\X\^x@|ARt@~@bCTr@Vj@vBpDf@t@Z^Tb@l@`Bj@bAXZz@|AXl@h@rAz@z@j@PtAlBZ|@Zj@v@lAx@zAX^nBdDx@jB\l@\j@\b@t@pAx@z@Vj@rAnBVd@n@r@PPhBtDVV`AxAzBpCHRRRRLn@n@Xf@bAhAv@t@h@|@BPAXU`@s@n@g@LiA@g@D]HeAD]CsCEc@Ec@Bi@IcCI]Be@@sAMaAAaAI_@U{@J}BKMI{@[_BSa@Oc@ECDe@C_AK]@EJ?RJNdA^r@h@`@b@bA|@n@`@b@b@v@n@`AlAp@h@`@Nv@z@l@h@r@h@X^t@j@^b@z@r@VV\h@TP`@f@`Al@dA~@RLvAvAXT\PxBpBPVTR,2,,,,,,Diego Galdino
2,Lunch Weight Training,0.0,9062,9062,0.0,WeightTraining,WeightTraining,30.0,Garmin Forerunner 645 Music,9742188704,2023-08-29T09:22:50Z,2023-08-29T11:22:50Z,(GMT+02:00) Africa/Blantyre,7200.0,,,,0,0,0,1,0,True,False,False,False,everyone,False,,[],[],0.0,0.0,,26.0,True,62.8,126.0,False,True,0.0,0.0,10444472651.0,10444472651.0,garmin_ping_291908884392,False,0,0,False,20232024,1,a9742188704,,2,,,,,,Diego Galdino
2,Afternoon Run,10755.0,3219,3361,18.0,Run,Run,,Garmin Forerunner 645 Music,9737712188,2023-08-28T15:59:56Z,2023-08-28T17:59:56Z,(GMT+01:00) Europe/Amsterdam,7200.0,,,,2,1,0,1,0,False,False,False,False,everyone,False,g13944456,"[52.23, 6.89]","[52.23, 6.89]",3.341,5.227,80.1,21.0,True,149.8,187.0,False,True,62.2,45.2,10439786563.0,10439786563.0,garmin_ping_291784553670,False,2,0,False,20232024,1,a9737712188,uax}Hyq`i@u@h@iBn@k@\G?Mi@WVUHMNc@ZGHOZk@\Y\a@\y@j@m@X_@LaA`A[d@]XkAxAa@X_@Pa@L_@FMFs@^e@b@a@PG?a@JQN_@Jk@ZaAZaA`@u@Va@T}Af@m@Hk@LWBAEJBIBa@XUBi@AyATgAZcAPi@V_ANi@Rc@H]Le@Jq@XYAgA\EGF@GH[VqAf@cAf@{Aj@EAKKU_@YSqCgAy@SaCgAWOa@cAEUP`@@NJPi@Ki@SqBi@gEaBq@a@YKuAQeAi@{@[c@Ye@Qe@]wBy@q@k@g@Ue@Mq@Oa@Os@e@WD[Ee@Ak@Mu@c@g@g@gAaAy@}@i@a@c@[i@Um@OGMJCH@JBJHT@?BICHFcAWy@Ms@Ck@Be@IsAg@oA_Aa@a@CGKk@@o@ZeBNcBTuAJkAPgAZiAJ{@JmCLaA\aA`AuAf@e@|A}DJ[b@}B?_AMuCG_EI_CEAHFBFJp@T@IBM\GqAGYKOiAwA_@w@m@cBKw@T}@TgBBc@@iCDmAPw@TqD^sCVcA^}@Zi@n@s@Xc@|@gA`@q@Zo@T{@BYJaAHyCRcAJQxBwBd@]jAiAj@{@e@`AMJERQTIBhAyAr@qALYj@mCTm@\e@DG~@c@d@YbAu@h@o@dAeA`@o@\kATy@bAsEXy@Zs@~@cEHQJGlAQtBSjDEd@Gb@ATB|AILEZA@Ce@TE?AGC?e@L_@@JF~@GjB?d@Cz@Fr@Gb@Ix@C\D`ADt@I`BCd@Jn@`@pAdA^j@^|@^r@\z@Xh@zAhCtB~Cz@lB\lAx@tAlBlC|@dBFRG@IIaAcBBNNVrAjBb@XZXbEbGz@`BdA~AvArCZd@b@fA|AnCf@\\^bA|AnA|Bl@|@z@dBfE~Ff@n@n@`AJJR\ABC?_@]GUMEIOYQBID@p@p@f@r@vAbBzBbCFTCt@W^e@XSFe@Fe@Bm@HcC?uDMe@Ak@BoCA}BYc@AmBBi@Gi@Fi@Cg@Gg@Oe@GuA]c@EWFWP[p@QTA@IGG?KIA@DLPT`@^xA`Av@x@dAt@zArAb@XzBdBZ^rBpBdCpBlBjBhBvA`B`Bd@\j@f@n@x@v@t@,2,,,,,,Diego Galdino
2,Afternoon Ride,9302.4,1689,1800,17.0,Ride,Ride,,Garmin Forerunner 645 Music,9736826913,2023-08-28T13:59:54Z,2023-08-28T15:59:54Z,(GMT+01:00) Europe/Amsterdam,7200.0,,,,10,1,0,1,0,False,False,False,False,everyone,False,b12624991,"[52.26, 6.79]","[52.23, 6.89]",5.508,7.325,,21.0,True,121.0,140.0,False,True,18.8,1.0,10438856017.0,10438856017.0,garmin_ping_291765342614,False,10,0,False,20232024,1,a9736826913,_j~}Hctmh@TAZUfAoAp@}AH_@Xg@b@a@R]HYv@aEhAsDV}@Fq@He@^a@`AuDxAgHZcAt@mDv@sCt@uFLe@tCaJLe@NsCBMTs@r@iBn@sBV_BNyATgExAyEz@oBfA{BnGyKv@wAl@kAn@gA~DoIjAqBdBoDh@{@`BwCr@yAt@uAn@uAlCaFt@iAbE}HfDcG|@iB`CmEjA}B`F_J`CuElBkDhC_FVm@p@iAvDeHtDmGlE_INYPaARk@jBwCdBmDRe@Gk@GUIe@BOBMlAeCrHgNjCiFbA}Ad@a@HKnBsDn@_AjEkIt@iBz@cBdAkBhEcHr@gBXcA\u@jAeAVc@fAmEn@eAnAaAj@q@tB}EnAeCxBaG|A{C^o@fAyArBoDfCcDx@}Az@iBhAoChAmDpAyE?[Mi@B]b@uALoA@s@Es@u@mGSyBESD_@C[K[YkB_@kBYyBSqBGqB?oBXuFPwB?]CEOEUEcBMmCGy@GkA?sBc@iBEeAU[OSO}@y@iB}Bk@_AQe@Hi@Rk@fAqDl@gCvA{EBMhA{DVq@AF@EHg@@[Ey@I[Ys@I][aCG_BCsBOsBy@gHc@yCo@oF]aC]}Aa@{A,2,64.1,,,False,108.3,Diego Galdino
2,Afternoon Ride,8457.9,1552,1607,0.0,Ride,Ride,,Garmin Forerunner 645 Music,9736485969,2023-08-28T12:59:45Z,2023-08-28T14:59:45Z,(GMT+01:00) Europe/Amsterdam,7200.0,,,,6,2,0,1,0,False,False,False,False,everyone,False,b12624991,"[52.23, 6.89]","[52.26, 6.79]",5.45,10.812,,27.0,True,120.9,143.0,False,True,50.8,0.0,10438495799.0,10438495799.0,garmin_ping_291757244422,False,5,0,False,20232024,1,a9736485969,mxw}Hum`i@Fb@GPB\Pl@LjAz@~C^rC\fBZ|CPxBb@lI?p@FbBX|Bb@hBNZ@JGXsBfFeAvEcBpFa@nBUt@y@`EeCrJiE`OSd@[VK\w@vCUbBI\Sf@o@rAkAjFoAvEKf@]dAcAdE}AbG{@lCc@bBk@xAeApDQVsAx@MTQ~@KfAMn@iAdE}CzJc@fBs@|BkAzCKj@Ip@w@vDu@vBm@hAu@lBYz@m@xCIV@EC@WjAu@hCmBvH]lB}AjGsAbFa@jBg@hBu@nD{@pDSp@?j@WfAc@|Cc@fBg@dB_@~BcBrFsBhFmKzTm@dBiBlE{@~AoD`I_B`Da@dAm@pAW|@]h@k@fAwApDkArBi@pAo@dA}E`Kg@xA{@jBcBbEw@dBm@`AY`AqB|DwBzEwB`EgAbC}@zAiAtCkAvBu@rB{A|CORc@bAGH]VCFB@CAINYl@EJGz@KXaAbBy@dBk@tAc@v@Sh@Gd@Oj@aA~BaEzI_DtHoBpDe@nAq@rAk@bASh@y@fD_C|HWn@APFTDF|@x@|BfCZb@Jh@JLDATFx@@vBhAJBnAIdBp@XNNNRb@Ll@@`@Oz@a@lAKh@cAnDi@lA_@dA}@vAOn@g@vAg@~@QR[NIG@EIBJ@RFXN,2,50.7,,,False,78.7,Diego Galdino
2,Morning Run,12009.4,3975,4001,30.0,Run,Run,,Garmin Forerunner 645 Music,9721827610,2023-08-26T05:45:02Z,2023-08-26T07:45:02Z,(GMT+01:00) Europe/Amsterdam,7200.0,,,,3,2,0,1,0,False,False,False,False,everyone,False,g13944456,"[52.23, 6.89]","[52.23, 6.89]",3.021,4.125,84.2,18.0,True,154.9,179.0,False,True,67.6,44.8,10422934706.0,10422934706.0,garmin_ping_291387904272,False,1,0,False,20232024,1,a9721827610,sax}Hkr`i@YJYT_@T}BfAWPW^WToBnAWZoFzDc@VcAz@sBlAoB~@_@XwD~Aa@V_@LWNiAXSJ}@Xe@Tc@F}A`@WLm@PmCTiA\a@@_@F}@^q@Ng@Ri@Fy@\i@Lm@\s@VK@WLsC~@kA\Wc@i@[a@Ms@]QC_Bq@}Au@}@YSCi@WgA[e@UoDqAwAs@]Oq@OkAk@{Bq@cA_@eAm@}@_@qAs@mD}AYKa@@eAO_C_BaA}@e@k@SS}@i@eAc@eBc@iABe@Ig@O_@Qs@c@Wa@y@i@a@K]Hy@ZgDpBc@Zs@Lg@B]CYKWSu@a@o@i@EQCaABs@EcA?w@Gw@G_CTcGJ{@R}DRaABu@OSkA[eBo@mA_@iCq@{Ao@oAYeAa@cAe@iBk@[MkAq@a@Oa@S_Am@e@e@Ie@FaALiAHcBGwD@cC@aAHiALcD?sCPkFGmFBgG@u@F{@@_CLeG@yDCcAFwAAoBFgCB{DA{ADmBBCV?fAd@f@Ll@Vb@V|ExAf@RXRdBz@`AThBf@z@h@LGfAmE^}Bf@kCRs@Rk@@SKeAOmD]eC_@iEc@gH[gBEy@?i@P_BRcANSJAtA?v@F`ABlALt@B`@HrBXj@A|@g@jB}@lB{@\In@WlAu@pAk@h@I|A]x@GtAWxF_@TFRr@d@rCHr@ZfEHVJ?t@kBX}At@qCd@mAr@cCBYAEEAG@QLe@TQT?FGLMLK@WNU\Gt@SrAM`BA|AYtBCxAc@tE@bARvDNrEHh@Ah@MNAF@DFGDNPPDp@@z@@xBD|B@rBJhEAj@CNU\Kh@?THPPVVLf@NfAj@l@LjA|@JLv@p@dBrB\V|AdBh@b@`@P|BfBt@z@t@v@l@^Xd@VVh@\bBtA`@TrA`AbBhB\d@x@j@dA`AZPVRl@ZPXhAx@b@j@Z\Zd@`@^n@^HH^T^`@\RlAnA\Nf@b@h@T`@`@JVFDPlA\NhBb@\L`BXDv@HPhCdBd@`@^`@\^l@|@VRJB^Vx@z@x@p@bAbAjChB`@`@Zf@VVbAt@^^f@Xf@n@TP^b@`Av@RV`Av@TZbBdBLV\^nAz@,2,,,,,,Diego Galdino
2,Evening Run,8474.9,3122,3122,57.0,Run,Run,,Garmin Forerunner 645 Music,9713291123,2023-08-24T16:32:32Z,2023-08-24T18:32:32Z,(GMT+01:00) Europe/Amsterdam,7200.0,,,,0,2,0,1,0,False,False,False,False,everyone,False,g13944456,"[52.23, 6.89]","[52.23, 6.88]",2.715,6.024,73.5,25.0,True,135.2,169.0,False,True,183.2,25.0,10413927247.0,10413927247.0,garmin_ping_291149515119,False,0,0,False,20232024,1,a9713291123,izw}Hwo`i@Rv@|@bCr@`Dd@bGPz@ZpCJ`Bf@pDXzFAxASMuAcBA_BG}@i@oBa@o@kAg@W?o@^W`@El@DtA^fB^l@bAr@|@?\YJSJc@Dk@?gAY_B[m@a@a@i@Ue@Ec@Le@f@On@@`AF`Ab@pAj@l@f@ZfAJ\KXc@Dq@AkAIy@Mm@Yq@}@y@e@Ga@Ba@P[\Ml@?bBHr@Nb@r@|@n@\\Jl@?TG\YHe@C}@IkAS_AWo@Ye@y@e@i@Ae@H_@d@QlA@`AX|Aj@bAz@h@l@F\G\WVg@Ds@OuCQq@{@{@cBOc@T[v@KhABb@j@xBj@|@`@XvAD^WP]Hk@?mAUiBg@aASSuA_@_AP[d@GXHrCd@dBP`@XRl@N|@?PGVYTw@B_@?{@Ei@WgAS]y@w@gAOw@R_@~@B|AFt@Lh@x@xA^X`@LnAQ^y@D]CiAKgAQs@s@gAe@WWEqARMFQXCtADv@Jt@Tx@hAlAr@LfAYXm@Dg@A_AUmBWi@a@_@i@]a@Ia@@e@PY^Gd@AzAJz@V`AZb@v@n@j@Hj@IXUTi@DqBG{@Me@Ye@s@k@_AQs@De@b@CPCv@DbBb@lAr@fAjARx@WVk@F_@?qAIiASw@[c@s@e@s@Kk@J_@RECj@_@h@Gb@Hl@\f@n@Pb@RzAFjAIx@[j@[PkA@YIg@k@[k@Me@Qw@GeA?aAH_@l@i@r@Mn@H`AfARd@Px@LjA?|@CZUp@q@\iAGa@Y]e@]{@Qy@I_BDw@Rq@JMj@MfAP`@Vv@nAJd@PrA?h@AZQr@WZYN{@H[I{@{@_@y@Mi@MwA?k@B[Ro@ZU|@Oz@T\Zd@`AXnAFbA?f@Wz@a@\k@JeAQi@e@MUQc@Qw@KkA@}@D_@Pc@h@YxABx@v@h@lATbCGfAQb@w@b@c@?w@Oc@][k@Oe@QgAE}@?}@Hg@JSNOh@Qx@Fp@ZJHd@z@\jBDlAA^GXS^{@f@qAY_AcA_@}AIkAH}AHYVU`AOt@Pf@b@l@fAJb@PdB,2,,,,,,Diego Galdino
2,Evening Run,7983.3,2660,2666,29.0,Run,Run,,Garmin Forerunner 645 Music,9706814709,2023-08-23T16:39:46Z,2023-08-23T18:39:46Z,(GMT+01:00) Europe/Amsterdam,7200.0,,,,0,2,0,1,0,False,False,False,False,everyone,False,g13944456,"[52.23, 6.89]","[52.23, 6.89]",3.001,3.874,81.6,26.0,True,160.1,174.0,False,True,56.8,31.0,10407073809.0,10407073809.0,garmin_ping_290990901463,False,0,0,False,20232024,1,a9706814709,sex}Helai@_A{@wBeBu@q@YS{BqBy@q@g@g@KS}AmAwByBkBcB{@q@u@e@oB}AgBcBgBkBmAcA]_@Uc@@aAGMYMcAUYKkBa@UMMw@c@c@]Ys@e@sCwCuAeAwB}BsCgCaAs@eAcAiAy@a@[k@o@eBqAoBoB}@kAkA}@c@Ua@YaA{@uAy@s@i@]_@i@]_A{@y@cAw@i@c@_@w@k@aAcAc@[Q][[cDyAMMUa@CY@Gb@w@BQ@{@KuBA}@Iq@Au@KyBEi@Mo@OuDU}CGkD@aAG}@A}@?q@HuBb@{E?oAN{DVsBDsCAmBEkASgCLuE?sB[mE_@gDc@sG@uALk@XOf@@r@Hh@Az@c@z@i@ZYVOFA@JEGDEf@OLCDBFPDt@HdD\bDd@zBp@vBh@xARd@~@bBbA|BtAjCpC`Fh@nAx@zAbB~BbAbBtClDpBbBdCnCz@z@v@fAZl@r@bCLv@Dj@?f@Cr@It@BNFH^LXN|@~@\f@l@pAnA~B|AfDjCdEZp@n@~AxBdDp@vATZj@lA\N\XdFvI~BlDpAbCp@bB\n@jA`B~@~@dBbCrA`CZt@~@nAx@~@Zh@~CtEd@f@zCxD|@bA\Tb@P`APjBGJt@PdCTjFB`ABlF?dACt@Mv@a@pD,2,,,,,,Diego Galdino
2,Lunch Weight Training,0.0,4433,4433,0.0,WeightTraining,WeightTraining,30.0,Garmin Forerunner 645 Music,9697349172,2023-08-22T09:27:45Z,2023-08-22T11:27:45Z,(GMT+02:00) Africa/Blantyre,7200.0,,,,0,1,0,1,0,True,False,False,False,everyone,False,,[],[],0.0,0.0,,26.0,True,73.8,102.0,False,True,0.0,0.0,10397036485.0,10397036485.0,garmin_ping_290778078905,False,0,0,False,20232024,1,a9697349172,,2,,,,,,Diego Galdino
2,Evening Run,6357.0,2058,2135,10.0,Run,Run,,Garmin Forerunner 645 Music,9692995050,2023-08-21T16:44:36Z,2023-08-21T18:44:36Z,(GMT+01:00) Europe/Amsterdam,7200.0,,,,1,1,0,1,0,False,False,False,False,everyone,False,g13944456,"[52.23, 6.89]","[52.23, 6.89]",3.089,5.142,80.1,27.0,True,151.4,191.0,False,True,57.8,47.0,10392408633.0,10392408633.0,garmin_ping_290663280095,False,0,0,False,20232024,1,a9692995050,wax}Hor`i@_@T_@JmAf@k@^c@RPQsA~@i@Re@^]b@s@n@y@b@wBfBuBvAW`@y@l@q@^o@n@s@X]Tk@XmAd@gAX}At@]Ji@H]Jc@Ng@VgAZw@NUCEQMTUPaAHc@Jq@H]H_Bf@WN_@NuALyA^g@FiARaBz@mBt@k@\a@Re@PSB]c@c@[e@Ui@QiCeAy@U[Qe@[CMO[DJJHCA?Fs@OuAe@i@Y{AYu@WaAe@i@Q}Bm@o@Ye@Ou@_@m@QsAg@{@e@YKu@g@_@]cAc@e@M[QKOA]ZiBb@eDf@qBPi@Xk@tAsBp@aB\mAR_@DDCNOXCf@Uf@CT@C`AqDxAiHTw@NaAX{@ReAr@_H@cAQwD@c@C]YiCSwCMw@Aa@PSd@KL?ZFRClADh@NtAp@Rh@Ll@HBd@e@Z?`@Fn@Ab@BJOLs@Xg@@HCJ?x@Gb@KFGGBAHg@Fu@V_BPq@pAuCDC\Mt@QxAMt@QbBDdAGtASp@Uh@M^Eh@On@Ij@Kr@WfASbAa@XGf@LlAPf@RhAZl@J`@BxB`@ZBPFBt@P^@EOIGI?WJQMPAH?JBLn@f@b@XfB|A`@VpAtAj@ZZ`@nA~@`DfC`@d@dA|@f@h@bAn@hAx@RJZl@|AtA\b@xB~A`B|Ar@v@n@j@,2,,,,,,Diego Galdino
2,Morning Run,25003.4,8060,8882,44.0,Run,Run,,Garmin Forerunner 645 Music,9676308821,2023-08-19T04:08:31Z,2023-08-19T06:08:31Z,(GMT+01:00) Europe/Rome,7200.0,,,,5,3,0,1,0,False,False,False,False,everyone,False,g13944456,"[45.48, 9.2]","[45.48, 9.2]",3.102,15.742,83.8,28.0,True,146.2,161.0,False,True,176.8,155.2,10374224603.0,10374224603.0,garmin_ping_290260184930,False,5,0,False,20232024,1,a9676308821,yqqtGundw@Mi@mGiAm@rBsENM|AyFyAiA^kBsAg@pCz@`AwIAuB`BsBZ[p@vFwAvDZL~A|@hBvC`Bc@dFx@tCwDbDy@`CInC{@|AlDrBh@rBxA`BmFd@f@jD~AOy@Wc@}@x@pAnBr@zE\cBpJv@pCtAhBiDtFkAaCTm@fFs@d@^\i@r@`@UaAf@@Ro@SgCxC_BRiEx@kBpBf@`@e@Lh@SRBm@u@a@f@}EdAs@AsF`@EJaAjBgBRy@\b@Mz@j@z@qB\l@x@[TeBRf@p@Kl@oBzA}@tCfBrCyAtBY~JOdAu@t@m@lFJhCYdFw@`E_B~@e@bAdAdBq@DQl@aBhKGpCpB}@nB@Pt@jClZdAfOAbCl@tAyB~Dw@zDfEjGG|@^nAvB`A`A}@`@ZEeC`Dw@JmC}@cBK_GlFHpC|CfBUfFnHKnARn@q@jA{@GBp@aBf@iBxBuAFw@{@iAdAuAg@wBiCgAHaAdDaCzAe@|CeAP}CnGeDbC@r@m@\JfAsBn@Q~AgBnCuAR[rB_A`AgCxAOhCsC`BLv@cCf@c@xBiB`@yAhC}@d@iBvIxAbC^rBKjA~DbCnAbDzArCzBnBtCbFjBhFpAz@x@pBDfBp@v@dAbE~D|BnDhHzBP~@nCNzJnC~GYjEqCfOgAnJ]ZKbEsAbL@bGeAzCl@|@WfGt@x@GpDdBbI_A|Gm@r@^xAFuCr@cCUg@?oFaAyF_BaD?iCfAkC~FuC~@wAzFsCjHoB`@cDfCqBpDeHv@QzB_DnBoEjBIzA_Ah@qAF}BdDgGpF{DtCs@`GaFfA}J@iL^]B{BjDjAEeAvAi@Ny@rBNAk@^QjCZl@_CvBa@j@{AtEiBbG`Bi@sF`Ak@dJiEzDa@NqA~AL^iAxCLfD{B`AaCxAs@`CZAaB`CwAnEiBjBf@ZaAbBFIeBtACbAz@x@sCc@gC~@N`DyFfHkD_@`AJp@_BwDEyCm@qCTy@_CuBa@mBn@kA@sDaAyDAgD[Y@iBqAmKaBwJs@uAByAoAwCE{DmAkDImFRk@wBsFiA_J`@gAo@kMy@cByBw@sF?iGkAgOu@uDJuEuAgAgDg@qMkAkAMgA]EJiA}@_BqAq@yEqFy@uEgBoD@aAu@n@s@{ETyGXg@AyBoBqEgCyNiAi@o@yAqAYiEkC}HiIqB{@_DsEK}@qD_CwJiKkB}A{@xAcByA_DrI,2,,,,,,Diego Galdino
2,Morning Weight Training,0.0,1354,1354,0.0,WeightTraining,WeightTraining,30.0,Garmin Forerunner 645 Music,9674808279,2023-08-18T05:09:44Z,2023-08-18T07:09:44Z,(GMT+02:00) Africa/Blantyre,7200.0,,,,0,1,0,1,0,True,False,False,False,everyone,False,,[],[],0.0,0.0,,30.0,True,74.3,96.0,False,True,0.0,0.0,10372645988.0,10372645988.0,garmin_ping_290207431053,False,0,0,False,20232024,1,a9674808279,,2,,,,,,Diego Galdino
2,Morning Run,9896.3,3064,3068,35.0,Run,Run,,Garmin Forerunner 645 Music,9664323912,2023-08-17T07:01:29Z,2023-08-17T09:01:29Z,(GMT+01:00) Europe/Rome,7200.0,,,,27,2,0,1,0,False,False,False,False,everyone,False,g13944456,"[45.47, 9.2]","[45.48, 9.2]",3.23,7.742,85.2,28.0,True,158.3,182.0,False,True,175.2,165.6,10361551656.0,10361551656.0,garmin_ping_289957506324,False,9,0,False,20232024,1,a9664323912,ywptGasdw@m@xABf@CF@NM|@Qj@ORUp@Wn@Oz@_ArBk@dAaBdFMf@e@tAQ~@Hd@C\X^VRVJ|@f@xAh@`@z@ZPt@TZXRb@b@Xt@p@PF^Gx@LjADPI^c@HWHeDImBB{DCy@Lc@U{@@y@Jo@Pi@Hg@Tq@Ri@`@o@l@sANwAIYSWk@kAw@iAi@i@[e@oAwA]]UKo@o@[b@ECEb@M\aAvBWhAmAbEkAtD]x@}@bDsA`DINMF[f@Eb@FpABJVZNHdBf@z@b@HLbA`AhAj@Tr@j@f@\P^?LJb@Tl@Ll@Zt@TXcAN}@N[@UMiB@YCSCqFCq@De@PqAr@iD`A}Cf@s@Ta@RSJc@?o@Q[[_@_C_C}@iAy@_Ay@gAm@k@QAg@|Ag@r@qBdFKb@_@lAs@~A]rAg@rAg@fAa@vAKj@_@nAUh@SR_@v@TbA@b@V`@VTdCz@^Zh@TpBp@BXPf@JHP`@\JL@RPb@P~A^z@XJONk@De@Mu@YY[g@Ii@AOHET_@Hu@HcBRuAB}Bv@{D|@sCb@cAZc@FOPKV_@F_@?e@Oc@qCaC}@gAqAgA}AmBIC]v@w@`Ac@dAg@fBo@hB_@`By@lBYtAo@vAW`@s@jBOf@i@|Ai@~@ER@ZNf@Bp@NX|@l@FJJF^BfAz@b@f@fBj@R\^RV\\XDJ|Dr@`@LJ?R[Ni@Dg@Io@Eo@Km@Qs@?gBNcBCmAZqCXeBr@oCXm@Pq@NWpAgBJc@?IC]kAsAk@S][q@y@_AeAs@cA]_@gAm@EAKHOVSl@[p@}@tCMh@Sb@Sr@sBpGk@jAeApCOl@m@~@Yh@GVS\]^M`@DN?TGP?`@F`@d@^fBdAdAx@n@\lAd@nAtAr@DbBx@`@JXNb@FLG`@y@Fa@HUBSCw@K_AEw@BeBRwCOs@KcAB}@Jw@g@|BArATlEBdANp@\rBFxAEP@ABSBE@aAEUUu@Mu@Gw@FuAJg@Dw@?m@CSSq@IcABy@RsALi@VwAv@aC\g@h@sADi@]aBM]{@q@a@UwA_B_@[MEcA_A_@g@Cm@IFGE_@bBUOy@?,2,,,,,,Diego Galdino
2,Morning Run,8764.8,2603,2658,31.0,Run,Run,,Garmin Forerunner 645 Music,9657334919,2023-08-16T06:18:58Z,2023-08-16T08:18:58Z,(GMT+01:00) Europe/Rome,7200.0,,,,0,1,0,1,0,False,False,False,False,everyone,False,g13944456,"[44.49, 11.35]","[44.5, 11.34]",3.367,9.75,81.8,28.0,True,145.7,189.0,False,True,115.0,74.0,10354200834.0,10354200834.0,garmin_ping_289789709059,False,0,0,False,20232024,1,a9657334919,wiqnG{}fdABHQp@Dp@Ad@DLYbEBpBEh@@h@An@U`AYh@Ch@Mp@In@Ur@IfAQv@?`@Ir@JtAEh@YbBQTEV@dBGl@SdAOvBCFWTq@AKESTUHCAq@eAkAcAg@I}@@ULOxAUZGZCd@GT_@Xm@~ACb@q@b@q@Ta@DuBnAi@NMTONy@f@CNc@De@\g@hAYPiAHg@PWNw@t@UCWQKY@Qm@DOEMQ]q@i@o@Sk@UcADw@`@_C?QP{@L]@g@MSAUKc@@Cx@INMRIjADVQVFHIJBPRhADXHNLXBHIZ{@P@z@{@Nk@BU\MJObAUpBQTJKMDKNQ@GM]KkCJi@DkAXaD?SIkAMaACw@Iy@?IPKEYUSHOHUNgAKcBAeAIYw@S_@?wB_@c@OMIy@CYMSNECES@u@YFEIKEIPOJCJe@F[AAFo@u@a@QkAOcA@s@Mg@CSSS@_@o@GW@OBGD[Ng@FDJZD@FCDYEuA?q@Du@Hi@ZcA`@c@\Y`@CfBj@`@f@Tn@TXzAx@l@N|@NXTR\fA\d@Gn@Tz@C^\n@\DKBAJJDTBKA_@Be@Ma@BCEA\[TI^KfACdAPXV~@BJEDUB_@f@{AD}@`@cB~@gB\y@f@{@VwALU^]D@f@pAF`@Gj@Hh@TfAZKL|@Rz@JNd@|@hA|@Mw@Du@EkAEc@VqAr@BvA~@BFBP?^yAdDCNFRRNBNFCN@d@JpACl@Hp@Ih@WL@d@Rh@z@Jt@FHJJ`@J\XBJC^Hj@LbCJv@DbAHn@E`AJjAJxBFh@Dh@[pFF`BQj@In@GfAKp@QJ[Bi@EYLGZOLa@M]Uw@[QSi@CC@AFy@Y@B?JKDq@i@YEGB[h@IDEFRrB?NCVY^Ot@U\A`@LjCAv@IL_@Jc@Bq@^CBOvAG`ADbBJt@DNT^x@T|@?ZDfA^JJNh@@RIZG|@Fb@MdAWj@BLCv@BVA|@CPQf@SfAIRCz@GLGDq@DQAKIOAYFMG]AGFQQIASOSA]Uo@@WIqAq@GAgAgAi@Sm@Ac@QCEEU?O^wAFe@l@sFHAXc@@YGYLUXmAv@aBJg@DuANmA~@}@JBLMNiA@m@J}@BcBA_A@g@D]r@qCDq@By@Li@Aw@G@FIEqABKLM,2,,,,,,Diego Galdino
2,Morning Run,12526.5,4762,4999,30.0,Run,Run,,Garmin Forerunner 645 Music,9643432473,2023-08-14T04:29:48Z,2023-08-14T06:29:48Z,(GMT+01:00) Europe/Rome,7200.0,,,,0,3,0,1,0,False,False,False,False,everyone,False,g13944456,"[45.43, 12.33]","[45.43, 12.33]",2.631,6.283,83.0,26.0,True,139.1,156.0,False,True,-23.8,-36.2,10339606477.0,10339606477.0,garmin_ping_289437035668,False,0,0,False,20232024,1,a9643432473,kvhtGuigjA^TCKICv@~@|@l@r@Jr@b@PV?^PZ@\j@RlAjAz@NN\l@BJQ@c@X}@Ba@Sk@Bg@Zc@^}A]a@T[`@_EWBGkAS{@UEGWVmA]yAb@c@[k@EoAgATT{@Bs@YuDWwFBm@d@_@PBf@tBx@tBb@d@n@VdChDZv@zAlEf@vB^hEe@tJ]hCy@rDiBnM_@v@_@As@y@}BmAeCa@q@_@IRRX_@bAMfASNUt@YVi@LMVk@?o@h@k@JOq@WLk@Ou@c@@a@kAMHOWkAFHOV_AB_@]aCOOc@}A]LUMk@YQYEi@vA_@ISg@o@BBOYwAg@Aq@j@o@IeAP@fA}@^FTDKMOb@~A]dCYBKf@EbANbArAh@\j@A|Ag@~BVbB\d@QxAJ^Cv@Qf@JzA\p@JvDsAHYN[l@i@]gAaB{@g@_AoAG[kCwCkCgCQk@iAmBwBkCmA}CWQ^RSTBR{@D@Ul@Sq@mBHDi@q@iAQY]o@kBSR_@xB[o@Cu@IG[MmBJc@yAs@wAEcCcAqABg@RMGy@NmAl@sBDwA\eA?e@j@}ATwBb@yA\_Dl@gANq@p@uAFe@p@y@ZkAb@KrAiARHAOPPEYj@cB]FeAq@{@eABm@`AkEv@{FgBq@IYu@e@_@Cc@[KFN]nAgCv@u@Da@zByEl@i@Di@Ta@NEr@}BjB`@l@z@tAZZj@r@f@xAXZZA_@f@HV]r@_BLeA`AuDCk@PiADoAZ}A@yA@KN?C_Ab@YNg@VYTmAf@Hf@g@JU@_Br@i@Z?BM|A_@r@`AK_AWc@?i@Mg@vARf@`@Qq@DmBPCLo@pAGROb@\n@?@aDTi@F@XmAjAJVRdBNRGPa@DiDV{DHSh@KOiAg@sAGq@RuNVLr@Gj@b@FOQa@He@AmEISc@@gAlAO}Aq@TaAWaCHm@Yt@_Gx@_ADm@X^P|@\Z\w@n@i@n@_AZh@nAnF?jCPdDIhBD`BR`BA`BRlFv@jJDdBEd@kAtCoC~E_BdEUrFi@hCC~AStEd@tMn@xETvDKTm@NoA~CYGRPfCdGX^x@Re@\DlCLzAjApDE~@JBRlDd@XRz@@fAQzBWIBd@Y`ALl@K`@eAj@KnC_@TmAIo@m@,2,,,,,,Diego Galdino
2,Morning Run,22602.2,7743,7743,45.0,Run,Run,,Garmin Forerunner 645 Music,9630288961,2023-08-12T04:25:07Z,2023-08-12T06:25:07Z,(GMT+01:00) Europe/Amsterdam,7200.0,,,,0,3,0,1,0,False,False,False,False,everyone,False,g13944456,"[52.23, 6.89]","[52.23, 6.89]",2.919,3.954,84.2,23.0,True,155.4,172.0,False,True,48.6,10.6,10325717278.0,10325717278.0,garmin_ping_289119563600,False,0,0,False,20232024,1,a9630288961,sax}H}q`i@y@h@oFfC{BnBcK~HgGhDyB`AkCd@cBh@w@FqDfAs@^mBHcAx@sC\ONaAFiCh@iJbDm@`@aCd@o@`@i@Lu@j@sE~Au@f@w@|@uDnBoDx@sBz@qCxAk@x@}@d@_Cd@cDrA}BLmAIcALmAOqBk@q@CeIkCyAReAMkHuC_FcAaBQ_A]gBPkAf@sAPaHnCkAfB_Av@s@lAeAvD]`Cm@tC[bDWtA?nBw@bGQvBOz@G|DPdKGvBS~ByCrOeB|FcClE]Xe@x@y@p@cBx@{Cx@kAp@aAZkDn@oA@{AYmAe@w@q@}@mA_CkG{@oCk@oAyDsJwA_FoCeGOu@?}@Ge@[eAvAgCpBwEV]UTiAdCIEOe@GaASsIWmBi@qHMe@{@_Aq@g@{@]}BiBYi@u@_CwBaCoKgJ_@Wi@KeIvAo@QiA@oD[uA[o@H{FjCyAjAyCtDQ@s@aKB}@YqAKuCYaDl@eRKyCOaBa@kA}D{HuC}C}AmAw@gAmBuBUo@YeBIqELaGTcBNyBj@iBL}@Vu@Ho@@iBUqCA}@g@wDcCuG[sAr@cE|DmKl@oAtAyEf@uAV[|CcJtAoCPy@p@eBp@kCbBaEnDiK|@k@hEmAtEiB`@AjBm@z@g@?WaBoHK{@m@uC{@gH[aBa@uAIw@@iBKoDTyCAo@I_BUaMBwFSeFH}BAkENkCGm@YQqBDMO?oBMYe@MeAJgEI_AIMQ?cDEsCH_DIiDBqBGoSJyB`Ak@fBYnEcBzA]n@YnAmA`@[d@Mv@o@rE@fDeBt@o@lC_F`CqDh@sAd@i@ZMnAKtE@nABhBVrAKbDDtFvArBx@FXwAxOAz@}@hLSfAI|Bu@lGAt@R^|A^fM`AvG~@tFb@fDz@`DLzBZ`GrApBBp@T|Eh@lDdClC~BlDxBdIjGzF`BnBz@\Bb@OnAsApBAt@TlAv@zCvAvDNtAdA`@JjAEtCi@^Hh@l@jA~B~@dAdAb@xEZ`@LTdCEpAHvCFrIQpEw@vICvA]jFxAz\JhAGdFYx@B`@Ph@fDtBtDnD|C`Cf@l@dEtD|@j@bExDbAr@pBvB|AdA`CzBj@r@n@^|AzA~@h@h@p@xC|Bh@p@jBrA`AhAvBbBLj@lBx@pCp@xEvFlDpClExDxDtDfAr@|BvBpBxA|BdCZPjDjD,2,,,,,,Diego Galdino
2,Afternoon Weight Training,0.0,3836,3836,0.0,WeightTraining,WeightTraining,30.0,Garmin Forerunner 645 Music,9627123970,2023-08-11T14:23:05Z,2023-08-11T16:23:05Z,(GMT+02:00) Africa/Blantyre,7200.0,,,,0,1,0,1,0,True,False,False,False,everyone,False,,[],[],0.0,0.0,,27.0,True,74.5,101.0,False,True,0.0,0.0,10322377602.0,10322377602.0,garmin_ping_289028192577,False,0,0,False,20232024,1,a9627123970,,2,,,,,,Diego Galdino
2,Afternoon Run,10225.6,3305,3305,10.0,Run,Run,,Garmin Forerunner 645 Music,9621010646,2023-08-10T15:40:56Z,2023-08-10T17:40:56Z,(GMT+01:00) Europe/Amsterdam,7200.0,,,,0,2,0,1,0,False,False,False,False,everyone,False,g13944456,"[52.23, 6.89]","[52.23, 6.88]",3.094,5.235,81.9,23.0,True,159.5,181.0,False,True,27.8,15.0,10315925315.0,10315925315.0,garmin_ping_288875332220,False,0,0,False,20232024,1,a9621010646,{yw}H{o`i@~@vCj@|C\rBL|Bd@lDh@dCFfB\jBJzAB`GGHs@u@w@oAF}BSsAq@oAg@_@uAAi@RSVGxA`@|BRf@d@l@~@^|@CVQXk@H}@A}@Iw@Uu@cAw@{@UeALa@TELCbBTvB|@vAt@ZlAIl@s@Hg@@eAWuBaAcAq@[sAFi@f@CfCN`At@~A`Aj@bAAd@]Re@J_BU{B]i@uAy@mAE[J[b@ElBLxAv@`Bn@j@|@@z@WRe@Lw@@y@g@eCu@}@QGcASg@Fo@b@Kj@RzDNh@b@r@RNdBRz@i@Tw@Bq@MyBK]i@q@kAo@qA@SH]b@G|@B|@ZdBbA~Ad@Xj@F|@UTa@PkBMgBMa@a@i@kAs@kAGk@ZM^CvB\lBj@|@|Ah@v@E^[Nk@BsB_@mBu@y@{@[iA@a@RQ\ClBXzB|@tAb@RpAGv@c@Ny@C_A_@yBe@w@wAi@uAJ[h@MzAj@tCdAnAf@FrAKf@kAJaBOeAy@wAkAo@y@Ay@XOj@A|@Bt@Z~Ax@xAv@VjAGl@s@Lu@?cA]cBa@u@q@g@i@Km@?o@\UZGrAVfCTb@~@~@d@JpAOX]Vo@Ds@GcAg@aB{@{@y@WoAJUJO\D|Cb@nBfA|@|ADl@e@NiAc@eDYy@Y[g@SmABi@ZOXG|@TvB`@pAz@x@jABf@UX_@LiAG_Bm@kB]_@e@QsA?e@RU^Gx@R|Bd@zAl@l@TJjA?`@OZc@Nw@KwCc@_Ae@e@i@U_BGc@^If@CdAHdBZdAjAhAn@@`AM\[Ru@AuAKs@m@{Ae@g@sA[y@N[VKn@DzBb@lBv@~@zAHf@QX[P_AOcCi@wAy@u@sAMc@P_@l@EjBJdARx@\p@p@b@p@Jr@K`@[V_ACwBe@_BmAgAi@Iy@J_@XSz@Cv@H`Ad@rBz@t@|AJl@[P]Ly@EcAY_B[o@c@e@c@QoACe@\Yb@C~@LnAHl@Z`Ax@x@|ADh@WTk@LuAO_Bw@oAcAq@uAEa@XOh@C`ALrBf@pAd@d@f@N~AG`@m@LaCQcAaAeBy@e@{AP,2,,,,,,Diego Galdino
2,Afternoon Run,10006.7,3503,3614,18.0,Run,Run,,Garmin Forerunner 645 Music,9613822060,2023-08-09T14:23:56Z,2023-08-09T16:23:56Z,(GMT+01:00) Europe/Amsterdam,7200.0,,,,0,2,0,1,0,False,False,False,False,everyone,False,g13944456,"[52.23, 6.89]","[52.23, 6.89]",2.857,4.6,81.2,23.0,True,156.9,173.0,False,True,89.2,71.2,10308311167.0,10308311167.0,garmin_ping_288699689373,False,0,0,False,20232024,1,a9613822060,wax}Hcr`i@[PcATcA\}@?E@GPDN?X}@h@q@n@kAf@e@\wAlAa@VeB`B_BhB]Vk@Ti@N_@Rg@b@c@NUT{Ap@w@N{@Xg@FWNg@Na@T[Fa@RU?OJYJg@Ji@FYAGCAEY\IFoA^kALg@JCBICIBCDc@Vc@Ng@Fc@JcAf@a@JeAH]NgAJ[LO?IK[ZYJwBlA_APe@XGQS]aAi@UU[A]G]U[G}@a@w@Wu@e@_@O[S[Io@YaA[]Y]Oi@IiAYaAw@UIMKi@UgAOk@]c@Ma@W[OeDkAaAe@q@Sa@UiAc@a@WW[CASN[Dg@@g@G[Q_@YcAeAcA_A}C_Cw@Uk@Ke@CsABEA}@g@yCuBO[t@eITmDXg@`@iBHq@FsBNs@Ro@p@g@NS^i@^w@xAaE`@iBLy@E}@Ge@YwDGqABy@Ig@Q]c@i@y@}Ay@wBIs@Ri@ZeBH_A@gAP_FTeCRcBV}ANg@p@uAfAwAlByCd@aA\}AJ}A?w@Dy@Ri@X_@p@k@z@cAvAwA\a@v@iAP_@v@iDb@q@z@]XUh@YxC{C^m@Vo@Tu@n@iCf@{Aj@{B^eAPm@Hw@F_@L]n@K`@C`@Ar@GpBGb@BzCGhB]h@B\Ft@AHBf@Dz@Cx@KnAC^ElAB`@ArAJ|@ThAv@b@f@l@pAb@zAv@~Ab@t@t@zAjAdBV\x@fBf@vAXf@~@pAhBfDZ^t@lAPJl@t@\f@nA~BdBlCfBxCzAzBd@z@p@dBfAxAz@z@t@pAb@h@f@~@bAnATn@v@hAN^jA|Ab@r@`@x@n@n@z@bAd@d@z@fA|@bA~@z@Z^Jb@C\IL_@^g@Xc@NoAJoADe@F_@BsBGg@M]AgA@e@Ci@BkBEgA@eBGk@Qi@EMEYDgA@aBQ[Ic@E_@Ke@Ga@CWP{@c@c@Ki@UUJGf@DHf@XVH`@T^VtAnAZR`Az@bBbBhBrA`AfAt@d@NN~A`BjB~AxAxAbCnBpAtA`@Z\L`@f@dC|B,2,,,,,,Diego Galdino
2,Evening Weight Training,0.0,5057,5057,0.0,WeightTraining,WeightTraining,30.0,Garmin Forerunner 645 Music,9608039843,2023-08-08T16:11:31Z,2023-08-08T18:11:31Z,(GMT+02:00) Africa/Blantyre,7200.0,,,,0,1,0,1,0,True,False,False,False,everyone,False,,[],[],0.0,0.0,,25.0,True,76.4,99.0,False,True,0.0,0.0,10302205591.0,10302205591.0,garmin_ping_288553046429,False,0,0,False,20232024,1,a9608039843,,2,,,,,,Diego Galdino
2,Afternoon Run,7112.6,2113,2122,20.0,Run,Run,,Garmin Forerunner 645 Music,9600584394,2023-08-07T15:24:23Z,2023-08-07T17:24:23Z,(GMT+01:00) Europe/Amsterdam,7200.0,,,,7,2,0,1,0,False,False,False,False,everyone,False,g13944456,"[52.23, 6.89]","[52.23, 6.89]",3.366,5.55,81.8,21.0,True,151.9,176.0,False,True,99.4,76.4,10294375876.0,10294375876.0,garmin_ping_288367958123,False,4,0,False,20232024,1,a9600584394,}ex}Hwlai@i@}@_@_@{@u@u@aAw@{@q@]cCcBaCcCgD}C[]yAgA_@_@iA}@_Ay@e@We@i@[e@]_@eA}@uAaBoAiACGEs@IGQEq@Ma@?_@Ge@Ou@?KGEc@S_@a@_@c@[}@eAS[mAgAk@o@[Uy@_AsAiASK{@s@kAsAiH{Fa@o@OOo@e@}@m@UQAER@PTXTLPNBRXJXB?i@y@wAiAqAoAy@k@uBqB_@WYMe@_@e@W{AkAgAaAg@[c@a@aBkBMGOWa@[i@c@i@[[U_@a@k@SmAu@a@Q[[IMMa@Da@Ta@Hy@@aDAcCGcAC}@M_CEiCFK~Ao@xAa@`@Ed@KbBq@xA_@|Ag@d@GlBGf@GpAIl@Af@Dj@@b@I\IZEh@?nAUzAIp@Af@Xd@@pAAn@Bd@Ch@GdCJp@Cf@Hd@Zl@j@`A~AX`A^v@bAvCd@dAp@lAlBnCj@dBR^lAfBjAfB|A~Cn@f@\h@bAlA`@l@lCtE\f@`B|C|@tAx@nBbApB^^^TJHjClEr@~@bAtB|@lAZh@n@x@Vd@fAvAr@`Ah@r@lApA~@|@x@~@`@Zl@Z|AFd@Cd@@DF?j@XjCTvDJdEB~CAXOHa@Ee@Mi@Hq@Xs@`@kC~@q@\k@\qAb@k@V]Gc@e@_@g@G@MHSz@Ur@CJBZV^~@^nA~@`@^ZP,2,,,,,,Diego Galdino
2,Morning Run,21007.9,6912,6912,41.0,Run,Run,,Garmin Forerunner 645 Music,9585230473,2023-08-05T04:48:09Z,2023-08-05T06:48:09Z,(GMT+01:00) Europe/Amsterdam,7200.0,,,,9,4,0,1,0,False,False,False,False,everyone,False,g13944456,"[52.23, 6.89]","[52.24, 6.89]",3.039,4.219,84.1,16.0,True,160.9,185.0,False,True,70.2,34.0,10278102513.0,10278102513.0,garmin_ping_287969657851,False,5,0,False,20232024,1,a9585230473,}ex}Hgmai@w@_AeEoDyB}BcAu@yByB}@k@}CkCuAqAcBiAaBkB}AmAeD_Dc@UWY?c@GSYWgBc@i@W{@IYOGo@SUy@o@{CmCq@_AgDwCu@w@gAu@qAuAcByAgGgFmDgDiAi@_@c@qBeBuDqC_BiBqA}@gEaEUa@mD{A_@YS_@Ee@d@oADi@G_BC{DKeACqBGm@BiBI}@HOP?ESSSAwAa@}FQuDTwEr@wHAy@L_CXqCIyDDoBOuCGyEK_@aDMeCg@s@i@[a@sAyC_@]c@IeDh@mAGmB}@_CMqBa@aAc@uBaByB[g@Lw@rA]Ze@BmAo@eDi@e@]kAWyAs@gCmCs@g@o@o@_A_@{@{@gCcBcByAkD_C{Dk@cJs@sAYwCUwK_BwAIeDo@mBQ{GUcBc@{Ca@gAc@I[Di@@}CHmCZeB?qAFc@nAcILwBTmBNqDn@aEFaAC_@YOsCo@wCgA}CKoCBeBPsDUyAJqAE]JoAjBu@vAYv@s@hAqA|AQp@o@fAu@~@m@d@gBv@_FC[`@uAZaCzAkC`AuIpCQZIxFNdAFxAG`CAjC@tGD~BGbMPN~FTpAQd@JFFBLGrBF^pBU`@BJZCjBFhCIbHPzEE`CHpHAlDKbD@pBJzCGlCJ`CL~ARfAjB|I`AfEbAbGI^oB|@kEnAeFpAqAf@i@b@_AxCuArDmChIkBdEe@rAy@bDaB~DqAzD_A~BcAnDoAvBoAxDo@|C_AnCH`@nBjE~@xC`@~@Jd@NrCOpCq@pDa@|CQv@WnDIhBAvBLzDGtBTp@X^lAbAhDxDrCrCZb@|@nBt@vBrAnCRv@Hr@@`CGxDMdBQdF?`Ah@dFNfDLx@AxGJ~BHJVB^Sj@m@bBmCp@m@~A_AvCkAbA?jK|@|FsAx@I`@HjJ|GvAlBdAx@Zf@f@bB^j@pFjEz@dAn@lDv@vGFrBDdFJn@fA`DpH`RVNb@CnB_@vBy@RBxDk@|Aa@`JqC`@AxEt@xIf@vBVPIDq@SsL@gCTeC~AwLt@qIdAmHLs@f@cA~@eCz@eAdD{BfC{@xBiAjBk@ZAnCZtFxAzBXzDhAtBNxDbAVV|H~A^?zDbAfA@pBg@`F{BbBa@|@g@`AYr@m@vA{@tDqAdDaBdCo@tAi@lDmBtAc@rCqAl@MnBaAdDqAfEwAdAMvBq@pAUv@_@lDq@v@@xCo@jIkDl@K,2,,,,,,Diego Galdino
2,Evening Run,6020.6,2321,2322,11.0,Run,Run,,Garmin Forerunner 645 Music,9576396598,2023-08-03T16:15:14Z,2023-08-03T18:15:14Z,(GMT+01:00) Europe/Amsterdam,7200.0,,,,0,2,0,1,0,False,False,False,False,everyone,False,g13944456,"[52.23, 6.91]","[52.23, 6.89]",2.594,4.625,79.8,20.0,True,167.8,184.0,False,True,176.4,156.4,10268781483.0,10268781483.0,garmin_ping_287720815764,False,0,0,False,20232024,1,a9576396598,g|x}Hu|ci@XZ?Fj@jAd@d@^j@n@r@r@nA\b@r@nAfAtBtBbCtAnBz@dAn@bAz@|@dC~CdAfAb@Nd@@d@Gf@DZG\A@F\vDPpDBjBAjBJxAEf@GJIF_@J]DsA\]Z_F|AqD~Ak@ZKXU~@B^PVxAx@v@p@,2,,,,,,Diego Galdino
2,Lunch Walk,1529.2,1392,1500,0.0,Walk,Walk,,Garmin Forerunner 645 Music,9576001461,2023-07-24T09:31:37Z,2023-07-24T11:31:37Z,(GMT+01:00) Europe/Tirane,7200.0,,,,0,1,0,1,0,False,False,False,False,everyone,False,,"[40.13, 19.66]","[40.13, 19.67]",1.099,1.54,57.5,38.0,True,95.5,111.0,False,True,114.6,-0.6,10268367357.0,10268367357.0,garmin_ping_287712701421,False,0,0,False,20232024,1,a9576001461,az|sFaf~vB?BDh@Gr@FHDDDC?BBFPEDMZSXMJM\GRBZCJGJCLUNIV]LAHGHKRGPMTe@\_@Xe@NKLS\]Pa@d@w@JYCQNe@AOFu@Iy@?w@FyAEuA@k@Ju@?UC}@E[?e@Mg@@WKu@Cy@GaADkAAi@DS?oA@SBQAIBs@Cq@?a@KeADo@?e@Im@Au@De@?kAD[Ci@Dm@EcADUEe@?k@AM@ICW?gACUIa@g@oAXa@?INGZi@DDCC?FDGHP@?@JD@,2,,,,,,Diego Galdino
2,The Blue Eye,2607.6,3057,3103,54.0,Hike,Hike,,Garmin Forerunner 645 Music,9495699667,2023-07-21T14:29:23Z,2023-07-21T16:29:23Z,(GMT+01:00) Europe/Tirane,7200.0,,,,0,1,0,1,0,False,False,False,False,everyone,False,,"[42.36, 19.75]","[42.36, 19.77]",0.853,2.733,53.3,32.0,True,106.2,140.0,False,True,614.8,485.6,10183436039.0,10183436039.0,garmin_ping_285610861943,False,0,0,False,20232024,1,a9495699667,qiqaGwwowB@C?QDS?OHYAEX_@?MDOVg@?QAGIGSIA?FC?QCCCB?EKWe@W@YGI@OAWRSGWQ@?GIA?EDKLI?OV[FY?MEGHMAEFOCIE[FKHGLe@FG?YHi@AMAFx@IHHDk@FKANLMBJHC?`@B?CJEDl@k@R?FA`@eA?s@h@@FCDILAFE?UBGHKCIB@BIDBB?@DNSVIDGJALQPIACDABJTOB@FGD?BC?CFMNENORo@C?OPTEPBDKDC?DJI@GRKABD@AEABDF?[GEH@@EFAJWZY@CFGC?T?PIH??CCCXQBE?EJGBOCC?E\EDI@EECC@?CGC?AO?JSCCTKx@WEGEAPQAAs@JFIDSG@FIAIBDIE@ALCBCJG@BPOEG@GCOGCB@BIVMAQDUC@TKNMFMDC?IMEBA?EB@BEJCPMAC?MCEDSEOHBNCAEDC?GTSAEDMAIRk@?k@XW@IF@HGBOMFAABk@J_@EMHWDC@WPOHUDw@@ODCAIHO@Q?WCWVWJQBKFQBOCUHOIUFO?WRc@?MU]Gc@EIFYGKC[FSHOBOBCCOJYPMHKBKCE@UBC@WLCPMHMAU^SZo@CIBCRUNKJCAEd@[FYBEBUBGJa@`@QTSJ[RS@IXYCC?GDIDC?GLSCa@ISJQAW@SCY?WJc@@UJ[@c@EGBSAMBQCADDBAIS@INLDPDAWYFYBE?QBIN?RChCg@@EACFC?C,2,,,,,,Diego Galdino
2,The Blue Eye (Return),3024.1,3336,3530,178.0,Hike,Hike,,Garmin Forerunner 645 Music,9495698319,2023-07-21T12:30:05Z,2023-07-21T14:30:05Z,(GMT+01:00) Europe/Tirane,7200.0,,,,0,2,0,1,0,False,False,False,False,everyone,False,,"[42.36, 19.77]","[42.36, 19.75]",0.907,3.517,53.8,36.0,True,126.9,170.0,False,True,622.0,468.0,10183434624.0,10183434624.0,garmin_ping_285610825434,False,0,0,False,20232024,1,a9495698319,yroaGkjswBvBmDMw@A@EACJMJQH@OHACAK@KKGCAXE?GHQNIIW@IIOASZCJA^BHHFAJGFIROLCz@KXIDADDbAD^Cx@MH[l@[JGD@TBPCJMLCPEFGDYFUJCRUTKRALQHJP@HVXFJG@K\IDo@POCS@m@V?FKDY?KDDZC^FTS?SDCHJTINMf@GJBFYL?VNVTr@FXAHHTDDBVCDGB@VAPQH?DGDATLn@_@jA?d@GZBNCX[d@O\@PA@?DK`@IF@\Q|@ALE?HNKPIv@e@l@QLOEFBKIX^AC\Vq@g@G?GFO?AB_@B?DO@CHICEBKAA@?BOD@@EEAJBBCRxAlAHHAHBJCd@KLMFAJMVQ?@BATMJBNIFAHD?G?IOJBN?OJQIPHGFGB@FCDKD?IP^OO?\IDBHFJ@HMP?NKV?B?EEFC?BHGA@DEA@H@IQSPVEG?@IEABHFEAG@MACGECCHBHAFSGGD@@?CAFGC@JCTMFAJINS?GFEEAB?f@AFAOCECDCAKLC??DE@ADKr@GDEAIDKEEFBd@E?Hb@?FEHR\@FMCe@m@EBW@CPM@ABFLMC@DCECJDRIGU@IDGLCAG@UWABA?ACGFDNCIIPMAIDAJG?Kd@KJC?a@GYb@Hv@?NGHCFBFOOMEEAGFWBCEAPDAAE@FB@CC@LGGEMSOGh@AIFBBL@EEOC?ADCEK@CCABSAOHG?IQCBEX?JGBARKZG\SPENCXHJFVIz@BL?JERDTE`ABB?FEXBH@E@BCFDLDAA@DHG?FBDE?GJCDEF?EFG@KRB@?FLPBNBBEJDBKGBAE?JDBAD@BCJ?AJBFMPDH?FIRCBIBAF[Z@@B?GNHF?GEHBZITC@DDATDJAHEDF?FHMKK@L`@CKIECBLJA@EPDEHc@,2,,,,,,Diego Galdino
2,Valbona - Theth,11599.6,16269,20256,655.0,Hike,Hike,,Garmin Forerunner 645 Music,9495697496,2023-07-21T06:13:48Z,2023-07-21T08:13:48Z,(GMT+01:00) Europe/Tirane,7200.0,,,,0,4,0,2,0,False,False,False,False,everyone,False,,"[42.41, 19.83]","[42.4, 19.78]",0.713,3.417,55.4,31.0,True,102.6,161.0,False,True,1760.2,933.6,10183433631.0,10183433631.0,garmin_ping_285610797978,False,0,2,False,20232024,1,a9495697496,_rzaGom`xBPfAUt@V~CWn@H|ASNI~@H\_A`A]~BRbCdA~@FrAbAT?PXJ@j@^XM?HUC`@`@VKX^VCNRFd@_@Hb@PSh@z@Lc@BVBQ?Pj@DBXT\MSIf@SGFV_@VPV_@UKREu@UbASIIBZ@YINFQHNEGO?VNI?tALKXHIb@ZJS|BNJ@|@Zt@Q@b@\ACUBHCPPSCL?Q]LVABBCK\JY]\Cn@GYi@KDlAs@dDM~ADz@[dCq@jCa@nAo@rAGfC\hAe@fDHzB`@fABt@z@l@HP@Z|@f@M`AHOKdA^It@pALGQz@f@?GTT?Ml@ZAMRBQTJ[rALABXQJJ`@Ul@SRPBA`@LYCl@\DD\H]Jb@@SZH@b@DYl@Al@c@ESf@q@OMDKLEUVLKDVKk@|@Q@[IDfAEi@_@`@UIYn@WFs@RMHOu@_@`Ae@Gw@Pm@^Vz@c@^FzEuBDe@h@a@|AOLRKSTIRyAH[JJOsAWJGMIGHTd@AO~CO`@WBLDSEd@TUBFj@Wr@COM|A[fAQROdCMJ\RLj@\NX|@@tA^b@@ZICZtA?hAVxAInBZxBEd@ICT@H]D\En@U@T|@OzAa@x@AnASORHQ]L\GIFJ]KJKBRBYG|@YfAON_@H@|@SL@f@]VNzAEdAr@xEJrDKd@RpAa@Xu@AQd@UMaAjADZw@No@AFVUDO~@IGVt@O`@RBDl@PPUFq@ELRQWN\MSl@FIGNVQQPHWOJIOLH?CCPPUUEATXKOLHBWFXKQHLSARH[WPNWM^JC@O?DWJ\_@VcBKId@Jp@Ol@LVSf@p@`A`@`D^p@~@^p@xAr@NV~@RNPpAbAvAv@tBDlA`@|AxAtBJ\KAz@dBd@Bh@d@^rBb@j@Ct@^f@KPFTHa@t@Jn@l@lB^nCnA\b@OTJQT`@RlBiAXlA~AFz@p@hBGj@TFZbA\hBK^HpAl@nArBr@CxBJXSpCi@h@qAH]VLr@g@z@_AL]^EUHXQD@YLNi@L^OIEJRMGLS@VV@KSST@^E{@S~@D^c@f@Nx@qAf@OZUpBa@d@K`Bm@lCYHFh@Un@Nh@WXJ\MLHRI`@^@EpA`@n@MXNJQNRLV`Ad@^C~@T`@EPp@v@EZJMY@NFN],2,,,,,,Diego Galdino
2,Afternoon Run,25148.6,8775,8780,324.0,Run,Run,,Garmin Forerunner 645 Music,9456120088,2023-07-15T11:30:38Z,2023-07-15T13:30:38Z,(GMT+01:00) Europe/Amsterdam,7200.0,,,,0,4,0,2,0,False,False,False,False,everyone,False,g13944456,"[52.05, 6.08]","[52.05, 6.03]",2.866,6.264,84.0,26.0,True,175.9,196.0,False,True,113.8,34.0,10141602080.0,10141602080.0,garmin_ping_284591186509,False,0,0,False,20232024,1,a9456120088,uhu|Hg}bd@Ky@IK}@oBwAmC_A_AMF_@t@}AvDo@rBi@rAmAtAIASUK?J|@EJGCYq@C@kDtDu@BSUGASLc@z@SVo@nAs@hAs@xBKLaArBW`@w@dBiCfFSxCIp@uAzB]t@a@n@q@rA{AdBYj@y@jAi@d@oBrBa@d@}@jAqCvCI?Qi@UaB?c@N{CFu@XeBNmBf@_@EKLWPOdAg@@EBW?u@NuCDuDKIy@@y@Hm@EQ}@Gw@IcBMkHAUGKgCBaAOs@D[`@aAb@WDSNM|@W|@UrAm@`F]vAiA~GUv@Mj@S`D_@tBu@~Bm@pA[`AOV_@fBQlAK|BEJc@\IEuA}@u@gA{@qBO_AC]CoBIs@OUc@BoAv@[ZcBlAa@ZmAzACLEx@]dALbCYtA@n@Fb@Rb@dAjBh@vAx@`B^nAt@~Al@dBTtAf@tA@TM`@O^^`BVbBd@rATz@F\t@|CZnBPj@`@~B`@|Ah@nC`@lAdA`F`AhEPj@r@hDVnBb@rBJRb@tAPn@lAlDzA~H`@~AFd@`@pA?NOZ]TiE~BaA`@OPF|@RlAJZPfBLl@Vt@F^@ZE|@Kx@?f@Nn@PNv@Nb@Rn@Ct@N^QxAeA`@o@Xq@RWd@Qj@@l@XbBhA`@l@Tt@Tb@VNx@R~@|@j@U\JRXPb@Jn@FxAHf@Z^JDh@?ZFrAv@TF|@HLIJ?HHHj@Ph@\d@|BvBVGjAk@n@m@t@k@rAmBdA_Ar@a@h@i@R[BQAkCMsCA_CWiCG_AEqCIw@EeDqAeGCm@?y@CQQuBI]C}@Kq@K]i@qAKyAAs@Q}A@w@L}@CwABe@DW?qBHwAJm@bAqBb@_BF}@nAn@dAz@h@l@XPZd@jA~@jAjAp@|@XRfAfBbAlArAnATL\d@Xt@T\x@h@\\^h@v@t@Z`@^t@X`@Fb@J`CGfAEd@Mp@Sl@e@dAy@vASr@YdBa@pD_@pBMtAUx@_@|CCj@Qf@mAbGM~@WhDOnAE|@Y`EBrBNxA?`AFf@R`@^f@j@jAZtAPdAv@vBRd@RxADj@VvAFr@Ll@Vp@BVTbAf@~@j@~AjAvBx@~@x@p@Zj@h@`Bl@nA,2,,,,,,Diego Galdino
2,Night Run,6005.6,1968,1979,12.0,Run,Run,,Garmin Forerunner 645 Music,9445730521,2023-07-13T19:00:34Z,2023-07-13T21:00:34Z,(GMT+01:00) Europe/Amsterdam,7200.0,,,,0,3,0,1,0,False,False,False,False,everyone,False,g13944456,"[52.23, 6.89]","[52.23, 6.89]",3.052,4.214,82.5,20.0,True,149.9,170.0,False,True,24.8,-5.8,10130649587.0,10130649587.0,garmin_ping_284307829596,False,0,0,False,20232024,1,a9445730521,{ex}Hilai@}DyC_A_AWQYYIQWWcBqAaByAUUQM]]]Y_@g@u@k@Ic@kBwA]g@oAgA]U[M{@m@uAoAg@YyAeBW_@s@s@]e@M[Am@GMg@O[?UHWEiBg@KGCg@IOYUcAeAa@[[OUQYc@q@m@_@SyBcCKGq@o@aAu@UU]U_Ay@m@u@iAq@eAiAwD_DUYUUcCyBo@c@WGw@y@e@m@u@c@kAy@aAcAeAy@a@k@_@a@i@c@}@k@]]gAy@Y_@y@s@Qg@g@c@]OqAe@a@AQMYe@?QDMZi@JIJQ?QCGUOU?MTYRQ`@PVRPNBp@h@XNrAbAt@\XZp@d@tAtAT^rAdAVPnA~@vA~ArCfBZZt@`Av@t@d@VPLn@r@p@l@fBrA~@`A\RnAtAf@^~@bAzAlArAx@dAv@r@p@b@j@tAnAxAfAf@b@p@x@dAbAf@\PV@HJh@b@Vd@Jz@Xb@HnAHHH@n@Vj@v@l@v@~@Xb@`@^\X|@^HL?HFH\Tn@Z`@^b@Z^Lr@h@^d@`Ax@^XhBjBb@\t@p@VPpA`BzBdBp@\t@t@d@TLWFs@~EsAlAm@VStBs@r@[fAm@\KDDP@d@RN^Ev@k@tF,2,,,,,,Diego Galdino
2,Afternoon Workout,0.0,3154,3154,0.0,Workout,Workout,,Garmin Forerunner 645 Music,9430540740,2023-07-11T11:54:40Z,2023-07-11T13:54:40Z,(GMT+02:00) Africa/Blantyre,7200.0,,,,0,1,0,1,0,True,False,False,False,everyone,False,,[],[],0.0,0.0,,33.0,True,100.1,151.0,False,True,41.4,41.4,10114692334.0,10114692334.0,garmin_ping_283934103166,False,0,0,False,20232024,1,a9430540740,,2,,,,,,Diego Galdino
2,Evening Run,10004.6,3184,3274,20.0,Run,Run,,Garmin Forerunner 645 Music,9425886814,2023-07-10T17:18:00Z,2023-07-10T19:18:00Z,(GMT+01:00) Europe/Amsterdam,7200.0,,,,0,4,0,1,0,False,False,False,False,everyone,False,g13944456,"[52.23, 6.89]","[52.23, 6.89]",3.142,3.938,82.7,25.0,True,152.6,168.0,False,True,37.4,18.6,10109805114.0,10109805114.0,garmin_ping_283808038704,False,0,0,False,20232024,1,a9425886814,oax}Hmr`i@qBr@c@V}@VQBEWMPMXQRa@V}@~@{@j@yBrBq@b@q@r@kAz@k@j@yAfAa@Pc@\a@j@i@P]PICa@JmDlAgAd@_@HaAb@mA\mATsAl@e@Gs@Pw@Fy@Ti@HsAd@_@JsB^o@RuAXo@V[?DM]Z[P_AX{@d@c@Pe@P_@FWc@[M[Ee@UYIk@_@]M[CoAm@_Cs@sAo@sAc@]GaAe@gAc@aB{@g@Sc@Mc@Q_@KcAg@i@SyAs@s@Sq@[qBiAkAe@c@S_@]QCIFy@Do@EY]aAw@mAkAgBoAo@k@y@_@uA_@q@Au@@iBa@_@UMQo@k@[a@Ek@N}BTmAJeATsDP{@ZgARoAFqBDe@Po@f@eA|@q@f@w@lAiD\sAb@kAFs@?aAGeAOgAMcDKeAKc@{AeBw@_CMq@Fq@VaBH{@FgA@y@\{DTsEHeAb@{AVw@Tc@vAwBtAkBZk@N_@R{@VeDLeANo@V]~CwC`AyAl@s@T_@^_BTo@Vw@N]^]^Ot@e@b@Sj@i@bBiB\o@p@iB\mBb@kBX_ATo@\kAb@oBZ}@PEx@G\?vAMb@Gl@Cf@Ft@BhACp@E|@OtBC^IlAHjBEf@Gt@BrAN`@Gd@B\Hn@IbAj@`@XTX`@r@dBhF\f@r@dB|AdCTh@zBhE`@f@x@tAz@pAn@~A\f@p@p@j@r@`D|EtA`Cx@|AzAbCXh@v@hBCE?@D@NPf@z@jAtA|@vAf@j@Zd@rA`Cj@v@^p@xA`CnBfCb@`@h@j@rDvETN\^Dh@CR[d@k@b@e@Pg@JqA?c@Cw@B}CAi@Bg@E]DmBQiAAuCMiAO[@m@Io@D_@?kBQkAWgAIg@Im@Q{@KU?g@HAVBD~A|@pAhAfA|@l@j@j@d@zA|A`BlA\Z`@TrAjAfApApA~@hAhAvBjBfAfAvC`Cf@p@b@b@b@VPXLH,2,,,,,,Diego Galdino
2,Morning Ride,58176.0,10731,11663,76.0,Ride,Ride,0.0,Garmin Forerunner 645 Music,9417450636,2023-07-09T07:35:52Z,2023-07-09T09:35:52Z,(GMT+01:00) Europe/Amsterdam,7200.0,,,,8,5,0,4,0,False,False,False,False,everyone,False,b12624990,"[52.23, 6.88]","[52.25, 6.16]",5.421,10.881,,31.0,True,119.4,156.0,False,True,46.6,8.8,10100836777.0,10100836777.0,garmin_ping_283587060095,False,2,0,False,20232024,1,a9417450636,slw}Ho__i@}Kx_@wFrU{C`K}@~AcEfQaL`a@yAzEiBpB{A~HqQtk@iQhs@EZ|CxBnBb@tDnDdBtB\dCpAb@bBrCaGdK_IpOuo@nmAoFzIuWjh@iLjS}AlFq@`IkC`JWnDgDhKo@jF}GfY{@xAUbC{CzKmFhJcEI]nDUXmBYe@^[pC_ArCmCxA[v@oFhFqBnAhAfL^~_@y@`S{@~Hk@rDlCxO`@fViA~MStNaA`J[xHHf@|BdCPb^rAfb@hAbNjBry@nDfk@MhH`AhHv@xQ?vI[nKc@~FkAdEIbBtA~GVtBv@tAZInFpX?nRPjCjBdJtC~G`ApGQrBd@dH}AhaAjAxK~Ipp@OfA_CpCy@tEHlDtAbJCzAwAnBay@hQeFxd@gJ~lA}BlNaAtKi@dBaC~Dq@nDH|Mh@dTQ~CoE~KkRjs@mIx[qDvNyOrZoCrJaB~DcWnWmChEqNrXcUhl@XxFGvLu@|cA]nB|A`KSzC_CdM|@v@[hLlAdHpBpHhF|I`AfEXtIkA|Ip@d@N|DO`GUzBsFdRKnAFlCk@Pe@pBLnGb@|Ca@pIn@nEKMe@v@}BxIaAxAgMna@aHlOUjA{C`Fm@kAc@Ju@dEiFpJjAtCbHbFlE|GnMfNrFnBr@l@~@hBp@fDl@pG\^pCcEhCaDhFgElWmJrGyAd@xGz@pXvBrZ|@fHdCl_@K~Bg@lAVlDGnChAfEfBr@|ApTh@r@|@V\~@nA|VGfCc@xFjK`|Af@lA~JtGrF~EjBzEh@zEAjE}At\CjGXvB`EtMf@xH`AxEJ|DT@WTKdBA~Db@nGHhHg@xIRjFUxWW~DPpHe@|N`@bFVvK~@~GSfC@rDuCfY{BnZ}FjOgFnQSvC`@vDH`DqCvXiA|Dk@p@KfAoI|NkApEkBhEy@pEDtIStB}AzCK~A_ApBv@`AzAzNnBbYRrMz@xDhA`MnBtMPxM~D~q@xLr}AhNxoBn^rtCfRbxAtCfZZfCJGSCt@Fk@?NG_@TZ?`AfJhEhYjG|h@hC|O^hGvI~o@XxE`AnElClVzBhNdInp@zArJz@~KhBrGvAbDjC`LjNzc@xBnJlFxOtB|K`BhMKnIw@zE[jF?fApApJHxCe@|l@tF|tAn@`X}Cr_A_@ha@aB|RaBpI}Df_@{BtOqCn^wBxJaBjDu@`F`AjGVlFIn`@XhHGbMPVOr@Xh@HhGf@dDdCbN|@hBGbDs@rBFbALz@`B`@,2,58.1,,,False,623.9,Diego Galdino
2,Morning Run,22597.5,7445,7476,44.0,Run,Run,,Garmin Forerunner 645 Music,9410274958,2023-07-08T07:13:34Z,2023-07-08T09:13:34Z,(GMT+01:00) Europe/Amsterdam,7200.0,,,,5,4,0,1,0,False,False,False,False,everyone,False,g13944456,"[52.23, 6.89]","[52.23, 6.89]",3.035,6.54,83.6,27.0,True,166.5,185.0,False,True,69.8,1.8,10093215081.0,10093215081.0,garmin_ping_283412725477,False,2,0,False,20232024,1,a9410274958,oex}Hqlai@gCqBi@OUq@W]iBeB_C}AkBkBo@cAsCoCi@]_BeBeDsB{AcBkByA}@gAuAiA?gAaA_@e@B_C}@Kk@oD}D}@y@eA{@uDmCoFkE{CwCiAoA}B}A}AoBy@a@eAcAqEcD}@_AsAaAoEsE_CgBm@y@w@c@oA]_@YWe@CO@Qb@eA?aAWmFW_BAyASeCN}BJKOi@SqHOoER_D\gDBqBp@oJSwKBoDGaCCWOQ_FOoAa@cAw@cB_Ea@MmCh@uABg@IkB_AqBAeCq@{@a@_BkAaCG_@PuAjAg@CwBgAaDi@mBkAeJeHiAi@_HcFaBeAcAYsE[gWeD{DY{Ci@{JsAqEOqCm@_@UOw@Ag@@kBHkB`@gD?s@PmCp@eI^aBTwA`AeKEU[UyCcAiD{@}AImBH_CMcATuHIk@LcBfCo@zAqBvCiAfCYb@WR_@T}A\aB`A}CFmFtCiCl@mClAaFnAWXBxFChFLfGOvN@jHTN~DHpAN`AI`@NFN@QGh@@~@F^VDxAQZ@HXJbCDpFBpKEpBD`DElBBbBErILpIE`B|BhMZlAhAnFx@|EAp@SVyB|@_C`@oHnCqAX[\cB`Fi@pAw@rAQl@Kv@uA|DuA`DMp@Wl@{D~Lk@vAMl@mAxBiAhD}@pAGj@GFWfAcCxHBr@n@bBlAjEpAzDVrBB`CKtBIp@wAzHOhBM`HA~EFv@Tj@tAdBbCvBdAfAr@hA~@~@rAbC~BpFf@~@Nj@Fv@k@xP?rB^dFXnBTlD?hBPtG`@MbBuBfAcBf@_@lFwBbAOxE^bEd@zGaBx@NpAn@zBjB`BdBtBbBtB~BTj@Lt@j@jArGvE`@j@Ll@v@|FR`CFbIFbARv@@d@c@|AoApCXp@Hh@@rAc@p@@Rv@rArCrGxBjFrDzJxAfDhAjD~A~BtAt@hCp@|Ba@dDiAfASfB}@~DcBvAqApBqCrAgCp@iBpCcOp@qEFcC?}BM{GBkCl@kGhBuMl@mI^mBl@qBr@{AbAoAnE{B|AcAhFqBl@EjBVfFzA|BLrC|@b@?|Dv@d@RhAJjAd@vBXdBr@zBX`Bb@zAF`CWbM{EtFmCnBs@`B_AzVsKzDuA~BqAlNqD~BeAhBQRSdCe@~Bw@jHuCl@a@r@w@d@KtAcAbCkANk@t@q@jByAZK~A_B~Aw@Ze@R]Do@Cc@KkAWe@Au@Iy@YaAKiAxBA,2,,,,,,Diego Galdino
2,Morning Ride,22005.7,3743,3743,48.0,Ride,Ride,0.0,Garmin Forerunner 645 Music,9404460401,2023-07-07T08:36:15Z,2023-07-07T10:36:15Z,(GMT+01:00) Europe/Amsterdam,7200.0,,,,12,3,0,2,0,False,False,False,False,everyone,False,b12624990,"[52.23, 6.9]","[52.23, 6.89]",5.879,9.19,,26.0,True,119.7,143.0,False,True,23.2,-10.6,10087072911.0,10087072911.0,garmin_ping_283256101926,False,10,0,False,20232024,1,a9404460401,a_y}Hodbi@?Ye@m@sAgA}A_BkJkICOAg@EE_FmAMKI_@eAgAc@g@iAeAkBwBkEwDcCmB{A}AmCwBgBiAYWsDkC{IcI}@s@uAwAeA{@wCsC{BaBQ[i@WiCwAe@a@K[Ju@VWRc@@[AeGWgEEmBGeACE@KKgAc@sHIaCA_AFkBf@_GZ_EReBLsCAuDDiD]qJGa@KQ[EkCFuAOaAm@[[w@kAcAyBSQUGa@@oAd@_BRw@IeBkAUKKCuA@iAQcC_AqAgA{ASu@?e@FiB`B[NWGqBqAoBs@{CsAmDcCuDuCuLuIu@OkEa@}H_AqFw@aJ}@mB[eOeBcBY{BEqBc@SM?GRkJ`@sDNy@n@yGJoAf@mE|@mKCUSMiIcCgCOgF?sADyFCq@DSPyA|BeGpKcA|@mCbA_AVkAAqAHoF|CkBj@uAl@_GhBe@TSPEJCh@JxH?vCBbA@bBDpNA~E@nCLTT@~FAv@Gb@FTJIdA@hAHRP?hASh@CPNH^?nGAnECTAdL@|B@nLNxNFz@j@|DbFjXGh@WPwHtBkFbB}An@}@|BaFjOuC~G{AzEqAfDkF|O{BdFeBdFGb@@VTbA~AbEjAbDPn@HbAFvA@|AEfAUrB_@pBc@fD]nCStCGvBJfGFx@N`@f@l@bA~@fBnAb@p@dCpCr@|@lCfFbAxBh@pAL~@?Pa@lI@p@KrBGvCz@xNDjBJzBL`BBnADNJB^Un@aAtAiBtAyAjCoA`Bq@TE`@@pK`AzFuA~@KdA`@xCfCh@h@pCzBbCxBRVJ^d@rBb@p@~@v@jAn@bClBX\LZd@tCz@rHOUFN@LBnIZrA?ROf@aB`DE\Tf@Nf@BdBCJYZ?GCBEN@Fh@x@zA~CvAvDjClH~CrH~ChIjAjBb@^`Bz@vAVn@Dx@QjBw@pC{@jAg@rC{@h@YbBiAh@g@l@q@dBqC`BgEpDcR^{CH_CCwBWaHH{CbAoIn@eE\qCn@oJ`@oCn@cBlAiBpAiA~CyAnDmA`DsA~@IvATr@V`AVbC`@pE`BfCn@hAPdDX`Dx@n@FnAd@xFjAx@FbDe@hHyCpBmAfAi@nFsBlCoAxEcBx@Sj@_@zBkAfFwBnBeAlBq@xCoACARKfAc@z@YjCg@nCu@dAQvAGrBi@d@WrCg@`Bi@vJ{Dz@a@~ByBvCwBnCeBnA_AZ]|@i@VSZm@pAw@FW@[{@wM@GTEhAX,2,69.7,,,False,260.8,Diego Galdino
2,Night Run,8990.5,3319,3321,10.0,Run,Run,,Garmin Forerunner 645 Music,9401827685,2023-07-06T19:10:21Z,2023-07-06T21:10:21Z,(GMT+01:00) Europe/Amsterdam,7200.0,,,,1,3,0,1,0,False,False,False,False,everyone,False,g13944456,"[52.23, 6.89]","[52.23, 6.88]",2.709,6.022,71.8,20.0,True,131.9,165.0,False,True,25.0,4.2,10084302585.0,10084302585.0,garmin_ping_283171325489,False,0,0,False,20232024,1,a9401827685,qyw}Hup`i@h@zAZxA@VVjBR`ABlA\~Bh@xBHfBV|AB~@^hCHvC?jEeBkBG_@AiAKiBc@oAc@e@YQy@Ki@R[^Qj@El@NlBRt@l@v@`Af@z@S\c@No@FsAc@yBa@k@o@a@u@Ki@LY`@Mh@Cf@T`Cd@vAf@j@bAJ`@K^g@Xk@Dw@Ew@Q{@m@{Aq@g@g@Io@F]VQZIr@@r@TvBRh@^b@f@\`AFZEZSRg@PmBa@iBm@cADLFG?IGNe@e@q@[cAHOH]n@Gz@LlB`@xA`@j@d@^x@Bd@KXWRe@Jg@@[MwAG]_@cAo@q@k@QaA?_@PKRMr@Ar@RrBRr@Zf@z@f@pA?`@y@Jy@?g@SsB]y@gAy@_ACu@h@S|AFjANz@Nb@^j@bAb@nAA`@a@Ps@@gAKcAKc@q@oAs@g@_@KmAR_@j@KnAZtBl@zAZXx@V|@KPOZcA?eCWcB_@c@k@[iBAe@^KTIp@BhAXnBx@pA^NrANp@q@To@Eq@?_Ae@iBi@s@[U_AUY?e@XSZIj@HpB^jBp@~@l@Rt@?ZKV]Pa@J{@GcBi@qAw@s@uA[]Fa@d@K`@AV?r@NrAn@lBx@j@d@Fj@Gf@aAHiB?aAWoAY_@UUi@OeA?q@`@Q\CXH|@?x@j@lBh@l@\RjAHf@SV}@DqACeAYgAy@_A{Ae@g@H]VUl@CVL~B^xAh@^NX^PrAB`@[XeAEwBMs@a@aAuAy@_AIo@^Q\Gv@R~AThAXx@\d@v@Rd@Ap@OXm@Dc@Gq@@{@]}Am@w@{@e@WCg@Jc@`@SZGd@Af@NbBf@nAfA|@t@L~@a@Ri@@SG{@?{@a@_B{AsA_AE_@LSXSz@DlBVhATj@|@x@zANb@QVi@D[@sBa@_Bq@cAo@Wq@Ci@LWXI\ExBPbATn@d@j@`@VlAJ^I^a@Ju@AiAMaA]oAmAaAs@Mg@J[TQZKf@Az@P|ARp@z@jA~AVj@KRi@Fo@I_C]{A}@aA]M_@@e@Ja@ZUv@AjALnAl@|AZb@t@T`A@PEb@s@FaA,2,,,,,,Diego Galdino
2,Afternoon Ride,19068.0,3471,3547,42.0,Ride,Ride,0.0,Garmin Edge 530,9386946440,2023-07-04T13:18:11Z,2023-07-04T15:18:11Z,(GMT+01:00) Europe/Amsterdam,7200.0,,,,0,2,0,2,0,False,False,False,False,everyone,False,b12624990,"[52.22, 6.9]","[52.23, 6.89]",5.494,7.989,,19.0,False,,,False,False,62.2,34.2,10068648352.0,10068648352.0,garmin_ping_282799783290,True,0,0,False,20232024,1,a9386946440,mgv}Hcebi@@BJSj@q@JGj@MH[CaCHg@HoA?g@?w@EIEUII{BIsCDiAFgDr@uDjAw@HeA^G?aC{@aCiAyFoBs@K]?_AFuA?_@JYVGR?XHv@XvFNjFDzC?jBk@vE_@rD_@|GK`Ae@tCc@tDOxBITQLwCjAiBn@mCjA{CnBuHhGkBtAkFjD}KbEqJjB}Bl@mE`A{Cx@iIlDgBn@mEhBkH`DyF`Cc@Ne@HkA`@qB|@o@l@iAf@?BRFDJBr@EnAFlD?nBFbD?lELpHCbBLfJB~@BbDAt@DfC@rHHxEAp@kBhKcBzEeEdLmAlCS^eCrHEdBG|@?dAGlCKhBEbAAx@@t@MtBC|AG`@Cx@FhCOzFBpCAbAGnCGv@@pBUdFJ~DXhBHjDHf@TpCC^}AdA]\[j@gApCQV}@|BKL[v@e@p@i@h@mAd@}DjA{Af@{A`@aBh@g@RcBf@iBJ}@Cs@@}@KcACm@RYNsAXeBf@iAP_@?iDy@m@W_@[c@q@wFwKW_@UK}AMiCg@qA[w@HaB^MHG?AQRwHBmBRcJHy@^uBd@cCj@aCBYF{CDc@FuCFi@Jc@@OGi@Fs@Hc@@e@Ai@FwA?{D^mGHqERcDHq@@qALwFT{DLiD@a@Cq@q@mEaAyHI[W_@GS@WRkAtC_ONuAJwADkBMqJ@wCBc@N{Af@eEbBuLTuAH_@t@sGRaAXgAz@kBj@s@l@g@nB{@DGFE@MGe@GOKCIKM_@C[?]FYbCoIp@wC~@sD|BmIhB_Ih@uBd@kAtAaD`@eAJKDArAr@TZn@b@d@Rf@Ah@MXMrB{AdBgAl@k@AOCIeFkM_AuBcBiE}@qBa@e@yBs@eFoB_EeB{Bm@oDkAuAm@aDcBYYCKAOB]VgBRsBFgE?{AJ_N\}XBcGDwDH_NPmMBIJ@nAh@rFvBvAp@|Aj@hGlCxEfBnAl@rC|A`Al@ZVvDzDtDlENNZHxBiAd@Qx@k@LURG|@A|@Nh@Pn@^XFF_@Ty@bAaAnAsA~BqCb@u@JWn@_CHQL?X`@ZXhChAh@ZDNDDd@Xd@`@lDfDlHlGfB`BtCzB`@d@nN|Lh@j@tCbCfAfA|AjAhCxBdAjAp@f@^`@BJ?VBJnAd@v@NlBf@RN?l@@DHHnN~LvAhAdB~AdIdH~BvBd@\dEzD,2,52.2,,,False,181.2,Diego Galdino
2,Evening Run,8003.2,2313,2339,30.0,Run,Run,,Garmin Forerunner 645 Music,9381439065,2023-07-03T16:09:00Z,2023-07-03T18:09:00Z,(GMT+01:00) Europe/Amsterdam,7200.0,,,,6,2,0,1,0,False,False,False,False,everyone,False,g13944456,"[52.23, 6.89]","[52.23, 6.89]",3.46,6.746,82.4,20.0,True,162.7,181.0,False,True,79.8,55.0,10062867369.0,10062867369.0,garmin_ping_282656505503,False,3,0,False,20232024,1,a9381439065,iex}Homai@a@UkBeBs@{@gA{@Y]WWiEcDy@eAa@_@wB{AqAkAqAwAQQc@So@k@e@[kAiAQSyEgE{@y@@g@DOB?GI?KMIa@Iq@Ag@Ea@MYC_@BGGMg@UQo@}@aA{@UM[e@_@_@e@[aBsAGKaBiAy@s@_@c@aBqAe@[u@eAy@_Ac@a@_Au@k@i@Y]o@_@i@k@[UW]g@e@e@a@q@a@iBwAm@i@]i@SKUQ[Y[a@iBoAuAyAc@YSY_Am@cAaAa@]oAw@S_@WYi@Ms@YsAy@]g@Ie@r@cB@k@BsEQmBA}@G}ACICyCKu@GkAKm@@q@IiAIkBG{AAiA^oENgC\_ENaCH_CDO?SCKCU@_@AUFc@IeB?mBGkC@uBA{@@IO{ACGMsBI_@MsBGGMuA?o@SmCImCHUDERKH?|ARb@An@_@j@W^Ux@w@`@OTHFx@DnCTpCLx@vAhF^~@p@tARj@hDtGn@`AvAlC|B`EXh@Tj@d@l@Zj@bA~Az@fAZXn@|@pArAtArAb@ZX\XT~AlBn@tALl@Rl@XvAJxA~@fAPJCEC@FJf@^\\`@v@^|@Pz@Vr@Vf@X~@p@`BDd@L^Zd@t@pAb@l@Pp@Nx@v@nAXl@`AhA~@lADPl@nAZd@bAt@Rd@tAxBZp@~BpDVj@|@hAd@x@x@xARn@\j@BJ?IC@x@dA`A`ARZzArCnBdCz@fBhBfCP^b@n@rB~B\d@dAbA|AtBd@j@`@\LFf@J^Kr@Fh@?f@HHb@NlAHxAAVRlCApAVbIC~@m@xG,2,,,,,,Diego Galdino
2,Afternoon Weight Training,0.0,6422,6422,0.0,WeightTraining,WeightTraining,30.0,Garmin Forerunner 645 Music,9320408919,2023-06-23T14:28:01Z,2023-06-23T16:28:01Z,(GMT+02:00) Africa/Blantyre,7200.0,,,,0,2,0,1,0,True,False,False,False,everyone,False,,[],[],0.0,0.0,,28.0,True,67.6,98.0,False,True,,,9997837412.0,9997837412.0,garmin_ping_281020794941,False,0,0,False,20232024,1,a9320408919,,2,,,,,,Diego Galdino
2,Lunch Weight Training,0.0,3403,3403,0.0,WeightTraining,WeightTraining,30.0,Garmin Forerunner 645 Music,9320408894,2023-06-21T09:30:28Z,2023-06-21T11:30:28Z,(GMT+02:00) Africa/Blantyre,7200.0,,,,0,1,0,1,0,True,False,False,False,everyone,False,,[],[],0.0,0.0,,28.0,True,85.5,108.0,False,True,,,9997837428.0,9997837428.0,garmin_ping_281020792778,False,0,0,False,20232024,1,a9320408894,,2,,,,,,Diego Galdino
2,Morning Run,3329.8,1446,1855,7.0,Run,Run,,Garmin Forerunner 645 Music,9280488236,2023-06-17T07:32:14Z,2023-06-17T09:32:14Z,(GMT+01:00) Europe/Amsterdam,7200.0,,,,0,1,0,1,0,False,False,False,False,everyone,False,g11521649,"[52.26, 6.88]","[52.23, 6.89]",2.303,3.418,83.9,26.0,True,124.9,138.0,False,True,21.8,13.4,9955394417.0,9955394417.0,garmin_ping_279950011988,False,0,0,False,20232024,1,a9280488236,ew~}Hq|}h@AQPOFW@YLe@Do@L]J{@h@{BRo@b@_AVa@`@a@ZO\Y^SVGZQx@m@`@O|As@t@W~C_B`AKhA?`@Jt@V^B~@XlAVl@TjARdCl@nATn@@t@Nl@\x@NZNd@JXLlAb@`@Hv@@d@HZHj@Zb@HZN^Hp@F~@RbADLASPXIr@E`AQhAg@~Ae@ZQnAi@~A{@ZIRUzAu@l@SREnCcAzAw@x@Sv@]lBm@\Qt@e@p@_@`@O`@WZOXGdBq@bBi@xAw@VIrBaAh@m@XOn@i@XITAXUXGbBs@t@S^Gt@QfBi@BC~K_CNLDEJAXIREd@St@Sd@SXGTMB?PMVGp@]v@ObAg@PATIbBw@b@_@`@a@,2,,,,,,Diego Galdino
2,Morning Run,8354.6,3154,3178,12.0,Run,Run,,Garmin Forerunner 645 Music,9280488154,2023-06-17T06:29:07Z,2023-06-17T08:29:07Z,(GMT+01:00) Europe/Amsterdam,7200.0,,,,2,3,0,1,0,False,False,False,False,everyone,False,g11521649,"[52.23, 6.89]","[52.26, 6.87]",2.649,3.691,83.5,20.0,True,147.1,162.0,False,True,22.6,3.2,9955394182.0,9955394182.0,garmin_ping_279950008546,False,0,0,False,20232024,1,a9280488154,eax}Hwq`i@]Xw@TeAf@k@PSGWYK@GDAJ@FC^g@VqAfAYVSZeAx@_Af@c@Z}A~AmChB{A|@s@h@k@LQPAFKJ_A^[D[Re@Nc@JaA\_@HmAn@{A\g@Fe@JgALcAVq@Di@JeAb@SP]N_CX_@N[Fu@Z[J]?y@VUJUFE?CHBd@YbA?x@OxC@|BAf@HpACrBEh@@dDI|CGjFDx@CpBBrBAxCIfEQfAW^cAlCUd@Uj@Wb@_BlEQ^mAlBi@bA_BtDGDYl@WnAWv@}@jBSt@_@v@_@Ze@TcA^}ANo@Gi@FuAA_@E_AEk@@oBY[FQj@YfBU~@WfBOl@c@xAsAhD_@`B}@tBMn@eAvCK`@cAbCMp@a@vAO\_ArAQ^KhACxA?j@BfAGzB?`BCb@@fGEx@CdBYvEGfD?jBSbEMvICl@BJGdBFhBF\^pEDlCP`DCZ[Lw@n@[HWBCBaA`CoBxFKL[t@u@lAcAf@c@Ne@D_@LkAH_C|@]F{A^m@`@u@TeBx@UBg@@_@GeA?{@JaCHmANa@LWd@_@DyA@}@H}@@UIUM[G]KSKs@Sa@Ui@w@OYm@u@e@kAWg@SYCMe@_AoAqCWOUAWBeAG{Ac@_AMk@Oi@Ay@LyAZGCCMA_BHoBJiFBaEJ}CFw@`@wBXiADk@^}BJmAAg@Bu@Jg@@e@JeB?]FoAAq@@qBLcDAw@\uBHw@Bu@Ho@@q@Eq@?s@Eq@PeBFw@EaAFi@F}AJ}@B}CPgB@eALoCJsABy@Ai@Ee@Ma@Gg@?i@IaBQs@UgBI]O{BKa@Qa@B_@N_B`AmF,2,,,,,,Diego Galdino
2,Evening Run,10004.5,3308,3396,19.0,Run,Run,,Garmin Forerunner 645 Music,9271503001,2023-06-15T16:02:14Z,2023-06-15T18:02:14Z,(GMT+01:00) Europe/Amsterdam,7200.0,,,,0,1,0,1,0,False,False,False,False,everyone,False,g11521649,"[52.23, 6.89]","[52.23, 6.89]",3.024,4.043,83.3,28.0,True,151.7,167.0,False,True,50.8,31.4,9945892262.0,9945892262.0,garmin_ping_279681157190,False,0,0,False,20232024,1,a9271503001,ibx}Hur`i@KHy@Re@No@dA[TEOQFSh@aDlB}@z@c@Vi@b@e@Rw@~@uBtAeCdB}BzAOPsAp@wAb@i@LqClAsDp@gBj@_@FsAL}@JcARg@TqBj@qAVe@NgB\YJMEAABC]\k@NiAj@a@VyAd@WGS_@[OkCaAy@WiAi@cA_@g@MiAi@_FcBmAk@_Cy@[WkAe@EEc@Qk@YkA]sAg@sC_B{BaA]YWD}@Bk@Ka@[i@g@iAu@eB}Ae@Yc@e@a@YmAU]CcBEe@KiA]a@YwAaB?s@NqB|@aGHkA\eBFu@L{@DgAVmBN_@T_@j@a@Xe@l@}At@{AXgALu@Vw@PmBAs@QcBUmEIe@EMoAiBOg@iAsC@m@No@XgBBo@A{@X}C^{FJu@FaAb@}AVo@r@iA`@g@rAmBd@cANSRo@Nw@Ho@HuBNu@Vu@nAkAfBwBv@w@x@sAL[d@oBVo@Xi@FGz@g@ZWlAq@f@a@Xc@`AeAp@gBtBcIv@oC`@cBNa@BCRCf@MrE]jABd@Cx@MNAd@Or@EXAn@Nb@Dn@@~@Pp@I^OxACd@Db@@nAIhAN\Rl@Pz@p@b@b@Vj@\hAp@zAXr@dCpEhAbBh@jAp@bB~CdFzArC^RVRT\`DrFP^Zb@\^p@nAvB`DVd@dAbCA?JLn@fAdAbA^h@x@|Al@x@dAfBr@tAZd@`AfAbBpCjCvC\T\d@p@t@t@`A`@n@Hl@?VMZ_Af@cBTiABiAEgECgADkAImBAkAE_@KcAG_@Iw@Go@?gAJaAQe@E_AY[Im@Ga@Os@Q}@Gk@BIZ@JFHbA^ZX^Tn@n@hAv@^f@~@j@Z\Tb@XXRn@XXj@Jd@`@Xf@VTf@V~A~Ar@j@v@f@`@`@d@\Zd@|BrAXXv@n@b@h@LRLp@XHZZhAt@VZVH,2,,,,,,Diego Galdino
2,Evening Run,8619.4,3481,3548,55.0,Run,Run,,Garmin Forerunner 645 Music,9265650857,2023-06-14T17:00:17Z,2023-06-14T19:00:17Z,(GMT+01:00) Europe/Amsterdam,7200.0,,,,0,3,0,1,0,False,False,False,False,everyone,False,g11521649,"[52.23, 6.89]","[52.23, 6.88]",2.476,6.466,70.9,26.0,True,130.3,156.0,False,True,45.8,31.6,9939726203.0,9939726203.0,garmin_ping_279520338136,False,0,0,False,20232024,1,a9265650857,}yw}Hcp`i@Hl@lA|EbA`HDx@VtA\pD|@fFFjAB`AAvCEb@aBqBBuBGy@]iAc@w@_@[m@KcAFa@^Ql@CnA`@|Br@`Ab@Th@DbAKZk@Jy@DeAKu@Sm@s@mA[Ug@Ka@Ae@P_@b@Op@Ej@BnANr@Td@`@j@\Zd@J~@C`@UPg@F}@GqBSu@Yk@aAm@}@Ik@V[d@Kv@?t@B^RdAf@~@d@b@VJhAB^ONQLY?MBDC@Hu@?{@Gy@W}@Ug@u@i@mAMs@RMLYv@?dBXnAIIA[^nAJFJb@b@ZhANh@GLMT_@Pw@@w@Ci@e@kBs@}@g@Wq@C{@b@S\Gd@FvALfAV|@Xb@^XnANVE\YVq@JeAEi@SqA]s@]_@g@]_@Iu@Dm@r@Ij@Av@L|@HhAATh@p@h@V^Fv@BVIRWPm@HkA?i@MaAIUe@w@i@c@cA[kAn@UnBBfAVtAh@t@nA`@fAMNOXu@D]CiASsA_@}@u@q@iASo@VUZMn@BtAVlBP^`@f@|@^lAMTSTs@B]@iAOeA[_AcA_A_AQw@ZYl@I|ABl@RjARj@j@p@~@Tp@Gh@WR_@B]CyAIo@c@mAUa@[[_@So@Iw@VSVMn@ArAD~@Hf@ZbA`Ap@nADVITSTe@Hk@BiBq@kB{@kAo@GsAb@S^Ev@F`BJ~@Xx@~@r@hADb@OLOLUNm@A_@Fc@Iw@i@aBw@u@qAWc@J_@\KXAx@@n@PbBPn@LPz@x@f@Hf@En@_@X_AAUDi@KgAk@gBy@o@_AS_AZYh@C\?v@Dn@\tB\h@VPn@R`@?VEj@_@Z_ABSCs@g@wBYi@WWa@Sq@Oi@B_@RSn@BxBV|AX|@d@f@j@Lr@Ih@[Tg@Hq@Bw@CYa@eBS_@]]iA[Y?WFc@ZK`@AfA@z@J~@Vt@NVr@f@lAJ`@OXWTu@EwBOu@o@kAe@a@_@Os@Ee@FUTIVG|@D|@PfBRZ@b@ZRFLh@TlAQ^UR_@H_BGs@Os@Wo@[a@m@c@YGu@Do@`@Ol@CT@`Af@xB^n@NHLb@j@Rd@C,2,,,,,,Diego Galdino
2,Evening Run,8007.9,2497,2546,17.0,Run,Run,,Garmin Forerunner 645 Music,9253253154,2023-06-12T17:47:06Z,2023-06-12T19:47:06Z,(GMT+01:00) Europe/Amsterdam,7200.0,,,,1,3,0,1,0,False,False,False,False,everyone,False,g11521649,"[52.23, 6.89]","[52.23, 6.9]",3.207,4.284,83.8,28.0,True,152.2,173.0,False,True,53.2,35.4,9926661456.0,9926661456.0,garmin_ping_279184126228,False,1,0,False,20232024,1,a9253253154,}`x}H_r`i@a@XiBt@_B|@yAd@wA~@{@r@]Rc@TuAbA_@\g@Xa@Z_@`@c@^cAx@aAf@gC`Bw@T{Av@sAb@c@Hw@XgAV{Bv@a@FGGIW]ZSHs@b@mAb@[B}Bn@e@Fg@R_@Hi@@k@HaBl@i@Le@RWIBCY\]T{@b@y@\g@N_APk@s@{@i@e@Qc@Io@]qA_@_EwAeAUy@[a@G_AY}BkAq@OcBg@oBaAuBqAi@Y{@Uk@]cAw@m@YOK{@]c@Ug@Jq@Cg@IeA_Ao@]qAkAkB{AeAi@k@Oq@IgBDs@Mg@Q_@SeAiA]m@CGDk@b@qDFs@N{@RwBV{@d@yCHy@D}AHeAt@oA\_@bAiBj@uAd@sAj@wBLeAAu@[uCMaEa@kAyA_Ci@qAUs@@i@^gBJ{@D{@D}BJmAHsBJ}ALyA\kBTq@BQVq@nAsB`@k@`AkA`AwBRs@RyABs@A_AJg@\q@dBaCd@i@rAmAZa@Xc@dAmC^gAP]Z_@XKh@]VWjA{@p@u@p@aAd@oAl@eCb@{@Lo@Vm@d@{ALs@Tu@Nu@Pm@DMNGf@GdAG`@GV?~AO^Bt@?`AKh@@nAKr@@t@Rh@?x@?fBGd@?b@KJDT?^EbADXAhAFd@HrAj@f@X^d@p@bATn@j@fB`@`A\j@~@jB`@p@`@`A\h@^d@b@vAVf@Vn@~AxBb@p@rAfCRJ`@ZZj@b@j@~AjCt@xAfAfBp@bAz@xA`@l@n@zA\l@LX?Hh@x@~@~@\b@Xn@`@\lAnB\`@Zd@Tb@Tv@Zh@\b@^n@d@j@z@pAZXDLRb@x@t@pBtBl@|@b@d@n@d@FN,2,,,,,,Diego Galdino
2,Evening Run,16005.0,5199,5223,40.0,Run,Run,,Garmin Forerunner 645 Music,9248116152,2023-06-11T18:55:29Z,2023-06-11T20:55:29Z,(GMT+01:00) Europe/Amsterdam,7200.0,,,,1,4,0,1,0,False,False,False,False,everyone,False,g11521649,"[52.23, 6.89]","[52.23, 6.89]",3.078,5.096,83.2,27.0,True,159.2,174.0,False,True,67.2,40.0,9921236670.0,9921236670.0,garmin_ping_279021609604,False,0,0,False,20232024,1,a9248116152,_`x}Hgq`i@e@XeEtA[BUTg@Qi@TwBnBkAnAkAx@iArA_J~GeA\c@Bi@XsA^iAl@wC~@oB\e@A}@d@{BNiBl@e@VcE|@o@VmB\m@Ag@`@}At@kBt@e@H[o@a@S}A_@iAw@yD_BoC}@_D_BiAWgBo@k@Ug@]kA]uB_AqBk@c@SiBgAeBo@_Aq@iBJgAq@aAu@y@aAeAy@oAmAoC{@{BEk@MkAg@qA}AGg@XyBTkE\sAReBRu@H}@PwDNcA|AmBj@kA`BiEh@qBFaAMmESgEIg@kAcB]m@y@aCCQ@e@Lu@JqA@aBFgCh@oHVwBLo@Z{@\m@`B}Bz@uAZ_@Tg@Rq@XeBJ{@Ay@Hw@^kAd@i@xAkAxCkD\q@\uAp@uBVa@dBaAz@k@`A}@d@e@\i@bAwC|AgGf@_Bz@gE@MEM[Ca@Zc@P_EfAwBdAmAXoAFGo@[gHGmELuD`@qFLsC`@oCFeAPi@NE|@o@|@c@L?AN}@vDyChKGSJcDT}DVwBBy@CyBGs@CsLYkDMsDc@oDi@qF?IJa@ZIzAPj@A|As@~@}@dAk@N@Np@@rBJfCH|@zAdHVv@vA`DvBbEtCfElAtCjAnBZt@v@lAXr@vAlBdAdApC|C\Rv@r@\d@~@z@t@|@j@`AVf@|@zCFb@BzAK|ADHjAl@\Vr@`ATd@p@nBhDvGpAnB`BfDtAtBr@lA\v@j@bAhDhEj@d@~@nB`B`CLp@P\d@p@rBtDj@xAf@|@pAtAzApBvAbC^`@tAlC`C`DZj@vA`BfCdD~CvCt@\|A?f@MTXZhCJpAFjGPtD@tBMlAMx@c@tDi@tIGbBQt@KXGDsB}A}@aAkBaBuFuFeGaFe@i@{AmAiEaEgAy@y@w@_BaAcAmA]_@iDoC}CcDEc@BW|A`@vCRbDh@tIr@tDChBHtAGnBDdBR`A?tCc@ZM`@[R]VMf@NdCGVDT`BRlCFfC?z@R~FEZ}@P_@AkBd@{CnAmAp@yAb@gBt@W\Ux@MTE@s@m@[a@Qu@OwAy@yMSe@YoDUyAOAg@Ui@LgA@{ISm@Om@?yCs@[Bk@zAFXnEbDvDtDhHbGrCtClChBdAhA`Ar@`ChC,2,,,,,,Diego Galdino
2,Night Ride,13822.2,3580,4301,25.0,Ride,Ride,10.0,Garmin Forerunner 645 Music,9234940210,2023-06-09T20:19:01Z,2023-06-09T22:19:01Z,(GMT+01:00) Europe/Amsterdam,7200.0,,,,6,4,0,2,0,False,False,False,False,everyone,False,b12624991,"[52.29, 6.76]","[52.23, 6.89]",3.861,6.838,,25.0,True,105.8,148.0,False,True,43.8,22.4,9907252467.0,9907252467.0,garmin_ping_278683930347,False,0,0,False,20232024,1,a9234940210,grc~H{agh@hBcBd@k@jB_B~BgCn@g@t@w@JOLy@HQd@s@r@MdAqAd@aAzI{Iz@gAdDcDl@u@\RRBVS~A}ArDwDdAaAdGiGnNkNj@a@dBmB?WAKgAgBOYOk@KiA@_AjAcCfCuEl@qAJi@HuA~BkF`@u@j@oA~@cCj@qAX}@jBiHNeBJg@?IZg@?OKe@e@}BFg@lCkCj@c@rE{AfAe@hCy@jAY~@_@HI@a@BI~Ai@VQ~DiD`@g@As@CYC@RU^W|@]nAqAv@k@l@q@b@u@rAeAf@e@d@i@DCb@m@Ru@v@oBt@gA~A?ZMPyAL_@HiAH[HCtD\R[^}@f@g@JQN_@RoAR]ZUb@q@JSf@sC|@aEv@iBEcABKVM\k@h@{BV{@N_A@WTgAf@gBVwARq@j@wBZo@J]PoALsATyAtBgIx@mBRmABy@JoA`BwEP}@b@{CNiBJkBF_@p@oBXq@XeAVq@r@mAb@kAd@_A~@_BZw@r@sA`@i@nB}ClAaC|@uAbFcKH_@`@w@dBiCtAuCbByCjAgCnA}BrBeDxBsEp@mAx@mAdQg\hCwEl@qARi@nA}BhDyF`AuBrBoD`BiCTOXCp@q@xAyB\q@H_A^iAd@y@n@{AL{@Tq@b@{@hAyAr@sAh@i@Tq@H]?_@SeAA]Je@Nc@v@sAL_@`CwE|CqF|CiG^i@r@i@|B}Dh@w@^{@bBwChA}Bz@eCv@gA`CsD`@w@DSRWVq@~AsCb@qA`@s@|@{@Xa@XcAh@sCN]j@y@fBaBl@}@Ve@f@_Bh@_AbBqDvAaE|@mB~@aBVUf@w@fBeD~C_Eh@_AbA{BnA{CT{@[k@@Gh@kBnAaD\iAf@yCFo@@aAsAqK?IBEN?DOKo@?SI[Y]M_@[{BOs@WaBUkCCcFRsDXiCFSAOoC_@mDIg@MRyBXsBHyALaARaAPsAv@kDJkCByBC]CEcAY_ACoCi@Q@eAgB{@qBBCEMaA}Ba@_BQaCCqDEg@SeABs@HOx@c@^q@Zc@n@o@jAcCZ{@RcAN_@Ga@SK]O@BECCFI@\i@O\b@w@q@z@NIPCECLOR@SHOAgBk@kBs@eAYc@?kAv@CCIYe@aCe@qB}@aD,2,39.9,,,False,142.8,Diego Galdino
2,Bornsche Maten Loop,10149.6,2882,2882,13.0,Run,Run,1.0,Garmin Forerunner 645 Music,9234300144,2023-06-09T17:30:25Z,2023-06-09T19:30:25Z,(GMT+01:00) Europe/Amsterdam,7200.0,,,,1,3,0,14,0,False,False,False,False,everyone,False,g11521649,"[52.3, 6.77]","[52.3, 6.77]",3.522,5.024,84.1,28.0,True,174.0,198.0,False,True,9.0,-3.4,9906568467.0,9906568467.0,garmin_ping_278664977118,False,0,0,False,20232024,1,a9234300144,mee~Hkcih@q@Ac@GcBq@m@]i@u@sAe@i@WcA_AEAIHEHIfBUdBIjA@FHJRb@L`ALlCJr@Pn@Ln@D|AJlBh@lFGn@[NaB^wBh@_BXo@Fc@HuA`@u@Pe@BGAU[AIQoAKyBGKk@Jg@d@e@HU@YSIg@O_F_@sCI_@Qq@Ms@KcAGyABqAJ}AXyBTaAZeAd@}@f@o@b@]h@]r@Yb@Iv@Wb@IzAClBDNIFYd@oE@g@GaAAaABcCAkAKiCAqKI_AC}@HsCMkE?gCCwAAsCCUA_ANcAJcB`@sCh@sL`@}CVqC\mC@u@AwAMuBCiCKkAM}CFyC@iAFcAVuIAo@G?GBKRcDbJm@hA[f@sBvB_@f@}AxBq@lAg@n@kApBa@f@eA|Au@t@S\SPg@Zg@RwAb@yBj@{@Fi@LgAp@A~@JdCL|@T~BAHINa@f@oBdBs@v@o@d@kBtB{Al@sAp@c@Lm@Ze@LwAv@yB~@s@^QR?t@TlCd@|BXt@bAnBd@n@r@zAv@lAVl@nAxB\dARv@x@jETfBr@bCZlBp@lDn@tBjAvC`AtB|@zCVj@Xv@Lr@Lb@Z`Bb@hDPXZFtBTd@ARDb@NJH\`@RNR@FCD[GaAAsCRiBX{Al@gBVk@^i@b@c@dAo@rBk@v@Kd@?jAMd@Cp@HHARy@ZuDFoAC{@O{BGiCFyBEkA@oABeBF{@[mO@gACkA?sAC_A@iAGgAB_AJeADiAl@sFRs@JkAH@NNr@pAVr@|AlCx@dB\j@n@nAlC|EZp@@\Iz@Bt@Gl@Sr@@`@Vd@NLZP`Ad@^^bAx@z@~At@~@NXL\FF\?b@Hd@TPP|@bA^f@Vv@Nt@X\B?FIPe@BALB`At@x@|@Vh@T`A@~@GlANf@Xr@Hn@Ld@PPFLDPHvBAl@Qh@?`@RnC^hB^vCAz@Ip@Uj@e@p@gBfB[F_@[Um@eAuBc@o@u@u@w@XYP[ZwBLk@Jk@DuBB_ACWE,2,,,,,,Diego Galdino
2,Afternoon Ride,11763.0,2296,2456,0.0,Ride,Ride,10.0,Garmin Forerunner 645 Music,9234298769,2023-06-09T15:59:58Z,2023-06-09T17:59:58Z,(GMT+01:00) Europe/Amsterdam,7200.0,,,,6,2,0,3,0,False,False,False,False,everyone,False,b12624991,"[52.23, 6.88]","[52.3, 6.77]",5.123,7.369,,33.0,True,108.7,132.0,False,True,17.4,-18.0,9906567034.0,9906567034.0,garmin_ping_278664941672,False,6,0,False,20232024,1,a9234298769,}mw}Hy`_i@^f@HVAXg@dBWhA[z@QZo@jBGVg@hAy@dCYn@_@dBK~@On@{AzF_@rA]~@y@vDU|AgBnHsA`FWt@MV_@b@MVi@hBOj@UvASr@Wr@}@|CeErO_@|A_BxFs@pBcAvDc@pAe@jBQh@U^o@\c@b@e@jAu@xDq@|BWfAeAvDiA`D_B`Ge@lAo@rCi@dBe@dBs@`C_BnEk@dCAA_AnDsBnIw@nC[tA}BrJ]dBy@dDCB@Fc@jBObA]jAG\o@`CQx@m@zDk@pCgBzGe@tA{@vCo@dB}ArDaDnGeAjCo@fAuBpEaDtHkCzFqCrFeFtLuA|BuC~FsAtDeDtHwBpEo@zAy@`BWn@m@`A]~@cA~B_AfBY^{@tBWf@mBlEs@vAoB~EwAvCm@bAgAdCON]LGFB@i@pAEp@O`@gA`CoAxCy@dBuAnDeA`C_@r@kChG{@fBaBvDuBjEgB~Di@`BqClJWj@GPAEMl@c@tCIXkDnMk@bBmAdFO^IFwAbISp@EHQDO?aAKYDq@\YRg@h@OXEDGa@?JMF[FODgAHs@PaANaAXg@Fq@N_@Rc@d@Yh@c@fAwAlC_AhCmAvEk@|A}A|DkA~BW`@e@p@eAfBe@j@C@MECBYZYb@{@~@_BzBKNGRe@x@i@p@wBxBs@d@g@TkAb@UFgAHi@I_@Oq@Jc@JiBNkA^oAn@wAhAiAdAq@|@mDjDe@Xi@AIFWb@e@jA_L|KcA|@oApAaAr@D?UXQH[u@MC[XcAlAM\EVClAKj@e@j@qBvBg@p@iBjBmHdH_Av@eCdC}@n@eBj@}A~@gBvA_AbAu@f@q@l@s@r@c@Ze@s@OMk@OMMUKW?OEGIe@mAi@gAW_@m@q@i@i@c@UE@EFOf@c@f@_A@g@Fu@RmALsBEOKAWHi@BAB@C@@@BE@@?AC@@M,2,40.5,,,False,93.0,Diego Galdino
2,Evening Run,8009.6,2600,2670,12.0,Run,Run,,Garmin Forerunner 645 Music,9221269934,2023-06-07T16:33:34Z,2023-06-07T18:33:34Z,(GMT+01:00) Europe/Amsterdam,7200.0,,,,0,1,0,1,0,False,False,False,False,everyone,False,g11521649,"[52.23, 6.89]","[52.23, 6.89]",3.081,4.444,82.0,25.0,True,158.0,172.0,False,True,27.8,18.6,9892846026.0,9892846026.0,garmin_ping_278315125616,False,0,0,False,20232024,1,a9221269934,yax}Hir`i@c@ViA`@[R]NWVC@Ic@MBi@f@wAdAiCvBSJ[V_Al@g@l@a@RiAv@_Ar@[XSNmAr@}@v@qAj@c@HeB`Ak@Ng@Ve@JmAf@y@TiAVa@BWAIKIFWZa@NqAVm@@e@Fo@b@_ARg@FuIxBi@d@yAp@uB|@a@DU]US[Qc@Sm@QoCqAe@SsAa@cBy@oAg@{@]iAYc@OaB}@}@YaA_@q@MwAy@c@OkAk@wB{@WOiAc@c@Sg@SYSM_@?GHg@Vu@n@wCPoANs@DKl@aAnAcBnAsCt@iCLy@^_Al@wBNu@z@{CVyAPs@Hq@@y@XyBBeAOmBA_AKaASaAWw@M}@McCM_@Be@NQXGd@?vBDhBt@`@VJz@DPFJB?h@k@lAA\Ch@DTWp@eDd@mAb@i@l@cAr@Sf@Gd@KnAGlA@d@Eh@GpAYzB_@d@E`DaAhASn@Yb@Il@?hAFp@Jl@TjAVlA\|AH`@Rb@LjANpA^f@HjB`@lAR`@BbA@b@DZApEZrAOl@Ad@Fd@R^Fz@ObABrAFrBDp@?|Cc@NETUVi@\Gd@?l@Dn@Al@NDNJv@d@xFDnANlHEPIDk@AYBw@X{A^q@^}B|@iCfAoA`@YZ_@tAMJE?aAaAcBgAq@q@i@_@qBqB{@aAk@a@o@w@QO{@g@uAgAeB_Be@i@g@a@QS{@i@KMSl@uA~AALBDZLd@Jh@RjARtBr@d@F^Bn@KRFl@XNJRXd@Z^d@zBxA@Dt@p@hAlAdAn@~BxB,2,,,,,,Diego Galdino
2,Lunch Weight Training,0.0,6513,6513,0.0,WeightTraining,WeightTraining,30.0,Garmin Forerunner 645 Music,9212901010,2023-06-06T09:54:07Z,2023-06-06T11:54:07Z,(GMT+02:00) Africa/Blantyre,7200.0,,,,0,2,0,1,0,True,False,False,False,everyone,False,,[],[],0.0,0.0,,26.0,True,87.4,117.0,False,True,,,9884060357.0,9884060357.0,garmin_ping_278102405558,False,0,0,False,20232024,1,a9212901010,,2,,,,,,Diego Galdino
2,Evening Run,7361.5,2274,2386,18.0,Run,Run,,Garmin Forerunner 645 Music,9208800978,2023-06-05T17:25:02Z,2023-06-05T19:25:02Z,(GMT+01:00) Europe/Amsterdam,7200.0,,,,4,3,0,1,0,False,False,False,False,everyone,False,g11521649,"[52.23, 6.89]","[52.23, 6.9]",3.237,5.553,81.1,23.0,True,148.4,168.0,False,True,34.0,17.0,9879774622.0,9879774622.0,garmin_ping_277981087398,False,1,0,False,20232024,1,a9208800978,_ax}Hkr`i@IDYXa@Pa@L]VcAb@I?Si@OHKJIVUTi@\i@h@eDxBmBdBe@\aA`AgA~@cBfA{@r@mBdA_@Ls@Zc@De@RwBn@m@Tk@Zg@Li@Fg@Je@DKACO_@`@sAXmAL_@H[HgAd@m@J{@Zq@Nq@H{Bl@q@JOAEMe@d@k@XeA`@s@`@y@VO@a@g@UKiAYa@Qw@k@kAa@kAg@[IQ[GW@DCRFJC@EC?B@AMGuAg@iAUsCw@EEo@S}Am@q@OwAg@wBkA_Bs@qAq@{@i@k@Uk@_@kAe@g@[wBK_@Sy@u@y@k@uA_Ai@Ya@_@g@m@QMUKe@MECHBPMABBJiAUYCaAFu@K}@Wg@[]e@c@a@]e@?i@L_A^eBLkAj@eDR}@ASP_BJ_BB{AReAd@w@^i@^_@Xg@^u@^eAf@gAVw@VeAHiA?aBSkBOqB@oAl@k@PGFGFF@JAFDC~@C`@IVc@b@aDXcDXuE\_Dj@{DHqA@kAKmCGaAg@oFc@wAQsBCWHiANy@Nm@Vk@b@_@f@w@nDiE\k@HO\mAHKVs@DYFCNXNFJNNLx@b@PLFNp@`@b@\\Zl@b@dAhA^Vh@h@jA|@bAdAnBzAdA`At@dAzAjAn@\~@r@\^nA~@tEtErAbApAnA`@Tf@`@b@f@R?HRNJz@`Ad@`@^f@~AnAhAlAT?LHJHr@bAn@l@xAv@Xj@Nf@`Cz@j@?d@TTXTt@HHjBdA`@b@Zf@tA`A`@^d@d@hApAfBnAn@f@\b@v@f@fAhAh@^l@n@r@TFHRFNRPA,2,,,,,,Diego Galdino
2,Morning Run,10007.9,2872,2894,21.0,Run,Run,,Garmin Forerunner 645 Music,9192005117,2023-06-03T06:22:32Z,2023-06-03T08:22:32Z,(GMT+01:00) Europe/Amsterdam,7200.0,,,,4,4,0,1,0,False,False,False,False,everyone,False,g11521649,"[52.23, 6.89]","[52.23, 6.89]",3.485,6.134,83.1,19.0,True,157.3,176.0,False,True,68.4,50.6,9861956115.0,9861956115.0,garmin_ping_277552311403,False,0,0,False,20232024,1,a9192005117,gax}Hmr`i@[PiBpAi@Pa@V}@^q@`@u@XQ^a@Nw@x@e@Vw@l@YNc@\mBlBc@\aAn@o@Zg@f@]f@iAl@c@JoBt@_@Ju@LaAZy@^_AVsBd@o@HcBh@kATW?mBn@sARoAZg@@eAPc@LuA^i@Ve@PkAZg@TIHi@Vc@R[G]]g@YyAk@]QcA]e@YiA]a@Q]Ea@MSMg@QuA_@u@]e@Mc@Uo@Sa@UwDaBs@QmDwAeAg@qC{A]KYQe@Qc@a@SF[?e@Ae@GWU{@e@a@WiAaAuBiAmA{@e@WaA[q@Ig@?QEuAo@KBm@Y{AoACk@@Kh@yBn@uDPyAd@{Bb@oDFoANy@Tq@b@m@l@k@LOPu@ZgAv@cBNg@VkATwA@{@o@qCSeBMuBIe@Ua@s@aAYk@c@oASiAJi@Zo@f@wBEqA?qAD_ATqEHy@NgAv@eCb@oAfA_BZ_@Xm@z@sAx@kBNg@@aCBs@Nw@Vc@nAoA`@_@h@m@x@y@jAwAZu@Jw@`@_APi@N]VY`@Yf@W^_@l@_@b@a@jAsA\g@t@eBPu@Tu@rBeIPmATaADC^EpAGVEh@C|CCpBBh@Gl@MXClAF`@A`FNv@Cp@KvA@dBJn@P`@PRJ^`@z@zA^dA~@tBjApBjB~Dn@z@z@nBbAzAXf@NNj@~@\t@^f@P^|AfBhEbHr@~@^r@^h@x@`Bj@x@l@xA`@z@BLAEx@rAx@`AzAzB`AfAdAzAz@lBbAlBp@bAjC|C`@\zAjBVTnA~Ad@`@VZ?TIPMNk@b@a@T_BXqAFq@A{BIyA?cBGcA?{@Ck@@wAAi@EOEaBKyBAk@CoAO{Aa@aASQ@}@SiA_@WNIl@BJx@f@hAz@N@^^Zb@dB~An@^bA`Ad@Z^b@f@V`@^d@VnDhD`@V^n@XV`@d@r@TtA|AjAp@RPf@p@|@r@hAxAhApA,2,,,,,,Diego Galdino
2,Lunch Weight Training,0.0,10207,10207,0.0,WeightTraining,WeightTraining,30.0,Garmin Forerunner 645 Music,9181682135,2023-06-01T09:35:37Z,2023-06-01T11:35:37Z,(GMT+02:00) Africa/Blantyre,7200.0,,,,0,1,0,1,0,True,False,False,False,everyone,False,,[],[],0.0,0.0,,25.0,True,74.9,104.0,False,True,,,9851033423.0,9851033423.0,garmin_ping_277254636211,False,0,0,False,20232024,1,a9181682135,,2,,,,,,Diego Galdino
2,Evening Run,8010.6,2361,2400,26.0,Run,Run,,Garmin Forerunner 645 Music,9176820033,2023-05-31T16:12:59Z,2023-05-31T18:12:59Z,(GMT+01:00) Europe/Amsterdam,7200.0,,,,4,4,0,1,0,False,False,False,False,everyone,False,g11521649,"[52.23, 6.89]","[52.23, 6.89]",3.393,4.95,82.5,25.0,True,170.8,191.0,False,True,81.8,56.0,9845922791.0,9845922791.0,garmin_ping_277117233546,False,2,0,False,20232024,1,a9176820033,aax}Hoq`i@WPKBc@ZkA`@i@^O@CEa@qBu@cCy@iEG_A@iBCo@g@wFGoAAcAO{AC}@I]YY{@g@q@i@gAkAs@o@Q}@c@o@[[QGoBuA][[[{@g@}BcBg@e@i@o@_B}@a@_@eAoAg@]Yi@Ks@Q[WUg@We@CaBQQG[SKi@y@aAs@i@}A}A}AmAe@c@aAgA{AuAuIgH_B_BS[a@c@_CaBg@c@gAqAq@{@[e@a@]]]i@e@u@a@yAeAw@e@_@YmBsB}@s@kAkAk@a@w@a@Yc@{Aq@cASWKUg@Fg@b@w@BSOiCGeCc@}BKw@E}@@q@ImBBiALAFGJA@EI_@OQAIc@uEGcAIqE@q@H}AZyD@{@?sAb@iGLu@La@~@e@h@Sd@[b@i@ZWt@Yl@s@`@Y`CgAn@_@z@q@NGHINm@HcAR_@RNV\^h@^t@dBdCdAvBt@lAx@zAxAxBVh@tCnDpDpDd@l@b@^f@h@b@n@H^^z@V~@Xt@P|@DbAGvA@`@BDbA`@j@\V\\h@tC|G|@~AhBvC\f@b@bAj@fAN`@Z`@`@r@hAxBfAjBn@`@PVlBbD|A`Cj@~@xAxB`CnEf@fA@FABZf@\d@r@p@f@r@f@|@pAlBhAhBb@z@~@xAvBtCpCjD~AtBnAvArAhAd@JlAFn@?^BBFL~@RlCR`JA~@Ht@CRINQH}@D_@Lk@J_@Z_@HoB~@cBl@e@Tg@Ne@Xq@Re@Ta@~A@LHP`@Zt@d@n@l@,2,,,,,,Diego Galdino
2,Lunch Weight Training,0.0,2457,2457,0.0,WeightTraining,WeightTraining,30.0,Garmin Forerunner 645 Music,9168137626,2023-05-30T09:22:16Z,2023-05-30T11:22:16Z,(GMT+02:00) Africa/Blantyre,7200.0,,,,0,3,0,1,0,True,False,False,False,everyone,False,,[],[],0.0,0.0,,23.0,True,81.3,124.0,False,True,,,9836789224.0,9836789224.0,garmin_ping_276893080631,False,0,0,False,20232024,1,a9168137626,,2,,,,,,Diego Galdino
2,Morning Run,8057.4,2382,2382,25.0,Run,Run,,Garmin Forerunner 645 Music,9160736428,2023-05-29T06:06:56Z,2023-05-29T08:06:56Z,(GMT+01:00) Europe/Amsterdam,7200.0,,,,4,1,0,1,0,False,False,False,False,everyone,False,g11521649,"[52.23, 6.89]","[52.23, 6.89]",3.383,5.386,83.4,16.0,True,149.5,164.0,False,True,69.4,44.6,9828918361.0,9828918361.0,garmin_ping_276692676499,False,1,0,False,20232024,1,a9160736428,wex}Hilai@CCIYo@{@yAyAq@w@o@g@OQsC_CaAaAgA_Ay@{@kAcA}AiAuBkBeBuAwAuA[Qy@y@g@_@m@k@gAiAm@w@Sa@Ek@CEg@QSKIAc@Hk@IkAY]WCOEM_@[u@q@eAw@oAuAu@u@sDuCU]aByA}@s@]a@gAy@aA}@iBqAuBuBe@[u@s@g@k@i@c@mBoBe@q@m@e@]_@c@KWOuBaBgBcBiAaAc@g@w@o@[Q}@y@i@o@wAs@k@Oa@SY_@Ug@B[d@qADw@BeCKiDKkACs@Gm@CiBMkBSiBEcABcAI{BE_DL{ATgB@y@LyAf@cFFsAJcAXkCQ}AQ}B?_ADy@I}A?qAGiBQmBCeAQ_DOuBs@{EImAAUDe@T_@^G`@Fl@L`@B^KnAw@x@s@\Od@OPVBP@nBRdCt@`ERnAZ~@Nx@L^^x@`@r@^b@Xf@pAjCvAnBz@pBnAfCdCdEXp@|@vATb@^d@xAnAn@v@d@^d@l@x@p@dAjAb@XdBbB\j@Tf@RdAb@~ABTDt@@t@I`A?h@BB\Pd@LF?ZLz@rAP\p@lBH`@Xn@j@dAh@nAXj@x@~@Zf@p@lAp@`B`BzChApAX|@Lr@T`@l@V^Tt@lA\^p@fA~BxEh@t@v@pAp@`BxAlCdA`BjAlAnCdEf@h@\h@pAnCVTdA~AjBrBf@d@d@f@j@t@NL\h@pAfBrArAD@pBAh@O`@d@\tBV`DBx@J|@BrDBpAFP@l@CbAI|@UpAg@hD,2,,,,,,Diego Galdino
2,Lunch Run,3358.0,1167,1284,1.0,Run,Run,,Garmin Forerunner 645 Music,9155234753,2023-05-28T09:30:47Z,2023-05-28T11:30:47Z,(GMT+01:00) Europe/Amsterdam,7200.0,,,,0,1,0,1,0,False,False,False,False,everyone,False,g11521649,"[52.34, 6.7]","[52.36, 6.67]",2.877,4.496,82.2,23.0,True,158.0,174.0,False,True,10.4,7.8,9823025594.0,9823025594.0,garmin_ping_276546977788,False,0,0,False,20232024,1,a9155234753,}km~Huyzg@_CtGW`Ac@hAk@lBo@xAAJOd@UdAWZO^Wp@I^Up@w@pBe@|Ai@tA]t@]l@i@tAOl@qAtDc@xAg@jAm@xBWd@_ApCc@~@}CvEeBtBYn@w@nA]x@w@xAe@j@k@z@u@`A]p@aBhCiAbC}AvBy@z@w@dAe@T[j@eAt@g@?SAa@X[r@Wv@QT}@r@sBpAmCnAiB\cALYBqBd@}@BwALuAHgBTW@i@Ji@PQJqAXe@De@?MAOGI@MZFE?CIDNdC^~ABXNp@@NLt@?l@JlBPpCAhDEv@Kp@Cr@Jr@Dl@EVSL[nBWt@Dr@Pd@Zb@N`@DDHh@G`AHx@Ph@LnARVNF@FKb@c@fA]V,2,,,,,,Diego Galdino
2,Morning Ride,19751.8,3882,4914,20.0,Ride,Ride,10.0,Garmin Forerunner 645 Music,9155234250,2023-05-28T08:08:41Z,2023-05-28T10:08:41Z,(GMT+01:00) Europe/Amsterdam,7200.0,,,,4,3,0,4,0,False,False,False,False,everyone,False,b12624990,"[52.23, 6.88]","[52.34, 6.7]",5.088,11.07,,21.0,True,107.2,150.0,False,True,-151.6,-176.4,9823025160.0,9823025160.0,garmin_ping_276546962653,False,0,0,False,20232024,1,a9155234250,qlw}He__i@On@BPQd@WfAs@jBu@zBSv@SlAkBtG_@l@Ob@eCjLa@`A{ArGcAvDmBlGQ\STm@`Bg@~BGt@SdAsB|GiAlEm@lCg@lAcCrJ_AnC{@zCm@zAc@hB[r@KNi@^]b@Kb@StBa@fBa@~@sD`L}ArFsAhDi@rCuApEiCnHYxAoCvKgBxHe@bCq@jB_BzGqAxEHGWhAA^nCxBv@JfA`@xElEr@v@JVB`@Cn@DZTZp@JZVZ^r@nA?b@Uj@ArBa@^{@jA{@z@k@`@QV[bAgA|BsEbIkI|OkB~CiMrUmMfVwBzDaC|EmErHyBpEoBvDqDtGwEhJuDzGkChEcFpJu@nBeArDG^]hFQzAq@fC{AjEYrDeC`Ic@hBWxB]vBoAvDwA~GaCbKBC_@JMpAWlAg@jBc@pBy@lCWn@a@V[f@mBpEg@bA]RcCcAc@NWt@GrBMdAq@Tc@Sa@CWSONO`@WlA?RSfA[~@_@n@kDtCaAhAYJaAfAWJWXc@Ty@TW`@Fz@EXgAjAyArAcAv@iDfAqCfAkGpBm@XsAr@iDxCm@XORB\`@zAJl@Gh@KTwLpO}AvBg@h@]X}@pAmAtAyBvBcClBsDlEYLURIRAJPz@ATs@hA{@z@y@dAuE|GiAxAiAt@}E`BcAd@CJDf@`AjD~@bKZ|EBdA?f@Ir@_@~@Y\qCzBiDdDuGhH{@zAm@h@g@?EDOd@Y`@Qz@MTmFjF{ArAY`@wGtGeBvAcEnEuAlA_IdII@y@YODa@dAm@~@_AnB_G~FmJ`KQL[DQO_@_AIESBYr@cCfCGZBVLh@RIDFCFCO@BCFGAGIWy@K@iAtAiBhBaCrCq@f@y@D]TEf@BAKP{ENUREJYlCGx@O@c@QW?_A`@S?SOMa@Ug@k@[{@YmBwA_@J_Ax@}BlCeCfDeLbNyAnBsEdFiA`AUw@a@m@SCQFa@b@aA`CcBfDmCvEkBfCsAlCk@|@}@bAcDdEyBbC_CvCaLzMgDdEuC`DeCfDqD|Di@JcApBiB`CkBlCYXcAfBaAlAc@dAUz@S`CCp@FAI~AGrFKzBSjBm@`Cu@lDw@bCo@nAq@bAkArAgG~Ji@v@]`A[r@_DdFeGtKo@bAgItO_EdHDMCC@Fk@bBcBnDsA~By@fAIGs@`B_@h@mDhHkCvEk@v@k@bA}CbI_BbFk@jAi@rAu@rCUd@,2,53.5,,,False,207.7,Diego Galdino
2,Lunch Run,6076.5,2029,2150,10.0,Run,Run,,Garmin Forerunner 645 Music,9143088769,2023-05-26T10:10:26Z,2023-05-26T12:10:26Z,(GMT+01:00) Europe/Amsterdam,7200.0,,,,0,4,0,1,0,False,False,False,False,everyone,False,g11521649,"[52.23, 6.89]","[52.23, 6.89]",2.995,4.382,81.2,20.0,True,149.6,167.0,False,True,-154.2,-164.2,9810024821.0,9810024821.0,garmin_ping_276221139386,False,0,0,False,20232024,1,a9143088769,ebx}Has`i@}@f@g@P]Re@N_@DABBMMFa@n@iBxA]h@ULYVc@V_@b@UPYN]Xi@n@w@d@WTyA~@uA~@OBu@Xu@`@q@d@sBn@[R[L}@l@eA^cALm@Bg@Hc@DYNe@PCAEK?F{Af@k@DYFmAJ_@Vk@Pc@Pg@Xs@R{@Fe@Ng@BeB^e@FDVYXg@ZcAVu@V[RKL[PQ@_@i@QO{@YYM_@Ue@QqAk@g@Mw@[y@_@m@_@_Ba@a@Ok@M_@OyBiAuBw@kAq@y@_@_Co@g@SyAi@a@YsCoA[So@WU_@F]Pk@Vk@Ls@Dq@x@eDd@}@b@m@pAyAx@sBPq@P}@`A}Df@_B`@{ATi@Jg@Fg@Le@Lw@Fy@f@mD@[AsAKiBIu@Co@Io@i@qBAWCY@oBIg@Cc@L[NEb@@l@PnAC^B`@P^HTNLZ?f@P\LDJEN_@ROhCDLCDILm@RqAVe@Ps@t@uB\_@pBo@\Ed@Fd@GfANj@AXBtCSb@Mb@Sf@]^Mn@M|@Wp@K`@Qf@Cn@ORIJAb@B^HpAJ^Lf@HtBd@ZTzATBPBh@^f@\X|@f@b@f@jBvAVXl@d@b@Vj@h@PTf@b@b@f@x@n@l@r@bBvAjAfApB|AJPv@l@l@j@f@T^TR`@NRvArAn@t@f@f@`@V^b@b@^,2,,,,,,Diego Galdino
2,Lunch Walk,3457.1,4100,5509,102.0,Walk,Walk,,Garmin Forerunner 645 Music,9112950351,2023-05-21T09:59:48Z,2023-05-21T11:59:48Z,(GMT+01:00) Europe/Stockholm,7200.0,,,,0,2,0,2,0,False,False,False,False,everyone,False,g11521649,"[58.72, 14.59]","[58.72, 14.59]",0.843,4.86,54.7,30.0,True,94.8,143.0,False,True,43.8,0.8,9775673604.0,9775673604.0,garmin_ping_275402169227,False,0,0,False,20232024,1,a9112950351,}|jeJss`xAZt@D^[c@BTEAIOCBC@BJCEQGMK@VUC@LCCFr@GBgA[k@LMDCFDC@KiAg@AIBOBJIZC@@CE@?CCJC@?BBAC@ANYl@@FEH?HOTI\EEIHK?GRSTIREB?AALIBEFC?CHE?EFEAGFKIGFCNIBSRGLAJM^SVCLIJE??\SDGFC\QP?HOh@GNMJA^GDKXCZCB?KEFEPMVi@`@IRC?CHIH@REDK\QFGAGTD??HI`@E?EDMDEFE?IFEZBDSVKBDGC?^M?EBA@BGNCNBD?PHZCJDBCLORIRDNCJD^ADKFMRD?EH?[BIFECCADBEE?CCFFS~@GB?RA??FCCABCI?MF?BA\o@PK?MAGCBFQ@GEKPs@AMIIFE?GEGCBCMF[?Gc@KCBJM@H@K@AASGRDHIRDHCEC?@AK@AMACE@?FEFBCD??JAEg@h@]KO@BGB@VQ?CADCAH^EDEGBMJV@ACSC?EF?FEB]AGNAEFZAHKB@JFJACC@CHLWDHC?CZ?HEJS@@NCDA?AKAT?d@C?@NG?OLOZANMDA`@IIUa@GARZ@^JD?LGFOCE@JP?\BA@LEGD_@HOAGf@p@Nv@Dr@?h@CDD?BGGVvFqDAIDEH@FWDC@ED?DIPGHLCCD?HE@@BAJJDCR@PC`@TB@LGF?TJXJBGDABKPCT@LGBBJ?NCBDDA@C?BJJCC@ANFAFACE?CCI?EBCCGAKm@P]PsCL_@FE\c@FBJKJJD?FKAMDWDIBi@L[NGLg@JMDk@FS@s@SkAM]Gi@Dw@J]JcA@CJDFEVYNCBGBS?SVY@INg@@WHIDONWPERUDAFDHAEOF[?g@EWBE@YDSLUNER]BWN[B[FWBFBSBGARRACCC@AGCCCFC?\HG?ACG?EMH[B]BKBBBCH[HI@YCQHMCGA[Qe@@IGe@FOEECYGI?O,2,,,,,,Diego Galdino
2,Afternoon Walk,15563.8,16599,20696,381.0,Hike,Hike,,Garmin Forerunner 645 Music,9096023110,2023-05-18T11:53:30Z,2023-05-18T13:53:30Z,(GMT+01:00) Europe/Stockholm,7200.0,,,,0,5,0,2,0,False,False,False,False,everyone,False,g11521649,"[63.09, 18.49]","[63.08, 18.48]",0.938,5.233,54.1,21.0,True,91.3,144.0,False,True,157.4,-137.4,9757744219.0,9757744219.0,garmin_ping_274889230569,False,0,5,False,20232024,1,a9096023110,mz``KabzoBOsBo@mVoCgPu@u@aAFk@|Bw@HeDcGQDOqCuBuEs@{BsAgFQoCwDS}ApAiACa@v@mAzEcBrAJj@O{@yBCmBeBgALk@e@qFzC{BTuDt@}@lAaC`@cEtCeA]kBlAcIsB_BkBgBWy@s@s@r@OUyAhC_@Di@_ASaBH}Cm@u@FRQCV?[cAWGMd@[qCt@BD^RQIm@v@\zAgAT_ATUiAbBbAaAbAgClAuBRx@j@AGd@LBLeAiB@e@l@A|@uAjAc@tAyBt@FPWPB]IISEDl@FLeBaAc@Ai@|Bb@iCCALWoCb@hC_@QXOg@JUSM[JX_@a@`@RcAcAt@Aa@_@BVAReA\REi@AjARSG`@Lu@YJLOOi@o@x@\IQl@w@?p@YQQp@Q^s@{Al@@ZNOsA`ADs@hAg@OHHg@k@E`@]@x@Kk@LZQIQV^SHAmAAf@k@M@Ds@u@VNM{@eBu@s@UuB_@_@Je@[o@RPU?XCq@_@OeAsC_D{BQSk@oAk@Kc@w@?MmA}@_CZuBVGK[X{AUs@VIYeBCuDRwApAiCd@eFXsFa@{BWe@cBcA}Du@_@JOd@_@k@oArAGe@_@CIMJq@M?TOA_@KJNLYcAHoCO@p@{AHyAp@a@PqAhBgECmDp@wCPaBOcAz@aJZEGeA~AoAj@gBGsBa@Es@_BeC?g@uAO{@GsBDa@ZEKuDPu@bBeBFuBt@iAt@_ERKWKMgFX_AOgBX{Ex@wAa@k@JyAOKAJZVEn@a@hB[hFGzHH|EmAdCmBf@{@[`BNz@g@Jh@c@v@OfC_@N{@xBApI~@~B|BBpAbBAw@^_AvBu@TgAjC[rDqDrBg@j@k@xBaFX@AXBc@nAaA`Cg@pAwCzBqAvDyFxCq@jBoArABr@u@`@wA`@Kf@eBP~AZ`@dC@E_AMPLFDe@Kf@Nn@jBhBhC{@nFQxFnEbCjEf@tDd@d@h@vBlC`AdBvAlAbDRhB`BvAd@~DxA|CdBlA`B|BdEnB`C~CPrGd@hBG`Bn@tDIr@lBrLf@jLEhCTtBb@v@M@LzAbE|O\fGKjBj@jDR|BEdBLIU|IZdCOx@?~Fd@pCb@DUbFr@rDlA`L?|AWAuC_DiAA]tCy@jBbBfIjAzNNrDKfFr@pGPvFnAjHxBvDr@xDpBnGn@~EnC`FTJEWI\,2,,,,,,Diego Galdino
2,Afternoon Run,7679.8,2750,2750,50.0,Run,Run,,Garmin Forerunner 645 Music,9087331509,2023-05-17T11:08:37Z,2023-05-17T13:08:37Z,(GMT+01:00) Europe/Stockholm,7200.0,,,,0,5,0,1,0,False,False,False,False,everyone,False,g11521649,"[59.37, 17.94]","[59.37, 17.94]",2.793,4.035,82.6,13.0,True,150.8,167.0,False,True,-40.4,-100.4,9748560159.0,9748560159.0,garmin_ping_274669904672,False,0,0,False,20232024,1,a9087331509,gikiJwbnlBC@BHJTCEOxACx@Ij@Fn@HRB@?eA\uEj@_CFORqC?{@Dq@ZwBLc@PeAD_AXmAfBsDn@iBBQCEGc@Jq@Xs@n@cAPk@b@eFD}@Jm@Da@FcABeA?Mu@@IFaALKEE]A]DgB?wANk@VkBXeDFgA^sCFaACoABmAEcCS{E@y@Aw@OeBCmADi@?u@MkCAiAF}DIgGJmCDaCAyFGy@B{AGuBAuBGaA@m@OeCC_A@{@BcCDyALsAJ_CHu@DiAEuBBs@I_CIgA?kCD_CF{BF}@@sAL}BDuBJuAPcAFs@?mCMuCAw@LmCGsB@y@TaC@_AA_DD}@Z_DPuA?SEiAcAuEKY[Gg@Fa@N{Az@[Be@C]EsAu@a@@_@Ho@ZUHc@Ak@Mm@GYDIDa@b@e@n@gA|@g@V]`@KXWvAKbA?n@Gb@Ir@KXYx@_@h@g@lAoAzBiArCUv@Mp@WpCSzEMfBO`AA^XNjBZp@^^FTJn@Cx@Mt@C^@f@K^@`ARrACl@Fh@b@Vf@X~@|@lBh@lBXrBLbB@|ACnAIxAM|@Or@Eh@Fz@?dAXhD@fAIwACCKAOVAJCj@BnACNu@p@]n@Qb@M`CKr@GfBUnAU`@Uj@Ob@Q`AWt@s@fCa@lFKl@Wr@Ux@{@nCw@rBU|@Mx@]`Aw@xCS~@OfBS\MNKb@?rAEn@WxBQjCQfABJb@R?Jj@b@\j@Pt@VZZG^sCBs@?_@GiA@_BEs@BG\T\DZCd@~@TTH?LH?RGXe@jAQNu@TGDQZa@`CSbBKhB?~@HdA@v@GvBBz@h@hFH`AJbC?rAS~B[`BSx@O|B?tBE|BOzA_@bBIf@HN@PNp@h@d@N\\jDVx@VDp@?r@U\U`@MdBL^Rv@hAHRn@x@JXbAnBFZZ?HDFOV?Ro@ZTFXB~@GlBSNYnBYnAGj@I\UV,2,,,,,,Diego Galdino
2,Afternoon Run,6200.9,2779,2802,36.0,Run,Run,,Garmin Forerunner 645 Music,9082188801,2023-05-16T14:39:56Z,2023-05-16T16:39:56Z,(GMT+01:00) Europe/Stockholm,7200.0,,,,0,4,0,1,0,False,False,False,False,everyone,False,g11521649,"[59.37, 17.94]","[59.38, 17.94]",2.231,6.161,81.0,19.0,True,148.4,171.0,False,True,-39.8,-53.0,9743145960.0,9743145960.0,garmin_ping_274527796521,False,0,0,False,20232024,1,a9082188801,ydkiJ}pnlBB?EBHr@KHWBIJYAO@?@sAs@SQm@oAc@UOQe@[_@Ec@Qa@Ig@AoBP]MMHQBW_@Uq@Kw@YeC_@y@S[a@aBEQFmAHu@RiAD{@?mADq@?m@Dm@t@gDLs@AmIDo@Gy@OmAe@cDAq@@eAFALaA@u@I{A?gAb@yERm@Vg@\[fAa@DEXe@FQBa@SQOUYs@q@]]YeAiAMSI]McAIkACOIA_@TOf@F|AAr@WjCK|B]bBNNt@`@Zd@^~@R^ZLBEHg@Hu@Nm@Vs@HKPQt@QRMVYFQD_@AOUMQUSm@KMI?WMY[QCGDCFAjC@PNlAIrAU~@MfAIbAChANvCI|@IlCBdAZzBRrCBnCEz@ObAk@dCGbAMt@Ar@Ip@@VG\BPFACCD@?CA[?s@FoBJ{@`@_BZgBLcCGsCKkA[aCIUCDHN@AATHNAq@CAC?@?GkB@gAHcCOuCPuDPsA\gATa@PMn@Kx@i@DALB?B?EG@Rw@GQC?WhAQ`@ONOJi@Jm@XS\KZE\OdCCfB@`@PfC@r@ExA@GI@D?AQCBDMDB?BCK?@CA@rABt@h@jENfCBrACv@OvAe@nBc@fCM`CGBAHDJBIAEAD?DLEALEcB@w@NcBn@qDDsAC_EMuBS{ACo@A]BYCQDa@CTBD?GCN@L?F?aBD_BOwDZkED_@Lo@f@{@\Sv@SPQ`@o@H[JAAAGBKVFB?HG?@GJQCGKr@Sh@WZQLiANSHSXI\Ip@GbAGrC@b@NhCItCCi@DS?BKEI?OHNKJB?G@pAHtAJ~@T~ANfBFzBAfBQxAq@pCG^UlBC|A@AC?@BGGDBBeDNeATeAXeBH_B?u@KuCIcB[{C@iAFgADc@E?CT@BFKAA?DCC@|BB`@Hl@\hBTtCDhBAfAKhAG`@a@~Aa@|BSzA?l@ETE?@ICBB@A@,2,,,,,,Diego Galdino
2,Lunch Weight Training,0.0,4277,4277,0.0,WeightTraining,WeightTraining,30.0,Garmin Forerunner 645 Music,9051042829,2023-05-11T09:32:05Z,2023-05-11T11:32:05Z,(GMT+02:00) Africa/Blantyre,7200.0,,,,0,1,0,1,0,True,False,False,False,everyone,False,,[],[],0.0,0.0,,25.0,True,76.4,114.0,False,True,,,9710113279.0,9710113279.0,garmin_ping_273663742663,False,0,0,False,20232024,1,a9051042829,,2,,,,,,Diego Galdino
2,Evening Run,10018.7,3193,3295,19.0,Run,Run,,Garmin Forerunner 645 Music,9046906132,2023-05-10T16:02:09Z,2023-05-10T18:02:09Z,(GMT+01:00) Europe/Amsterdam,7200.0,,,,0,3,0,1,0,False,False,False,False,everyone,False,g11521649,"[52.23, 6.89]","[52.23, 6.89]",3.138,4.329,82.3,20.0,True,162.9,179.0,False,True,34.6,17.4,9705752031.0,9705752031.0,garmin_ping_273543257280,False,0,0,False,20232024,1,a9046906132,eax}Huq`i@_@\a@Z{@b@a@Pu@^Q]QBUTw@d@_An@WXo@bAYX_Aj@k@R[PcE|Cs@`@SNsAp@]Xw@^e@JQLcAd@YRe@V_@Nq@PUBeBp@_AVoAXO@GIKHMPcA^}ANyA^e@Pc@FmA^cC\oBd@eAJCMW^ULqBp@sAv@a@Fs@u@o@UYSmAUe@Oi@[c@Q}@Y]QgBq@eAo@{Co@YOm@Sm@[_Bs@aBi@gBu@QEq@_@cAUcAg@iBqAa@Ia@O]QMOQEa@B]IY@g@KKEcA_AKGm@g@wAaAsAqA}@a@_AWo@MkAIu@WwAg@WSo@_@[[Cg@ViCLy@D{@f@aDVmCd@qCFqBP}@Zi@X[\ST]j@}ATe@x@kCVaARqAHeA@OI}@S}AMkDEm@GUWc@SMa@e@Yi@Yy@]o@Os@Fi@d@sBL_ABy@?}BDiAR{BJ{AX}AFu@Nu@Rq@l@mAb@e@tAgB\m@Zc@n@oAXa@Jw@@_CJu@Ji@R]V_@|@{@v@eAvAaB`@q@h@eA`AqCVy@^S~@a@jBuAfAiAf@y@n@wAr@wCLw@p@wAHw@Vi@Vu@N{@PoAFIx@I\Cf@@fAKd@?`@IxAAl@Bb@FPG|AUn@AzCVf@IZM~@?l@Qf@C`@Jf@Bb@GR@v@HRHZR`@L^Rf@d@x@dATp@vAbDvAlCT^f@f@pA~Bj@nBl@pA^`@Zf@x@tARp@hAfBXRXJ~@hA\h@tAbCl@z@Vl@n@|@rAbCz@rA`@v@p@`BDNABHPb@l@NZdA`Ab@d@lBrCb@h@Zh@Zt@Zl@~@nAVh@|AbBZj@j@r@lAdAd@f@p@~@f@f@nAdBFb@ATGN[b@m@j@a@Rg@JcADwBA[Ga@CoB?cAMi@Ay@H{@G}BBoBWc@AQGkAIi@@]F{AKqAe@}Ae@KB[AcAIWOSQKCKFI\@JFH\T`@Lh@Zv@x@V\jAz@XVr@x@h@\Lb@~@x@`@V|@b@b@X`Ax@z@bA^Zr@x@vAjAXRH@RNb@j@b@`@~@x@j@^b@^d@j@T\\Nb@\\`@BF\\b@\,2,,,,,,Diego Galdino
2,Afternoon Weight Training,0.0,4802,4802,0.0,WeightTraining,WeightTraining,30.0,Garmin Forerunner 645 Music,9040480117,2023-05-09T14:44:36Z,2023-05-09T16:44:36Z,(GMT+02:00) Africa/Blantyre,7200.0,,,,0,0,0,1,0,True,False,False,False,everyone,False,,[],[],0.0,0.0,,25.0,True,78.3,115.0,False,True,,,9698897010.0,9698897010.0,garmin_ping_273372353188,False,0,0,False,20232024,1,a9040480117,,2,,,,,,Diego Galdino
2,Evening Run,7904.0,3208,3272,20.0,Run,Run,,Garmin Forerunner 645 Music,9034956794,2023-05-08T16:20:13Z,2023-05-08T18:20:13Z,(GMT+01:00) Europe/Amsterdam,7200.0,,,,1,2,0,1,0,False,False,False,False,everyone,False,g11521649,"[52.23, 6.89]","[52.23, 6.88]",2.464,7.236,79.7,22.0,True,139.4,161.0,False,True,25.2,14.8,9693042633.0,9693042633.0,garmin_ping_273214033546,False,1,0,False,20232024,1,a9034956794,yyw}Hmo`i@rAnF\`B|B`P`@`EJtBBx@AxCIAw@_Ak@c@CS@yAMuAOq@Yo@UYk@a@s@K]Li@`@MZEt@@x@Dr@Nn@Zp@^`@n@`@dAB^UPe@Du@?cAO}@Uw@Wc@a@a@_@MaAAe@TS`@Cj@@j@JtAHf@HTh@p@fA`@z@A^WL[BiAIqBUq@u@cAcA_@gAZWb@Cr@B|AJ`AR~@j@j@pAXd@Ab@WPo@Bu@Aw@e@kBk@u@m@]o@OaA^Wb@A\BlATjAj@bALl@K@NKj@ZjA@`@QR]Hm@@eAK_AMi@We@g@k@cAc@s@@i@`@ITEv@DfAFn@PbAHAEJ@GE?DQHB|@dAn@XVBd@KVUTs@D{@UcBSq@c@u@a@Uc@KeA?a@TSXEV?`AVxB\p@Sa@LT?KANFCEJACFEn@~@f@Pr@Ab@MTUTi@D[CaAOgA[y@]e@e@_@e@Qq@?q@ZKRK`@AZ@~@Hr@V~@NRLb@TRBGUHJG\Zb@JjAO^_@J]JyASsAi@qA{@w@u@Oc@Fi@XSZETA`BVrAf@t@^n@CJLCr@Vl@Ab@ST[JcAK}AI[[_AQ]s@i@yAE_@XOZIn@DnARfAXr@E?MUG]@HBK?DOk@Gu@AgADk@Vc@TMl@MX@d@N`@ZZd@`@fAJfA@z@El@GTIRe@Z_AT]AYQ[o@GUg@u@DAGHBGOoACe@BqAJc@PW`@OdAAh@TTTf@z@Rp@LpA@t@Ed@KR]Zs@V]Bk@Mi@a@[q@I]KGBHCCHCWuBBu@Pq@RU\OfAC`@Nj@l@d@nANpA?dAGr@KR[To@No@AWMi@m@Ws@KIEME?BO?FMo@GwA@[Jm@Zc@ZQ`@IVBp@ZRTb@h@Tn@Jh@HbA?dAGV]h@o@Py@CQG}@u@Wq@G?IQFD@GQiAAu@Fu@Lc@LSXO`@MX?h@P\Zb@j@Tp@Nv@Hx@?t@If@Y`@sAZs@Ug@a@Ya@ME?[SM@JH@ANDC?KKaAEcA?o@Js@P_@^Mx@O`@H`@T`@^LTLd@TrB?fAOx@MN_@Pe@Lg@CeAm@g@u@GY@J,2,,,,,,Diego Galdino
2,Morning Run,12010.2,3980,4013,28.0,Run,Run,,Garmin Forerunner 645 Music,9018913430,2023-05-06T06:13:17Z,2023-05-06T08:13:17Z,(GMT+01:00) Europe/Amsterdam,7200.0,,,,1,2,0,1,0,False,False,False,False,everyone,False,g11521649,"[52.23, 6.89]","[52.23, 6.89]",3.018,4.047,83.6,18.0,True,156.2,168.0,False,True,40.0,17.2,9675972799.0,9675972799.0,garmin_ping_272800838569,False,0,0,False,20232024,1,a9018913430,max}Her`i@IH_AXc@VqBv@E?m@e@CBG^SVaA~@U\qApA_@TKL]LiAn@e@d@OJqBlB_Af@_@VQDe@Zi@f@c@N[V]\yAd@gAXWJw@VcAd@a@Vc@Rq@JcAH]AK@EAm@d@mAT_ALu@X]R_@Ji@Fq@Tc@Fi@BkAN{B`@q@R]Ns@h@e@Lq@Ta@Xs@Rc@@UY]UYEk@SaFqBu@]sAi@a@Kk@WuBw@u@c@sAe@WQmAc@sBgAkE{AaAWyAo@qBgA[G]OUMIISCMHEA]Ic@Aa@O_Ay@c@UqAeAm@s@u@g@kAq@YK{A[g@De@CkBe@WM]GuBcBUDc@X_Ar@aCfBa@LgAJa@KqC{AW_@Io@a@wGJ_A?wCDqBLw@LqAVqAVm@ReABYAMMYwAa@uBw@o@Q}BcAi@Q_Ac@mAa@aAWaA_@m@OqAm@eA_@sBkAk@Ui@c@Oa@DiA\_DDo@CuHFsCR{EE{@CmDLmABk@?wBCq@BeBEmB?}BNwBQkEDq@@_BNgCBiA?gCFqBA}ALyJDUDAjAf@ZTd@Tz@V~Ap@l@Zn@P`@R`A^jA\d@Vb@LdDzA^FBC^wAh@yCJsAVqAt@gCXc@D_@CcAUiAS}BOo@Ky@YcDe@}CA_AGk@B_BIq@Ai@Gu@?o@NqBb@c@XInBExAHbB\T@^L\F^DfA@f@IfBs@zAu@j@_@HIfCuA~@[TO\KlAUh@GrBa@lCOJEfACnAQVDBBNl@x@|F@x@X~BFJr@_Cd@wBp@gBRs@dAkE@BMLgAd@UR[RY\Ob@OnBGvBYfDCv@WdCQlD?~@f@xK@v@MFCA@b@@RNNDRF~@@v@LvAP|D@rFGh@]\Ip@Rf@LJv@\dB~@ZLVX`@Pv@h@hAjAV^`Av@z@z@j@b@Z^`@`@b@TxC~Bp@`AbAr@TXVTNTl@l@jAbAdAj@fAz@PZZ\TT^Vv@z@~AzArAv@\VbAbAb@X\^bBpAX^`@`@~@r@^`@`ChBVZR^Ln@FDRLh@P`AP`@Pf@BZHVLBr@BHVZjAp@VTX^^Zh@`@PDNHlA|@dBhBnAfA\`@rBzA@DLTbB~AhBfA|@dA|BhBhAnAz@r@PV^Nv@t@j@`@r@x@,2,,,,,,Diego Galdino
2,Afternoon Run,10869.5,3397,3544,22.0,Run,Run,,Garmin Forerunner 645 Music,9015877911,2023-05-05T14:48:51Z,2023-05-05T16:48:51Z,(GMT+01:00) Europe/Amsterdam,7200.0,,,,3,3,0,1,0,False,False,False,False,everyone,False,g11521649,"[52.23, 6.89]","[52.23, 6.89]",3.2,5.177,79.8,16.0,True,158.3,188.0,False,True,38.6,18.2,9672761696.0,9672761696.0,garmin_ping_272701127712,False,2,0,False,20232024,1,a9015877911,oax}Huq`i@a@P[FoAh@i@PSDOQG?[R[Z_Ar@{@|@y@p@[b@[Vm@RQNQVw@v@uBjBaAj@[JYPu@l@c@LsAz@QAWFYNk@Ja@N_@Hg@Pi@XYJ[PkAd@{B\g@DGIQHMNQHKL[L]E]Dy@Ng@X{@V[N]D[L]Ji@DcATcBVgA^?E_@Tm@Ne@`@o@P]P]LkATSWYUw@Ws@]UOgAk@eA]}@a@[UYu@C??FLVBZOA{Au@c@IWKqBg@i@Q}@g@g@[sBs@m@Yi@SIAk@Wc@M_Bm@aBw@kBaAo@_@IIgBu@e@HeA?OCc@_@mAmAoBaBkBqAy@YQKPAd@JRLPPd@V^f@}AkAg@O}A]kAAe@GaB_@[Y[g@g@a@O[AuABo@VeCb@_Dj@}B\gBH}BH_ARs@`@u@b@g@\U^s@Pc@BOd@iA`@sA^_CHu@?}@a@_DIcABENZD`@Db@?VRjABd@Hl@AVEVAcAGo@Mm@[uCEaBGo@Wq@wAgC_@{@]_AAc@d@sAPwA?y@B}@XgGXyDPgAT{@Xs@Zk@vAaCnBqC^q@Ty@DwAA_@Bu@h@iBJMXWXQq@bAERUp@BJv@b@JLAEaAe@CI?_@Ni@HOT]vAuAdAyAp@y@j@i@Xa@f@qBP_Al@qAh@ULCb@UrAaAr@k@l@o@Ze@r@uBl@cCfAmDx@cDX_BHWLEjCK^Gp@Af@Ca@@[HW?ODk@Bm@Ja@BJE|AIZGfAKtBItAOp@@h@Eb@IL?vAHpAEb@@PFf@Fp@?d@Dh@G~CDhAb@h@DFAl@Xb@f@\p@Tr@h@jAnBtDx@rA^bAj@lA?Gi@e@MWEAOSg@kAe@y@Ka@\v@bAvAXl@nAvBn@`BdCtDf@x@b@|@d@x@`@^b@Tp@v@`A~AhCzEfC`EXj@^h@x@nBDj@?l@BFD@`@KxApAnAjBLZJf@PZDRRZRh@b@d@P\X^JTv@z@b@l@HPRZ|CzDz@pAnArA^f@fCpBd@Hl@?jAGDCZFJp@J~AN~CJjCBrEIn@UXc@BS?aCx@kBv@oAn@o@VCBqA\q@Zg@X]`@Mt@A`@HHfBfA^f@,2,,,,,,Diego Galdino
2,Evening Ride,22286.6,4429,4429,37.0,Ride,Ride,,Garmin Forerunner 645 Music,9010594247,2023-05-04T16:25:34Z,2023-05-04T18:25:34Z,(GMT+01:00) Europe/Amsterdam,7200.0,,,,2,1,0,2,0,False,False,False,False,everyone,False,,"[52.23, 6.89]","[52.23, 6.89]",5.032,9.12,,22.0,True,104.1,145.0,False,True,62.2,32.8,9667184122.0,9667184122.0,garmin_ping_272550207019,False,0,0,False,20232024,1,a9010594247,{ex}Hunai@aAw@sDuDeAw@qDgDe@[kAoA]We@EkCoBcAcAiBwAcBeBmD}CuB}BCG?e@COKKoFmACEEg@GKqEiEoC}BsCkCgAw@uFsEuFiFYOmB_BcAs@kDaDMQs@o@w@o@y@g@wH{HaAi@W]wC{ASQk@u@?Yd@_AFw@AyABqCEuAIoAIoC?wAOsAMeDa@qH@kA\{CJoB^sEb@eIBgEC_DIiBKmDIoAIWyE?m@GQGaAq@g@c@i@_Ak@cBMSa@Wc@BwBj@_@DuAIiBcAuCY{CeAaBgAu@OkB?QFMLg@r@SPm@Li@UeAq@}DqAaCiAsI_GoK_I}@a@iAYaHy@yD[iCa@{BMqDa@mDm@{Da@yA]cKeA_AWiF]QQ?IJkA~@uG^wBZyA?w@^}BD{A@uCLeC`@_ENqCAi@D}@AIKOkC{@uD_Aq@KoCMiIBaFG]PyIbOoAdAaAZwA|@oBIyANc@NcC`By@^_HbCmDfA[La@ZEZDxDIxCDxMHfHG~GBlCFHvDJbC@t@ITDJBKrA@z@TF|@It@BPHHTHrFCbDBhHBpA@nEE`B@xBCb@?vCMlD?lBVjF?xAHlAb@dCbA|GbCjKP~@NhACNQPsChAsMfESH_@f@kElMcBlEa@pAcBpEsAxDsBpFm@rBUh@U`AeA|CwAlDU|@aAvCaBjECVBJhBxErA~DRx@PzAHdBErAMzBk@rC_AdGUvFFbCAxDD^Nd@Vd@X\fEtEfEbFzCvFbA|BPz@Bv@c@vOClBR~DP~AXhBB`@@jDFhD?lDj@fHDnAK@?a@Lc@?GYwDGgA?i@Zi@\YhByB~@}@r@g@xDqBn@SbCLxGr@j@ChGwAv@@`@PtAfAlBhBpHfGbAtCd@z@`FzD`@^X^X`AV`C?^`@fDL|AFjHNnA\dAd@~@\~@d@r@f@jA~CnIh@lAXVj@CfD}@lB[|JgClFkArF^dDPnIv@DKFaASiLDkCVyCt@gGj@wDb@oBPiANsAFoAPwBTwA\eBr@gBv@sAXYlAq@~B{@lGcDz@WjACpDbApH|AzI`BlANz@b@hAVjAH~@d@x@f@~AZJEdCXrA@|Bi@nBy@dCoAjFuBbD{AnG_CpLyF`IoDnGkCxC}@bGmAbDy@~ASPO`AK~Bi@jHsClA_@lAm@tGgFlGoEh@k@JW@]WsA?]DiANmA@uANqABcAHs@AIJIr@?FSXKp@P,2,45.5,,,False,201.5,Diego Galdino
2,Afternoon Weight Training,0.0,4151,4151,0.0,WeightTraining,WeightTraining,30.0,Garmin Forerunner 645 Music,9009794247,2023-05-04T14:24:36Z,2023-05-04T16:24:36Z,(GMT+02:00) Africa/Blantyre,7200.0,,,,0,0,0,1,0,True,False,False,False,everyone,False,,[],[],0.0,0.0,,25.0,True,88.0,118.0,False,True,,,9666342199.0,9666342199.0,garmin_ping_272534202853,False,0,0,False,20232024,1,a9009794247,,2,,,,,,Diego Galdino
2,Afternoon Run,10008.7,3256,3479,21.0,Run,Run,,Garmin Forerunner 645 Music,9003717455,2023-05-03T15:21:07Z,2023-05-03T17:21:07Z,(GMT+01:00) Europe/Amsterdam,7200.0,,,,0,3,0,1,0,False,False,False,False,everyone,False,g11521649,"[52.23, 6.89]","[52.23, 6.89]",3.074,4.168,82.0,19.0,True,155.5,179.0,False,True,38.4,18.6,9659944281.0,9659944281.0,garmin_ping_272372398735,False,0,0,False,20232024,1,a9003717455,iax}Hsq`i@{@d@qAd@aAVg@_@a@Xq@t@g@ZWVOFKf@[Z_@T}Ap@QLm@j@m@b@q@j@s@r@_@R_@\cAl@cAb@}AvA]HsChAwD`Aw@Ve@Va@DgADCNUXI@kABa@Du@RcAf@IB]?e@Ly@LiBZeAXi@Jm@To@NGC\XKB_@P[FQFs@Pc@N[NqA`@Y@Q[wAq@_AWYQy@W{@c@qAg@eBk@MI_Bm@yBq@iAg@]Uy@]YI{Au@y@QiAi@{By@kB}@}@k@w@c@oAe@YYE@KFUDg@@UCsAw@u@s@qB}As@s@g@_@a@SqBk@mACi@Ii@UWG_Ac@QWo@k@Gi@RwBNqA\{BJ_Av@cETsEBYNo@Vi@Za@^Yh@{@N]ZeAx@mB\oBR_BA_@UuAU{B?kBKcAOe@aAoAs@yAk@yACm@d@cB`@cD?{@LsBRqF\oBPu@\cAbAeB~BiDVc@Pe@Rq@PeAJe@L{BPaATa@`@c@b@[z@y@z@mAd@m@`@a@V_@\k@Ro@z@gDRM~@WrAcArCyCXc@ZaBd@kBdAeDh@sB`@qBPi@DWHGnDOj@@`AE`@@bBQd@?^Hb@Gd@Ob@A`A@z@LhBKd@?xBQfA?tCXd@P`@V`@ZX`@n@jARn@`AzBlAbCn@xAz@pAz@xAr@bBXh@dC`EbArBX`@f@VZ`@h@fA`AzA~@rAjClEp@|@nAbCXp@Zl@JTE?NPt@hAf@d@^d@`@p@dCjDb@p@p@rAhA|A`@j@Tf@hAjAdAvAr@t@pAfB~@fAz@x@JT@RAJQd@Y\a@\iA`@_@HaAFw@Ei@@wBQe@By@AWE[B}CIgAGe@?oAQu@EaB?m@Fa@Ae@Ei@OwAe@_AQQG_@Ca@Am@Io@@OFAD@XhAp@bAv@X\^\`BnA\f@h@\\^d@ZbBxAl@b@l@p@f@^bAdA\Xj@Z^ZbBxAp@t@~@x@b@b@pAjA@FZZf@XfAjAjAfA,2,,,,,,Diego Galdino
2,Afternoon Weight Training,0.0,3864,3864,0.0,WeightTraining,WeightTraining,30.0,Garmin Forerunner 645 Music,8997554134,2023-05-02T15:36:45Z,2023-05-02T17:36:45Z,(GMT+02:00) Africa/Blantyre,7200.0,,,,0,0,0,1,0,True,False,False,False,everyone,False,,[],[],0.0,0.0,,26.0,True,94.8,127.0,False,True,,,9653431062.0,9653431062.0,garmin_ping_272205933075,False,0,0,False,20232024,1,a8997554134,,2,,,,,,Diego Galdino
2,Afternoon Run,7369.2,2576,2685,17.0,Run,Run,,Garmin Forerunner 645 Music,8991703524,2023-05-01T15:40:45Z,2023-05-01T17:40:45Z,(GMT+01:00) Europe/Amsterdam,7200.0,,,,11,2,0,1,0,False,False,False,False,everyone,False,g11521649,"[52.23, 6.89]","[52.23, 6.89]",2.861,6.09,78.8,21.0,True,150.4,177.0,False,True,23.6,13.8,9647223296.0,9647223296.0,garmin_ping_272032200372,False,8,0,False,20232024,1,a8991703524,syw}H_p`i@H`@Z|@x@tENpAv@~FNrAVlBNxAZbCHrC@dBFdBC@_Am@o@o@AG?MDs@Cw@Iy@]wAUa@u@e@[GkANWZK^APDvAJt@Rt@d@|@TTf@Xd@Db@EXKZc@Fi@?s@G{@Ou@Sq@a@o@OQa@U]Ii@Ba@JWNSr@Bp@NfBTt@`@p@XZ^P`@L`@?`@GJIXo@@_@IoAM{@Uo@Sa@[c@WSYM[GU@a@L]ZQr@@jAHt@Tz@j@x@ZXZNd@Lh@@NEFEV_@H]C{AEo@Io@Mi@M]W[WQ_@OYG[?a@JYXSp@?dBDl@Rl@\t@XZb@V^Jb@F^CVKNYFk@Ag@[sC_@iA]]q@_@MCe@He@P]`@On@NjBVjA^z@`@^b@TJ@VCNBTABENCPIROVJ?EW]Da@?e@AYSuAYeAUe@Y[MGc@I]Ae@JULMLU`@Cz@HdAVbAPb@\`@n@f@`@Nj@DLCb@[L_@Dk@CcAM{@Uu@Ue@OWWYKIWIWCe@?WJ_@ZO`@Gn@@ZJfARv@Tb@d@l@^VXLP@`@ANCVILMHWFc@@q@Ak@Ku@Kc@[u@U]a@[MGYCi@@u@VKLAHGDGXFr@?l@PnARn@h@t@^V^Lt@@NCZSLQJYBU@YSsBKk@Uk@U_@k@e@YI[GY?QBSHYXIRGl@JtAHr@Rj@Zj@^b@VRRHZD\@PG^_@Pm@Bk@GoAKm@Uo@Yg@]_@a@Se@Ei@H_@TUh@Ef@@XPfBPn@r@~@XXb@H`@BZCROZo@Ds@G{@K}@Mc@i@gAWUa@Q_@Ga@Da@RQRGNIj@@t@NpAPr@v@jA`@Z^H\@`@KPSVo@Fu@Au@Ey@Mg@o@eA[U}@[]A]Hc@`@Mn@?r@LrABPPl@DLd@h@j@d@NDj@Bb@ITSPe@Fm@?a@IqAMe@Me@Wa@a@[a@Oa@Ic@Fe@RW^Gr@FbANz@Rt@\p@ZVZPRDr@FRCf@_@XLr@v@^PDI?GGk@IuCMmB_@cBKw@E_AGu@GSE{@i@uEMa@Ce@WoCGYo@uBu@oCEY,2,,,,,,Diego Galdino
2,Afternoon Ride,15715.7,2785,2846,46.0,Ride,Ride,,Garmin Forerunner 645 Music,8991195334,2023-05-01T14:25:28Z,2023-05-01T16:25:28Z,(GMT+01:00) Europe/Amsterdam,7200.0,,,,0,3,0,2,0,False,False,False,False,everyone,False,,"[52.23, 6.89]","[52.23, 6.89]",5.643,10.862,,23.0,True,103.4,129.0,False,True,45.8,21.2,9646681024.0,9646681024.0,garmin_ping_272021924533,False,0,0,False,20232024,1,a8991195334,cex}Humai@oAqAy@o@wBqBeBkB_@[qAq@aAq@}CoCeBwAWW_AqAg@e@aCsBa@[kAkASWoEwDMQGi@IWEC{AYkAY}@OIIQm@sBaC}BuBu@k@_DyCwBgByAsAkAu@oC_CoDmD_As@iA_Ae@Yi@e@U]u@u@cCeB]WcByAaAaAoBcBy@w@i@o@]Uo@]e@o@kCsAe@]QUSk@@QFMXa@HYB]DaAAgCEcBK_A?aBE}AOw@Ei@D@EFFC@CGCIaAGsCa@wH?qAdBaWBc@AeDC}EIuFEgA_@cFSwBGoAYwCO_DJ]HGHA`CTXG`@UdAs@h@k@F?TIn@e@p@a@n@[RWRe@p@cCpDsOnCqKn@uCp@mChCoMVeAvCuMvAwF`@oBFi@?m@KcDKgHGoKYiRAqCKqEMuPSsKA}IFkA`@eEX_Ep@aIZcCj@wFLkBb@eFf@mGb@sEDGF?NNjApB|@bB|CnFt@`AvDrEjAnAfAnAr@zA`@zAfDtR`AhEHn@RzHn@dONjFHjBRjH@~@ZxGJbA`@tBRd@Zl@ZdA`CxL`B~JZfCPz@j@nBLr@PlAhAjGBb@v@nFDdAv@`Ef@bBVfA@b@Jn@HrALt@fAvEb@|@Rl@ZrBDz@j@vBd@lAFXNtAb@dBn@bDHr@v@fCbAhFv@dC^tBPvAdArDFd@JrB@dADZH?b@[t@k@~AuA`CcBx@o@^a@pA_A\M~@KnGb@xATt@NxDvAb@NrCfAl@Zr@h@vFhCnAPtBHHBJVH^?d@M|AYlLYfHo@dJ]bGAlBVtDLnARlAb@nBJZZl@n@fAj@x@l@pAf@|Ar@nC\pBTpBF`AA`@CNGHIBIA_By@]Uq@]aA[aAGyAToAb@gAX{@?}Ck@qAOsAAm@@WFqAn@g@`@STO\K\Gp@GrAK~@K\OXST_@P_@HmCh@kALcCQkGXo@Zw@h@}@jAQZg@lA]pBEf@EpAy@vIYnE?f@Df@Jb@z@lBb@rATdALv@RpBNbDAG@?AAC@?B@E?dBTnBLnBDzAD`CPvF@tBi@fF,2,68.1,,,False,189.7,Diego Galdino
2,Afternoon Walk,2425.9,2349,2568,3.0,Walk,Walk,,Garmin Forerunner 645 Music,8985293834,2023-04-30T14:59:57Z,2023-04-30T16:59:57Z,(GMT+01:00) Europe/Amsterdam,7200.0,,,,0,2,0,1,0,False,False,False,False,everyone,False,g11521649,"[52.23, 6.87]","[52.23, 6.87]",1.033,3.352,53.4,27.0,True,82.2,128.0,False,True,-15.8,-20.8,9640389114.0,9640389114.0,garmin_ping_271858416435,False,0,0,False,20232024,1,a8985293834,wxx}Hei|h@KXYNINq@Ja@ASIk@AUDEHUBQN[^WHQPQBANACZKIDKEM@@FOT]\YH]@SF]A_A^i@Hi@Tu@LWJc@CUEEEUEAEKI?GQDSC_@SOe@YeBKaAUoAEECDMAAEEB?IDGDLAKAFCD@??EFBEDo@Oi@GWBSJi@DOBOHM@SNYJKL[GC}@G{@EgA@YDk@D]\}@LQNc@RW`AoBHGBMPSTm@LKZi@REVDLCf@?`@GN@JDlACx@TpBPNJP@CFBD@ACGUGHD@EHA@]HODAFM?SZg@NQ`@}@Vc@H]JGHQF_@@GHIJ]`@g@DAP?JENPAHJn@HFD?Rr@?n@DR@h@I\Gn@C\?TBDCH?HALFp@?HJ\HHDBXKHDTDLAJDd@QN?R@`@LTGH@LDVBJFDATDBCRCZKJQl@a@RA\?PD,2,,,,,,Diego Galdino
2,Morning Run,10004.7,3130,3144,18.0,Run,Run,,Garmin Forerunner 645 Music,8982053727,2023-04-30T07:43:07Z,2023-04-30T09:43:07Z,(GMT+01:00) Europe/Amsterdam,7200.0,,,,0,0,0,1,0,False,False,False,False,everyone,False,g11521649,"[52.23, 6.89]","[52.23, 6.89]",3.196,4.388,82.6,16.0,True,152.8,174.0,False,True,24.6,7.6,9636924658.0,9636924658.0,garmin_ping_271800871310,False,0,0,False,20232024,1,a8982053727,gax}H_r`i@wCrAgBhAc@RcBpAk@VgC`By@v@oBvAoAhAc@Ve@NaBhAoAt@kBr@g@Jk@Ru@Z{@T_A^gA^m@Lk@Fc@?]V]Jc@Rg@BoBb@K?y@Jw@PEAo@J]JgB^g@RwAb@g@RSNsAl@{@VaBp@E?q@i@{@i@e@Mm@WcA]eAi@iA_@qAk@qC}@oA[c@Qi@]{As@a@OeASqAg@u@_@UGqAk@a@UmBw@yA}@u@]e@[e@SUUIAGFYB[@}@QwAcA_@_@oC_C}@g@OGwA_@_@Mw@Ea@EqAc@gAe@YQm@k@K]ZsCXaBJyAP}At@_FJgBTsBJg@P_@PSd@W\e@n@qAvAiDf@yBDo@EcACe@QaAGs@IgACkBG[[s@w@eAu@}Ak@uAAq@XaARkAJgABgAF_AB_ALkB\uDJ}@Ns@|@oCf@}@nC}Dp@aBVcA@o@AmBReAVe@hAeArAwA|ByC\s@`AyCXm@dEoChAoAZk@R]n@mBpB{HXk@Rk@L}@Tm@Vo@BCnAMn@C^G~BO\@d@AhAWnA?h@Ih@?h@Lz@Bl@Cx@Hb@EX@ZE`@CpA?b@FrAAl@BrA^|@x@\f@^x@\l@Tr@Pd@z@|AfAdC~@hBt@lAl@bBt@pA`@f@Zj@|@rA`@~@\`@`@x@n@\~@jAxAhCv@nAl@nAv@fAb@z@Z`@vC`GBCt@nAzAdBhAvBRTtApBTf@\`@x@zA|@vAxAvAlAfBv@~@`@l@h@~@p@v@j@b@XXNd@CRGP[^]Rc@TuAZgAFe@Co@@qDMyC?q@Fc@?{C]wAWy@CeBJkAI}Bq@}@Gi@?iASYAQOGAQAGHCHBLjAj@xAfApAtA|@v@fAt@`C~B^Rp@j@hBbBT^\\ZVd@Vr@t@`BrAZT`@b@fAdAZTTV~BhBxBxB,2,,,,,,Diego Galdino
2,Morning Run,9013.2,2652,2706,12.0,Run,Run,,Garmin Forerunner 645 Music,8975801299,2023-04-29T07:29:39Z,2023-04-29T09:29:39Z,(GMT+01:00) Europe/Amsterdam,7200.0,,,,3,2,0,1,0,False,False,False,False,everyone,False,g11521649,"[52.23, 6.89]","[52.23, 6.89]",3.399,4.718,82.0,15.0,True,161.8,178.0,False,True,23.0,9.2,9630291997.0,9630291997.0,garmin_ping_271632937896,False,1,0,False,20232024,1,a8975801299,azw}Hqp`i@fAxDRvAHV^tBXdDNxALt@Dr@d@xCHx@Rv@Hv@PdD@pDD`@RdB`@rA^z@?Ju@tCSn@]~A_@x@Sr@eBfH]`@Wp@y@jCKv@m@`CUn@Mx@On@{@|CShAm@`Ca@nAI`@cB~EMVe@n@aAzDOfBe@bBm@|CgAjDoAlEeAjCyA|FWnAe@jBYp@cA|Du@hB[~@Uf@UXg@Z_@f@QdAG~@Ix@Wf@]?_@Qe@CoAn@]LW@SG]Qi@Ke@USZQ|@c@vAYf@WD_@YaA}@QWaAq@[[Q[MGABIAYEYFaAA}@NoCE}ELWKc@Gs@]g@MGGEMC{@@_AEo@NoBReB?YMg@Gk@Cy@X_DNw@Ps@?_@EQEcANoAByCJg@@uBBs@DqDPkB?}BDs@\iCBa@i@cGAkAFmDAeA@iBI}C?oAFwBByEPqIB_HCoBRkICu@M{@Cw@DqA@wAEg@ECaA\g@?e@Dg@P_Br@i@LwAj@yE~BaCz@WP_@JeAh@e@Ne@^E@a@\cC|@a@HAGt@iEPs@Xq@P_AL_Ad@iCFk@h@uBl@iDHy@ToAj@mCd@oBbBkFn@eBNiAJcA`@iCHaB?y@JcAb@qD\sDd@}C`@_EDeBBKl@KzA?DUKuB?qAC_@?i@GcACyBF_AB{EH}BZaCFOXSpAOxAc@t@Mj@Od@GdASd@Qn@K~@c@p@Ub@ExAFbAX^PtBb@`@D\Jh@V`@DLHEj@BP^\bDzBbAhApAdAdBbB^XZXn@^ZZ`Av@^d@jAbAV^rA~@`Ax@hAhAxAjAp@x@VTd@XTZ\VX\lB`B,2,,,,,,Diego Galdino
2,Lunch Weight Training,0.0,3398,3398,0.0,WeightTraining,WeightTraining,30.0,Garmin Forerunner 645 Music,8971320099,2023-04-28T10:05:00Z,2023-04-28T12:05:00Z,(GMT+02:00) Africa/Blantyre,7200.0,,,,0,3,0,1,0,True,False,False,False,everyone,False,,[],[],0.0,0.0,,24.0,True,68.6,94.0,False,True,,,9625528412.0,9625528412.0,garmin_ping_271491523101,False,0,0,False,20232024,1,a8971320099,,2,,,,,,Diego Galdino
2,Morning Run,10005.7,3238,3250,20.0,Run,Run,,Garmin Forerunner 645 Music,8964987308,2023-04-27T07:12:31Z,2023-04-27T09:12:31Z,(GMT+01:00) Europe/Amsterdam,7200.0,,,,0,3,0,1,0,False,False,False,False,everyone,False,g11521649,"[52.23, 6.89]","[52.23, 6.89]",3.09,4.757,81.7,14.0,True,146.1,158.0,False,True,36.2,19.2,9618822680.0,9618822680.0,garmin_ping_271312583292,False,0,0,False,20232024,1,a8964987308,}`x}Hir`i@}@j@cBh@_@XYLq@h@i@Ri@f@m@\i@n@cAp@MLw@V}@l@e@b@_@Pg@`@[\k@Zk@b@cAj@_@`@a@Z{@`@[Fm@d@wAh@{A^GFoAV_Bv@e@Fk@R}@FKBQNq@LWNu@ByAVw@b@_@HYLa@FCBa@Jk@BgAX_@Ac@FqAb@WDCCA?QTKFiD`A_@R[VU?[a@k@Wg@[iAUkA_@y@a@w@[m@]YMeAU{@[UMeC{@IAc@WgBw@kAq@u@O[Qe@M_@QWQmA]YCs@[kAk@wBsAs@WWO_@_@I?UPU?a@CWIWYc@Ow@c@WUmAuA]U{@q@e@YoA_@q@Mg@Gk@Ae@Ca@I_AYYOm@}@a@SM]b@yGL_ATkBN{@Rs@Fs@Lm@Lw@DgALcBTm@RQRKVWd@iAz@}AVo@Xw@Pw@^kBF}@KsBUmB@IQcDMg@Qc@sAiBk@wAWw@@]XcALcAJmBH_EN}B^kD`@sBr@_B~AyBLWlAgBTe@d@mAHiALyC@QPk@Vc@ZYb@g@n@k@lA}ArAmBZo@f@iBJm@RWXo@ZWTMTKVA\[XIj@Yl@{@VWZo@PQ~@iCJk@^wATw@Xo@j@{Bz@yDBEREb@Ef@Cd@?pASd@CpA@l@Al@Kd@E^@h@Id@Eb@A`AHTA`APl@Dp@Gj@CpAS~@ANDd@DzA@h@Rj@^d@^l@fAv@dBx@vAp@fBTb@\x@bBxC`A|ATj@x@zAZb@Rb@jAhBv@`BZf@\Ph@h@zDtGzA|BhArBvAxBj@rARp@?Dt@`Az@x@t@x@`C`Ef@r@R`@`AzA`@f@r@hAbB~BhAvAjBtB|@nAl@r@Z`@Hl@CRIN[Xi@Va@L]Bc@Ni@FqABqAGa@@}@Gy@Ac@Cu@Bs@CyCAi@Ku@EUEk@CiAEc@Aa@BaAQo@EqAYeAOqAYmACYIEEI?O@EJJ`@^R\Xh@XjA|@\\vA|@h@h@FJTZnC`Cd@Z\b@xApARL`@f@`BfA`Ax@f@d@~@dA`@\j@`@j@j@j@`@p@t@^V|BxBZ\,2,,,,,,Diego Galdino
2,Lunch Weight Training,0.0,2039,2039,0.0,WeightTraining,WeightTraining,30.0,Garmin Forerunner 645 Music,8959686725,2023-04-26T10:37:51Z,2023-04-26T12:37:51Z,(GMT+02:00) Africa/Blantyre,7200.0,,,,0,1,0,1,0,True,False,False,False,everyone,False,,[],[],0.0,0.0,,22.0,True,73.7,101.0,False,True,,,9613235708.0,9613235708.0,garmin_ping_271164966098,False,0,0,False,20232024,1,a8959686725,,2,,,,,,Diego Galdino
2,Evening Ride,9162.1,2131,2310,21.0,Ride,Ride,,Garmin Forerunner 645 Music,8955720238,2023-04-25T17:01:37Z,2023-04-25T19:01:37Z,(GMT+01:00) Europe/Amsterdam,7200.0,,,,2,2,0,2,0,False,False,False,False,everyone,False,,"[52.27, 6.8]","[52.23, 6.89]",4.299,12.8,,13.0,True,115.6,146.0,False,True,79.2,58.0,9609023049.0,9609023049.0,garmin_ping_271047559921,False,1,0,False,20232024,1,a8955720238,_v_~Hotnh@d@JJA?CAFC?^S@g@GWOaA[gCk@eAAu@FSpAuAj@s@fAoAf@u@XKv@HrAFVA^Ij@AVMdBZ^\z@jAN\TV`@Pl@N|@d@nA\~@p@XHNJ@D?ECBFFZ?V]~AmFV{Ab@uAL{@Hc@Ti@^k@f@m@n@sA~@sBb@qATe@Hg@hDeG~@mBr@oBhEiJxBeFfBeDPEPJh@t@f@j@Pb@JLB?NMLc@AOe@_AgAkBA]F]Zs@`@s@~DgJv@yAlC_Gz@qAd@_AjCeHf@{@lAoCZc@Tg@xAyDPi@d@cAfAqC`@{@NKRc@p@cAdDyHXk@f@}@Vu@f@aAr@gBVi@fAgBf@eAfAgC`@cAjF_L|@}BnBcEfDoHpBaEp@wA~CaIlCkHdAqDxAkFp@oBZoAfAqDn@cCr@uBCMz@cEh@cBfAcEnAoFp@_CtDcO?IPo@Z_Ax@gB`@cA|FyS~AgFbAeEz@cDtAsEdAqEXcALYj@eCrA{E`AcDt@gDr@}BpAoFnAiEj@yB\aB`BiGj@mBXqAh@mAPi@f@yBb@qALm@nDyMfAoDr@sBfCyIl@wBp@sCv@qCXkAh@eB`@gAGHACHUJaAA[EYa@mAIYUiBGeBEgCGcA}AiMk@}F}@{EoAaF,2,57.3,,,False,122.1,Diego Galdino
2,Afternoon Run,9171.9,3028,3147,1.0,Run,Run,,Garmin Forerunner 645 Music,8955720183,2023-04-25T15:58:34Z,2023-04-25T17:58:34Z,(GMT+01:00) Europe/Amsterdam,7200.0,,,,1,1,0,1,0,False,False,False,False,everyone,False,g11521649,"[52.23, 6.89]","[52.27, 6.8]",3.029,7.622,81.8,17.0,True,163.9,185.0,False,True,87.6,58.6,9609022963.0,9609022963.0,garmin_ping_271047558724,False,0,0,False,20232024,1,a8955720183,yzw}Hqo`i@Pv@Tl@Nn@VhAX`BBl@ZpA@n@F`@jBxLB`@N`AFfAF|EHvANtALj@Rp@\t@Gl@Oj@q@xAO`Ag@hAUz@Up@In@@NE\e@fBe@hAWf@Sp@SZe@lAMt@QnBSp@Kz@[jAk@lA[jBQf@o@rAOh@e@hAMj@If@i@|Aq@dCa@p@e@zAc@nA_@bCQr@i@vA_A`EIVc@`A[lBy@fD]h@Sr@o@fCM^a@~BOd@a@|@O`@[bBc@jBWd@Y|@Mn@a@jAe@n@]R]b@K`@Ip@QlBmApBWp@I^Wn@Ml@a@|@c@hBKTwA`FW|Ao@jB]t@Oj@Mn@iAvDQz@_@dAW`Am@xAKb@Gf@e@nB[|@?CH?EJIj@QrAa@`Be@~AOn@i@~Aw@tDMv@w@~BMh@Gt@e@rC_@tAEVi@pAo@zBBEEDMp@ObBYlBu@zBKf@c@tCUx@]hBUr@_@t@Mp@Uv@Qr@k@vAq@tCeAxBw@tCi@nA_@l@k@tAu@pAe@pA[j@Sf@u@jAk@zAU\gAnBY|@m@jAk@pA_@d@{@dC[n@u@fAs@`Co@`AUf@gAbBi@lAOl@o@rAUv@k@jAe@fAk@x@iBrE]n@gAjC_@p@IVa@t@{@zB]j@Qj@kCjGi@z@c@bAKN]z@a@p@o@~AcAvBiAhBa@z@Ur@k@lAMj@W`@i@|Aq@dAYVc@hAk@bBSt@]z@U`@_@z@}@`Bc@z@]l@Wp@q@j@@Ji@bA?d@K\aAjBMf@?z@ELs@hAi@^MPQl@Qf@cAtBQj@O\a@r@c@vAWd@Sf@MNWn@gAdBw@jBkA`DqAxBsAnDq@xAYb@]bAe@~@i@hCOh@u@pB[lAGJ[VsAq@eAa@e@KUH]Q_@We@Ka@s@[y@@AGCA@KUMM[QY@QGe@IUS]M_AB[Hg@BYJa@BeAAYEI?cA|AYj@a@^_@f@Wf@m@p@IPMJCNBLXh@Hr@HtALf@\nBJlAZzBR~@Dl@Ld@RrALd@Vh@?bAEHY^uBbAQ[?IGa@c@wAi@uC,2,,,,,,Diego Galdino
2,Enschede Half Marathon,21343.4,6064,6064,65.0,Run,Run,1.0,Garmin Forerunner 645 Music,8899702849,2023-04-16T08:02:09Z,2023-04-16T10:02:09Z,(GMT+01:00) Europe/Amsterdam,7200.0,,,,10,9,0,98,0,False,False,False,False,everyone,False,g11521649,"[52.22, 6.9]","[52.22, 6.9]",3.52,5.986,84.4,14.0,True,156.8,175.0,False,True,62.6,33.2,9549440172.0,9549440172.0,garmin_ping_269507765596,False,9,0,False,20232024,1,a8899702849,kpu}Hekci@Lo@i@eBIuC@m@H_ADaJ[sJWuBGiAe@qC[{CAy@uAqFeAoFSo@y@_BiAsCs@wBQy@QgBGaDHiEF}B^{ELwCDgAA_ALmDDgDL{DViDDiCt@_NPaHBsEV}DRgIXeELuDVsOl@yKFiGLkEf@_MX_MAkEXmDJiCTwCBgCTiE?{ILsBf@iRC^CzFUfDM|LI|@?fAMtBEfCQrBEtB@dCIvCSnDBvBCzBWpB[nGQtLg@rU]hIU|ISrDKxEYjG[~Mk@pKM|DE~@KZYJaDN{DeBsC_ByFgCyAo@qBg@kJaA{AP}GxEoDfDiDlC_GfEiDtB_BxAoEhDq@t@}FzD_Af@{@~@_D|HYh@kBjAqFrD{A`@IK_@kBMiASaAIyBKy@Cy@KkEA_Da@yFAcAK}AY{CAw@IaASmAEq@kBcMq@iDOyBm@qCi@qBIsAg@wCUsB}AwDeBgC]q@q@mDS_CkA{I?]MyAQw@Am@Y}CUyDa@{B[wDMN{@fEa@pAgAfFi@lBgCnLoArGc@~@kBhHk@zBQjAoCdLc@x@]ZgAh@a@f@kEfCYHeBWc@@KFK^Bv@vAfOBbAN`CJbDBtCRjH?hA[jCQjCSnAs@fJGhBh@fNXfEb@~LCbCs@~@C`@p@x@lAj@n@hAzDpCnDzCbAdAnAx@nAhAn@^z@z@nBtA`@d@@HTZdCnC`@x@N`AfAfEnBlFp@zBVnATtFFd@R`@dCg@nAQ~Cu@dBm@|@EdBPvEvAfALBb@Y`CMdCWjC?zBOpBG|BNnBlDn@pBPjE~A~@RNmAZ{AR_BDiBL}@RMd@DtBvAbDjCdAbAVd@f@b@rAz@dDhCbAhAlBdBfBnBjFzEVb@Hn@c@tDIlBBf@v@lEtAtETvAXhDrBzODrAPbBJdEFz@RnA\`APFX]Xi@Tw@\_CRq@LGZm@Pm@pBsHLu@n@cCbAqCT{@z@uBAIZi@`@SdA@BKPE`@?jCxAdA{@pEu@`@YPa@Eq@Qg@c@sGCqCq@eCA}@KgA@kAI}@EuBLg@H{@AoBRyDxAaB`@YNInAElAq@Na@A}@F}@UuD]sBE_BqDv@yAg@eBcAiB_@_@]c@{DU_FCaCJmEQqFu@eK@_CSmBIiCMkAQu@_@iAEmAYuA^aBTeCXmARe@TY`Aa@xB[pBJrBn@v@DxAAjE{@pAB`E|AhA|@dAnAHZVbCf@bN?vEO~M,2,,,,,,Diego Galdino
2,Afternoon Run,5651.9,1814,1814,11.0,Run,Run,,Garmin Forerunner 645 Music,8888695637,2023-04-14T11:30:17Z,2023-04-14T13:30:17Z,(GMT+01:00) Europe/Amsterdam,7200.0,,,,0,3,0,1,0,False,False,False,False,everyone,False,g11521649,"[52.24, 6.9]","[52.23, 6.89]",3.116,4.982,80.0,19.0,True,153.7,170.0,False,True,36.0,24.0,9537764666.0,9537764666.0,garmin_ping_269200043942,False,0,0,False,20232024,1,a8888695637,_ly}Hyqbi@r@v@bAx@p@r@l@f@t@~@PDj@^jAtAr@p@p@h@x@`Av@l@ZLd@\j@j@~@r@zAxA^T|AlANZTXRH`@TZf@~AzA,2,,,,,,Diego Galdino
2,Morning Run,10009.9,3072,3151,16.0,Run,Run,,Garmin Forerunner 645 Music,8851791991,2023-04-08T07:04:03Z,2023-04-08T09:04:03Z,(GMT+01:00) Europe/Amsterdam,7200.0,,,,3,3,0,1,0,False,False,False,False,everyone,False,g11521649,"[52.23, 6.89]","[52.23, 6.89]",3.258,4.545,81.9,13.0,True,150.9,164.0,False,True,34.2,16.8,9498139032.0,9498139032.0,garmin_ping_268197857735,False,0,0,False,20232024,1,a8851791991,uax}Har`i@kCjAk@PWBUWMDc@h@aAj@oCjCuA`AY`@}@x@k@`@iAf@a@Z]P_ClB[Ny@j@_Cz@uB|@}@Ru@\eAZe@FoA^GAK]UP_A\ONSJWLi@Jg@NmAv@yAb@e@Jo@GS?_APw@TgAL_@B?A_BhAeAl@W@}@^W@Yk@YSmA]eAc@]IYKe@[gBm@UOs@Q_@UkB_@aAi@c@Oy@c@o@WiAYeA_@c@KaAi@m@_@uAo@c@Yg@Qi@MaAg@gA{@c@SgAUIE_@a@CAOJQ@m@Ac@Ey@{@mAw@a@SmAeAaAi@m@k@]M_B]_@Ci@BQ?_AYkAUe@[UU[e@Oc@?KPeBFcAx@wFTgBj@iCTu@RoB`@sAv@kAX]\q@Vw@z@uBNm@h@yCB[Cu@_@sBUyBMuBGSKScA_BeAiCQq@A]ZiAPy@Fi@VeIT}Bf@sDl@qB`@y@xBwC`AgAb@u@Vq@Je@A}AJ}BF[Tg@HO`AeA|B}CdAmA`@o@n@cBZeATg@XWv@c@z@u@`CkCZi@v@oBj@cB`@qBn@oB\y@h@aCXs@|Dc@lAEd@BfA?pAEl@Eh@Mr@@h@V^Bl@GfADbCOd@?l@LZ?fAAdABVFf@R\Tj@l@Vf@p@fB|A`Dj@tAxBlDd@l@Zt@\fAp@dAZ^Vh@b@n@|@dAt@|AXd@d@Z|ApBf@jAn@z@\l@Xp@t@nAL^Xj@pBxCh@rAv@xAv@fAj@j@X^Xf@`@l@b@d@\b@b@x@\h@Tl@b@v@vAtBXl@tAfBzB~Bt@`A~@fA\X`AjAJXAZS`@y@p@mAVc@Bi@@yAFsA?a@Ei@?g@DSEg@Ai@@iAGc@@qBKc@Ea@?a@M_BO@QGAUPKDq@BeAC{@Qc@Og@IIGc@Ee@AiBQY?YKa@KIZ?N`Bh@zA|Ad@Zx@t@hBzA|@x@X\t@h@~A`Bh@d@\TfA`AxA~A|@n@dElD^\R\d@f@b@Rb@\~@|@`AfA,2,,,,,,Diego Galdino
2,Afternoon Weight Training,0.0,4743,4743,0.0,WeightTraining,WeightTraining,30.0,Garmin Forerunner 645 Music,8848899994,2023-04-07T14:21:54Z,2023-04-07T16:21:54Z,(GMT+02:00) Africa/Blantyre,7200.0,,,,0,1,0,1,0,True,False,False,False,everyone,False,,[],[],0.0,0.0,,27.0,True,78.8,116.0,False,True,,,9495103124.0,9495103124.0,garmin_ping_268099557875,False,0,0,False,20232024,1,a8848899994,,2,,,,,,Diego Galdino
2,Afternoon Run,6715.0,2195,2773,25.0,Run,Run,,Garmin Forerunner 645 Music,8837866657,2023-04-05T15:57:33Z,2023-04-05T17:57:33Z,(GMT+01:00) Europe/Amsterdam,7200.0,,,,0,2,0,1,0,False,False,False,False,everyone,False,g11521649,"[52.23, 6.89]","[52.23, 6.89]",3.059,6.354,75.5,16.0,True,143.3,166.0,False,True,26.4,14.6,9483501260.0,9483501260.0,garmin_ping_267788247887,False,0,0,False,20232024,1,a8837866657,{ex}Hemai@qAgAw@}@c@_@w@g@kA_AGMa@e@}B}Bi@a@w@{@k@e@qCqB_@[{@y@iByAwAyAmC{BuAwAaAi@SEe@_@CDIb@?f@Ib@QpB@LDFHDb@DHBz@Hd@NZJPV]sAUYCUAYLWR}@CEmA}@SSAC?Gf@^h@VdBzAfBpAZP`@XtGfGt@l@\PhA`AtAbAd@XfAfA|@lAj@ZV`@\Tj@t@^LdA~@lEnDZb@v@x@nAdAHDxAvAc@URXFZG@@BCAo@k@k@_@kDaDu@k@i@k@a@m@m@m@SYiAcAIKs@c@GDHQADdAj@`@\zArA~BdCp@j@zAdAPd@RZn@`@j@p@CDFCC?OGy@s@}A_BmBcByDwDMSSG]a@QIOOIEMSC?ABCCJIEA|@j@XRrAxApCzBpCjCNHFb@n@r@p@f@D?AJA?OS_B_Bi@_@_@[yDyDoC{BOWMMQIIMKIG?AD@@BCABVRz@h@j@b@pAlAtAfA|@z@p@f@r@v@VT@FCF?BNZb@^t@\HJ?BACCFBAsAaBsCsBeA}@YSuCqCU[CIWWYQ[M?KIEM?E@BGx@^h@b@^\h@^dB~AZNd@b@h@p@vAvA^XEBDJZVX\NDJVHJHBBHm@q@cBuAq@w@eAw@mDiDYSUUWK[IIK@ICUMIQYKCIHCGBIBEbAv@vBzBt@p@,2,,,,,,Diego Galdino
2,Lunch Weight Training,0.0,3187,3187,0.0,WeightTraining,WeightTraining,30.0,Garmin Forerunner 645 Music,8830149033,2023-04-04T10:55:44Z,2023-04-04T12:55:44Z,(GMT+02:00) Africa/Blantyre,7200.0,,,,0,1,0,1,0,True,False,False,False,everyone,False,,[],[],0.0,0.0,,23.0,True,66.7,95.0,False,True,,,9475403136.0,9475403136.0,garmin_ping_267588786190,False,0,0,False,20232024,1,a8830149033,,2,,,,,,Diego Galdino
2,Evening Run,6596.1,2300,2346,11.0,Run,Run,,Garmin Forerunner 645 Music,8825741642,2023-04-03T16:00:03Z,2023-04-03T18:00:03Z,(GMT+01:00) Europe/Amsterdam,7200.0,,,,2,2,0,1,0,False,False,False,False,everyone,False,g11521649,"[52.23, 6.89]","[52.23, 6.89]",2.868,5.933,78.9,15.0,True,139.5,166.0,False,True,-5.2,-17.0,9470788149.0,9470788149.0,garmin_ping_267460015156,False,2,0,False,20232024,1,a8825741642,m`x}Hyq`i@oClAYHo@VQ@AO]^U\SD_@Ps@h@QXWZ_@Ty@v@UVe@^aBzA]T_Av@a@RcAv@aAh@kBtAoBh@g@H[L]F_Bh@i@V}CbAq@J]Eq@TQ@k@Ne@B_@HQA_@JYJ{@j@_@Pc@FWJS@ODoALuDjAUEGM@I@?[^u@^gBx@qAb@SGa@a@mB}@YSk@Mc@Ei@UqAc@]QQSDEEADEGFD@IFi@[cA]}AYo@[u@Wu@SOMe@Sa@K{@YeAe@o@QuAk@UGwCmAWMOQgBo@wAq@_@a@Q?KHE?KCOK_@Gz@AFMx@_CRy@JaAx@yDn@oA\e@p@o@DABBF@@KA@CAEDI@GC~@aCZuAbAcDn@mCp@yBb@mB~@_HRw@h@cBr@uBB?MX[nAGj@NRZN[SYAKPKBO[SuASgCa@uBg@sEKWCe@HYFEd@If@@f@Dd@?`@DQAUDS?}@Gh@@XEd@BG@v@HpA\JDTPJ\Fr@DFNEZ[`@Gl@?b@Gp@?N_@XwBRy@Rq@Vm@\e@hBg@zAORIp@KnA@jCYhBg@dBWh@E\KfAc@pASb@EtB@XFLFPCPFHABHf@Db@NZB\NRDJAL@THh@Fd@PHLDXHT`C~AdBzAhBjBr@j@hAjAp@b@pAbA`@TjBpBf@\^P\XpAtAh@f@`@l@dBfBj@FLRd@XjAfAlAxAn@n@,2,,,,,,Diego Galdino
2,Morning Run,24511.2,8354,8391,64.0,Run,Run,,Garmin Forerunner 645 Music,8811780135,2023-04-01T06:52:37Z,2023-04-01T08:52:37Z,(GMT+01:00) Europe/Amsterdam,7200.0,,,,5,1,0,1,0,False,False,False,False,everyone,False,g11521649,"[52.23, 6.89]","[52.23, 6.89]",2.934,5.265,82.8,14.0,True,161.2,188.0,False,True,36.4,-163.0,9456029267.0,9456029267.0,garmin_ping_267078513308,False,0,0,False,20232024,1,a8811780135,syw}Hup`i@dBxGn@vETz@\~Bl@xGb@xCRdKTnAr@fBD^M^z@nAvAvCX`@^V`CZjCFrBZp@X`HNNRLbAPbF`@lFBzCz@bP]fF?lDIbA_@pB_@|@q@r@Cb@]JrABRh@tA`@XTtArEDjC_BjJMnAmA~ESb@_@T[f@sCjFa@lAyAxBaCjCs@jAgBjB{FpIs@hBwAtBaCnFiFrJaAdAoElI}@lAkErJyCnEi@jA[V{@`Bc@f@gBhE_@zAqGpKwAxC}DbHqGbNUv@w@hAw@h@s@|@aA|BaH|McOhWu@xBhAbB`@dAe@vAIPEKCHBMp@eAPDjDzFTJVm@`@gDVgAVYPBjAfAxAdC|@fBRlA?b@s@jG?`@iAvM]hBcAxJm@hE{AlQuAtIEzA{BhVMn@yAzAaBhD_DlEg@nAYtAWnE\Z[bCc@fHDvASrCJpCh@~I|@}@b@MfAJzBp@hB_@rB|B~ApCrDhF^vChBfKbBrPf@jC`BhN\vAbAL~G@b@GRe@XqCfAkHdBiPXgA?s@R_D|@yJd@wC`@kEp@kDLyAJqBCaB[wFW{Ix@^pEfDvD`ClIpEbEBfFiDfB_Ab@CrDnEhBtCpCpDPd@tBjChB|CxCtDfDjFdAtAT?Xe@Nm@l@sDHgGCeBIWZ{Hn@sJEaAViHDuGWuITkDFkDr@wGD{CEaAFoCGyATsCFmDIK]D{@ViJ~EaBtAqAt@cEzA_Ax@gBh@iECcFi@_@FUfAs@pAiBvAiAVkAg@Y_@m@uCmB_EOw@D_B]yBIsB_@eAYuEPwAjA}BNs@p@aBh@oD`BkGRmEIkBFsBTyB|BcLeIuE_Dq@GuCWyBTuCa@aFxBa@z@qATm@\gBH}AZs@Dk@ZeA`@kC\iFCiB]iE?yCNmAlAyDFq@sAuAYg@Kg@\i@@Qk@yAgEyG{GuNoDeGsA{CqFsJaE{DwEyEgByBs@wA_EeDXwETuBd@mCNaGKo@w@UkC\oCo@}CaBeCaC_DuB?qAPsA@kBLw@NcDGsBNcBEiDVaDf@kCEw@FaFVoFC{D\{D?_EFq@`AkDcAuILuCIcBFi@A{@SqAP{HCcDFo@Gc@A}APkHE_ADgJHoGGuBLeFPiBw@eNBuAW}FFcB_@aDFkAGqCqA_DAs@m@{EKiCw@yD?yCKiDWqE@_BJmAV}I^oE|E{@jKoCpBHbHjBjAF?~@hAjAhDdCdC`C`CfBdApArDhDbDzBbC`CpCtCnEvD,2,,,,,,Diego Galdino
2,Afternoon Run,10242.7,3157,3384,24.0,Run,Run,,Garmin Forerunner 645 Music,8808663076,2023-03-31T14:50:40Z,2023-03-31T16:50:40Z,(GMT+01:00) Europe/Amsterdam,7200.0,,,,4,1,0,1,0,False,False,False,False,everyone,False,g11521649,"[52.23, 6.89]","[52.23, 6.89]",3.244,4.647,81.3,15.0,True,158.9,184.0,False,True,37.8,19.4,9452755139.0,9452755139.0,garmin_ping_266969597603,False,3,0,False,20232024,1,a8808663076,{ax}Huq`i@m@PaA`@_@Jq@XC@m@w@IHGVMTcApAk@d@QXQj@w@x@]Tk@Cc@P[b@a@\Yd@URW\eA~@a@\m@Lu@l@a@^e@J]\i@FeA^g@Tc@JYBiCxACD[Hw@Ng@@m@Lc@LGACk@]Vm@Z_@Jg@Bk@JiAx@o@HeAf@g@Je@P}AJeA`@_@@}@ZK?@?mAn@O?e@Hi@b@_@NmAT[_@iB}@i@OoAu@k@YmAi@_@IUS?@D?FE?BAGS?QEMIUGIGeASc@OyB_As@a@m@ScBq@kAa@c@Kw@]w@UaBy@w@Y}E{Bc@Wm@a@]FcA@_Ae@[[k@_@]YeBqAeA}@iAe@q@Sc@GcAAi@AQGgAe@SOY[_@Ue@g@CKEq@DmCz@sGRy@N_A`@}DFeAN{@\{@bAw@r@{Av@sBl@mCTy@D]Bw@a@qEKmCMq@Sg@w@oA}@sB[y@@i@Ty@L_AFq@NuGn@gHj@_Cd@kAn@cArAcBj@y@f@w@Vs@Rw@JgA?mAFsARg@lAkAXSz@w@f@u@dBsBb@cAp@sCVo@Z_@nBw@l@_@lAeA`@k@v@iBh@_Cl@iBNw@d@{Ah@kCRu@Vs@DETGnAGbBQj@?h@KhC@n@E^?`AUN?`@?PHf@BXHX?f@F?EG@CAG@BB@E@@?A@A@DIF?E|B@VEZCdBHrBEf@D~An@^^r@fArAvCb@lAf@dAXh@b@p@v@pA\t@f@v@nAtC\`@Zj@TV`@l@bAtB^l@XZXNf@f@Zn@h@r@b@f@TZj@`AtAlCn@bA|@dB^l@bBnD?Bb@x@^f@n@n@~@vAjA`Br@l@j@~@r@bBd@l@b@t@jBbCnAjB\\NRlArAbCtCT`@?RATGPu@j@o@\a@Lm@AoAFk@Aq@@e@Ac@EkAAmDMe@?aCGw@@qAKo@Ii@Fq@Ag@Os@?kAYyASg@Dg@Aa@Um@O_@QSAEDI\@DJNpA~@rAlAn@b@|FvFxB`BbBzAf@\nBbBlCjCpA~@hAdAVZnBbBf@\v@z@,2,,,,,,Diego Galdino
2,Lunch Weight Training,0.0,4402,4402,0.0,WeightTraining,WeightTraining,30.0,Garmin Forerunner 645 Music,8802215854,2023-03-30T09:33:54Z,2023-03-30T11:33:54Z,(GMT+02:00) Africa/Blantyre,7200.0,,,,0,2,0,1,0,True,False,False,False,everyone,False,,[],[],0.0,0.0,,23.0,True,81.1,112.0,False,True,,,9445969972.0,9445969972.0,garmin_ping_266781655560,False,0,0,False,20232024,1,a8802215854,,2,,,,,,Diego Galdino
2,Evening Run,10030.8,2952,3115,19.0,Run,Run,,Garmin Forerunner 645 Music,8798443985,2023-03-29T16:13:17Z,2023-03-29T18:13:17Z,(GMT+01:00) Europe/Amsterdam,7200.0,,,,4,3,0,1,0,False,False,False,False,everyone,False,g11521649,"[52.23, 6.89]","[52.23, 6.89]",3.398,4.541,81.4,16.0,True,137.0,174.0,False,True,39.4,19.2,9442017080.0,9442017080.0,garmin_ping_266667719980,False,3,0,False,20232024,1,a8798443985,cax}H_q`i@{@f@kAb@k@LUBUMMPE\CFq@l@m@Jq@n@a@h@gBhAa@\u@^a@Zi@n@kE|DyB`BiAt@yCdAk@FWFQH_Ct@sBRi@GEEAc@c@d@c@PqAXk@D_EnAy@LaGtAOKEUMJQTk@d@}Ap@iBj@MCGM[YcAc@e@KkBm@QIOKg@MaDiAy@]qA]}@c@k@Og@SqCqAwCeAyCqAoBs@a@WaA]oAg@e@Y[_@YA_@Bg@E_@Oa@c@u@c@SQ_@]W_@UUiAgA_@UkAi@gAUe@Ia@Ck@?g@Gm@Ok@[a@[aAaAWYAIBi@PeBDm@TeBDaALgARwAVsARaCDcALsA^iANSt@q@x@yARg@Rq@^cAPu@Z}@Fm@B_AOmAGWYoBGw@GiAFw@Ga@Q_@m@y@Wg@s@eBQo@?i@Tq@Pu@J{@FkEP}ALyDNsAH_@d@kBTq@bAuAnAoBhAkBJW^oANq@D]FeCDYTk@|AyAj@w@vBiCv@sAt@kCb@cAhCiBZ]h@WdAeA^k@Rk@Te@Tu@tAeFFg@ZeATm@Js@Pi@P{@JU|@UfAEr@KpAMrAB\Ab@C`A?f@CRKTAj@?f@Ht@Cb@Fd@@h@Et@Ab@Sd@G|AHn@NhABnAPv@p@`@d@\h@t@jB\p@HV|AlCXp@n@fApAdCVZZj@Vn@jAnBlBjDp@~AX`@b@Nl@r@~ArBx@xAb@n@\p@Zd@Xn@dAzAv@tAxAzCANHNjA`Bf@d@b@r@bAnAbBpCXh@|@tA^`@^n@h@p@\XZj@fA`BhCnDhAfAV^h@j@Dj@ETGNWVi@ZuAX{CHkAEaEEk@C_@GuACyCCe@AeA@k@Ki@?a@EmAY_@?[C}A[yCe@e@Sc@Ca@BGP?XFJ\VdAn@~BhBXP~@t@fDzCr@b@\^bAt@\b@ZVd@p@`@V`Aj@ZX`@f@fAbATZ\\bBv@h@^pAjATb@Tj@xAtAf@^,2,,,,,,Diego Galdino
2,Afternoon Weight Training,0.0,4113,4113,0.0,WeightTraining,WeightTraining,30.0,Garmin Forerunner 645 Music,8791873453,2023-03-28T13:54:54Z,2023-03-28T15:54:54Z,(GMT+02:00) Africa/Blantyre,7200.0,,,,0,1,0,1,0,True,False,False,False,everyone,False,,[],[],0.0,0.0,,24.0,True,77.6,111.0,False,True,,,9435095695.0,9435095695.0,garmin_ping_266492577017,False,0,0,False,20232024,1,a8791873453,,2,,,,,,Diego Galdino
2,Evening Run,10439.1,3259,3356,21.0,Run,Run,,Garmin Forerunner 645 Music,8787162454,2023-03-27T16:45:48Z,2023-03-27T18:45:48Z,(GMT+01:00) Europe/Amsterdam,7200.0,,,,9,4,0,1,0,False,False,False,False,everyone,False,g11521649,"[52.23, 6.89]","[52.23, 6.89]",3.203,4.897,79.3,10.0,True,134.3,161.0,False,True,51.8,39.8,9430165458.0,9430165458.0,garmin_ping_266352555039,False,5,0,False,20232024,1,a8787162454,{ex}Hknai@aCaCcA}@}@u@gAeA_Au@uAuAm@a@aAcAaCsBaAaA{AuAc@[aA}@sC}BcC}BiAy@e@g@IG?BFJ~@n@zApAhBvA~BvBbBrAb@V~@t@\ZdAv@V`@x@z@t@j@\RfCzB|@l@^\NXj@T\VHTLPl@b@n@t@f@d@`CfCb@Vz@fA~@z@NN?LDF_@UgAaAk@c@s@w@]UiAkAQMqAyAi@g@oAw@wByB_BmAaA{@_BoAiAoAwBaBkBcBuAeAm@_@cC}Bw@{@yAoA_@g@`BhApEpDjDzCt@j@bA~@hBrA`@\UA_@U]Ia@SWi@q@k@I@DFAEvApAvBzAn@\v@z@jB`Bh@p@^Xh@N\Zl@Ph@l@\f@bAbAh@b@|@dAh@d@rAtAz@r@nApAd@Xn@v@LHNPMOa@Sc@[a@c@g@a@i@[e@a@_@UkAkAc@g@m@g@gAwA{@{@i@]_@]mB{A_@g@o@a@]MoDqDcB{ARNHNHDb@\LDNHLL^p@d@RXTDHc@a@UMo@i@UWw@s@sAeA[[u@cAaAaAi@[yAmAcAmAy@m@uAoAe@_@c@c@e@_@Q?CBHN`@Xv@b@`At@`AbAnAz@j@j@f@b@vAzApA~@\^jBzAjAdAtAbATXnAbA`@f@nBlBb@VbBrA~@nAd@d@v@r@RVr@l@BA?EWQAEMMsAgA{AMWEOM@u@RVp@h@`@Xz@z@XPf@RlC|BNP|AlANPd@X\\GK_Au@_BaAsA_Ak@q@oAgAm@o@aA{@w@u@]c@oDeDa@c@g@a@i@a@_@c@iAu@g@e@GKa@_@o@k@cBmAwB_CmCcC}CwBaBcBe@_@c@c@CY?QFL?LBLTNRV\RJL?Dj@l@RJx@t@kAcAo@c@k@k@w@i@BFXV`@Rt@d@VZj@d@RJj@n@f@b@bCjB`B~An@f@f@h@|@t@TNZ\JBxBlB\^\T~@v@PRdAbAd@Zb@b@Xb@nA~@~A|A\Xh@f@,2,,,,,,Diego Galdino
2,Morning Run,22007.8,7099,7230,60.0,Run,Run,,Garmin Forerunner 645 Music,8773777271,2023-03-25T09:31:12Z,2023-03-25T10:31:12Z,(GMT+01:00) Europe/Amsterdam,3600.0,,,,9,1,0,1,0,False,False,False,False,everyone,False,g11521649,"[52.23, 6.89]","[52.23, 6.9]",3.1,4.235,83.7,14.0,True,168.1,192.0,False,True,44.0,9.8,9415928577.0,9415928577.0,garmin_ping_265978252124,False,3,0,False,20232024,1,a8773777271,u`x}Har`i@mAx@qCfACAEm@ECg@l@e@ReB`BYl@wD`CkFnE_HlDqCx@_Ah@o@Pc@`@_D^{@CELq@XaBNgCfAwFp@gDdACRKLEn@Un@FxHCrJMjFIdIBfFIzC?`FaAhCo@|ByCfG}BdE{DzJyAlEW`@kCbAmCXwC@kEu@g@?i@`BoA~HwDhK{@nBuArE[h@u@rBWlAsAfCqAnA}CrBaDfCwAn@eAr@kAd@kBpAiDrD_Ad@g@j@[h@wB|B{AhA_C~AQAGWKaA?w@Bj@C~A_@Go@qCKy@m@}B]e@wA]SWw@YaF{@[QQc@S_Ac@kAGo@ImGJcFAsD}AM}DTo@Q}CIO]?w@GSMyBo@iFa@mBQeBi@sAVcBn@uB`CkMN_DScML{Dn@qFz@qFVsC\cBDoBXcCd@cDdA}Cr@kAj@m@jAm@rA_AEi@a@_@Ok@Dg@dAkDt@}DbGqSb@cCh@iBx@sDpAkDZg@v@{BFw@@{@CkHF}@Ns@BgAfAqJ?{@KYeHgCkAUcEcBuA[aFeB{EeCQMUi@ASf@wCRoBFeHAmCXsGC_GJsIEuBLmI@sMJmE@_FRaHCaALyJCmCBaBAyJDy@?{AY_CeA{BEe@CcBDsAPs@v@{@Po@Kk@@c@NeAb@yAHq@JsIxCkVr@_ED}@CY}AcAuH}FmFu@yBMc@MwKgAwCi@gE_@e@@kDg@{E_@aAW}Ee@mHuAEM@i@LyArAmJVwHXyEXgBjB{On@sJReB@aEF}@Lc@TY`Ac@fCWrC{@dDg@vAMfBu@tAGvCo@hDc@pFoA@s@Gy@]qBMaBs@qFIaBQ{@_@aEBc@fGiDfMoFhAu@dGkCdC}@^PdCfC^EfAk@d@KpAJbD`@fAv@fBG`El@fBh@Ph@\dGTfB`@`BJ`AdAtDrEdQl@|C|@rCfA`FbE|Np@bDjDhNfB|G\rB^zFZlChArH`CfQb@nB~@zCNv@FbAElBRjCnAjGxApEnIpOvGnLjEfFjCxBhD|Dn@tAt@nCJj@HzAETGCAjADRlAl@l@b@^h@pAlCpBzExBrD`BpDjCvDbBhDz@j@xCjEhBnDn@z@xBlDdBvD@F|@xAfAdAf@`AqA}A_A}@E@W\Ur@q@jAWpBSbDGL{BO_@FQh@IlCKh@MnDEdFSnDw@zBFb@Zb@hGpErJvIv@~@,2,,,,,,Diego Galdino
2,Afternoon Run,10610.2,3595,3735,20.0,Run,Run,,Garmin Forerunner 645 Music,8770039735,2023-03-24T15:50:09Z,2023-03-24T16:50:09Z,(GMT+01:00) Europe/Amsterdam,3600.0,,,,3,4,0,1,0,False,False,False,False,everyone,False,g11521649,"[52.23, 6.89]","[52.23, 6.89]",2.951,4.872,79.6,16.0,True,163.4,181.0,False,True,37.6,19.0,9412010071.0,9412010071.0,garmin_ping_265862831486,False,1,0,False,20232024,1,a8770039735,oax}Huq`i@aA`@[Jg@JmAb@KA@m@OJGDOd@}@r@cA`AcAtAg@Pa@Zg@Vc@Le@T_Az@kAjAa@\w@f@_Af@Y\a@X[LKJoB`@{@^_Bz@gARaAb@_ARaAXm@DGWm@l@_@R_@Jc@Bc@Hc@T[T_@\iA\g@Hi@Re@U}@D]BWHuAn@_@HMICKm@h@iAp@URMPUP}ANKEYa@oAs@kCcAyA}@eA]MMEAD@GE?ABP[GWOc@QqHgCcAk@wDuAk@_@wB}@a@UaAYkAs@e@Mm@a@{@]a@YW?WLcAKOIm@g@w@k@_@]]a@a@]gAm@_Au@g@SuA[]?}@Ha@Kc@Qa@UWUc@ScAcAQg@B}@?aAb@_DTaC^wBJgANy@LsADoATw@Zk@XWX_@LG\_@Xi@j@iB\{@h@oCHaA?}@IkCAcAEgAEc@BEn@c@XK^EE?KFUD[RIDORQL?EAHASF@A@ALEs@I_@M[We@]YYe@u@oBWw@AK?Q\gBJw@b@cK`@yEh@kBh@sA`BeC|@mAXc@\w@XsALgAZuDPe@n@o@f@[^a@zBiCn@}@\k@VaAb@yAXw@V_@L_@Bq@@gAEk@CX@lBDn@BDJDhBeAv@eAfAoAd@u@|BsHr@}CVy@h@_CJ]fCGj@MpA@b@C`A?nAUVC?GOEEF@BABUF@BT?@EIC?BQ?CDR@LMAAM@FFBEGACB@JJ@C@DBb@?nAShANt@@tAGxBWn@CbENbARbAf@^\\b@Zh@p@vBv@dB`@t@rAvBdBhD\f@^fALXLLx@tAbArAv@dB^d@^n@FHb@L\d@dCbEpCbFbCzDbArBhAlBfApAn@`AvCvEd@dAl@~@`@b@lAfB^`@v@jA`@b@z@rAN^CCCIUS@B^b@m@o@@Bl@f@MOAGB@AAE?b@`@tA~A`B~ANb@Kl@y@j@s@Le@TiAHe@@m@Ic@AaC?iAMkAFwBA{AKgBA_CQy@?iAI]@aAQu@YgBGeAQa@Me@@MDGVAAjAr@bAv@rCdCdAjAz@x@tEtDpAnAx@f@|BbBhBtBn@j@nA|@d@j@^\f@^LRnArA`A~@,2,,,,,,Diego Galdino
2,Afternoon Weight Training,0.0,3748,3748,0.0,WeightTraining,WeightTraining,30.0,Garmin Forerunner 645 Music,8764749408,2023-03-23T16:00:44Z,2023-03-23T17:00:44Z,(GMT+01:00) Africa/Algiers,3600.0,,,,0,2,0,1,0,True,False,False,False,everyone,False,,[],[],0.0,0.0,,24.0,True,57.1,98.0,False,True,,,9406452414.0,9406452414.0,garmin_ping_265713119241,False,0,0,False,20232024,1,a8764749408,,2,,,,,,Diego Galdino
2,Afternoon Run,10007.1,3214,3328,20.0,Run,Run,,Garmin Forerunner 645 Music,8758666009,2023-03-22T14:46:47Z,2023-03-22T15:46:47Z,(GMT+01:00) Europe/Amsterdam,3600.0,,,,5,0,0,1,0,False,False,False,False,everyone,False,g11521649,"[52.23, 6.89]","[52.23, 6.89]",3.114,4.21,80.7,15.0,True,166.2,185.0,False,True,39.8,18.8,9400076682.0,9400076682.0,garmin_ping_265553373349,False,0,0,False,20232024,1,a8758666009,s`x}Huq`i@oAl@i@Pc@H_AZUCQQIHGRSVa@Rs@f@{@x@Sb@g@j@SLkAf@wAlAeB`Ac@`@}B|AeA`A_@N]TeAZg@PQLe@Lq@Xy@^]Z]P[HeBVe@@o@HEAUUMHm@LWN_BRoAf@]Dg@Nm@Jo@T}Bd@[LmAj@_@@]Ke@b@mAr@WHaAh@cAVK?a@g@[UcAc@c@M]WgAg@_ASi@U_Ag@_@YaA]iAUk@Q_@OWO{@[_Ai@eA]}B{@q@QiC{@]QIGq@WgB_AmAk@WU_@S_@YU?EB[D_@GWKmB}@gB_BgAgAs@e@e@YkCk@uAC_@Iu@Uo@k@[a@_@W]a@CY@Oj@cIV{Bd@sBJs@L}BJu@Rw@nAmBX[V_@Pe@Nq@r@gBf@mBJi@HkAG_AYcCOcCBe@DE^Wp@Qz@?PDl@EXYRwBLqBD_AN{A@a@RiCTuB\}BXqCBs@EcBOoC]cC[cDW}@I_@Ew@BsBDsATk@h@e@j@]z@cA~@w@|AoB\k@p@aDXq@V]ZM?c@KqB@aADmAQkAYsE?y@Gw@Dm@VKjDaAnAWd@OhCg@pAg@d@Eh@Of@Ej@?fAG|BCbAKfAEv@DPAhAWf@Lf@Fl@Df@E@E`@NV?b@Wn@O^?XDb@Lj@Dd@?b@Er@BP@d@Nj@Zl@b@`@b@v@zAr@hBVf@V`@t@`BxC`FjArCd@x@r@bA`@t@p@vAbAtAv@x@j@fAT\vBhCrAzBv@dBn@dAnA`C\v@l@~@KBJFz@tAhAjAh@`AbBdCb@\zArC^l@`AnAv@lAtAlBjAnApBbC`@j@~@~@`@Xj@PlB@d@EB@Jd@PpBF|@HlBLnJO`@CDUHu@GQEo@Pc@R_@La@^m@ZCDk@JwAl@eBz@_@HW^IDWT[n@UZ[?UUaBiA_A_@e@e@Yg@COQ[}@eAmBkBu@_@YUc@e@gAaAMGWDNJ^BXNb@Z^`@h@^d@d@v@d@r@v@fA|@bBnA\Xb@`@P\b@ZF@ZTV^jB`BbAbA,2,,,,,,Diego Galdino
2,Afternoon Weight Training,0.0,3938,3938,0.0,WeightTraining,WeightTraining,30.0,Garmin Forerunner 645 Music,8752953126,2023-03-21T15:28:57Z,2023-03-21T16:28:57Z,(GMT+01:00) Africa/Algiers,3600.0,,,,0,2,0,1,0,True,False,False,False,everyone,False,,[],[],0.0,0.0,,24.0,True,71.0,97.0,False,True,,,9394112413.0,9394112413.0,garmin_ping_265406605795,False,0,0,False,20232024,1,a8752953126,,2,,,,,,Diego Galdino
2,Lunch Run,11113.6,3598,3665,23.0,Run,Run,,Garmin Forerunner 645 Music,8745885215,2023-03-20T10:25:19Z,2023-03-20T11:25:19Z,(GMT+01:00) Europe/Amsterdam,3600.0,,,,7,4,0,1,0,False,False,False,False,everyone,False,g11521649,"[52.23, 6.89]","[52.23, 6.89]",3.089,4.56,77.6,15.0,True,149.7,169.0,False,True,54.2,43.8,9386716110.0,9386716110.0,garmin_ping_265216641846,False,2,0,False,20232024,1,a8745885215,ofx}H_mai@kBsB}AqASMu@cA[][Y{BwAa@a@U][W{@gAq@o@oEqD]a@yAkA{@_Aq@i@U]y@o@{AqA]a@}AwA?FRPjAn@|AbA~@~@|@p@b@`@v@|@dEbDxArA|@bAb@\ZNx@j@~BzB^Z`Al@~AdBj@`@v@|@xAnAJPXRdBdBxApAb@\x@v@FHADYKmAs@s@k@_Am@mCsCyBmBWOGA_As@wCgDw@q@cAu@i@m@_A_AuAaAw@y@_C{BWQWa@GOi@k@KEi@g@e@o@k@c@F@f@d@l@`@lBhBf@\\^`@XZ\fCpBd@j@fBrAj@n@\VhBhBhBrA`@l@j@Z|AzAdAz@~@`ApA|Ab@^xA`Ab@^x@v@\b@y@]k@_@_@i@AS@BFD\\?@YKiBqAy@w@yAmAu@y@oAeAi@[a@e@iAaAmCqCmBcBiBcB_@_@iAw@OQe@a@y@g@sAkAe@i@kAkAo@c@yDgDa@k@c@y@]SGGj@TTPNX~AjAbAdAd@\d@h@bA~@d@j@b@Zf@f@dCrBx@j@X\b@\ZZfAp@|ApA^^~@lA\^fAv@b@b@b@X`@^pCzC`Ar@dAjAz@v@b@\ZPD@fAjA_@K_@Us@q@kAy@cAcA_BuAsCoCmC}BeAiAsBmBs@k@iAcAsBwAeByAgAiAcAy@eAw@uBkBkCaC[e@I]GMg@a@GKNLn@Xl@r@~@x@^`@`@XrBfBlApAhA`A|AfAn@p@h@^PRb@b@d@ZhAjAfAv@p@t@f@^xArAb@VtBvBdAbAh@`@f@j@dA|@T^^`@jA|@t@t@RLHL`@d@A@g@WGAGGQEmA}@k@u@_BqAiAqAoBaBqBkBe@i@mA_Am@k@k@o@g@g@oAcAqAqAcAy@a@[k@i@YSg@i@oBqAuBkBoAqAqBgB_@a@OYk@c@KSJ@f@VVTJXLNh@^x@r@zDtCh@f@hBrB\X|@j@^\l@\\f@`@`@d@Zn@h@d@X\^d@\fAhAp@|@JHf@T`Av@RHd@d@|AjB`@Z,2,,,,,,Diego Galdino
2,Morning Run,10010.7,3013,3050,18.0,Run,Run,,Garmin Forerunner 645 Music,8739259010,2023-03-19T08:31:27Z,2023-03-19T09:31:27Z,(GMT+01:00) Europe/Amsterdam,3600.0,,,,0,2,0,1,0,False,False,False,False,everyone,False,g11521649,"[52.23, 6.89]","[52.23, 6.9]",3.323,5.088,82.0,17.0,True,149.5,164.0,False,True,33.6,17.4,9379700228.0,9379700228.0,garmin_ping_265048058003,False,0,0,False,20232024,1,a8739259010,aax}Hgr`i@gBhAy@T]L[@QJ_@\oAj@a@XqAjAUH{AtAu@b@mAlAm@b@_@f@gAv@mAn@aAn@wAhAaA^}BlAw@TwBnAc@@i@Ni@BMGSCe@BGIBC?IA?e@Zg@Vo@NeAHYHoCrAYHg@Fk@Re@Fk@AiATiAXYCUJy@n@wAz@oAh@WM[s@]UeEcB_Ag@y@W{CqAqAYc@GqAa@k@[]Q][e@Q]U}@_@yAa@a@Qc@W{@YmAk@k@Qm@WUSaDiBs@g@]JUEw@BYGYUgAiAgB}Aa@]wA}@a@OkAUo@I}@@e@G_@KkAc@c@Yw@s@[e@@m@Ny@RcBj@iGL_AX_Ap@cDVmCRm@RYVUX[Va@dBmEVy@VqAJgBG_AY_CIkACaABQHKz@e@XEpA@d@GFGFa@d@yF@o@PgCHoBJ_Ah@qCZuBH{@@k@C_BW{CWqAOsA]wBQw@K{@C{@XwD@GTi@LOj@g@vBcCR_@z@eA`@m@Tk@F_@l@qBXg@d@k@@IHi@BaCGqCQiC?gBAm@I{@Am@@GNIxAe@hBWXM`@MpAk@`AUj@SbAGnAUvAElAOjAAd@Bd@GbDCZCl@?h@Dj@Ad@G~AJnACjADvBCt@@rBf@b@T\`@bAlBV~@Tl@Xl@V^Xn@FBVj@fB~Cr@hAV\\v@\h@z@fAhAdBXV\j@Pj@h@v@|@~@jA|B^`@n@n@jAtBXr@tAhC`@p@|@rAlArCEADCDH`@d@d@v@t@p@\h@n@fA`CnDL^^f@`@x@d@d@x@pA|@nAt@hA`@f@\f@`@^r@bAZ\^Zz@|@RD^b@p@Lb@D~@Cb@EV@FLRlCB|AAx@N~BH~BAZDn@FxBAp@YpCCv@a@rCu@|LYr@EB_@WWMa@W[]m@i@c@U_@_@u@aAm@o@a@_@_@c@_A{@i@_@IK]Y[Oa@I[m@e@m@g@a@o@[]Yy@iAuBiBmAqAaC_Ba@Ug@SFLJF\?~@^d@VdAfAt@h@THd@f@vAhAh@j@,2,,,,,,Diego Galdino
2,Afternoon Weight Training,0.0,4580,4580,0.0,WeightTraining,WeightTraining,30.0,Garmin Forerunner 645 Music,8730555767,2023-03-17T16:04:27Z,2023-03-17T17:04:27Z,(GMT+01:00) Africa/Algiers,3600.0,,,,0,0,0,1,0,True,False,False,False,everyone,False,,[],[],0.0,0.0,,23.0,True,75.8,107.0,False,True,,,9370505316.0,9370505316.0,garmin_ping_264804029478,False,0,0,False,20232024,1,a8730555767,,2,,,,,,Diego Galdino
2,Afternoon Run,7572.1,3038,3086,13.0,Run,Run,,Garmin Forerunner 645 Music,8719690366,2023-03-15T16:57:48Z,2023-03-15T17:57:48Z,(GMT+01:00) Europe/Amsterdam,3600.0,,,,0,1,0,1,0,False,False,False,False,everyone,False,g11521649,"[52.23, 6.89]","[52.23, 6.88]",2.492,5.788,73.0,12.0,True,138.4,162.0,False,True,23.8,10.0,9359070366.0,9359070366.0,garmin_ping_264508624890,False,0,0,False,20232024,1,a8719690366,qyw}Hqp`i@|@nCZ~A^nAZ~AFnBNpAHn@f@fCPzBRrA@x@FVDj@?pBJ|AAfBCJGCmBoBL{@CyA]gAYq@[g@[WeAWg@N]b@Mj@Ab@@bA\dBl@dAZZXLdADNI^m@P{@Bc@EeAQu@g@kA]e@[Se@Kg@Ja@R[b@Iv@JvBLr@NZd@n@PLlAT`@E^QRg@B_ACcA]sA]y@[_@YQaAQa@H[ZO\El@DlALjAf@rAVVd@TRD~@Cb@]JOLk@EeB[oAUk@g@u@]Uo@Em@R[XM^Ej@BbAHr@Ll@Vh@j@|@f@R\?fAQXcA@g@D^Mt@EDLk@Dm@GL?NB[Q{Bc@sAg@o@c@UiAC_@LUVIr@?x@N`B`@nAj@n@f@VlAAj@i@DKHcAEj@Ub@AJD?FY?s@JLGoAQeASs@[o@_@]YOaAGk@VSd@I`A@|@N`AXt@l@z@^Zl@Db@Cj@SRe@D_AGf@Qp@?DDAHm@Bu@@L@E?{@Go@Qw@O[W]a@_@_AOm@Dc@XWbAAz@Fz@XfA`@n@^Zl@Rt@@t@]Pw@Bc@Gh@Sv@TkACuAMu@Y_A[k@u@k@k@Ie@Fi@ZQn@A`ANbBTv@b@x@b@TzAPTGLOVg@HW@_@En@Mj@PeA?Y@JGoAa@eBe@{@]_@]Mi@Ck@H[VMl@AnAFz@P|@\r@d@j@`@VfAH\MRg@NcABC?v@Q`@CBDEPy@@[MyAc@aBSa@_@c@e@Sw@Au@RYj@G|@Dz@TfAb@z@bAx@b@Jv@@TQXo@Fm@Er@Qd@PsA?FDBCy@M}@c@}A_@q@QS]Ki@Eg@Fm@f@Gl@@|@P`BVn@`@`@d@b@ZHx@J^OX_@HWBQAQC?Iv@Qb@D?Rw@A]D@?UKiAS}@Oc@m@y@_@Us@Mk@B_@VEDMd@?z@Fx@L|@\~@p@t@f@N|@BTIZc@VcAIHGr@MTBFJi@Dg@D?@FGIO{AQ}@K_@a@s@e@c@g@Ku@@i@ZK`A@x@NlAFV`@z@p@~@p@VZ@XIh@w@N_@Fk@CRDIF@?MCB,2,,,,,,Diego Galdino
2,Evening Weight Training,0.0,4101,4101,0.0,WeightTraining,WeightTraining,30.0,Garmin Forerunner 645 Music,8714580929,2023-03-14T17:56:12Z,2023-03-14T18:56:12Z,(GMT+01:00) Africa/Algiers,3600.0,,,,0,0,0,1,0,True,False,False,False,everyone,False,,[],[],0.0,0.0,,24.0,True,84.3,118.0,False,True,,,9353650616.0,9353650616.0,garmin_ping_264370002794,False,0,0,False,20232024,1,a8714580929,,2,,,,,,Diego Galdino
2,Afternoon Run,6466.4,2090,2135,14.0,Run,Run,,Garmin Forerunner 645 Music,8708062603,2023-03-13T15:38:16Z,2023-03-13T16:38:16Z,(GMT+01:00) Europe/Amsterdam,3600.0,,,,6,3,0,1,0,False,False,False,False,everyone,False,g11521649,"[52.23, 6.89]","[52.23, 6.89]",3.094,7.49,79.7,20.0,True,158.7,186.0,False,True,70.4,58.2,9346713410.0,9346713410.0,garmin_ping_264194549835,False,4,0,False,20232024,1,a8708062603,kfx}H_mai@WYw@iAa@WYg@mCeCQOk@]aAs@qCiCo@e@kAiAsA}@y@{@c@q@aDkCaAm@[g@g@e@Y_@[k@m@w@u@w@A?DJt@n@b@XhAhAx@h@h@l@fDxCHNZXZPx@z@v@t@ZNjAbA|@p@`Az@|AlAjAhAr@x@vAfAb@VzBzBj@p@dA`AxAnA\^@d@`@^PFAID?NPPFTb@u@g@]a@gAeAqA_Ao@q@sAgAq@{@a@]wB{BYUc@k@iCwBe@c@uAcAaAw@eAkA_@]eAu@u@m@aAq@c@c@yAoA]Ua@Qi@i@MUaBgBSi@aAk@WYMGtD~CfAnAzBdBrArA~CfCv@z@^ZzDpC`BdBfB`Bz@p@b@b@\Xx@x@b@Xb@`@`AjAx@x@jB~AL@JDp@t@VLP`@kBwAmAcAcAoAmA{@_@m@cAgAeAcAq@k@DNSO]e@cA{@c@Qa@[_Ay@]c@wDoDeCmB_ByA{@cAgBsAKEk@g@[[a@[e@e@a@g@IC?GSO[KOUGQSQE?f@j@vAdAzBpBfAv@`@b@dGfF~BvBvBzAf@b@b@b@X`@fAdAv@h@HL`Ar@NR|BxBf@`@^b@,2,,,,,,Diego Galdino
2,Afternoon Run,20006.7,6893,6895,62.0,Run,Run,,Garmin Forerunner 645 Music,8703472622,2023-03-12T14:21:24Z,2023-03-12T15:21:24Z,(GMT+01:00) Europe/Amsterdam,3600.0,,,,1,6,0,1,0,False,False,False,False,everyone,False,g11521649,"[52.23, 6.89]","[52.23, 6.89]",2.902,4.336,82.1,16.0,True,165.1,188.0,False,True,70.4,13.6,9341834852.0,9341834852.0,garmin_ping_264041979209,False,0,0,False,20232024,1,a8703472622,gex}Humai@u@_A{@y@cEwC{D_EmDqCgCwAuC_CgCqCuBcBkAqAgA}@{@_AIMA_AaASmACwAUSSKw@kB_BqCkDmCsBs@gAa@]y@a@s@e@o@}@gCeCg@]cBcBqBcBcBeA_BsAcAgAcB{AiEmCcD}CiBwBuBsAe@m@uCkA][[i@OISZ[zAYv@oAdCe@`@wAdBgB~A]z@GtBDGDq@Go@MMiAg@aCBkAb@a@`@_BfA_@Jg@KgEyDw@cAoDiDiC_BoCwAsMoF}DmAkCwAaFwBuBk@cBs@eDiA_EwBaEeB{AYuDkB}B_@mBq@{AkAm@[iAUsAi@{BuAgC{@{BiAyAi@cD{@oASaCmAmBk@yDsB}Bm@mA}@kAg@eDiB_@c@IWEgDFw@ESA{DUgJFmCCwBG{@R{JIIgAJaAG[a@YKsA@I_@GyDScDBo@EcCNeHIaB@_DLcCl@kGC_AFyAEq@?cBMgBGoEI_B`@wATi@\o@t@cAbAcB~@uB^g@\Wr@UbDC~DJlGKxANdAZpBV|@b@tAZ`@BL]t@eKTcBPsDr@{IHiBZ{BRkDBaBx@wEFcCGwAAyCNyEGm@@q@Hy@Lu@RgDlAgGLiAZkAJq@LaBRk@Nw@j@}Ef@qCZcCTkCJm@?s@|AqM^_ApAuBZ{@`A{Af@{@h@}Aj@cAv@y@vA[jAc@xEu@vEUp@O\QnCUzDw@hDS`AYbG_A|Ae@dDEb@Id@a@HBdAnBd@d@pAtBn@`Bj@rCx@nCVnALpBPj@LdBFtEh@rJf@lHHdCCtDJ~C@jBt@fQNXfAFbA\pADnC^`DoA`IwDdE}BtDaBp@OvBIdFZ^GpFcClBqA~C}AlBqAhBw@LB\jHE~ABlBErBNtENlBBhGI~@TrIFxELvD?pILbD@fCNdIw@pDUn@]xAQlAi@|B{@tCK|@aApEmCbK[rAa@hAQzBk@zBGp@e@tAIh@c@zA[rB_AxDs@dCqApFUtA]j@uAt@MXDzCNhDr@pDxAtEJZnCpFfHhM~@zArBdEfAtA|AxA`ClCtBjB|BvCb@bA|@zCPnBNVbA~@C@@FlApAxBvFZfA|BbE|@rAf@dAHfARr@v@bAnDnG\Z^NhCpEb@~@xCfElErI`A|A`AbAv@tA|ApB|@xATr@PXjArAdAbBtBzC`G`Hd@f@^LnCFh@FLx@b@lI?pAPxIi@vF,2,,,,,,Diego Galdino
2,Evening Run,7701.1,3124,3124,0.0,Run,Run,,Garmin Forerunner 645 Music,8692325569,2023-03-10T18:02:24Z,2023-03-10T19:02:24Z,(GMT+01:00) Africa/Algiers,3600.0,,,,0,1,0,1,0,True,False,False,False,everyone,False,g11521649,[],[],2.465,5.315,76.5,21.0,True,144.3,163.0,False,True,,,9330120794.0,9330120794.0,garmin_ping_263755314431,False,0,0,False,20232024,1,a8692325569,,2,,,,,,Diego Galdino
2,Evening Run,8567.0,3511,3511,0.0,Run,Run,,Garmin Forerunner 645 Music,8687522100,2023-03-09T17:57:27Z,2023-03-09T18:57:27Z,(GMT+01:00) Africa/Algiers,3600.0,,,,0,3,0,1,0,True,False,False,False,everyone,False,g11521649,[],[],2.44,3.793,81.3,22.0,True,152.2,166.0,False,True,,,9325103516.0,9325103516.0,garmin_ping_263612695919,False,0,0,False,20232024,1,a8687522100,,2,,,,,,Diego Galdino
2,Afternoon Weight Training,0.0,3849,3849,0.0,WeightTraining,WeightTraining,30.0,Garmin Forerunner 645 Music,8687522122,2023-03-09T16:50:35Z,2023-03-09T17:50:35Z,(GMT+01:00) Africa/Algiers,3600.0,,,,0,2,0,1,0,True,False,False,False,everyone,False,,[],[],0.0,0.0,,22.0,True,74.7,101.0,False,True,,,9325103527.0,9325103527.0,garmin_ping_263612695586,False,0,0,False,20232024,1,a8687522122,,2,,,,,,Diego Galdino
2,Evening Run,18001.8,6486,6486,7.0,Run,Run,,Garmin Forerunner 645 Music,8667529454,2023-03-05T21:10:18Z,2023-03-05T18:10:18Z,(GMT-03:00) America/Sao_Paulo,-10800.0,,,,5,2,0,1,0,False,False,False,False,everyone,False,g11521649,"[-23.01, -43.36]","[-23.01, -43.36]",2.775,3.638,81.1,30.0,True,163.8,181.0,False,True,-9.4,-18.6,9304183190.0,9304183190.0,garmin_ping_263018388913,False,1,0,False,20232024,1,a8667529454,lhmkCtzsgGKkEDq@C}BDiAAc@OqAB_AAwAEm@?iAEoB@mAAk@Kc@C_@B_@GmABoAEoAB]AiBIoBDe@KeADcACgBBi@Eg@@qACg@Bi@AgABg@CgAByCDmAAaADuAIuBLoBEkA@qAJ}LEo@@_ACqEB_@EmAJiD?qDHoA?qBHuBD}EJiCCmADg@@oAFq@@oACqBDiCPeADgAFe@?iAL_A@i@Di@?uABk@Lk@@[Bg@Aw@Do@DMHcCHYVyBB_ATqB@m@ZgCH}CNe@Fi@?s@d@qE@k@j@_DFk@Lk@VyAFq@h@qCVyB^gBNqA?m@ToDx@sEFgANaAHsBPkAXkAHmALq@BSAa@ToBBeAJc@NoAPa@B_@HwC\uBZ_AFa@L_@LwAGUHw@BqBHgA?e@Dw@?eALgBA[B}@Ae@Bc@MsB_@oAQyEK]XaBA_@QSCa@QeAC{AB_@CYc@aDCyAMiAMgD?]Jk@G_AB]\YBYZUVIn@EpAWhBERHAB_@EwCXkCHYNGPAT@ZLpACf@Bf@F`@PnCPpAA`Af@bG@fAHr@BjAHVFf@QV?VH\NnCPhABh@HTA\H|AC`AF\If@Ad@EfB?~@MnAG`DMfB@NEl@e@nBC`@e@hDCtAU~@KdAAh@SfA@f@MrAK`@A`AKb@OxAc@jCUnBWfA{@rFCb@[vBEvBi@hCWlBEh@QhAU|@[tCM`@MdAk@pCAf@Kj@UbEEf@SlAGzB_@jDc@zHOz@MjCCxAIhAAj@@d@OpEKnAAnAElA@^S~BEfADh@AdABd@K`AK`HIp@G|HC\ArBCd@@p@IlA@vBEjAAnBIdH@vBGzBBlAExBCrECtADlBI|BB`BGj@BrAAtDDpAEd@?tBJbDB^CtCBhAGf@D~DBd@AjABnAAp@H|BBpBAbCLfC?v@DnA?|BF|BAtAD~CHtAA~@Bb@CrADz@CN?b@LtBA|AFvBFx@AbAFn@C|BDbCH`BAtAFlAAxAFbCArAB|AN|BCtABtBFxAAr@LnBNlFDl@CcA?uAGk@EaAEYMuBBc@CaEK_D?wBIyABqAG{@AyBIiAKeCBgCEmAJmBQqAO{D@mBCe@@iAFsAGm@Bg@IaA@{ACwAM{B@gBIiA?eDE_EMcACg@FmBI{DImA@e@Ga@Aa@Ag@HiA@oBEi@Cs@?gCAa@@kBCc@DoACOCnAFxAElABxAFd@CpA@rCBxBFdACnAB\,2,,,,,,Diego Galdino
2,Evening Run,7162.5,2198,2209,15.0,Run,Run,,Garmin Forerunner 645 Music,8650082059,2023-03-02T22:09:00Z,2023-03-02T19:09:00Z,(GMT-03:00) America/Sao_Paulo,-10800.0,,,,2,1,0,1,0,False,False,False,False,everyone,False,g11521649,"[-22.91, -43.61]","[-22.91, -43.62]",3.259,5.12,80.7,29.0,True,167.1,194.0,False,True,15.0,0.0,9285316556.0,9285316556.0,garmin_ping_262549386685,False,0,0,False,20232024,1,a8650082059,zzyjC|ceiGnB@\FBBTfA@NCBJ?JG@]DIXYHg@_@{AE_@I]e@wD[qA]aG{AeJ?]SwAKwAIU@WGaAUoBSuAUiCMw@SoB_@qCQ_BC]O_AIaASkAI}@_@wCKgAAc@[wBIqAKYAWGYCq@Ea@?YIa@_@iC?DDH^`Dh@~CPzBd@jDTrCb@nDHz@LbAJxATtARfBThAPvA^~D@f@^xCb@~CBv@NfBVfBFr@Z`BRdCXrBDl@TtALdBd@vCLvA@h@GX@\AD_@NAJZzAA^ZfCB^PfATn@Nf@h@hANp@HzAHb@LxB\xA@^f@vDF`AR~@VnCRtAFv@@f@VpBTtAp@`GZ~BR~Cp@tEFhAF^HdBLtA?^RlARp@NnBRfAErA@^BO?c@I_@Ae@]qE[mAGi@Ac@Mm@OgDWuAQ{AS_BQ{Bi@{DUoCKo@OmAQ}CS{@SaB_@wESsAY{A]mC,2,,,,,,Diego Galdino
2,Afternoon Run,6568.2,2404,2404,0.0,Run,Run,,Garmin Forerunner 645 Music,8637678068,2023-02-28T18:03:24Z,2023-02-28T15:03:24Z,(GMT-03:00) Atlantic/Stanley,-10800.0,,,,0,2,0,1,0,True,False,False,False,everyone,False,g11521649,[],[],2.732,2.983,79.9,31.0,True,160.4,175.0,False,True,,,9272387008.0,9272387008.0,garmin_ping_262212442823,False,0,0,False,20232024,1,a8637678068,,2,,,,,,Diego Galdino
2,Morning Run,16001.2,5413,5516,86.0,Run,Run,,Garmin Forerunner 645 Music,8624844370,2023-02-26T09:41:00Z,2023-02-26T06:41:00Z,(GMT-03:00) America/Sao_Paulo,-10800.0,,,,4,3,0,1,0,False,False,False,False,everyone,False,g11521649,"[-22.94, -44.05]","[-22.94, -44.05]",2.956,4.08,83.1,31.0,True,157.6,178.0,False,True,-6.0,-122.8,9258872262.0,9258872262.0,garmin_ping_261853630497,False,0,0,False,20232024,1,a8624844370,vx_kCv`{kGB_AJeCXeBCQBULa@@QA}A_@}@M}@[k@iA}COg@o@s@U?eA[]YoAuA]U_@Oo@MiBCo@SCA@OL{@Lm@L[LSTFxAdA`@RjA^|@f@tD`B\JDEn@yAz@_CZ_@r@qAj@uAjAeBVQxBaDXe@f@e@n@eAzC}Cf@o@nAuAlC}Bf@Yz@q@jAm@\WpCyAhA[fCWlF{@tBKnACrADd@F`@LvAx@r@l@jBzBQIQOkAcB]Y_BaAkAc@mAEmABoE\iGbA}A`@yEvCeAd@eAn@wAfAa@^{ClD_@Z{@~@_EvFoDvFk@jA{AvBe@dAyAnCdAmBbAaCZ[P[bBgDZ[vAmBPQj@}@^{@XUb@u@f@o@LUv@_ArAsAbCsCxAmA~AeAhB}@hCaBdAe@d@MfC[bEo@pBQrBIrBF^F`@NbAj@t@j@jAxAl@z@NnA?PENCb@?t@V`AZf@Pv@t@tBnA`BLJZd@XXbAh@Z^hAx@jB`BvAt@ZJdACPEzAe@fAi@~AwBL]XUX_@V_@v@_ANWHYp@iAfA_BjAs@dAYXQhAcAlAe@hDk@n@CfBVmAQ_AGsAJaBp@sAl@_@Te@h@QH{@RYLw@p@eAdA_AnAO\aB|B[RSTY^MZa@p@uAzAs@V_AHYAs@Sg@?m@Gq@YsBwAcAaAeAo@GIm@_@o@w@_@y@[k@[_@k@uAa@yAU_BDkAF]IkAOS_@Y_A_B]]aAm@_Ae@o@ScDGsBLuAPcATeAJoAV{ATcAb@qBvAqGvDuDfDcArAu@x@m@x@gBlCcBzBSf@gA|A]^Yf@i@pAg@~@{@bAUb@qAbDlA_Dh@oAXa@f@k@f@_ARk@l@mAdA{Ap@qAtAgBn@cAr@y@|@s@r@s@p@iAjAsAZQxAkAvAaA|EoCv@Uj@e@DFBILKr@SpHmAhAKhA@zAGd@BnBXxAt@x@l@Z\x@rALNs@o@U[_@u@][_BiAqA]oCDuCL_Fp@eAXiANmCfAwDbC_Af@cAp@qDvDmAdAgBlBu@nASd@i@~@oA`B_CjD{@`Co@~@q@v@Q`@Md@s@tAWTYEqAw@_@KyBsAkAg@UEq@e@W[]UU@Wt@UnAC^@BXJtBJpAT`@Nz@n@bBvAt@h@x@x@NXJZl@lAf@d@,2,,,,,,Diego Galdino
2,Morning Weight Training,0.0,2920,2920,0.0,WeightTraining,WeightTraining,30.0,Garmin Forerunner 645 Music,8624840700,2023-02-25T11:40:01Z,2023-02-25T08:40:01Z,(GMT-04:00) Chile/Continental,-10800.0,,,,0,1,0,1,0,True,False,False,False,everyone,False,,[],[],0.0,0.0,,32.0,True,102.0,132.0,False,True,,,9258868157.0,9258868157.0,garmin_ping_261853576754,False,0,0,False,20232024,1,a8624840700,,2,,,,,,Diego Galdino
2,Evening Run,9697.3,3079,3106,10.0,Run,Run,,Garmin Forerunner 645 Music,8616812906,2023-02-24T22:50:26Z,2023-02-24T19:50:26Z,(GMT-03:00) America/Sao_Paulo,-10800.0,,,,7,2,0,1,0,False,False,False,False,everyone,False,g11521649,"[-22.95, -44.04]","[-22.95, -44.04]",3.15,4.448,79.8,29.0,True,163.4,188.0,False,True,102.8,84.6,9250364973.0,9250364973.0,garmin_ping_261632698206,False,3,0,False,20232024,1,a8616812906,|i`kCbeykGuAhBsBbDgBbC}@hAw@nBoA~A[t@iBhD?FjBmEhBmCPo@j@gAr@w@LUrA_BlAmBTa@nAkBhBmBd@o@zAaBtAoArAeAxBuAXKdAk@~@_@`Ag@fBg@XAp@QL?pCe@tAOj@OpAEtAAdABb@Hb@L~@b@p@`@VTV^|@~@Tj@D@?A_@[uAiB[[gB_Ak@Qi@EkD@mAH{APi@HmBd@YB]Jk@Ds@LyAl@yAz@iAh@yAv@}B~AcBvAqBvB_@f@MD]^y@lAiAxAgAnB{@bAaAzAY^u@pAcAxBa@j@MFOXIJYx@MPy@`BCN~@{Bf@aA\m@|@iAt@aBn@gAvDoFp@kAvBmClAoAl@w@bBeB|AsAfBsA|Au@\YrAm@zA_Ad@S`A[n@OtCi@^EpCc@xACjAGp@@j@F`@NlChBLJb@l@\d@^n@B@i@g@_AkA}@u@oB_Ag@I}A@q@CmARy@DkAN_ARYBqEr@iBr@gAn@cAb@kFbDeA`AiAlA_@Z]\qBzBcArAaAzAYj@gBfC[f@ERUPAFe@h@m@vA}A~BMXU\m@rAYv@OXz@eBl@}AZo@pAcBf@mAz@wAhBgC|AgCjAqAf@u@pCqDbAeAl@c@`BsAn@a@\YjD_CdDuBvCk@pAQxA[tB]n@Ef@@,2,,,,,,Diego Galdino
2,Morning Run,12803.2,3633,3660,0.0,Run,Run,,Garmin Forerunner 645 Music,8609010693,2023-02-23T11:42:19Z,2023-02-23T08:42:19Z,(GMT-04:00) Chile/Continental,-10800.0,,,,0,2,0,1,0,True,False,False,False,everyone,False,g11521649,[],[],3.524,6.702,76.9,31.0,True,161.3,190.0,False,True,,,9242161615.0,9242161615.0,garmin_ping_261408982005,False,0,0,False,20232024,1,a8609010693,,2,,,,,,Diego Galdino
2,Morning Weight Training,0.0,2721,2721,0.0,WeightTraining,WeightTraining,30.0,Garmin Forerunner 645 Music,8603413203,2023-02-22T11:23:05Z,2023-02-22T08:23:05Z,(GMT-03:00) Antarctica/Rothera,-10800.0,,,,0,0,0,1,0,True,False,False,False,everyone,False,,[],[],0.0,0.0,,30.0,True,98.3,129.0,False,True,,,9236267171.0,9236267171.0,garmin_ping_261252360710,False,0,0,False,20232024,1,a8603413203,,2,,,,,,Diego Galdino
2,Morning Run,8027.4,2569,2589,7.0,Run,Run,,Garmin Forerunner 645 Music,8580355972,2023-02-18T10:01:35Z,2023-02-18T07:01:35Z,(GMT-03:00) America/Sao_Paulo,-10800.0,,,,2,1,0,1,0,False,False,False,False,everyone,False,g11521649,"[-22.91, -43.61]","[-22.91, -43.61]",3.125,3.986,81.3,31.0,True,165.1,182.0,False,True,86.4,74.6,9211652916.0,9211652916.0,garmin_ping_260623083236,False,1,0,False,20232024,1,a8580355972,d_zjCj{diGk@}DSeBCc@SaAGc@GiAOcAMgA?UMcAIkA[cC]{C@??IMw@QyBOo@YuCEu@_@cDWyAUwBKi@UwBGeAq@mFKkAQgAEcAOkA{@sFGWSAUQCKYmBIy@f@pCRd@`@BHNRjAb@pDLnAl@nEV`CDp@Hj@ThCLt@XjCXzB^pDz@~Gf@fFNl@JxAVpBDl@h@rEJ|AF`@LvAx@xFj@zFTpAGv@?VGFUDIIA]PSLYBa@S_AUcBU_CIiAo@cE]kC[mD]mCi@gFq@{DKgAAgAImAWcCEs@a@kCOs@S{BSiAS_CIm@Cc@Mm@MkBSoAMyAe@yC[gDUoAQ_@[OM]SwAEcAp@hDHHZLXdAJh@VdCPzBJj@f@tDt@bIn@nEJvA|AbNXbD`AlHRbCjAxJZzCb@vC\rDRnAGZ?d@[HGM?[R[B_@Im@,2,,,,,,Diego Galdino
2,Evening Run,6523.0,2722,2744,0.0,Run,Run,,Garmin Forerunner 645 Music,8573522641,2023-02-16T21:48:42Z,2023-02-16T18:48:42Z,(GMT-03:00) Brazil/East,-10800.0,,,,0,0,0,1,0,True,False,False,False,everyone,False,g11521649,[],[],2.396,4.852,72.2,31.0,True,136.6,164.0,False,True,,,9204194469.0,9204194469.0,garmin_ping_260407482522,False,0,0,False,20232024,1,a8573522641,,2,,,,,,Diego Galdino
2,Morning Run,6672.5,2408,2462,19.0,Run,Run,,Garmin Forerunner 645 Music,8553332955,2023-02-13T10:21:31Z,2023-02-13T07:21:31Z,(GMT-03:00) America/Sao_Paulo,-10800.0,,,,4,2,0,1,0,False,False,False,False,everyone,False,g11521649,"[-27.12, -50.01]","[-27.12, -50.01]",2.771,3.334,82.3,26.0,True,146.9,157.0,False,True,408.6,393.6,9181862004.0,9181862004.0,garmin_ping_259868064287,False,0,0,False,20232024,1,a8553332955,vnodD`rfpH[pAIdAQdAEj@I\KhAc@rCOtBShAYxC_@hB]hCEnAI\Ob@e@dAYXe@\a@^_@Pk@j@yAjA}AhAYX]ViDvCaBjAIL@KRSjAaAZ_@jCsBxAuAl@a@d@e@lA{@d@e@jBmAr@y@N]VuAZaDP_AFq@VsATaBn@kGb@qCJkAPmABe@ZiBNgBP{@Bc@RiBTwAVmBHkAXgBFm@Jo@LmA@[BQJYFi@JeBWm@c@}BGc@OOC@[j@Y\GN]ZGLGd@CBM@CDQpBOx@Gn@St@Gn@Qx@MnB@BVTbBR`APBB@VGr@H`@[pCKpAUdBGbAYlAIr@An@CXQr@UrAKlAe@xBCp@SzBWjB[fBAn@ShAEp@Q~@IbAETEv@i@bAwBvAcBnA[^}@p@wAnAa@V}@v@c@Xy@n@]\s@f@e@d@AAHQtAiAv@u@`C_BdAw@nAkAr@i@hAgAZOpAaAz@aAPe@PiA\_D^iCZyCZmBN_BTmATwBPiAL}ANy@LiA,2,,,,,,Diego Galdino
2,Morning Run,14090.1,4752,4836,214.0,Run,Run,,Garmin Forerunner 645 Music,8548360777,2023-02-12T11:03:35Z,2023-02-12T08:03:35Z,(GMT-03:00) America/Sao_Paulo,-10800.0,,,,5,3,0,1,0,False,False,False,False,everyone,False,g11521649,"[-27.12, -50.01]","[-27.12, -50.01]",2.965,3.937,82.5,31.0,True,177.4,196.0,False,True,439.6,250.6,9176210994.0,9176210994.0,garmin_ping_259723498134,False,5,0,False,20232024,1,a8548360777,joodD|pfpHGl@W~@_@zBMjAIXKrAc@tCSzBI`@WfCYpA[vBY`CWzAKXa@b@q@f@a@^kAt@eBzAuA`AsDdDaCfBa@f@HU~BaC^Sx@w@~CcC^Sd@Q~DwCx@u@\m@PgA\aDF[`@uCZcDTyAJoA\cCVmAHyANy@RwAPyBz@}FNeChAgIHe@L{ATyA?o@H{@Cg@g@aCQiA_@{AG}@YeAa@iD}@cEW_@_@c@a@Y]IgAR_@AEKUeBOg@}@mBW_@Ke@Cq@TIf@?nCQ~@CdBKr@Md@?^IBC@Os@aCk@wDGOH_@ASImACeAEc@?k@Ew@IuDEc@IsBc@cDGyAgAuFGe@Os@cA{Fu@cDGeAFGhCc@b@OVS\a@fE_Ep@u@b@_@f@u@h@c@l@o@^[t@g@JM@KEGcA}@SYy@{@SYcA{@Aw@w@}@IEI@i@r@WZG@dAqABSu@}@OKu@`ASNe@d@c@TKLe@Zi@jA{@pAc@\a@PYT{@|@kAxA]ZU^Kd@EzAEl@INY`@KVg@x@OZ?\Nh@~@tE`@dBVxAh@`CLTVn@D`@V`AHhAHf@h@|Cl@zBh@bDLtAR`EBvAJ~B?xADb@Cv@Hj@DrABjB@@H@@Q[kBCc@Cq@Bm@Ae@KqBIi@IwAAq@IcAAyAC]EoA?a@Em@WuAWgAOc@W{Aq@mCEa@e@qBa@oCYeAs@gDG_@AuAKi@M]m@qCi@u@WWoB}AYOUFEb@FpAAbB@d@D`@f@tCf@|BPpAN~@bAfERlARd@R~@h@jBJj@xAtFFb@@n@Df@BfCPpCFb@?rAADQX@TRb@Jh@F~A@p@HrA?p@Bh@Jb@b@dAZf@^v@XjAzAvItAzIFNJnA`@zAD\BdBG`@KVAv@Kb@OdAg@jESlAOtAQhA[hCMlAStAKb@MlAM\]RKP@LTr@Mx@Et@SlAEz@g@tEWrAShB@\ClAPThAbAt@h@HLb@RRNh@NxB\D?HOLy@CjABHbAJlB^lALb@JN?FGj@gAB_@Qq@_@eA]iAIw@Oo@Q[[Oc@OgAQSIwAOwA[UQSaA@c@VuBTsANqARqAP{@DW?g@LsA,2,,,,,,Diego Galdino
2,Afternoon Run,7681.0,2614,2754,19.0,Run,Run,,Garmin Forerunner 645 Music,8539012127,2023-02-10T19:08:41Z,2023-02-10T16:08:41Z,(GMT-03:00) America/Sao_Paulo,-10800.0,,,,8,2,0,1,0,False,False,False,False,everyone,False,g11521649,"[-25.44, -49.28]","[-25.44, -49.28]",2.938,7.163,79.8,24.0,True,141.7,174.0,False,True,966.8,921.6,9165767098.0,9165767098.0,garmin_ping_259474238603,False,3,0,False,20232024,1,a8539012127,rhhzCjcxkH_@k@H}A[sAa@m@WQCWMc@c@wBIS,2,,,,,,Diego Galdino
2,Morning Weight Training,0.0,2720,2720,0.0,WeightTraining,WeightTraining,30.0,Garmin Forerunner 645 Music,8524340003,2023-02-07T11:11:30Z,2023-02-07T08:11:30Z,(GMT-03:00) Brazil/East,-10800.0,,,,0,0,0,1,0,True,False,False,False,everyone,False,,[],[],0.0,0.0,,32.0,True,95.0,137.0,False,True,,,9149532262.0,9149532262.0,garmin_ping_259064697004,False,0,0,False,20232024,1,a8524340003,,2,,,,,,Diego Galdino
2,Evening Run,7867.3,3601,3637,0.0,Run,Run,,Garmin Forerunner 645 Music,8517568506,2023-02-06T21:23:57Z,2023-02-06T18:23:57Z,(GMT-03:00) Brazil/East,-10800.0,,,,0,3,0,1,0,True,False,False,False,everyone,False,g11521649,[],[],2.185,2.585,78.5,30.0,True,147.1,161.0,False,True,,,9142089129.0,9142089129.0,garmin_ping_258880583743,False,0,0,False,20232024,1,a8517568506,,2,,,,,,Diego Galdino
2,Morning Run,13007.2,5763,5783,13.0,Run,Run,,Garmin Forerunner 645 Music,8503663045,2023-02-04T12:04:47Z,2023-02-04T09:04:47Z,(GMT-03:00) America/Sao_Paulo,-10800.0,,,,2,1,0,1,0,False,False,False,False,everyone,False,g11521649,"[-23.05, -43.53]","[-23.05, -43.53]",2.257,6.087,83.2,31.0,True,153.5,171.0,False,True,30.8,25.0,9126441774.0,9126441774.0,garmin_ping_258508722106,False,1,0,False,20232024,1,a8503663045,j|tkC~juhG?QIo@e@kDEaA_@mCKaB]gDKgCq@}G?}@DW?[M}@G}@IaAKyBKyAO_HWqH@{@AuA@qAI_CF{ABcBF[SaAG{@Ew@@YKkC@kAOyCF[PYRm@C?OPOx@EJCTHv@NrEB~BNxA@dAA`@Hx@EX@jAJ`BDxAC^BZAdADdAEd@?\JxBA~@J`CFd@@b@Cv@FlBPpA?h@JzAFv@N~@Ab@JzAA^PnDJr@JtAJz@E|AFt@VzCT|A`@pEFb@FXNZJh@Bb@L~@DbAP|@Jv@Nr@d@jBb@hAl@jAh@t@n@jAh@n@PNb@Vp@Vd@AhAUK?YHs@Du@Mu@_@k@e@QUaA}Ae@m@u@gBYw@i@sBI{@e@mCUwCQyAAg@WkBC_@Os@Iq@EuAGYE[Cw@YcCOoCSqB?QOyBAu@CYDa@QyAOwDK}@CgAE]@YMkACs@@]Aq@C]CgAEe@Bw@KkBBkBB]E}@?_@B[UaDC_CDi@I_@@[GuAIe@G}@BgAKaCAqBLq@Xo@QZOhAFnBAp@DpAAj@BR?p@NvC?^BTDJEf@DXDpBNjDAvA@d@CxBJxAEj@DXCl@F\LpBAdABb@?h@Fp@Av@JfBTtB?b@NjBFzBHj@@j@NfAZrEFd@A\N~AB^\dDHrA^xBN`BJzBN~AMTCBH?NPVr@b@dCJt@NZTp@PVJVjAbBPR|@xAn@l@n@V^FTAZKNMP?Q@c@NYBy@KWISOWMgAqAo@iAMYi@w@Wi@Qo@EYSo@Sw@QyAm@kECe@W}BA]Kc@WmBQyBi@aFEu@I_AGcBScCQoACa@C_Ba@iF]qHMuD?cAGcAAsAE}@@YEyAB_A?iA@MGuAKy@?kBWqI?e@Cc@AqBIyABg@Hc@Vw@B?GDIVS~@PpD?bC\~GAvCJhABrA?bCAd@DvB@tAD\DvAAh@DXBx@Ar@ER@PJ^?fAT~CHzBXpBFz@@XOZE`A?Vb@pE,2,,,,,,Diego Galdino
2,Morning Weight Training,0.0,3039,3039,0.0,WeightTraining,WeightTraining,30.0,Garmin Forerunner 645 Music,8503658270,2023-02-03T11:51:51Z,2023-02-03T08:51:51Z,(GMT-03:00) Etc/GMT+3,-10800.0,,,,0,0,0,1,0,True,False,False,False,everyone,False,,[],[],0.0,0.0,,32.0,True,97.4,122.0,False,True,,,9126436370.0,9126436370.0,garmin_ping_258508615572,False,0,0,False,20232024,1,a8503658270,,2,,,,,,Diego Galdino
2,Morning Run,8468.5,3634,3634,0.0,Run,Run,0.0,Garmin Forerunner 645 Music,8492574574,2023-02-02T11:24:19Z,2023-02-02T08:24:19Z,(GMT-03:00) America/Miquelon,-10800.0,,,,0,0,0,1,0,True,False,False,False,everyone,False,g10593679,[],[],2.33,4.466,74.7,29.0,True,146.7,175.0,False,True,,,9114140429.0,9114140429.0,garmin_ping_258199700443,False,0,0,False,20232024,1,a8492574574,,2,,,,,,Diego Galdino
2,Morning Weight Training,0.0,3083,3083,0.0,WeightTraining,WeightTraining,30.0,Garmin Forerunner 645 Music,8491730003,2023-02-01T11:13:17Z,2023-02-01T08:13:17Z,(GMT-03:00) Antarctica/Rothera,-10800.0,,,,0,0,0,1,0,True,False,False,False,everyone,False,,[],[],0.0,0.0,,33.0,True,105.3,136.0,False,True,,,9113199178.0,9113199178.0,garmin_ping_258179185148,False,0,0,False,20232024,1,a8491730003,,2,,,,,,Diego Galdino
2,Morning Run,10523.7,3600,3706,27.0,Run,Run,,Garmin Forerunner 645 Music,8475549329,2023-01-30T09:17:01Z,2023-01-30T10:17:01Z,(GMT+01:00) Europe/Amsterdam,3600.0,,,,0,2,0,1,0,False,False,False,False,everyone,False,g11521649,"[52.23, 6.89]","[52.24, 6.9]",2.923,4.538,81.9,12.0,True,168.9,182.0,False,True,34.4,15.2,9094237857.0,9094237857.0,garmin_ping_257726342335,False,0,0,False,20232024,1,a8475549329,_ax}Hkr`i@YTy@b@]V]RiAd@MA?IOMQZqAn@a@^[RSTc@T{@n@aAl@gC|Bc@\e@VKL_At@u@d@SDw@V[^_A\GN{@PiA\}An@_@L[NeBp@g@Bu@HWDSHG?KK?@@AIB]ZSB}@ZeAF{@T_@Tc@B_BT}Aj@i@Dk@LiBn@MBI?B@MF}@X}@n@SF[P}@TYNUQg@Su@a@c@Iu@Y_Bm@k@[s@Se@Wy@]_A]m@SgAe@c@I_@OaAe@k@_@w@Yu@S]OYQgA]YOmDkAe@Ww@Y}@o@wB}@WOUU[NoAMa@Qe@[gBeBm@g@_@SqAcAo@WwBq@@?m@?g@EiA_@_@Ec@W[[eAw@Gc@b@sDFy@Lo@NONy@Bm@Hq@Pe@d@qBDa@J{BLiALc@Tc@fAoAR]d@eA|@cC^gB`@mA@k@]{BI}@KwB?w@FKl@Yn@Kh@ER@n@GV_@XkDFcBL_ADoCNqBd@qCd@qBR_BAy@SsC?w@Ey@McAe@aD_@eBGk@EmAJ}A@s@Nm@\c@fAcAb@W`@]hAcBt@}@p@oA`@aCRg@Xm@X]Fy@O{B@mBEaAIq@CwBI}BGw@@EJGvCs@\Mp@QZM`@Gd@Ot@IfCi@f@e@hAKlABfAId@?~@?j@DzAG^Id@C^G`@?d@Hd@EnCRbA]^A^Bf@Id@CbAJdBJb@P\HXJv@l@X\jAvCn@vArC~F^j@lA~Ar@dBZf@pEdIZX`@Rd@x@fAdBv@dAf@j@lA|Bh@|@zCbGd@hAHHv@nAdAlAzCrEPHV\L^V`@JXGh@c@z@Y^MV]fAUh@Gb@FrA^tC@ZHtAVbB@\EHcALiBBK@wAOoAWu@E_@G]T{@BkAGcA_@sC_@gAYy@Ga@KoAm@a@Cu@OCCu@KcBk@c@Go@QeAKk@D_AZsA^_@L_@P_AVq@Lq@H}@PY@EEQi@[iBKeAIsB_@kBSg@G]Ju@DyBRmCFa@FQl@d@`AfAp@f@dBhBvA`Ap@t@`@Z`AdAz@h@z@v@z@h@nApALT@PHVZR`@J|Ap@nAHPJ?XF\V\f@Tf@\xArAbBrALPpAlA,2,,,,,,Diego Galdino
2,Morning Run,12012.0,4177,4223,17.0,Run,Run,,Garmin Forerunner 645 Music,8463826947,2023-01-28T08:28:17Z,2023-01-28T09:28:17Z,(GMT+01:00) Europe/Amsterdam,3600.0,,,,5,1,0,1,0,False,False,False,False,everyone,False,g11521649,"[52.23, 6.89]","[52.23, 6.89]",2.876,5.328,82.2,8.0,True,156.6,182.0,False,True,26.0,10.4,9081053050.0,9081053050.0,garmin_ping_257415585166,False,1,0,False,20232024,1,a8463826947,{`x}Hqq`i@c@H_@Lg@B[Tm@Pe@`@QIAGmFvDoAfAmAz@oA`Aw@b@WXu@p@o@XI@wAt@iAdAc@VkA`@k@Zu@T_A^O@ULiFzAc@D]PeEj@a@J_@RyBn@sBVoBj@uAVgBz@{@ZWPuBv@}@RwAl@[FuCxAc@LkBbAcC`Ac@Tm@`@{Av@}@Rq@X_@JkCbAe@TaAp@m@TJp@?f@Ed@BxALnENrBCdCBhB@`FF\Dz@Cj@?dEGxBLnGAfDJpGApAHzGAVw@hDcA~Eu@`Cq@hBc@vAe@jAUv@Sb@u@rCe@rAo@pAQp@e@nAiAbCQj@SVk@l@OJY^w@b@q@l@q@b@o@Tg@^uBhAc@XgAf@wD~BaAz@o@v@WPw@`AWTQVoAdA]d@kBzAgBlBURgA`@]MM{@SaCIk@_A_CMSkCq@eAMYIWQeAKq@Sa@Wc@c@Ia@Eq@Ka@UKACFI`@wB^aAOb@Ip@On@MNoDe@e@OSY[UCSDw@?s@FoDLkB\wC^Q|A]TA|CVhAGXKHSFWVaERi@FaAJUlBq@bAOv@@ZEVa@p@uALi@J}AJc@Vg@DOHq@XsDJs@J]NkCCAINK`A@d@DJ`@Gv@Al@YZi@Ve@Jg@fAcDJUtAuDv@aB^kANo@T_@vA{AV_@b@YHCNBFE`@s@ZiA@k@^eB\qAPsAVkCDu@?_AHq@LQVA^DPKRc@ZmAN_@Vc@Ti@R_@To@h@gAxAoDx@{AbAYhBs@fB}@dAa@ZItAs@`A[pAy@p@WZu@zA_@nAk@LYNe@d@sBDk@Nw@b@yAj@iCZmBDc@v@_Dn@sEz@sDdA{DJWTaA`@mA`@{@RMz@@`AQNEl@]`As@z@y@T[bA_AHMLc@`@sBAcBI_AU_BOsBQ_BAi@@GPIRCt@?ZQb@CbBOtAYJD^XFT?\Hx@Nx@TR\LZ?jBb@bAJ`@J`@PnFh@HyBAwAJk@FgA?u@HyGKaCDk@CuASOWkAByBHk@Dk@Ag@HoBAw@Dk@XyBJe@@m@Di@\eALf@Tb@z@j@^N`Ar@vAlA|@v@jBpB~ApAh@r@fAx@x@~@`@\~CpBbAdArA|AdAn@f@p@d@`@LNZP~BpB|@~@,2,,,,,,Diego Galdino
2,Evening Run,7929.6,3190,3190,0.0,Run,Run,,Garmin Forerunner 645 Music,8456257817,2023-01-26T17:35:31Z,2023-01-26T18:35:31Z,(GMT+01:00) Europe/Brussels,3600.0,,,,0,2,0,1,0,True,False,False,False,everyone,False,g11521649,[],[],2.486,4.133,77.7,20.0,True,151.8,176.0,False,True,,,9072686705.0,9072686705.0,garmin_ping_257181638698,False,0,0,False,20232024,1,a8456257817,,2,,,,,,Diego Galdino
2,Morning Weight Training,0.0,3045,3045,0.0,WeightTraining,WeightTraining,30.0,Garmin Forerunner 645 Music,8451959102,2023-01-25T06:47:07Z,2023-01-25T07:47:07Z,(GMT+01:00) Atlantic/Jan_Mayen,3600.0,,,,0,1,0,1,0,True,False,False,False,everyone,False,,[],[],0.0,0.0,,22.0,True,79.1,96.0,False,True,,,9067942151.0,9067942151.0,garmin_ping_257057003245,False,0,0,False,20232024,1,a8451959102,,2,,,,,,Diego Galdino
2,Afternoon Run,9824.6,3605,3605,0.0,Run,Run,,Garmin Forerunner 645 Music,8445013411,2023-01-24T16:07:47Z,2023-01-24T17:07:47Z,(GMT+01:00) Atlantic/Jan_Mayen,3600.0,,,,0,2,0,1,0,True,False,False,False,everyone,False,g11521649,[],[],2.725,2.841,80.8,23.0,True,163.8,181.0,False,True,,,9060337700.0,9060337700.0,garmin_ping_256876740520,False,0,0,False,20232024,1,a8445013411,,2,,,,,,Diego Galdino
2,Morning Run,6398.2,2259,2271,0.0,Run,Run,,Garmin Forerunner 645 Music,8426217203,2023-01-21T09:08:55Z,2023-01-21T10:08:55Z,(GMT+01:00) Arctic/Longyearbyen,3600.0,,,,0,2,0,1,0,True,False,False,False,everyone,False,g11521649,[],[],2.832,2.94,78.5,20.0,True,154.6,169.0,False,True,,,9039421031.0,9039421031.0,garmin_ping_256370878852,False,0,0,False,20232024,1,a8426217203,,2,,,,,,Diego Galdino
2,Afternoon Weight Training,0.0,4695,4695,0.0,WeightTraining,WeightTraining,30.0,Garmin Forerunner 645 Music,8422846905,2023-01-20T14:13:23Z,2023-01-20T15:13:23Z,(GMT+01:00) MET,3600.0,,,,0,2,0,1,0,True,False,False,False,everyone,False,,[],[],0.0,0.0,,23.0,True,78.0,97.0,False,True,,,9035677848.0,9035677848.0,garmin_ping_256263458174,False,0,0,False,20232024,1,a8422846905,,2,,,,,,Diego Galdino
2,Evening Run,6005.4,2015,2015,0.0,Run,Run,,Garmin Forerunner 645 Music,8418383951,2023-01-19T17:02:04Z,2023-01-19T18:02:04Z,(GMT+01:00) Atlantic/Jan_Mayen,3600.0,,,,0,1,0,1,0,True,False,False,False,everyone,False,g11521649,[],[],2.98,3.169,81.0,22.0,True,149.4,164.0,False,True,,,9030746428.0,9030746428.0,garmin_ping_256132289633,False,0,0,False,20232024,1,a8418383951,,2,,,,,,Diego Galdino
2,Afternoon Weight Training,0.0,4964,4964,0.0,WeightTraining,WeightTraining,30.0,Garmin Forerunner 645 Music,8407108319,2023-01-17T15:02:50Z,2023-01-17T16:02:50Z,(GMT+01:00) CET,3600.0,,,,0,1,0,1,0,True,False,False,False,everyone,False,,[],[],0.0,0.0,,23.0,True,82.9,109.0,False,True,,,9018331602.0,9018331602.0,garmin_ping_255822480322,False,0,0,False,20232024,1,a8407108319,,2,,,,,,Diego Galdino
2,Evening Run,6004.9,2046,2046,0.0,Run,Run,,Garmin Forerunner 645 Music,8403063642,2023-01-16T17:23:34Z,2023-01-16T18:23:34Z,(GMT+01:00) MET,3600.0,,,,0,1,0,1,0,True,False,False,False,everyone,False,g11521649,[],[],2.935,3.018,80.2,21.0,True,160.2,179.0,False,True,,,9013852047.0,9013852047.0,garmin_ping_255700850715,False,0,0,False,20232024,1,a8403063642,,2,,,,,,Diego Galdino
2,Morning Run,10505.2,3604,3618,0.0,Run,Run,,Garmin Forerunner 645 Music,8388641244,2023-01-14T07:50:31Z,2023-01-14T08:50:31Z,(GMT+01:00) Poland,3600.0,,,,0,0,0,1,0,True,False,False,False,everyone,False,g11521649,[],[],2.915,3.235,80.3,20.0,True,153.5,173.0,False,True,,,8997722395.0,8997722395.0,garmin_ping_255320663711,False,0,0,False,20232024,1,a8388641244,,2,,,,,,Diego Galdino
2,Afternoon Weight Training,0.0,2949,2949,0.0,WeightTraining,WeightTraining,30.0,Garmin Forerunner 645 Music,8385727249,2023-01-13T15:25:55Z,2023-01-13T16:25:55Z,(GMT+01:00) MET,3600.0,,,,0,0,0,1,0,True,False,False,False,everyone,False,,[],[],0.0,0.0,,24.0,True,68.4,103.0,False,True,,,8994478486.0,8994478486.0,garmin_ping_255223268795,False,0,0,False,20232024,1,a8385727249,,2,,,,,,Diego Galdino
2,Pedalada matinal,20396.9,2506,2506,32.0,VirtualRide,VirtualRide,,Zwift,8383642404,2023-01-13T05:38:56Z,2023-01-13T06:38:56Z,(GMT+01:00) Europe/Amsterdam,3600.0,,,,0,1,0,5,0,False,False,False,False,everyone,False,b10767637,"[-11.63, 166.97]","[-11.64, 166.99]",8.139,11.248,,,False,,,False,False,17.6,12.6,8992161211.0,8992161211.0,zwift-activity-1255599756411928608.fit,True,0,0,False,20232024,1,a8383642404,ri_fAo}bz^fCq@f@m@q@aEr@_EB}@U{@{AeCC{@z@u@nBNd@MRu@F}Cb@q@j@MjAHjBn@rAz@Lf@AzAxAZh@d@Gb@}@rBNr@j@^`BH`Fa@nAaA~@}ACq@{@yAKsAPc@jBkA^i@TyAG}Ao@{BaA{BiCmCkBiAO_@Co@d@kCj@qAl@c@rC{@h@g@Xu@HgBQ{Am@aAaCwBSw@zB_CD[YqAJw@jIyS\{AJmBMqAe@w@kFgBiA{@{@kBI_Bb@yAbFgKd@wARoATa@fAc@nAMxBr@nACt@g@tAwCd@MxB@jA_@h@c@f@aBAgBa@}@aCoD^_AnAw@~@En@ZnFzIfAt@r@I~@y@d@}Bj@sAnAB|AdAP`AMrBHn@`@`@dBt@ZhAYx@wBp@m@`AIbBD~HmAbOEfCl@lAvC~CRrAb@XhBBpCd@vL{Cj@@x@n@ZtA\`EVdLUvAmB`BOvB`@pFPx@b@p@|Al@bCKvAn@nDb@fBtA\nCnAdAf@I\_@vCaJXk@f@[lAHrA~@Pf@F~ARXrC?lARl@h@`AjBf@ThBGnAi@l@{@PyAEm@a@q@gAu@w@Q{@J_Ad@wAxBmFCSSWeCyAgAmAOk@Vc@t@yCdJ_@^[BcAy@i@_D}AmA}@[_COsAm@cCJaBu@]w@YmBMiFRy@fByAPy@BoAYyJ]aEYqAa@e@}@WiM|C}@CuAa@yBK]cBaDmDc@wAtAoRBoKd@cAdCaATw@Gm@Ye@eCsA?_ESk@o@i@eAa@{@Ba@p@y@fDo@l@m@NmAu@aFmIoAk@u@Hs@Zm@n@Sl@Np@xBrC\t@AbBe@xAi@b@cAZ{CDc@b@}@vBs@h@_ADeCw@oANiA`@[d@W~Ao@dBsFpLGn@F|@bA|BhA|@hFdBb@p@L~@K~BWlAwItTEn@VzA_CfCPx@hCbCh@`AP|AM|A[t@a@\}C~@c@Zm@lAg@xC@r@N\hDbC`BnBpAtDRhCg@jBkBjA[d@D~AbAvBMj@k@z@sAdAyE^{AGo@c@Iy@fCyElBgAzC_@~BaAt@i@^oADcAMsAuAcE{AqBmDeCUy@ZiCp@gBf@a@xC}@h@e@Xs@NmAGqA[gAq@y@,2,121.1,,,False,303.6,Diego Galdino
2,Afternoon Run,8091.7,3063,3081,0.0,Run,Run,,Garmin Forerunner 645 Music,8380840579,2023-01-12T16:27:49Z,2023-01-12T17:27:49Z,(GMT+01:00) Europe/San_Marino,3600.0,,,,0,0,0,1,0,True,False,False,False,everyone,False,g11521649,[],[],2.642,3.235,78.8,22.0,True,156.7,183.0,False,True,,,8989096033.0,8989096033.0,garmin_ping_255082776268,False,0,0,False,20232024,1,a8380840579,,2,,,,,,Diego Galdino
2,Bike indoor (Zwift),9700.0,1524,1524,0.0,Ride,Ride,12.0,,8378352350,2023-01-12T06:16:42Z,2023-01-12T07:16:42Z,(GMT+01:00) Europe/Amsterdam,3600.0,,,,0,1,0,1,0,False,False,True,False,everyone,False,,[],[],6.365,0.0,,,False,,,False,False,,,,,,False,0,1,False,20232024,1,a8378352350,,2,,,,,,Diego Galdino
2,Bike indoor (Zwift),13000.0,1465,1465,0.0,Ride,Ride,12.0,,8376690180,2023-01-11T18:00:46Z,2023-01-11T19:00:46Z,(GMT+01:00) Europe/Amsterdam,3600.0,,,,0,0,0,1,0,False,False,True,False,everyone,False,,[],[],8.874,0.0,,,False,,,False,False,,,,,,False,0,1,False,20232024,1,a8376690180,,2,,,,,,Diego Galdino
2,Afternoon Weight Training,0.0,4839,4839,0.0,WeightTraining,WeightTraining,30.0,Garmin Forerunner 645 Music,8369946833,2023-01-10T16:17:44Z,2023-01-10T17:17:44Z,(GMT+01:00) Arctic/Longyearbyen,3600.0,,,,0,0,0,1,0,True,False,False,False,everyone,False,,[],[],0.0,0.0,,23.0,True,75.7,111.0,False,True,,,8977084756.0,8977084756.0,garmin_ping_254785385642,False,0,0,False,20232024,1,a8369946833,,2,,,,,,Diego Galdino
2,Bike indoor (Zwift),22800.0,2989,2989,0.0,Ride,Ride,12.0,,8367211380,2023-01-10T05:30:00Z,2023-01-10T06:30:00Z,(GMT+01:00) Europe/Amsterdam,3600.0,,,,0,1,0,1,0,False,False,True,False,everyone,False,,[],[],7.628,0.0,,,False,,,False,False,,,,,,False,0,1,False,20232024,1,a8367211380,,2,,,,,,Diego Galdino
2,Evening Run,7573.3,2702,2713,0.0,Run,Run,,Garmin Forerunner 645 Music,8364714641,2023-01-09T17:20:02Z,2023-01-09T18:20:02Z,(GMT+01:00) Etc/GMT-1,3600.0,,,,0,2,0,1,0,True,False,False,False,everyone,False,g11521649,[],[],2.803,2.866,79.9,22.0,True,158.9,176.0,False,True,,,8971300925.0,8971300925.0,garmin_ping_254637822207,False,0,0,False,20232024,1,a8364714641,,2,,,,,,Diego Galdino
2,Bike (Zwift),10700.0,1490,1490,0.0,Ride,Ride,10.0,,8362020866,2023-01-09T06:22:42Z,2023-01-09T07:22:42Z,(GMT+01:00) Europe/Amsterdam,3600.0,,,,0,1,0,1,0,False,False,True,False,everyone,False,,[],[],7.181,0.0,,,False,,,False,False,,,,,,False,0,0,False,20232024,1,a8362020866,,2,,,,,,Diego Galdino
2,Morning Run,9881.3,3602,3602,0.0,Run,Run,,Garmin Forerunner 645 Music,8350987142,2023-01-07T08:35:49Z,2023-01-07T09:35:49Z,(GMT+01:00) Europe/Berlin,3600.0,,,,0,2,0,1,0,True,False,False,False,everyone,False,g11521649,[],[],2.743,2.836,81.7,22.0,True,164.6,182.0,False,True,,,8955843404.0,8955843404.0,garmin_ping_254275957891,False,0,0,False,20232024,1,a8350987142,,2,,,,,,Diego Galdino
2,Evening Weight Training,0.0,3197,3197,0.0,WeightTraining,WeightTraining,30.0,Garmin Forerunner 645 Music,8348581529,2023-01-06T17:26:32Z,2023-01-06T18:26:32Z,(GMT+01:00) Etc/GMT-1,3600.0,,,,0,2,0,1,0,True,False,False,False,everyone,False,,[],[],0.0,0.0,,24.0,True,85.8,115.0,False,True,,,8953144533.0,8953144533.0,garmin_ping_254190565479,False,0,0,False,20232024,1,a8348581529,,2,,,,,,Diego Galdino
2,Afternoon Run,6955.3,2763,2812,0.0,Run,Run,,Garmin Forerunner 645 Music,8343136812,2023-01-05T16:59:09Z,2023-01-05T17:59:09Z,(GMT+01:00) Europe/Sarajevo,3600.0,,,,0,1,0,1,0,True,False,False,False,everyone,False,g11521649,[],[],2.517,3.439,77.9,22.0,True,153.4,190.0,False,True,,,8947073707.0,8947073707.0,garmin_ping_254037778366,False,0,0,False,20232024,1,a8343136812,,2,,,,,,Diego Galdino
2,Evening Weight Training,0.0,3292,3292,0.0,WeightTraining,WeightTraining,30.0,Garmin Forerunner 645 Music,8332771272,2023-01-03T17:56:32Z,2023-01-03T18:56:32Z,(GMT+01:00) Atlantic/Jan_Mayen,3600.0,,,,0,0,0,1,0,True,False,False,False,everyone,False,,[],[],0.0,0.0,,24.0,True,71.0,112.0,False,True,,,8935497161.0,8935497161.0,garmin_ping_253741478345,False,0,0,False,20232024,1,a8332771272,,2,,,,,,Diego Galdino
2,Evening Run,6959.3,2704,2743,0.0,Run,Run,0.0,Garmin Forerunner 645 Music,8327297142,2023-01-02T17:38:52Z,2023-01-02T18:38:52Z,(GMT+01:00) Atlantic/Jan_Mayen,3600.0,,,,0,3,0,1,0,True,False,False,False,everyone,False,g11521649,[],[],2.574,2.785,80.2,22.0,True,159.6,177.0,False,True,,,8929198853.0,8929198853.0,garmin_ping_253583039058,False,0,0,False,20232024,1,a8327297142,,2,,,,,,Diego Galdino
2,Morning Run,7871.1,3221,3221,0.0,Run,Run,,Garmin Forerunner 645 Music,8315097066,2022-12-31T09:41:38Z,2022-12-31T10:41:38Z,(GMT+01:00) CET,3600.0,,,,0,0,0,1,0,True,False,False,False,everyone,False,g10593679,[],[],2.444,2.64,79.5,24.0,True,156.7,166.0,False,True,,,8915021447.0,8915021447.0,garmin_ping_253229479220,False,0,0,False,20232024,1,a8315097066,,2,,,,,,Diego Galdino
2,Morning Weight Training,0.0,3240,3240,0.0,WeightTraining,WeightTraining,30.0,Garmin Forerunner 645 Music,8314771520,2022-12-31T08:43:38Z,2022-12-31T09:43:38Z,(GMT+01:00) Europe/Sarajevo,3600.0,,,,0,0,0,1,0,True,False,False,False,everyone,False,,[],[],0.0,0.0,,24.0,True,88.4,117.0,False,True,,,8914663887.0,8914663887.0,garmin_ping_253223556435,False,0,0,False,20232024,1,a8314771520,,2,,,,,,Diego Galdino
2,Evening Run,6258.8,2937,2939,0.0,Run,Run,0.0,Garmin Forerunner 645 Music,8308131141,2022-12-29T17:20:37Z,2022-12-29T18:20:37Z,(GMT+01:00) MET,3600.0,,,,0,2,0,1,0,True,False,False,False,everyone,False,g11521649,[],[],2.131,3.083,76.2,22.0,True,149.4,169.0,False,True,,,8907166758.0,8907166758.0,garmin_ping_253001052585,False,0,0,False,20232024,1,a8308131141,,2,,,,,,Diego Galdino
2,Afternoon Weight Training,0.0,3603,3603,0.0,WeightTraining,WeightTraining,30.0,Garmin Forerunner 645 Music,8303057923,2022-12-28T15:40:36Z,2022-12-28T16:40:36Z,(GMT+01:00) CET,3600.0,,,,0,1,0,1,0,True,False,False,False,everyone,False,,[],[],0.0,0.0,,23.0,True,66.0,104.0,False,True,,,8901451331.0,8901451331.0,garmin_ping_252850225592,False,0,0,False,20232024,1,a8303057923,,2,,,,,,Diego Galdino
2,Afternoon Run,8246.5,2402,2402,0.0,Run,Run,0.0,Garmin Forerunner 645 Music,8298753510,2022-12-27T16:43:21Z,2022-12-27T17:43:21Z,(GMT+01:00) MET,3600.0,,,,0,3,0,1,0,True,False,False,False,everyone,False,g11521649,[],[],3.433,3.645,79.0,21.0,True,146.3,165.0,False,True,,,8896595962.0,8896595962.0,garmin_ping_252714610092,False,0,0,False,20232024,1,a8298753510,,2,,,,,,Diego Galdino
2,Evening Run,7064.9,2049,2185,0.0,Run,Run,0.0,Garmin Forerunner 645 Music,8279429567,2022-12-22T18:00:29Z,2022-12-22T19:00:29Z,(GMT+01:00) Arctic/Longyearbyen,3600.0,,,,0,0,0,1,0,True,False,False,False,everyone,False,g11521649,[],[],3.448,3.71,78.8,21.0,True,154.4,181.0,False,True,,,8874696233.0,8874696233.0,garmin_ping_252064748672,False,0,0,False,20232024,1,a8279429567,,2,,,,,,Diego Galdino
2,Afternoon Weight Training,0.0,4093,4093,0.0,WeightTraining,WeightTraining,30.0,Garmin Forerunner 645 Music,8271390232,2022-12-20T16:43:33Z,2022-12-20T17:43:33Z,(GMT+01:00) Poland,3600.0,,,,0,0,0,1,0,True,False,False,False,everyone,False,,[],[],0.0,0.0,,23.0,True,82.3,110.0,False,True,,,8865735076.0,8865735076.0,garmin_ping_251794929644,False,0,0,False,20232024,1,a8271390232,,2,,,,,,Diego Galdino
2,Evening Run,4684.3,1403,1403,0.0,Run,Run,0.0,Garmin Forerunner 645 Music,8267577124,2022-12-19T18:16:44Z,2022-12-19T19:16:44Z,(GMT+01:00) Poland,3600.0,,,,0,1,0,1,0,True,False,False,False,everyone,False,g11521649,[],[],3.339,3.614,78.8,21.0,True,158.5,174.0,False,True,,,8861482849.0,8861482849.0,garmin_ping_251666886797,False,0,0,False,20232024,1,a8267577124,,2,,,,,,Diego Galdino
2,Evening Weight Training,0.0,8216,8216,0.0,WeightTraining,WeightTraining,30.0,Garmin Forerunner 645 Music,8256215334,2022-12-16T18:19:15Z,2022-12-16T19:19:15Z,(GMT+01:00) Atlantic/Jan_Mayen,3600.0,,,,0,2,0,1,0,True,False,False,False,everyone,False,,[],[],0.0,0.0,,25.0,True,90.6,137.0,False,True,,,8848560202.0,8848560202.0,garmin_ping_251294555364,False,0,0,False,20232024,1,a8256215334,,2,,,,,,Diego Galdino
2,Evening Run,6406.7,1810,1810,0.0,Run,Run,0.0,Garmin Forerunner 645 Music,8255832659,2022-12-16T17:38:47Z,2022-12-16T18:38:47Z,(GMT+01:00) Africa/Luanda,3600.0,,,,0,2,0,1,0,True,False,False,False,everyone,False,g11521649,[],[],3.54,3.877,82.0,20.0,True,157.7,183.0,False,True,,,8848128665.0,8848128665.0,garmin_ping_251281462307,False,0,0,False,20232024,1,a8255832659,,2,,,,,,Diego Galdino
2,Lunch Run,11185.5,3303,3303,0.0,Run,Run,0.0,Garmin Forerunner 645 Music,8251137841,2022-12-15T11:49:41Z,2022-12-15T12:49:41Z,(GMT+01:00) Europe/Madrid,3600.0,,,,0,1,0,1,0,True,False,False,False,everyone,False,g11521649,[],[],3.386,3.588,80.2,20.0,True,159.1,178.0,False,True,,,8842849731.0,8842849731.0,garmin_ping_251125747476,False,0,0,False,20232024,1,a8251137841,,2,,,,,,Diego Galdino
2,Evening Weight Training,0.0,3684,3684,0.0,WeightTraining,WeightTraining,30.0,Garmin Forerunner 645 Music,8244457877,2022-12-13T17:01:06Z,2022-12-13T18:01:06Z,(GMT+01:00) Europe/Warsaw,3600.0,,,,0,0,0,1,0,True,False,False,False,everyone,False,,[],[],0.0,0.0,,21.0,True,87.6,114.0,False,True,,,8835390368.0,8835390368.0,garmin_ping_250899416552,False,0,0,False,20232024,1,a8244457877,,2,,,,,,Diego Galdino
2,Evening Run,5412.0,1849,1849,0.0,Run,Run,0.0,Garmin Forerunner 645 Music,8240430733,2022-12-12T17:17:36Z,2022-12-12T18:17:36Z,(GMT+01:00) Poland,3600.0,,,,0,1,0,1,0,True,False,False,False,everyone,False,g11521649,[],[],2.927,4.004,78.1,20.0,True,162.2,196.0,False,True,,,8830916109.0,8830916109.0,garmin_ping_250766845871,False,0,0,False,20232024,1,a8240430733,,2,,,,,,Diego Galdino
2,Morning Run,10012.1,3312,3410,25.0,Run,Run,0.0,Garmin Forerunner 645 Music,8234840204,2022-12-11T09:43:57Z,2022-12-11T10:43:57Z,(GMT+01:00) Europe/Amsterdam,3600.0,,,,0,2,0,1,0,False,False,False,False,everyone,False,g11521649,"[52.23, 6.89]","[52.23, 6.89]",3.023,4.203,82.8,12.0,True,154.6,177.0,False,True,40.8,21.0,8824554136.0,8824554136.0,garmin_ping_250591331004,False,0,4,False,20232024,1,a8234840204,{ax}Hur`i@qC|@o@v@QHO@UR]Tc@Ni@\W@EEC@KZSTqAnAa@VK?_@DWXgAtAi@ZqCzBe@Tc@N_Ar@_Ah@aA\YT_AX]Dc@N_@^u@ZcBTeAR_@Ng@HEOBGOJYXYHoAHg@Jc@Ja@Tg@TmANYJm@XkC\o@T[T{@PACBAAC?Bg@\mBl@q@ZsAd@CAk@m@c@Q{A_@cA[]WaAa@m@IuAg@aCk@{Aw@a@My@]gB{@y@WcAa@oA[gBu@_@K[OaCyA}@g@_@Im@Y?GCC_@M]WIAUN]Mk@E_@IYOg@_@cC}Bk@c@g@WaAu@g@Qw@Qc@EoA@_@KgCsAw@q@Qc@Bo@Lk@ZoBVcDVyBp@sC^wEPs@Zm@Z_@ZSZ]H]Jg@Te@Pk@Xc@Rm@Js@Ry@NcABa@[iFGcCx@i@PGp@G|@@XOLk@Ly@LiDXyDHwBH{@D]j@qCXkBDUBq@?oAO_CBEG_AW_CWoAEi@]_BQ_BNuDVk@zB{BdDcE^y@\eBBm@Kk@JHD@DEFOHk@FUHIZCFQCmB@y@GyBIg@E}DMyA?m@NS`Bk@tA_@VAfAMnA]z@a@rAe@XE`@K~@Kf@Bd@Af@EpBEb@DlBQjABZAJCt@@d@GhADzAEj@Il@AnAHZCr@J^A^@fBP`AZb@`@^d@xA~Ch@xAjA|BjAtAvAbCVp@Nv@L`@Vd@T^z@dAP\n@~@P^^j@Xr@`@`@HBTN`@d@b@r@^d@vAdCxA|CnAnBnA|BhA~B?FEA@AHH~@rA`AbAt@dAZf@Th@lAdB\n@^n@FXAJOn@i@z@Sj@Qp@g@dAET@l@Hd@\fDLx@LxCGJaCAi@EmACaAMoAE]GE?YP[EaAAcBSo@W_AOWCcAQe@EeAUYHEf@pAx@LLVPJLAPSv@W`@OLQBWCY@WZSj@@DFHPJx@Tf@H`@V`A^b@F`@Tn@HbBn@j@HnAd@Cz@]nCFd@RVz@JlBn@^PTOLCDBX^Xp@B@FGl@_BVi@D@|@j@nAfA`An@d@TtAbBf@^VZt@n@f@h@,2,,,,,,Diego Galdino
2,Afternoon Weight Training,0.0,2503,2503,0.0,WeightTraining,WeightTraining,30.0,Garmin Forerunner 645 Music,8227683085,2022-12-09T13:56:34Z,2022-12-09T14:56:34Z,(GMT+01:00) Atlantic/Jan_Mayen,3600.0,,,,0,0,0,1,0,True,False,False,False,everyone,False,,[],[],0.0,0.0,,23.0,True,71.5,97.0,False,True,,,8816453798.0,8816453798.0,garmin_ping_250357814237,False,0,0,False,20232024,1,a8227683085,,2,,,,,,Diego Galdino
2,Evening Run,7738.0,2769,2769,0.0,Run,Run,0.0,Garmin Forerunner 645 Music,8224629053,2022-12-08T18:06:04Z,2022-12-08T19:06:04Z,(GMT+01:00) Etc/GMT-1,3600.0,,,,0,2,0,1,0,True,False,False,False,everyone,False,g11521649,[],[],2.795,5.007,76.3,21.0,True,157.5,177.0,False,True,,,8812623958.0,8812623958.0,garmin_ping_250253163789,False,0,0,False,20232024,1,a8224629053,,2,,,,,,Diego Galdino
2,Afternoon Run,9020.8,3306,3486,34.0,Run,Run,0.0,Garmin Forerunner 645 Music,8219833504,2022-12-07T15:45:54Z,2022-12-07T16:45:54Z,(GMT+01:00) Europe/Amsterdam,3600.0,,,,0,3,0,1,0,False,False,False,False,everyone,False,g11521649,"[52.23, 6.89]","[52.23, 6.91]",2.729,3.584,80.6,14.0,True,158.7,192.0,False,True,67.4,36.6,8807115384.0,8807115384.0,garmin_ping_250109668203,False,0,0,False,20232024,1,a8219833504,upx}Hii`i@i@n@y@n@s@\WZ{@l@]`@QJ}ArA]Fa@P_@\IDOTsA~@k@TkCx@gA`@kB|@eDx@SDMUE??AIF{Br@o@JKF_@JU@YRc@FOJw@T}@ByATcAVGDe@H{@^KCEEB@?C@?k@b@aBt@c@ZeAZ_@B_@]YOs@]sA_@}@o@_Bs@cAWiAa@cCs@e@SGIASBYf@eDr@qCXaBjCaIEKMCaABmBA]Ec@Fc@Ac@P_@TkA|@kBpAi@f@k@b@kC~AYEmC_BoCyBYGUPKP[`Ai@bA_@F}@G_BaAYUYOy@w@eAs@wAsAm@Su@Oa@CK@m@?c@GSKwA_@WYk@[e@e@OWAg@Fg@ZcB@u@RyATs@r@iGj@mE?OPq@Zm@hAaApAaC`@wANcANm@L}@D{@Cq@W_AGw@Cy@@uBDa@XMPEn@UXCRBv@?DA@EF@HKDQNaCHeBHo@Dq@@w@HcAFyAR}A\qBXsBLq@Fw@CwBOgBg@sEKk@Gw@]eBIq@@y@Fq@FkBVu@NQz@k@v@iAR]\c@z@{@hAwATe@Z}Aj@aBNWT[AYA?FIACDBGwA?gABWWkCIoAAiBEs@GuBAGTE?EAAI@ABN@BBCAIa@QOKy@Eg@IwCWsDBcCPqALwAJ{ADoB`@}DD?FiBDa@He@?k@AgAO_CKi@CaA@}EEaA@y@]oC?k@CYWmBQwFEaAMkAA_ARa@f@CnANV@PAtAo@LKx@y@LC@@?Ch@[P?Hj@?v@H~CLdAv@~CNz@Lj@d@rA|@zBTb@v@tAnAfClDdG|BlEZb@r@vAZf@d@`AACE?p@x@tCrC~@dAZ\\Tl@p@t@t@dBjBXb@R^r@xCJn@Bv@Dj@BFjA`A@FA?@Av@l@\`@Xn@Tp@h@jBd@z@XfAPXx@bB?b@Nb@Zf@hAzAh@|AVl@X^Xf@rAlB`ApB^d@^`@`@Z\`@\p@Xt@X^Xf@,2,,,,,,Diego Galdino
2,Evening Weight Training,0.0,3585,3585,0.0,WeightTraining,WeightTraining,30.0,Garmin Forerunner 645 Music,8216201163,2022-12-06T18:22:12Z,2022-12-06T19:22:12Z,(GMT+01:00) Poland,3600.0,,,,0,0,0,1,0,True,False,False,False,everyone,False,,[],[],0.0,0.0,,23.0,True,81.9,110.0,False,True,,,8803038812.0,8803038812.0,garmin_ping_249996125864,False,0,0,False,20232024,1,a8216201163,,2,,,,,,Diego Galdino
2,Afternoon Run,7123.3,2917,2917,0.0,Run,Run,0.0,Garmin Forerunner 645 Music,8210873110,2022-12-05T15:17:59Z,2022-12-05T16:17:59Z,(GMT+01:00) Africa/Malabo,3600.0,,,,0,2,0,1,0,True,False,False,False,everyone,False,g11521649,[],[],2.442,4.134,77.8,20.0,True,152.5,184.0,False,True,,,8797104001.0,8797104001.0,garmin_ping_249839569682,False,0,0,False,20232024,1,a8210873110,,2,,,,,,Diego Galdino
2,Lunch Weight Training,0.0,3858,3858,0.0,WeightTraining,WeightTraining,30.0,Garmin Forerunner 645 Music,8201609313,2022-12-03T11:59:51Z,2022-12-03T12:59:51Z,(GMT+01:00) MET,3600.0,,,,0,1,0,1,0,True,False,False,False,everyone,False,,[],[],0.0,0.0,,21.0,True,78.8,105.0,False,True,,,8786529925.0,8786529925.0,garmin_ping_249554660545,False,0,0,False,20232024,1,a8201609313,,2,,,,,,Diego Galdino
2,Afternoon Run,6484.4,2774,2774,0.0,Run,Run,0.0,Garmin Forerunner 645 Music,8198342778,2022-12-02T16:29:26Z,2022-12-02T17:29:26Z,(GMT+01:00) Africa/Tunis,3600.0,,,,0,1,0,1,0,True,False,False,False,everyone,False,g11521649,[],[],2.338,4.432,76.2,20.0,True,147.5,168.0,False,True,,,8782856653.0,8782856653.0,garmin_ping_249451121444,False,0,0,False,20232024,1,a8198342778,,2,,,,,,Diego Galdino
2,Afternoon Run,7552.5,3004,3004,0.0,Run,Run,,Garmin Forerunner 645 Music,8194307824,2022-12-01T16:53:41Z,2022-12-01T17:53:41Z,(GMT+01:00) MET,3600.0,,,,0,1,0,1,0,True,False,False,False,everyone,False,g10593679,[],[],2.514,2.653,79.3,22.0,True,165.7,188.0,False,True,,,8778371935.0,8778371935.0,garmin_ping_249323790929,False,0,0,False,20232024,1,a8194307824,,2,,,,,,Diego Galdino
2,Evening Weight Training,0.0,3286,3286,0.0,WeightTraining,WeightTraining,30.0,Garmin Forerunner 645 Music,8190468937,2022-11-30T18:23:21Z,2022-11-30T19:23:21Z,(GMT+01:00) Poland,3600.0,,,,0,0,0,1,0,True,False,False,False,everyone,False,,[],[],0.0,0.0,,22.0,True,82.1,109.0,False,True,,,8774059276.0,8774059276.0,garmin_ping_249204118046,False,0,0,False,20232024,1,a8190468937,,2,,,,,,Diego Galdino
2,Evening Run,6856.4,3164,3166,0.0,Run,Run,,Garmin Forerunner 645 Music,8185539528,2022-11-29T17:04:38Z,2022-11-29T18:04:38Z,(GMT+01:00) Poland,3600.0,,,,0,1,0,1,0,True,False,False,False,everyone,False,g10593679,[],[],2.167,4.42,77.2,21.0,True,148.8,166.0,False,True,,,8768568771.0,8768568771.0,garmin_ping_249063658383,False,0,0,False,20232024,1,a8185539528,,2,,,,,,Diego Galdino
2,Evening Run,7268.1,3009,3009,0.0,Run,Run,,Garmin Forerunner 645 Music,8158677938,2022-11-23T17:38:44Z,2022-11-23T18:38:44Z,(GMT+01:00) CET,3600.0,,,,0,1,0,1,0,True,False,False,False,everyone,False,g10593679,[],[],2.415,2.763,79.7,22.0,True,161.6,185.0,False,True,,,8738266937.0,8738266937.0,garmin_ping_248282746645,False,0,0,False,20232024,1,a8158677938,,2,,,,,,Diego Galdino
2,Evening Weight Training,0.0,2969,2969,0.0,WeightTraining,WeightTraining,30.0,Garmin Forerunner 645 Music,8154590644,2022-11-22T18:34:02Z,2022-11-22T19:34:02Z,(GMT+01:00) Etc/GMT-1,3600.0,,,,0,1,0,1,0,True,False,False,False,everyone,False,,[],[],0.0,0.0,,24.0,True,82.2,106.0,False,True,,,8733689437.0,8733689437.0,garmin_ping_248162529288,False,0,0,False,20232024,1,a8154590644,,2,,,,,,Diego Galdino
2,Evening Run,5152.6,2550,2552,0.0,Run,Run,,Garmin Forerunner 645 Music,8149939675,2022-11-21T18:40:52Z,2022-11-21T19:40:52Z,(GMT+01:00) MET,3600.0,,,,0,3,0,1,0,True,False,False,False,everyone,False,g10593679,[],[],2.021,2.404,76.4,22.0,True,171.7,196.0,False,True,,,8728496066.0,8728496066.0,garmin_ping_248028163711,False,0,0,False,20232024,1,a8149939675,,2,,,,,,Diego Galdino
2,Morning Ride,10892.7,2280,2309,10.0,Ride,Ride,,Garmin Forerunner 645 Music,7995645117,2022-10-21T06:01:11Z,2022-10-21T08:01:11Z,(GMT+01:00) Europe/Amsterdam,7200.0,,,,1,1,0,1,0,False,False,False,False,everyone,False,b10767637,"[52.23, 6.89]","[52.25, 6.78]",4.778,7.658,,25.0,True,130.8,160.0,False,True,26.8,8.8,8553488378.0,8553488378.0,garmin_ping_243836165675,False,0,0,False,20232024,1,a7995645117,ssw}Hkz_i@DLRnCn@nEJ|AFjGNpBXzAVdACCzDnHb@^jBRtHdAP?b@Fh@BhCC`AFZFLRVnHH`ETnDLnD?xAFfF@dBCnCQdE?lCGpAKz@Oj@KhAWpBEr@?|AAL_AjGu@~D}AdG_B`Fi@xAk@tAaBfD]p@oC~Ci@|@q@vAoBnCgAtBw@fB_BhEm@rAq@pAu@rBS^a@n@u@x@aAv@i@|@a@zAc@nB[n@aAv@W^u@~Bq@vAwBnD{AnCkB~Cg@vAcE`Iy@lAaA|Au@zA}@bAYb@aKjRcBhDgAtBENAPVfBALSf@_AhB_DzEUbAUd@uBtDq@vAwA`CuF`KkHdNaD~FuHrNyFnKmAtBw@zAsBrDqBxDsCdF{A~CyAfC_CrEwCfFcBjD_@~@AL@JLPbAp@bAv@PZHTf@pCRdBpApGRvADx@O\WjAs@xI[zPSxHCbBEt@AJ[p@CVR~@?nASrDMfGEvEFxGIjFk@|LMpIOfDo@nFW\EL?r@BLd@NT@ZA\@hBRdC`@|@HT?TGp@EZDhAJ|@Nf@Pp@J`@J~Dj@pAZ~Br@fAVp@Tb@HpCEFBtB?l@DJ\H~@W~C[vESxBO|Cu@jCYbCOnDDj@d@vB^vBBLAZq@rJUhFUxCMLSCQI,2,33.0,,,False,75.2,Diego Galdino
2,Morning Ride,10800.2,2431,2618,13.0,Ride,Ride,,Garmin Forerunner 645 Music,7985945075,2022-10-19T05:53:14Z,2022-10-19T07:53:14Z,(GMT+01:00) Europe/Amsterdam,7200.0,,,,0,0,0,1,0,False,False,False,False,everyone,False,b10767637,"[52.23, 6.89]","[52.25, 6.78]",4.443,6.67,,22.0,True,119.7,137.0,False,True,55.8,28.4,8542587254.0,8542587254.0,garmin_ping_243578701527,False,0,0,False,20232024,1,a7985945075,sqw}Hmj_i@HtEH`BRfAj@dBFAFL~CtGPXTPTJ\H`AF\H|Fj@tAPZ@jCCpAHXFHRP~FBfCFhBTjEBbCThJArEWdFB|AClAKhA[rB[bE@p@Gn@y@~FcAbFcBnGs@bC_AfC_CfFq@nAe@l@uAxAs@hAkA|BuAnBy@xAs@|AeBtEgBtDuAjDy@pA}@l@_AbA_@~@i@|BWx@S\WRs@v@iAfDi@dAsDhGcCfEw@tB}DnHyA|B{AxCm@f@W`@gAtBcBtCeC~EcCnEu@`BcAnBENA^NlAGXaAvBi@`AcBjCa@|@Mx@KVwBlD_BxCg@lAgA~Aq@vA}F`K{CdG_AzA{ArCk@lAeT|`@_AdBiAfB{@dBuD|Go@nAUp@}DtGyBrEaDhGe@~@Qd@JXNP|@p@`A|@JNPh@|AdJh@tCZrBEj@Wx@i@pGO~CEbCc@nNO~IOj@KJK`@Lx@D`AYlIM~FB|IGbGo@nLEfCEzFMbCe@bFIRSPCLAE?|@FNn@J`@CbAHxEn@n@FtAWv@HtCb@|Bj@tB\zC|@pA\`B\d@Pf@DpCAtCBN@FTFr@?Zu@fM]jEy@`CEj@Ih@U`E@x@bAlG?LAh@i@fI,2,30.2,,,False,73.5,Diego Galdino
2,TCS Amesterdam Marathon - HalfMarathon,21527.0,7881,7881,38.0,Run,Run,1.0,Garmin Forerunner 645 Music,7972545013,2022-10-16T11:19:21Z,2022-10-16T13:19:21Z,(GMT+01:00) Europe/Amsterdam,7200.0,,,,0,3,0,11,0,False,False,False,False,everyone,False,g11521649,"[52.35, 4.86]","[52.34, 4.85]",2.732,4.838,82.9,24.0,True,172.5,191.0,False,True,56.8,41.2,8527234879.0,8527234879.0,garmin_ping_243219176703,False,0,0,False,20232024,1,a7972545013,wzn~Hqau\{@sNC}B_@}Dc@yJEiFNyG@gG[oG[sDQsNDqBs@}CoCoHUgAqAqBAU@Y^iAnAsCnAaBZuBCwEz@yG[iMA{Dl@aFQmEAqBOsB?gD\wCBmEx@yBFi@H}ACcG\wALcBc@sHDaBPiBlA}DH{A@aCLi@xJ_Dr@c@rD]^k@tAOtEmBhAS^Lf@Q~AiAbHuIzFoGb@]l@Mb@ZNp@Ct@Wr@}A`Ca@\k@I[]i@yAu@gD?aCf@eA|@aAx@e@pBObAe@~Bf@jB@~CqB~@]`Jc@zBu@jGuEvDoDtEaFbAB@o@bFaEtFkF`AmAz@q@Fe@QqAuCcMgAwDoBiIuAuG_BsG[kBoB_IaAqFw@gDoAeE]iB?oEXeIf@eGJiH~@_JAaAU_BeBuHgBeGyAmH{BcJWc@iChAqBCaAR_AbA}@nBy@`AYLWMo@qAy@{@[HW`@cBzFuEtGoBhEm@`C}@pBeAlDmFnKMn@i@d@mFzJwEdIoBzCqClDaA\i@YiBgDQA_@XeAvAkCjEkBfEiCvEiBzCaAjAUKgAiC_A{AwDyIwD}H{CeGq@gAc@oAiL_ViDyG_@YWGm@d@aDdH_@j@_@L{AiBHm@}A{Aa@Mk@y@aBc@{NdD_FdByBd@{EJ_AKuCPg@XsB]oDHe@RK`@E`BHtBB`HOrDPfGGbCRlC?lCLzBFHGtCJxB@jGE`CRjDGhDRv@dBvDp@rBzI`P^|BGzAJrAv@jB|BhDd@bBPhBEb@b@nJLxA^pAj@vDVlCAh@^vGh@fBdAxBJl@R~BF|Gp@rAFTC`@Pn@|A~Cv@hEhA|Mh@jCj@lF|@bFRfBAj@PzBh@~CBrAUjD?tDQrCF\c@bGo@n@z@pC?^c@zAAtA@|AFv@e@fFs@xCcApBmBlCiAp@m@~@o@tByAjDu@dCkCnFIb@C`Bc@`AE`@f@r@Lj@GzBh@nAx@`EfAtD`@dCBnANdAElBNrAZh@?tARpARp@xAzBTn@nChApArBh@|ARhAt@dH|@vCPjARxCEdAd@dBl@dA\zBn@hB~@|D`@rENfGBvFVvB@dBPdAb@fAb@lCR\d@pCXnH[|A@d@v@vHdBPtCy@dBu@vDq@dDkAj@a@zBc@|AqA`@qAPUTAb@j@zATzH_@`BFfASlBJhCCZ|@PvCb@|@VJzAi@z@@l@jB,2,,,,,,Diego Galdino
2,Evening Run,8014.5,2628,2643,15.0,Run,Run,,Garmin Forerunner 645 Music,7839468946,2022-09-20T16:38:20Z,2022-09-20T18:38:20Z,(GMT+01:00) Europe/Amsterdam,7200.0,,,,0,4,0,1,0,False,False,False,False,everyone,False,g10593679,"[52.23, 6.89]","[52.23, 6.89]",3.05,4.448,81.5,20.0,True,152.7,178.0,False,True,-22.8,-38.8,8376373882.0,8376373882.0,garmin_ping_239820610022,False,0,0,False,20232024,1,a7839468946,gax}Har`i@YPmE|AUVe@Xy@l@g@Z[f@cAfAoAr@UXg@^W\}@p@cAfAwAVe@L_@^e@ZyB~@u@Vc@Fc@R}Bj@k@^YZc@V]L_@H_BPIBOCa@Vq@P]PgAZuA|@oAZi@Tm@AWEeARwANyA^GG@AkAn@u@Pc@TY^iA^UCw@s@SKq@We@SoA]_@WaCk@}@YUMa@MwAY[OIIEODg@`AgGd@}B`B}Fb@uA?MIGa@EcB?e@Ea@M}@?O@aDtBaBlAIJ[T]NkClBK?e@QiAm@}AcA[Yy@a@c@OYDi@tA]p@OLiAC]MOUw@c@a@YsAyAe@S_Ay@g@Om@WaB]}AK_AWa@Qo@o@_Ai@Ka@JmBLy@Dy@FkB~@gFl@}CJuAP}A`@}@TUj@{@xAoDZ_ANw@TcALo@H}@?m@QuB@oAGeABOHS\YZEhB?TWZgCTqBTeDFeBJcAHu@Pw@d@cDReAJsBK{Eg@gC[iDa@c@Qq@CgALkCJm@Vm@`@i@|@s@p@u@JUjAaBp@sAHGXk@b@}AJMXLf@f@hBp@l@Z\V\d@`B`BtAlAr@f@`@l@v@v@tB`BhB|AlAr@j@h@VPZ`@\RTZ~@`Ad@^f@f@|@bAvDbDr@v@b@\b@X\^Zd@\VZ\\RxClC`@X~@z@XPtA~ARLrAp@ZRj@v@BRN\b@T|A^\NVFb@@VH@D@h@PX^\h@V\XlAjAt@d@zEnEZT~@~@bDjCd@d@b@Xh@`@Z\h@`@x@t@z@fAr@v@XVd@PD?b@^b@f@^Vx@|@,2,,,,,,Diego Galdino
2,Afternoon Ride,11101.6,2658,2869,30.0,Ride,Ride,,Garmin Forerunner 645 Music,7812872495,2022-09-15T15:05:03Z,2022-09-15T17:05:03Z,(GMT+01:00) Europe/Amsterdam,7200.0,,,,0,0,0,1,0,False,False,False,False,everyone,False,b10767637,"[52.25, 6.78]","[52.23, 6.89]",4.177,8.074,,25.0,True,112.0,135.0,False,True,2.4,-19.4,8346364727.0,8346364727.0,garmin_ping_239152563788,False,0,0,False,20232024,1,a7812872495,kl{}Hc{jh@L\`@zBZZXLVB`Cj@NBp@Vj@Jp@JROPg@\_C~@oP@iAAK{@eFCY?]L}BBaDDWd@uAVmAFy@PmDHaADqBVyEKmACIQG}@B}@AyDFk@GKGFk@Bq@QQa@OcAJc@BQ@o@G_BWaCk@WC{F_AwBW_A[q@EyG}@IU?o@d@sGDyABeD?kBF{C`@kHNmE?aOXoFFcFHoCBw@CKK[QS}AaAuBwAs@{@{AmCcCcEgAcCkBmDkCcE_B}Ba@QEEk@}@KSMe@m@gBS_@gAaB?]DYJUrEgK~@eB`BuCfBgEn@iA^w@v@oA~@qChCwFj@cAdA{BhB_D~BqFlCsGl@yAn@iBzBwEbCuExA{Dz@_Bj@oAr@gBxAaDzDcJ`B_DdBwD~AqDfBqDh@}@r@wA^kAr@kB`@uAl@}Ah@_BfAqDb@iBj@mBjBiGn@eDTy@HMDCF?GAAE@WPiAj@sC`BoFVcAxCcMnAsEdAuECF?@@C?@CCj@_Bd@cATk@j@cBpBaHd@sBt@eCf@{BpAuEt@eCrAoFh@eBj@yAd@qBpB_HVwAb@yAhAgCv@wCd@iChAcEbA}Eb@aBh@gBb@cBJs@FYnAgEz@iDp@uBtAoFlB{GZ}ApByGj@}A`A_C@IIB@Bj@kBlB{Hb@wAR}@DKrAkFXkARs@?@AHVo@Di@@m@Ii@e@sAYcBK}B?_BIiB}BcRSm@IgAYkBs@_Eg@mB,2,40.5,,,False,107.5,Diego Galdino
2,Morning Ride,11137.2,2353,2433,11.0,Ride,Ride,,Garmin Forerunner 645 Music,7810717452,2022-09-15T05:53:19Z,2022-09-15T07:53:19Z,(GMT+01:00) Europe/Amsterdam,7200.0,,,,0,2,0,1,0,False,False,False,False,everyone,False,b10767637,"[52.23, 6.89]","[52.25, 6.78]",4.733,6.445,,23.0,True,118.1,141.0,False,True,22.4,-15.4,8343936366.0,8343936366.0,garmin_ping_239102347089,False,0,0,False,20232024,1,a7810717452,azw}Hip`i@ZtA^rAf@bCPfAp@bGVzA`@|ER|AFdAXjCFpCPlC`@lBP^@AA?BZN`@p@bA~@jBZv@R\NNXLfBV|@Tt@@r@Hz@@TD`A`@TBl@Bn@@NEfAE^@bAFb@HDHBZFjEEb@AbCJ~A\dE@\?vAHvCLrHBbBExB_@jIEVM^EH}@l@?B@^t@CJB?@@CGdBStAKpCSvA_@zAu@pFe@|Be@xAYrAe@`Bg@vAsArDq@`Bu@vAk@|@y@bAy@z@i@v@gArBi@z@gAxAQXgBnDUv@iAxC}BxEQl@k@tASX]`@e@^QHg@\UZe@jAYvA]rAQ^mAfAg@`Aa@|Aq@~AcAfBkAhBgBzC}@lB]hAk@jAeCbEy@`Bs@|@q@rA}@rAOR[ROPiCdFoFxJeDvGe@tACNBj@FV?XOl@Qf@Bd@Q|@[j@mAvAKPm@f@KRY`AYp@q@nAMf@S`@Wv@{@jDIx@KV[b@sAjAyDhE_@h@aC|Dw@hBa@x@_CzD_AfBw@lA_MfUk@hAkBbDiBhDe@hA_DlGo@bAsAdBq@xAUp@yAzCuCxEMXc@d@a@r@g@dAUn@aA|Bs@nAY~@AHHP|AbAn@f@Xx@f@tBr@xEHvAb@dDJhACXI\QrAQ|BQjDIhDIzG[|I@~@CnA@v@At@In@O^EVFzB]nLSbK@dDD|CQzCAn@MjAUfF?rEGfA?^OxAIvBQrBMfA]t@Cr@BNBBIG?G?Bj@Ph@?vBRfC^rALL@n@QZCp@FnBVjBf@v@Lv@TzIpBhBh@fBHdCE|ABRPHh@B\GZCL_@p@GZMnAOxCMvAMvEy@tCOrCGvB?x@XdBb@jBPbAa@lGYbCItBOtAM|BIXOPS?gAY{@W_AMgE_AEGAKHkAAEKAD@,2,33.3,,,False,78.4,Diego Galdino
2,Evening Run,8034.5,2488,2571,17.0,Run,Run,,Garmin Forerunner 645 Music,7807968835,2022-09-14T16:06:47Z,2022-09-14T18:06:47Z,(GMT+01:00) Europe/Amsterdam,7200.0,,,,7,1,0,1,0,False,False,False,False,everyone,False,g10593679,"[52.23, 6.89]","[52.23, 6.89]",3.229,4.214,80.9,22.0,True,140.2,160.0,False,True,68.2,17.4,8340877056.0,8340877056.0,garmin_ping_239028479360,False,2,0,False,20232024,1,a7807968835,kax}Hwq`i@i@\_@Pe@LiAj@c@LG@CICUKDM\UXeAp@q@j@eAt@_@^yAjAe@Zc@R}@n@o@j@[`@{@p@]NiBvAYJQFw@J[Ja@HiA`@c@Tc@J{Al@_@Rc@PMBi@AKBIDGLYLa@HMIU\g@R_@FoA@e@Ds@R_@Vi@NeARg@N_@BMA{@NsAb@e@Ra@JOB_@Xk@Vk@Nw@f@mAR]@g@c@UKy@[YIUE}@YyCqAcA[wCoAs@]GM@yAPoBJm@H{@L{@Ng@`@gAv@gCr@eBLe@?EOK}@EgADs@GyAP{CvBa@NsBtAqAhAm@Zg@FcAc@kAu@QGg@a@cCyAQRk@fBWn@QFcAK_@MYQsC}BcCyBSKuAg@y@Gs@Bg@Ag@Mk@Ii@S_@Uy@u@[e@CKAk@p@{E`@iDNiAPq@\y@Ju@RiDJq@Zu@d@o@TQXe@Li@JQPu@n@{APm@f@uBD{@Ag@KsAAe@SkDFi@XYbAOb@Ab@Bf@CLQ@Gd@cHNuABoAJmAJy@b@qBZkBRcBFcAAg@MgAUiEYqBMsAg@}BEk@Aw@NaCFs@Vm@Za@p@c@b@c@p@aA`@c@~@mA|@qARmATu@LML@x@l@lAd@~@j@`@PT^jAfAd@\`@b@j@b@`@d@tCdCbBnAtApATZj@h@b@ZhB`BvD`D|A~AxAtAb@\TV|@x@n@r@rAlAr@b@v@n@z@x@dAl@`@Xb@b@nA`AjApA`@V`@PdAx@JV?TDLZThAV^Tj@F`@LXRDn@HLb@^|@f@t@n@~@x@`AhAbAj@X^fA`Az@|@rB|A`@b@b@ZdAfAx@h@fAdAb@Z`@^hBdBbAr@d@\RJ,2,,,,,,Diego Galdino
2,Afternoon Ride,10671.4,2429,2566,28.0,Ride,Ride,,Garmin Forerunner 645 Music,7807578863,2022-09-14T15:04:22Z,2022-09-14T17:04:22Z,(GMT+01:00) Europe/Amsterdam,7200.0,,,,1,0,0,1,0,False,False,False,False,everyone,False,b10767637,"[52.25, 6.78]","[52.23, 6.89]",4.393,6.774,,23.0,True,112.9,134.0,False,True,68.8,31.8,8340442415.0,8340442415.0,garmin_ping_239020959527,False,0,0,False,20232024,1,a7807578863,gl{}Hmvjh@?D@B`@LxCn@nBj@pAT\BFALMFUXmC\_EVmE@}ADkAAkACWw@{EGc@PgDN_CJa@@HVu@\oAD_@NkDN}BDsBLwBFoBKy@GOGAcBFsA@cA@oAE_@OF_A?WUYWMQ?w@Lu@Hk@GaCi@{Dw@{@MuA[q@M{BUi@UwGo@aAMGECi@j@wIPeMf@eJFkC@wBC_FBeBDaCNuCF{GLqC@y@Mg@q@a@aAg@yB_B]]MS{@uAaAqBkAiBeAuBu@aBcBwCeA_BsCaEMMYMUY_@q@c@eBk@qAaAgBGY@O@MJYjC{En@cAbAeCtBiEp@iBp@oAj@}@b@}@b@cAh@gA`@gAx@yAr@aB~@_C\kA|@cBXs@`AmBR]h@oAz@wAvDuJjAuBbAaCf@w@\q@jCsGdFuLhAsB`AaCbE_JtAaD|@iBfCsFt@yAnAqC`@oAjBkEl@eBPo@|@kCrB}Hl@iBx@yDb@eBDeAf@e@EA?M~A}GlAkDt@iDLq@~BmJt@mCz@yD@M@FZsAPg@jAgChAwD`@eAfIc[b@sAxBoH|@}Dx@uCPiArAeEVcAj@aB`@gBj@kB`@oBb@mApAsEz@mDb@yARmANe@lAiENo@\gB\aAb@eB`@oB\cAd@kBb@qAd@qB~AqF|@_CV{@Ls@`@aAD_@xBaIt@gCTq@f@eBJi@Po@j@aB`@cBTs@@YE?NWDaAIy@_@_AIa@UaCGeBA}AEaA]{BYeDa@{CWmCIqASsAq@gDSy@WoAi@yB,2,40.2,,,False,97.7,Diego Galdino
2,Morning Ride,11112.8,2354,2387,11.0,Ride,Ride,,Garmin Forerunner 645 Music,7805399745,2022-09-14T05:45:30Z,2022-09-14T07:45:30Z,(GMT+01:00) Europe/Amsterdam,7200.0,,,,0,1,0,1,0,False,False,False,False,everyone,False,b10767637,"[52.23, 6.89]","[52.25, 6.78]",4.721,6.698,,22.0,True,106.4,133.0,False,True,51.2,29.0,8337987854.0,8337987854.0,garmin_ping_238969449649,False,0,0,False,20232024,1,a7805399745,czw}Hqp`i@z@pDh@tChBxNTfA`@jFJvBNvAAnBNvAPfAh@pAd@jAnBxDf@x@XR^JbCX`@BjARxAL~@RfBHlBG|@Dz@RHb@BnAHpAAbCJlCLhAJ~ADrAIx@@XZjHD~A?vBEdBMvCYzEQfAa@f@]PKN?\NBb@GH@DNIrBQbBCv@UrCq@fE{@dEsBtHaAvCk@|AwBtEy@lAeBlBcAbBYt@sBxCg@z@{AvCo@jBs@hBa@`A}AtC_@jAy@jBo@n@gAl@i@~@oAvES^q@n@_@f@KTi@hBm@tAgBzCmBzCsBbEyAzC}C`GYh@aArAo@jAq@dAs@x@_BxC_@h@qB`EaAjBaA|AqAhCk@zAgAlBENE`@?LBNV~@CREFOp@c@hAqA|B]T[`@c@PKTSbAk@dAOb@?h@a@fAcBzC]x@k@z@aA~Ag@p@a@`@_AtAuBrD[b@eApBkAlB}B~EkDhGgSf_@kFnJm@tAsAzBo@xAuCvFcB~CaA|AaBvC}@dB{@jBDJVHVNhAv@h@h@Vv@\fBZjCTvADp@dA|F?LEf@Md@O`A]lEMpBMjGIfCKlBEzBEfBAbCIhDEV[\CNN|A@\ItFOrFInEBdEC`CEzBm@jMK|Ls@dIEXKPMHILD~@d@N|@AdDf@~APn@FXA`AQxBTnAVvA^tCb@|@Tl@JXBnBx@rAVnA^lCD|AEz@D\?JLBn@Ah@SjBSjCGrBKfA_@vCE|@q@pCOxBMbCA|@Fh@dAxDHx@An@YxDEz@OjAA^F^OdCGdDG\GJORU?sAa@kAMm@KoBi@cA_@]SNkAAIC@,2,33.1,,,False,77.9,Diego Galdino
2,Morning Ride,11026.6,2363,2422,11.0,Ride,Ride,,Garmin Forerunner 645 Music,7794509607,2022-09-12T05:49:57Z,2022-09-12T07:49:57Z,(GMT+01:00) Europe/Amsterdam,7200.0,,,,0,3,0,1,0,False,False,False,False,everyone,False,b10767637,"[52.23, 6.89]","[52.25, 6.78]",4.666,7.074,,20.0,True,118.5,146.0,False,True,57.8,25.6,8325819829.0,8325819829.0,garmin_ping_238697818474,False,0,0,False,20232024,1,a7794509607,azw}Hso`i@N^T~@N|@`@~ATvANdBbA`JNrBh@vEFvA?f@DrBJdBVbB`@rAB@@NDB@AFH|@bBtAzCl@v@h@NnCXt@Jp@N`AJt@@BAbAN|GRFBHR@rALnABlCJhB?lBZ`DCjAXzH@dIMrF?rBUjCSjAKdCOhAIpA[tBIfAwArIe@hAuB~HqBlFiA|B_A`Bu@r@q@r@g@~@{@hBmCbEiBtDkAjDqBzDgBdEc@p@oA~@m@n@MRa@fAe@xB[|@}@r@W\Sd@k@fBa@|@oBxD_CtDaAfBg@nAS\a@dAw@nAoC`FqAnBo@pAa@r@iAlAyEbJmBjDqBzDu@dBq@jAOZGZ@NH`@Hl@O`@O`AWbA[v@a@t@YNk@v@G@OHMNKROr@KVm@fAgBvDoA`CcAlCcAdBuBbDaAbB[d@]b@iBvCaAtBgBdDaBjCeB`D_CnEsFdKeCxEu@pAcFhJi@|@}@nBcBdCS^gBzDk@zAo@rAg@v@cAhBo@`As@zAqBlD_@bA?FBBjA~@|@l@XZBHH\Dl@ZjA`BbLTfBY|Bq@hKCjBUvHCzDOrD@~CMbAWb@IRAZHlAB`ACnAK~COxAO|FDxHDdA@pAQ|FQdCQpEExA?|BIlFk@lEYt@SX?DB??~@h@NL@b@CRB`H|@\@pAS`@Hj@DhBXpDz@rDn@xAf@|Bf@|@X\FdBD~D@N@FDBHBlAS`Eq@|DGnBBpBC`@q@vCIx@OtAIpBCnADn@f@nCVbBG~@MdEc@vG@^CtAB\O`AKLG?o@K_EeAaC_@i@QQOAGLw@AUABECAD@HFL,2,32.2,,,False,76.1,Diego Galdino
2,Singelloop Enschede 2023,8180.4,2283,2283,17.0,Run,Run,0.0,Garmin Forerunner 645 Music,7789632267,2022-09-11T09:00:36Z,2022-09-11T11:00:36Z,(GMT+01:00) Europe/Amsterdam,7200.0,,,,3,5,0,94,0,False,False,False,False,everyone,False,g11521649,"[52.22, 6.88]","[52.22, 6.88]",3.583,4.99,83.2,23.0,True,163.1,196.0,False,True,44.6,25.0,8320235360.0,8320235360.0,garmin_ping_238582596931,False,1,2,False,20232024,1,a7789632267,wfv}H_g~h@Gk@Mi@ISk@AOG_@WEGMkAGOCE[Is@He@JcA?aCLi@EK?q@CcC[}BMwB[[?kAS_@]Wm@u@wAUg@GYWc@Yy@w@iCK{@EkCBqAC}@U}Bc@cDKoAOaAS}BSaAMeAOu@]uCs@gDq@uBS{@YoBISAUNwBl@{DPyBTwAJkDH{@ZeCFiA`@_DPmBIoAAsAQyCC_D?mC]yCOgCCiDG{@OcAq@kCi@aBk@uAIcALsCJuARoA@aAFq@RqAD}AJ}@VoA`@mAXm@`@k@^a@n@]\K\GPAXBf@CtAUnAMb@Av@H|AIl@MnAMpAUd@[^q@XoAD_@D}@H}@FQr@{@TOXUd@Uj@Kx@Sd@Ad@@r@Nf@Hb@Tn@Jh@BLAh@?j@Eb@SvA[j@Sd@A^@lAXhAj@h@Nz@p@bAbAXj@~@~@jAz@XV`@TtBp@hANj@Rd@FLHhAXf@Pb@\d@l@b@`@Zh@Xl@\z@Rv@XxBFz@FvBA|BB~@XxEj@lEZxAf@tAXl@V`@r@tAJJZTNh@NVZr@t@bDTjAb@vC`@dBh@`Er@pEXvCB^?j@ZfG@nBKdBqAbKIjAIrBQpAe@`FS~GGfAIx@QnEOnBOtDMtBIp@MpEQnCIfCOfAKfAi@jCQn@mA`COl@e@|@[`@gA`A_A^_@Di@?uBEwBm@oCwAi@G}@Jc@Tk@b@Yd@Sj@Y|AEp@a@|CMl@Up@_@r@,2,,,,,,Diego Galdino
2,Morning Ride,12036.0,2310,2384,13.0,Ride,Ride,,Garmin Forerunner 645 Music,7778323208,2022-09-09T05:42:33Z,2022-09-09T07:42:33Z,(GMT+01:00) Europe/Amsterdam,7200.0,,,,0,4,0,1,0,False,False,False,False,everyone,False,b10767637,"[52.24, 6.9]","[52.25, 6.78]",5.21,6.63,,23.0,True,112.9,136.0,False,True,70.6,49.8,8307408289.0,8307408289.0,garmin_ping_238300293000,False,0,0,False,20232024,1,a7778323208,kiy}Hktbi@JBhm@dv@MjAG`CBTH\?S?h@Jv@ZlBTbA`@hCj@nEXzATxB|@vGBv@VtALrAAbBBtBNtAZfBj@zBCA`AfBlBxDTVNHv@TpAP|@DzATZHt@DbAPFC@Dp@HnCCvBLFFFj@H~Cr@nNAtAVzJ?nBCxBCx@QvC@NAj@?nB}@dIKdB?ZIpAeAlHaA|ESXKRmAzEi@hBg@vAm@zA_AlB_AdBw@lA{@x@]b@cCvEgBlCcApBoCzGoBpEo@`BaArA{@n@u@~@i@vAs@|CW^w@h@Y\Sf@i@hBYt@]p@gCdEqBlDs@vAi@tAs@xAgDdGSZ_@`@[h@cAnBe@r@QLi@v@{AvCyAfCuB`E_CvE{@lB{@xAM^C`@LvA?n@CDDpAGRUZc@z@WZE?c@r@mB~AIZoB`DiB`D{AtCoAhCcFrIo@|AkBlDa@n@_EtH}@xAqF|J}H|NcArBgFjJ]z@o@|@wAdCwD~Hs@pAm@`Ak@pA{@vA}C`G]dAJXDDXL`BfA^d@DHTlA~@xFHx@RlAPhBVtAAn@Y|@O~AIbB]nFKhCIxEMtEGbFEp@@d@AtAAJSp@Q^FpA?rBKdCGrCIlC?zEG~KOvCMnFSbG@`EGbCy@fGOXMHAFCL@CA~@HJFKh@PTAz@HnCZvAVd@DF?v@Mt@Er@DtBXbBb@dATzAV~Bl@`Bh@bBZdA\x@?fADPBzBC~@HDX@hBKxBe@bD[~FClAk@pCSfBGHIj@Gz@EbBx@hELdA?\KjCa@xGMvDUfDGDQD_D_AcAUkAQwBk@CG?SLs@@MEA@A,2,35.5,,,False,81.9,Diego Galdino
2,Morning Ride,10969.7,2122,2253,10.0,Ride,Ride,,Garmin Forerunner 645 Music,7773309736,2022-09-08T05:58:05Z,2022-09-08T07:58:05Z,(GMT+01:00) Europe/Amsterdam,7200.0,,,,0,1,0,1,0,False,False,False,False,everyone,False,b10767637,"[52.23, 6.89]","[52.25, 6.78]",5.17,9.104,,24.0,True,129.2,168.0,False,True,78.6,41.2,8301762385.0,8301762385.0,garmin_ping_238176134514,False,0,0,False,20232024,1,a7773309736,oyw}Hqp`i@\tA~@bFnCbUTpCLfGNjBVzAJd@FEBBFX^~@lCvFFH`@^HBpBVfBRtBRbANh@B^Fn@?jBEfBJHBLRD^@zBFtBIv@@l@EZDz@^hDB~@AhBJlDNbCBdC?nC[xEApABlAA`@KlAYfBE|AWtAC~AEn@[|BgAtGc@dBc@vBeB~FeBnEoBdEgAzAgAfAq@dAyAlCwAxBaBdDqBjFs@|A[d@k@rAo@bB{@zAQPi@\_A~@i@jAg@xB_@hAY^UNg@f@MZ}@hCUh@kHfMe@~@m@|AuEtIq@|@oBlDo@n@QTyHvNwAxCgDrGE`@@b@BNP^B\Sj@]j@{@hBWp@yA~A[d@W~@MZeB`DYx@sBbDo@nAYb@wCjF_MnUaCdEeG`LwDrHkE|HmBbDeC~EmBhDkAfCiF|I}@rBmA`CsBvDQ`@GT@HDDRJ\L|AnANNP^t@|D^bEd@vCf@~B@V[dBc@bES|BO|EI~D@zAQxEIzEKjBEXCJ[d@?b@Nx@Bj@IfDShEGtD?xGB|B?nAGhDIlBYfDKhDEXB~BGdFIrAo@zFKZEDQb@?r@DFDEA@HBd@Jj@CfCVbCb@hAFv@Kr@@nAJjARjBf@lAT~Cd@tHtB~@B|@AzAHxAGP@HPFlAGvAm@`Ja@bFg@pBMxAOt@OpBE|AbA|F@ZKh@MrC]vFI~BK~AShBSJUCmD_A_CYy@Ue@YTaBMD,2,41.7,,,False,88.5,Diego Galdino
2,Afternoon Ride,10635.8,2218,2319,28.0,Ride,Ride,,Garmin Forerunner 645 Music,7770066237,2022-09-07T15:02:56Z,2022-09-07T17:02:56Z,(GMT+01:00) Europe/Amsterdam,7200.0,,,,4,1,0,1,0,False,False,False,False,everyone,False,b10767637,"[52.25, 6.78]","[52.23, 6.89]",4.795,7.757,,26.0,True,127.3,154.0,False,True,41.8,20.0,8298102490.0,8298102490.0,garmin_ping_238093945112,False,0,0,False,20232024,1,a7770066237,uk{}Haxjh@G`ADNBBJD~@F`@N`AJPJ`AN`@N~AXPCLODKJk@D]fAmTGw@s@eEOqAd@wG|@wCx@cMJmEC[UgAc@?oDF_C?QGIODk@Be@EGa@[QAuAPq@@OAsEaAeAOcAUkAS_Fo@g@QgAQoDa@_BOGEEWj@cJDoAJoIj@kMJaFEeE?gBX{JHoEPaDCOGYIUuBqAgAw@{@u@}@mAw@sAw@_BqAuBeBsDoBkDy@sAkCsDi@]g@q@Q_@y@kCmAwBK[?c@La@\q@^m@nAmC`A}BhAyBRk@pBeFj@aAPQT[d@_AfDsIrAsCb@gAzEiKxAwC|@yBzByEd@aA`@s@Vq@|@oBbAeCdBeDvCmGl@{AxCoGh@wAhBaEfD_HzCcHjByD`AwBfBwEd@aBp@oB^yA|@kCnDyMlA_ErAkGt@oCp@kBXgAl@cD`H_XNe@xAoDfDoLpE{PbBcG~AkFr@aDvAcFHo@xAmFl@aBZkATcAZoAlAiEl@eCbC_JRcAx@}CrAuE^_Bd@wA^cBd@mB~CsKhAaE`BwEAAE??Kb@wAbAwCb@cBlAeFx@eDlA_En@gBB_AA[G]g@aBIk@Iy@I}BCmCMeBm@{EWcC}AmLc@qBg@mB,2,45.1,,,False,100.1,Diego Galdino
2,Morning Ride,11076.6,2256,2327,13.0,Ride,Ride,,Garmin Forerunner 645 Music,7767715495,2022-09-07T05:51:23Z,2022-09-07T07:51:23Z,(GMT+01:00) Europe/Amsterdam,7200.0,,,,0,2,0,1,0,False,False,False,False,everyone,False,b10767637,"[52.23, 6.89]","[52.25, 6.78]",4.91,6.762,,24.0,True,114.0,146.0,False,True,41.4,19.4,8295433738.0,8295433738.0,garmin_ping_238042352501,False,0,0,False,20232024,1,a7767715495,azw}Hmp`i@Rp@Nz@^dBhAvIPbBl@bEb@dEJ~BDrB?lCNlATbAb@zAC@AC@AjCzE`AlBFHl@\v@Rx@J`ADnATlEb@pADtAA|@Dr@HBHP~D?rCJzCRtCFj@DdAD`EFfCCrFCzBQ`FD|@Cz@IdAWbBO|BQrAKlBk@rEq@`E}@~DmAhEq@tBoCdHu@pAs@dAy@x@s@z@mBtDaBbCq@jAmAlCqAjDw@fBmAjC]bAy@zAk@p@eAr@k@z@i@`Bc@jBe@z@o@f@YXYt@i@hBc@dAyA~Bi@fAsDjGo@~Ag@bAoD|GeDvFQRi@b@Yf@cAnB{@xAu@~AaBtCmAbCqBtDwAvCI\@NNv@?XGd@Qn@y@|B_BdB{@hASbA[l@k@`AkDnGeGlLuBhDq@pAeAvBsBxD{AbCwCzF_AdBU\q@lAyFxKuClF}A`DeAbBiC|EgBtCy@bBUp@eFbJ{@fBmF`KHVdCnBRTHRh@xBVdBXvCv@zDPnAFp@Op@Mx@m@pFKnCKzFYhFOvJBz@C\OdAYz@@XJh@?^KnFWrH?~MErDYxFOzEE`DIhBObFe@jFCJY\AH?EAz@FFBETJzD\x@P~@J`BHdAQvD^|Cx@rDp@r@PlBp@jATnA\|CLtCGZBDFBJ@fACj@Kx@MxCM|AMlCYpDaAbEK|@Cn@S|B?LBj@bAhFBj@m@fLC|Ac@hFEJGBQ?uCaA_Cg@uA]k@[PiA?EEIE@,2,38.0,,,False,85.8,Diego Galdino
2,Afternoon Ride,10634.1,2217,2423,26.0,Ride,Ride,,Garmin Forerunner 645 Music,7764412448,2022-09-06T15:03:13Z,2022-09-06T17:03:13Z,(GMT+01:00) Europe/Amsterdam,7200.0,,,,1,0,0,1,0,False,False,False,False,everyone,False,b10767637,"[52.25, 6.78]","[52.23, 6.89]",4.797,7.353,,29.0,True,114.9,135.0,False,True,41.8,19.4,8291761304.0,8291761304.0,garmin_ping_237960039621,False,0,0,False,20232024,1,a7764412448,wk{}Hawjh@?VHLPJd@Hd@NvARZLv@Ll@RZDt@NRCNUHe@f@iFAoA@s@JoCTsECs@}@uF?g@\yGj@mBNeAVkDLyBDuAZgF?YGe@Mm@GA_ICo@WHy@AU_@_@g@AeBVWCaCe@i@Iu@SuA[cB]sAScD]c@SWEiH_A[IG[?c@f@mHVqMd@aKDeE@mKPyFDgDVwGA[G[MWqBqAiA{@}@y@u@}@i@y@oAcCuA}Bq@}AiC_F_EcGW_@e@]m@u@GKQu@s@kBsA}BE]F]FM~AgD`@q@xGeOfCwEj@yAt@cBhAuCjDmHxAqDbBiDlBiEj@eArEuJvBcFlA}B^cA\w@zGsNx@wBtFuLbEcJbBiDzAwDfCcHfAmDfA{DtByG`@kBr@_Cd@kBLgAF?VyA^yA~BgI^qB^_BbG}U\gAt@_Bh@sA`CiInG}UrDkMd@sBh@kBl@cCDYt@qCj@mBRc@Ni@~AmGn@wBxCaLj@wBHk@l@gCxAmFZyAl@aBb@gB`CqIhEaOz@aCDGABEAZiARo@`CaJl@oBfBkHf@kADFHaAAg@Ge@]cAUuAWwDCwCe@sEeAiIg@{CMqASuAQgAaAcE,2,45.2,,,False,100.3,Diego Galdino
2,Morning Ride,10936.3,2033,2112,12.0,Ride,Ride,,Garmin Forerunner 645 Music,7762127947,2022-09-06T05:53:19Z,2022-09-06T07:53:19Z,(GMT+01:00) Europe/Amsterdam,7200.0,,,,5,1,0,1,0,False,False,False,False,everyone,False,b10767637,"[52.23, 6.89]","[52.25, 6.78]",5.379,7.928,,24.0,True,131.6,162.0,False,True,26.8,4.2,8289198695.0,8289198695.0,garmin_ping_237907100268,False,1,0,False,20232024,1,a7762127947,yyw}Hqp`i@pApFr@lEl@pGf@|DPnBTlDFhEN`CZjBPb@DFx@bB~@fBv@~A`@n@RJ`@JfDb@j@@`D`@VDADFHb@CdA?nC@`AJFDBLD\J~BBxCb@`JGpB`@hI@tBAhCKfDIrAAtCQjBUxACp@WlC?v@M|ASxA{AdIe@pBe@zAeBrGaApCe@jAw@~AaA~AyBfCq@bAo@nAgBvCo@jA}@bBk@rAeAvCw@bBmAbCk@xAw@|A}@v@g@\m@x@K\i@xBk@dBSTs@h@IH_@t@s@~Bk@pAWf@mChEiClEo@hBwDhH{BtD_AdBW^_@Zm@~@yAxCwF`KoDlHYl@K\Dv@P\?FGTQtAw@nCWBOFa@^}AnBSx@MXeDvF}D|HuDtG}BnEsBpDkAbCkDfG_NhWwIxO}BlEaA|AgBxDaDvFoBvDkDdHg@lAP\\PZRvAfAR^Hb@Z`Ch@|CHbAlArG?L[z@Kd@UzBUzCOvCYnKGtGMxGGd@Wh@GVJn@Bj@?r@WvGOjDExBBzGDtCErCIhB[~DS`FEzFGvBm@tHEJWZA~@DBFEf@Nf@AlAJpB^pANv@DnAUzBRrCp@|Cj@~Bf@hBj@rAVfBf@pBFTDjCCt@DFDFh@Bn@MlBk@rE[xFCbAMn@i@~AMrAEhBQrACr@Db@dAzFAb@WjCMjCCnCKvBIn@Cr@UnBIHIDUAwEqA}A]y@Y_@[Fm@,2,44.0,,,False,89.5,Diego Galdino
2,Evening Run,5186.1,1609,1612,14.0,Run,Run,,Garmin Forerunner 645 Music,7759610496,2022-09-05T17:03:34Z,2022-09-05T19:03:34Z,(GMT+01:00) Europe/Amsterdam,7200.0,,,,1,2,0,1,0,False,False,False,False,everyone,False,g10593679,"[52.23, 6.89]","[52.23, 6.89]",3.223,5.52,79.6,29.0,True,138.0,171.0,False,True,50.8,37.6,8286380712.0,8286380712.0,garmin_ping_237837512089,False,0,0,False,20232024,1,a7759610496,}ex}Hemai@oDkDg@_@cBwAsAyAk@a@gAiAYQq@q@iBmAuAsAcBwAaBiBk@c@k@_@g@Wu@i@aAqAWQs@e@]e@a@[a@e@BFnCvAfAr@\X|DpD\`@`Ar@^`@h@\`C`C`BpAt@p@l@`@jApAT\~@n@dB`BdBlBhAz@^\`@f@`Av@hAhAOSqBmAg@_@OQ@APL\Zp@^lAbADJw@e@cBwASUzAv@r@p@j@`@o@i@cB}@m@k@fAh@vBfB]M_Ae@yAiACEJ@^RhBlAb@^BDMIyBmAu@k@CGB?`CjAn@d@HRiCyAuAkAcBaBeB{A_@c@o@c@kAoAmAcAy@m@_DoCm@i@eAiAcAw@e@Ww@y@k@e@o@e@oAuAyBkBu@s@kAyABDpA|@rBlBbAr@hEzD|E~DrAnA^XnAhAbAv@XXn@f@LP|BnBb@b@z@p@`CbC,2,,,,,,Diego Galdino
2,Afternoon Ride,10656.9,2333,2413,26.0,Ride,Ride,,Garmin Forerunner 645 Music,7758860597,2022-09-05T15:04:00Z,2022-09-05T17:04:00Z,(GMT+01:00) Europe/Amsterdam,7200.0,,,,0,2,0,1,0,False,False,False,False,everyone,False,b10767637,"[52.25, 6.78]","[52.23, 6.89]",4.568,7.558,,29.0,True,112.5,136.0,False,True,20.8,0.6,8285556206.0,8285556206.0,garmin_ping_237824177198,False,0,0,False,20232024,1,a7758860597,al{}Hywjh@Gb@FX^RdDt@v@Z\JdAVl@JF?RUDIf@sDHqALeE`@qHEu@g@uC[qBb@{Hj@mBDKDCFWDc@PqDRsC?qAPgCFqAKeACIEGOCqFDu@FQCa@IISHmAKSMOGC[CmAP_AB_AUaKmBwEq@c@Q_@GiDe@uBUSKCW?[b@yGH}BJaKf@eKHqGGuEDeCRkEDkDPmGAWGe@SY}AaAyB}Ag@i@qFoJwBoEkBkDsDiFg@]w@iAYkAi@sAs@cA_@q@C[D[~AcDp@mA`CaGr@sAxB_FP_@~AeCdDmIr@}ArAgCn@_BdAqBn@}A`BeDfAsCjB}Dd@mA|CmG`DkHZ{@|ByEhB_EpCsGrC}FTo@xDaInBoEf@eAbA{BlC}Gf@wAjBqG`AyDtAoEtAeF^mATkApA}Fh@mBl@wAXgAV_BlAyFh@iBVmAfAeEp@oCBIC?@Gl@iB|AuDtAuEx@gDjAwDlAgEbA{Dr@aCn@iCdBaGrBuI|@eDjAwDh@wAPm@n@uC|@mC\kBr@cC~AcGRy@RqAZoAh@cBt@uCdBoFXyAnEePl@iCf@sAh@cBh@qAp@oCjCsJZ_AX{A`BsFVq@FMN_A@k@CUs@{BQuAIiB?wBG{AcAkIc@aE}@uGy@cEy@gD,2,40.3,,,False,93.9,Diego Galdino
2,Afternoon Ride,10576.8,2312,2523,33.0,Ride,Ride,,Garmin Forerunner 645 Music,7742601389,2022-09-02T15:03:29Z,2022-09-02T17:03:29Z,(GMT+01:00) Europe/Amsterdam,7200.0,,,,0,3,0,1,0,False,False,False,False,everyone,False,b10767637,"[52.25, 6.78]","[52.23, 6.89]",4.575,6.744,,27.0,True,122.3,145.0,False,True,76.6,53.2,8266938853.0,8266938853.0,garmin_ping_237428644436,False,0,0,False,20232024,1,a7742601389,kl{}Hiujh@`@Fr@NdBJd@Vv@NdAZv@LN?NGTi@J}ARuB@kAHyBd@_Jc@sDYoBA[RwCH{BDWn@kBPgBL_CHgCLuBFwDKyAGSECMAcDBaADaACi@KEICIDkAAIKOWMa@BaAPy@@MAcBc@kASgCo@qFw@sAOa@Q]GyAMyCg@cAKQGEIAM?_@f@_IR_L`@qIH}CBwC?eJJuCHaBTuL?q@Ec@IQGGiBiA_BkAu@u@}@wA{@_By@oAcAiBgBqDuB{DmDiFOO_@So@}@_A{C{AgCC[Ji@p@yAp@mAhA}BtAkDfAoBv@cBl@_BT]\_@bAsB`@mApBaFtDaIhCeGpBcE~DcJhAuBj@uA~BgFtAsCTo@h@kA|AgDlBiEfAwBp@gBv@aBdCmFd@iAzA{C~CcHf@sAz@eBjCoGV}@lB_G|AkF~DyN`@kCjA{EfBoFv@iE|DmO~@wD?@t@}Bz@kBd@qAjAeEzJw^zA{Ev@sDn@wB`@iBLk@BY`AaDdA}C`@wAb@kBjAsE\kAd@kBzBmIxB}I`BkFz@oDbAcDlDsMhCgICHA?d@{ARaAz@uCNs@z@}Ch@uBjBeGXu@A@Nw@?}@Ia@Yq@Ok@MqAWyHSoBcAqH{@uHg@cDKo@yAaG,2,41.5,,,False,96.0,Diego Galdino
2,Morning Ride,11039.1,2148,2252,9.0,Ride,Ride,,Garmin Forerunner 645 Music,7740416440,2022-09-02T05:50:33Z,2022-09-02T07:50:33Z,(GMT+01:00) Europe/Amsterdam,7200.0,,,,2,0,0,1,0,False,False,False,False,everyone,False,b10767637,"[52.23, 6.89]","[52.25, 6.78]",5.139,7.223,,22.0,True,126.4,150.0,False,True,73.4,51.8,8264479233.0,8264479233.0,garmin_ping_237377274575,False,0,0,False,20232024,1,a7740416440,gzw}H{o`i@n@rBn@nC\fB^~C`AhIb@lEJzAZzHNxAf@lBB@EA@AC@BFjAzBlAbCR^^f@FDh@Rz@Hf@Jv@DdBVZH~@Hr@@@BC?H@hF?j@Fb@JLTNzD@bBVxGJx@@`ACt@L`C?dAJzD@lCCbCQtF?tAOdB_@dCClAS`B?|AKjA}@hFg@pCi@dCeCtIkB~Ey@nB{@|As@`A{@|@m@x@_BtCcBhCqB|DWn@u@zBw@jB}@bBsBxEW^QN_Al@[Vi@fA_@nAe@tBSd@sAnA]t@{@hCq@nAyAbCqBrD_AxA[p@y@zBOXcBxCyApCs@bAoAvBoAxA[d@qKlSiA`CcAlBM^C`@BjAEl@]~@If@e@fAmAvB]P]d@Qx@c@`A_DtFq@hA}IdP{H|NaA~AwD~G}EdJgCfFkD~FiElIm@bAqBpD{@bBSh@gCtEaA`BmGxLq@vACJ@JJRp@^nA`AVTP`@z@lEVdBJhAz@pGCn@Sp@Kv@e@vGMbCObFK`CIxDG|HC~@M|@Un@?TJv@@`AYjHCjCEjB@~NCtB]zFMtCQtKM~BYtBShC]j@?C?x@FHj@Nv@AlDb@|@NpAJv@Ip@CpANtB\`AVnB\vA\vAXbBh@bBZrA`@fDJfBCf@GJPDjAQvAKzAw@~MI^a@rAG^SbBWfDA\@^t@`EPlA?b@e@`IO`Da@vFIVUB_DcAuAYm@Su@KUM_@MCSJ}@AECDAAFB,2,40.0,,,False,85.9,Diego Galdino
2,Afternoon Ride,10751.3,2276,2394,20.0,Ride,Ride,,Garmin Forerunner 645 Music,7737238028,2022-09-01T15:08:21Z,2022-09-01T17:08:21Z,(GMT+01:00) Europe/Amsterdam,7200.0,,,,0,1,0,1,0,False,False,False,False,everyone,False,b10767637,"[52.25, 6.78]","[52.23, 6.89]",4.724,8.25,,26.0,True,119.3,141.0,False,True,56.2,22.8,8260928192.0,8260928192.0,garmin_ping_237296686927,False,0,0,False,20232024,1,a7737238028,_j{}Hwtjh@d@UZBXFF?p@ThBf@jAb@NARWFWZiDB_BHcBf@{JIeAu@{E?m@^eGv@uBLm@JqCTwEDYFsAJqC?g@GcAKQa@GiAAiEFYAYIGIHgACSGUSW[@eB^k@?YC_E{@_AWCCg@M}Dm@oCWc@QyIkAKQA[B]d@yFLeCJoGP}FRaED}ABkDAuG@eBRoEFmEN}FAu@CMCKOUQOgB_AcBuA{@eAsByDk@{@{@{A}AgDsAkCc@o@sBcDqAiBg@WWUYa@q@cCSe@sA{BA]F[Vg@jAkCj@kAhAqBVw@zAsC`CgFv@eA^s@Pg@^kBpA_DrD}Hx@yAj@iAzAoD|@cC~AsD\m@n@uAhBqDn@}ArCaG~@cBTo@rAsCtAmDjAcCdCyFz@eBx@sBlFaL~AwD`CiFtD_KT}@j@_BpAmEp@oBzDeNHQNSCMEE|AcH`AcDd@kBj@qCvFuTBG@DJe@d@yAbA}Bv@gC~AuFzCcLt@kCtAgFpAwEz@qCfCgKHi@bCaIh@mB`@cBn@sBhCgKpAuERcA`D}Lh@yAj@yBvCsK^{ApAsEpBaG@GCBAAHWt@mCTk@p@aC~AmGPg@xAoF^cAHKHg@A_AC[IYYm@Oe@EYOoBEwACaDKgAIe@g@sDo@kG[cB[aDq@aD_AmD,2,44.0,,,False,100.1,Diego Galdino
2,Afternoon Ride,10644.1,2507,2621,30.0,Ride,Ride,,Garmin Forerunner 645 Music,7731677198,2022-08-31T15:00:41Z,2022-08-31T17:00:41Z,(GMT+01:00) Europe/Amsterdam,7200.0,,,,0,0,0,1,0,False,False,False,False,everyone,False,b10767637,"[52.25, 6.78]","[52.23, 6.89]",4.246,6.072,,26.0,True,129.0,161.0,False,True,37.0,8.4,8254706195.0,8254706195.0,garmin_ping_237162784278,False,0,0,False,20232024,1,a7731677198,{l{}Hwvjh@LVRPPF|Bh@rBZhBh@VBN?LQV{@\_FAi@RyDVyCF{BgAqH?Kf@_Hl@oBNu@x@sP?aBEk@Qc@m@?gADy@?mBE{@MICCEDuAUYa@Iu@L{@Fo@CyBa@uEeA}AUkDa@i@Ig@S}Ci@wAQ}@Gc@KES@{@VsCLuBHoEBqE^eIRgGCaLBwARcFBaCPaG?e@Cg@EWMSgC}AiA_Ao@s@}@qAsAcCa@m@w@uAoBcEaAmBo@cA}@uA_AoAmA}AYMOQYc@Q[Kc@m@kBe@}@q@eACI?[BYZs@dE}Ir@wAh@}@p@}Av@yAVg@f@q@h@cAlAiDdDuHbAyBb@s@lEeJd@uAh@sAlCmGtBiEh@sA\q@d@kAdBgD`C{FjDuHhAqBh@}A`BeD|D{IbF{KZk@bDsHd@sAVeA|AiET}@d@cA|BcIn@uCl@_CL_@Zk@Bu@?EEE?E|@{DZgAfAeDLa@x@mEnEiQb@cBHQ?Kd@{AjAqCb@mAb@}AlCyJ|BeIjDmMv@cCj@qBd@wBrAaFLy@vAaFhAmDh@eCpFcSVcAPcA~AsGv@oCx@aCd@wBfA_Eh@gB|@iD`AmDpB}FX_ABFhBqHvBuHLs@XgAd@sAb@eBVu@@E@D@GHc@Be@C[EYc@oAMo@MyAE_AEmEEe@{AaLo@kGWaBe@qCs@iCYwA,2,38.5,,,False,96.5,Diego Galdino
2,Morning Ride,11034.4,2205,2331,12.0,Ride,Ride,,Garmin Forerunner 645 Music,7729370967,2022-08-31T05:48:15Z,2022-08-31T07:48:15Z,(GMT+01:00) Europe/Amsterdam,7200.0,,,,1,1,0,1,0,False,False,False,False,everyone,False,b10767637,"[52.23, 6.89]","[52.25, 6.78]",5.004,7.75,,21.0,True,121.6,147.0,False,True,31.2,7.6,8252124272.0,8252124272.0,garmin_ping_237111111758,False,0,0,False,20232024,1,a7729370967,gzw}Hop`i@xAfG\dB`@fDT|Bt@hF^dDNlBHzABhDF|@PxAFZ`@nABBC@@?Zh@|ArCfA`CZXPF^Fh@Dh@AhC`@nCXt@N|@?xAEdABb@DXHLVRpF\rK@bAC^PdFDjD?~EQjFA|CIpAYlBCfAUzBCnBIv@_BzIo@|Ca@~A}AbFmBhFiAdCm@hAaCbDw@jAaBtCaApA{ApCkCzGkBxDiArCw@nAWPe@Vo@n@s@bBOr@o@tBS\{@n@GHWj@o@vBm@tAsHnMi@tAy@bB_D~Fo@|@}BbEs@l@OTy@fB}DfHoAnCmC|EqApCSj@A^B^Jj@S|@i@hAqBvCY\QX[t@Qr@Qd@o@pAsIpOcAbB}GpMmBhDgAvBcIbO_@x@GDw@zAiApBkFdKaAbBeDfGuCxEcA`CkDhG_E~Hi@|@q@rAcAzB?LLRl@X`BnAFFP`@XlA~@xFJpAz@`F@r@_@nAQxAc@rFQjGWrMAbBMnEQbAKHMd@@JLp@Dn@e@rOAbFDjGA`CG~Aa@bHInBOxKIlA[rCMhBCLSXCJG|@DD@Al@Nd@Cx@FpBVv@NfALh@@`AQnAH~Ch@zA\jCd@jB`@~@^h@NhB^p@R^FrA@tEEH@JRHfAKdAMbCo@~FIh@MdBA|@If@g@`BA|@U|EAh@v@bGB\_@|GCpBI`Ba@tGMPIBG?m@QcA_@aAUuB]{@Qy@_@Dg@H[@[AAEBAF,2,38.8,,,False,85.6,Diego Galdino
2,Afternoon Ride,10454.4,2249,2394,22.0,Ride,Ride,,Garmin Forerunner 645 Music,7725933034,2022-08-30T15:03:11Z,2022-08-30T17:03:11Z,(GMT+01:00) Europe/Amsterdam,7200.0,,,,0,1,0,1,0,False,False,False,False,everyone,False,b10767637,"[52.25, 6.78]","[52.23, 6.89]",4.648,6.759,,26.0,True,114.5,153.0,False,True,30.8,9.4,8248293819.0,8248293819.0,garmin_ping_237028908386,False,0,0,False,20232024,1,a7725933034,ic{}Hgtjh@H?lBj@d@BLKFSNyAFu@@wAJqCRoCRcECk@q@eEQsAPqCJaCNw@^iARaADy@ZyGAe@PsBJuB@m@KmAKEy@CwA?a@CqADw@?a@EGAI]@UB?@K?a@KOWO[C_AP]Bo@AyCi@mEeAiDg@_BOeAYuC_@}Dq@GGCKC]FmA^cEHsBJoI^qGLcDB}B@oCAsBBqFHwB?m@Dm@FgDPgF?iAEa@OSwFeEg@s@q@iAu@uAq@eAu@qAkB_EaAaBu@wAyD{Fg@[MQq@mAW}@O_@k@kAu@qAEIAi@Pi@nAsCT_@r@oBfA_Ct@oAxB_FlB_DLWRs@jAgCl@_BlCkFtBkFjCaGnB_Et@mBtCyFd@kAr@wA~AsDfAuB~@_ClDaIp@wAp@oAfAkCtBmE~CaHr@wAvDmIzBsFx@eBv@yBbCgIj@yBxBqHvAuFZi@@QC@pAkG~AoF~@wEpF_TCB?@t@eCVq@`AcCb@eBp@cCVeAhAwDfBkG|AkFn@{BxAwF`AyCf@_CjBoHtAsEZu@h@kBl@wCdAwDb@eBtBuHfBwHhBaHh@yAdA{D`CiJtA_FbBqFp@yAlBiHvBkINw@d@yAdAyDL[CLBCFYDo@As@Gc@[u@UiAEg@[kJa@}DQuASgAi@mESqBo@qEKi@i@cBc@aB,2,40.8,,,False,91.7,Diego Galdino
2,Morning Ride,11041.3,2321,2433,11.0,Ride,Ride,,Garmin Forerunner 645 Music,7723581752,2022-08-30T05:47:46Z,2022-08-30T07:47:46Z,(GMT+01:00) Europe/Amsterdam,7200.0,,,,0,0,0,1,0,False,False,False,False,everyone,False,b10767637,"[52.23, 6.89]","[52.25, 6.78]",4.757,8.153,,22.0,True,110.0,134.0,False,True,44.8,8.8,8245665534.0,8245665534.0,garmin_ping_236975313002,False,0,0,False,20232024,1,a7723581752,{yw}Hgp`i@|@tCp@zCdAhKn@jFLnAVnDJvEPbBRxAR~@HV@IC?AJhBbDP`@dAnBVVPHr@LnBRbFx@lAJv@?`BG|@Bv@HFFJVZpHPpFDrCEl@?\JtCLlF?hBCtCOlE?lAGxB]hCGjAUvBAt@GlAUdB]rB[xAaAfEc@~AEJWrAi@lBsCvH_BdDm@bA{@z@u@`A{BzDsApBkBtDq@hBg@~AkCjFy@vBo@jAYXg@Z{@~@S\O`@w@hDKXW\}@t@a@v@q@tBw@zAuEhI_AzAS^aA~BmD~Go@dAw@fAs@nAu@bA]XWb@uBdEwFnKgEhICP?PTtAALm@jAc@fA]n@sAjBq@vAOv@KXwDnGgBjDcCnEw@pA_FnJ_DvFgBjD}B|DeAvB}DjH}CbGeFbJ{EfJq@fA}@`Be@hAgDlG}A~CoGbL?XNPn@^lA`AXVJTT`A\`CT~@RpABh@~@bHCj@Y~AU~Bg@dIYbPGzACxEGdAETEPUZERLnA@\]nJEnG@rHAdCg@zJIzBQ|Mm@`IGT[f@Ct@DDHCf@Jt@?nC`@rD`@tAQF?zEr@~Bb@VHn@HpATjI~B^DrA?lAH`CIFFBLBv@AZo@xH_@tDK|Co@xCQzAUtDA\B\b@fBXtAJj@Bj@u@~KOvCAn@WhCWJyBc@gCs@]S_Bc@UKCGHiAGCCBADLPHVOABSB?DLD?@a@j@bAMH,2,34.5,,,False,80.0,Diego Galdino
2,Evening Run,8001.0,2461,2519,24.0,Run,Run,,Garmin Forerunner 645 Music,7721358820,2022-08-29T17:27:39Z,2022-08-29T19:27:39Z,(GMT+01:00) Europe/Amsterdam,7200.0,,,,7,1,0,2,0,False,False,False,False,everyone,False,g10593679,"[52.23, 6.89]","[52.23, 6.89]",3.251,4.655,81.2,23.0,True,163.5,182.0,False,True,69.2,45.0,8243178439.0,8243178439.0,garmin_ping_236910646160,False,1,0,False,20232024,1,a7721358820,yex}Hsmai@cB_Bq@q@q@o@_@YcAm@i@e@uAwAs@e@[[uBaB{B{B{@s@aAq@{@u@qBuB_@Y[_@]Yg@]}CqC_A_AC{@MKa@I_BIsA[KMCUAYEK[[eAy@]_@i@]yAoA_@YeB}Au@m@]g@cA}@eAgAqCuBm@q@{@m@iBmBYQ_@_@uB_Ba@Wk@e@g@s@oAkAmAw@aB_Bc@W{@{@kB{Ac@_@u@w@QUy@y@o@e@k@][a@YW]KiCqA[c@M_@AIJ]NWDODg@CwAQ_CC}A?yAF_A?w@OuDSeASyA@oAIsAEcDB}@XsDHkBHq@LyDToBTgCFeA?s@AgBKgAC_CGkB?kEEy@O{@OsDG]G}@[uFSoB?]N_@ZI|AJf@@t@_@`Au@\]dA]D@LRH^HtCH~@XnBnA`GV~@bAtBlFzJjAnBdArBxA`C\p@t@dBv@hAb@^h@p@pCtCGF`Ax@`BbBZf@n@p@~@pAXj@h@zAVz@Dr@Bh@Ch@C?CTEr@@FHHh@R^Vv@z@Zd@x@`Bv@jBbBfDjCjEn@`BbAhBrB`Dv@xAZ\d@ZpCzEt@hA|@bBtAlB\l@l@lAr@lAp@~Ah@p@Xf@~@bAnAnBl@jA`@j@x@pAnAvB~@hAv@lAxAjB^j@x@|@b@n@bBtBdAbA^Vd@Ld@DtB?DBH\XvC\|GBjBF~B?rAu@hH,2,,,,,,Diego Galdino
2,Afternoon Ride,10760.3,2438,2619,28.0,Ride,Ride,,Garmin Forerunner 645 Music,7720500033,2022-08-29T15:04:44Z,2022-08-29T17:04:44Z,(GMT+01:00) Europe/Amsterdam,7200.0,,,,0,0,0,1,0,False,False,False,False,everyone,False,b10767637,"[52.25, 6.78]","[52.23, 6.89]",4.414,6.437,,26.0,True,119.9,147.0,False,True,42.4,19.0,8242223478.0,8242223478.0,garmin_ping_236893989215,False,0,0,False,20232024,1,a7720500033,ol{}Hyvjh@XLVTJBzA^l@HbBj@dAZZL\DVMNm@h@iGA{@HkBPuBH{B@kA_@qCe@sC?Y`@kGLs@j@_BHaABcAPcCDqCLmARmD?UQyAEEg@AiH@WMEGAUDS@e@IOUS[CeBT[@{@O{@ScAQe@O_E{@gBYeBQuA]cDa@sB[e@EYIIW?]XgENaBNcHF_G\kFHyBBsHCkDBcCNmCJgGNeEA}@Uq@yDeCs@o@m@o@qB{Dq@eAaAeB{AcD{@}AgAkBqDoFg@]o@w@g@mBWm@kAwBIUGWJe@vBwEhAmCt@{AvB}Dl@{Ad@{@f@u@jAsC\eAlCaGZy@jAcCrB_Ff@}@f@kAn@mAnF}LhDiH^_AnByDjCkGx@aBr@kB~A{Cd@sAr@aB`C_F|@uBrEmJ`DiHzA{Cr@kBl@{B~@{CdA{CdAaEd@yAjByHb@kADa@A?`@aBf@eCd@eBnAyD\wBz@}DfDcNjBwFp@aB^gAfAsDvGkVpB}HvAmEXeAb@}BfAcEHSJo@f@aB^}@`@iA~@eDTsAT_AHWPa@^kAbAkEjAuEz@wCLu@|AyFx@sDj@aBjAwEhAoD`DoLhAqDf@yAlByGxAwFb@uBbBsFl@{A@FLkAEs@Ke@Wm@GYO_AMkBGkBAmBOgBg@qDuAkLk@aEiBoH,2,39.2,,,False,95.7,Diego Galdino
2,Morning Ride,11033.3,2556,2556,10.0,Ride,Ride,,Garmin Forerunner 645 Music,7701658631,2022-08-26T05:49:50Z,2022-08-26T07:49:50Z,(GMT+01:00) Europe/Amsterdam,7200.0,,,,0,1,0,1,0,False,False,False,False,everyone,False,b10767637,"[52.23, 6.89]","[52.25, 6.78]",4.317,7.328,,25.0,True,109.6,136.0,False,True,41.0,17.6,8220880537.0,8220880537.0,garmin_ping_236444462989,False,0,0,False,20232024,1,a7701658631,uyw}Huo`i@N`@`AvDZxARnANzARhAb@~DLz@`@rDZnEAjDHjAP`Bp@fCXn@hBbDr@zATTVJvDf@dADbB^h@HpAHfCCr@BbAJJPTdFJrELfDDtAChAVhEFbBBzEEdBQ|DAp@?pCG~@Q`BI`@KfBSnAK`Cq@fFgAvFq@rB{ArF}@tC_A|BqAjCa@v@k@|@mAnAQTyAvCe@t@s@`AeBvC_@p@_@`AmAhDo@tAs@lAi@tAY|@Yp@]l@[ZqA`Ai@t@c@fAk@nCGR[`@u@h@MNUd@e@zAq@bBwA|BmBpDqAtBq@tAm@zAq@jAo@rAwBxDw@jAgBfDm@h@UZaCrEg@bAiBlDoB`DwAvCWn@eAnBGZLz@Dl@M`@w@lB]p@c@t@[Xo@fA]t@Q~@MTmCrEq@nAuAvBqC~FsDlG_CpEaH|LkChFcAvBqBlDuB~DmCxEw@|AyAfCaJjQoC|EmA|Bg@x@eFtJk@rABVDHb@Jv@f@t@h@^t@L^t@`EXlBFbAXtAZlCBb@Cf@[vAG~Ao@vGIfEQhECvDI~EIlB@TIbAUp@EDKf@Nx@Bf@a@|KGhFCpBLfKC`Ba@dF]lHI~CDtBIvAS`CWzBYZGPB@Cr@FFr@Lr@Cz@FfEp@\Bd@@z@Or@?|@Hp@HlAZl@TRDpB\j@LvAPvBx@rBb@bAXzBFZDl@?jBKXBHR@JCzA]hEGlD[bFGf@i@pAWt@?`@MlAMjCAtA|@~EDf@?f@YxGEb@IzDM`BQzAQv@OHOCiAa@s@]s@QqAWqA_@aAMAGTsAM?EFAAH@,2,28.2,,,False,72.1,Diego Galdino
2,Afternoon Ride,10914.7,2565,2709,25.0,Ride,Ride,,Garmin Forerunner 645 Music,7686997608,2022-08-23T15:04:57Z,2022-08-23T17:04:57Z,(GMT+01:00) Europe/Amsterdam,7200.0,,,,0,0,0,1,0,False,False,False,False,everyone,False,b10767637,"[52.25, 6.78]","[52.23, 6.89]",4.255,10.851,,29.0,True,117.9,153.0,False,True,20.8,1.0,8204279800.0,8204279800.0,garmin_ping_236102763713,False,0,0,False,20232024,1,a7686997608,ci{}Hm_kh@uAxCg@rARB|@^dAV`@Bz@P^B|A`@`@NXG\k@F_@PoBZmF|B|GQMOe@Km@aAyADgCRcEDmAMiAOs@]wBK_ATaENmBx@}BBSVuEFiCJ{@VaEBm@Gu@Mm@ECMAgDHWBkBGm@MGMDmAY]_@E_BTS?_AE_AS_Co@qDu@cFo@[GWMWGqAKwFk@MQA]TaDLiANkB?wBNoIl@_LDeF?cBEiB?aBVsGB{CPcGCy@EU]g@aBqA}AgAs@u@gA_ByD_Ho@eAkB{D{@wAu@gAWc@mAgB[a@s@m@]g@g@_Bm@{AcAeBCKC]F[JUl@cAxCqGxBmElBiEbAkB`@_Ab@qAj@eAb@qArAmCfAiCl@kA`@iA`@s@|CmHfAqBp@}Aj@aBfA_C^_AvAmCXq@bAyB^q@`AwBv@}Bz@_Bf@oAVg@RWh@sAdAuBv@oA`FkLzDqIhBcEbD{Gp@cBn@oB^cAd@yALi@Rc@bA{DtAoEXs@b@yAjA{ENy@^_ADYK]?Bp@yBn@aCbAcDZmAZkBz@wDlB}GlAaFLq@@DXkARk@nAoCVs@p@_CvByIz@mCpA_FlBsGh@{BRq@`@eAv@sCr@}ClAoEN_APq@dBgF`B{GPeAp@wBpB{HjAcEPiAd@cBbCwI`@gA|@yD`@wAdA{DfC_J`AyCp@mBDOCIb@qAx@eDh@eBPa@t@wC~@yC`@{A`@eB\_ADA?@BEFe@A}@Mo@i@cBMkAIqBA{BMsBKo@c@{Dk@wDo@cG_@gCmB}H,2,36.2,,,False,92.8,Diego Galdino
2,Morning Ride,11070.6,2462,2487,1.0,Ride,Ride,,Garmin Forerunner 645 Music,7684468159,2022-08-23T05:49:25Z,2022-08-23T07:49:25Z,(GMT+01:00) Europe/Amsterdam,7200.0,,,,0,2,0,1,0,False,False,False,False,everyone,False,b10767637,"[52.23, 6.89]","[52.25, 6.78]",4.497,6.582,,23.0,True,122.8,147.0,False,True,22.6,2.4,8201439654.0,8201439654.0,garmin_ping_236049627795,False,0,0,False,20232024,1,a7684468159,_zw}Hgp`i@`@tBr@dCXvA`AvGHvAf@pDl@bFJrABtAAd@TvC^hCd@~AZ|@~@fBv@fBPXVRt@Nx@JvDl@x@HlAP?CDAb@F\BjA?p@AfBF^^z@lS@b@Cb@BfBJnCFf@DjB?nDGdCQzDAdCEr@O`BObACb@KfAMx@AX?nAWvBq@dEeBlHaB`Gu@`C}@|Bw@`B_AhBu@hAqA|Ai@|@sAjCgBbCyAvCiCxGYp@]h@s@vA{@`Cs@fA{@h@UT]^Yb@O`@kA`ESZOJs@v@KT_ApCu@dBu@nAw@hAs@lAyB~DQ^Y|@kAvB}CbGk@v@gCdE}@bAiDxGgFjJyCfGGb@Bd@N`ACJ_CpEcBjCSf@If@q@xAmBdDqAdC{AlCwArC}B|DcGbL_GjK}AzCiFlJy@`BmCvEaGhLiCtEk@pA_B~Ca@l@mEdIs@fAq@vAwB`EcAtB?LHTxBxA`@^Vt@bA`GNfAJrAr@bEFv@c@tBIlAUdBOdCCnAMxDE~CWdIKnFIbAG`@UZC\Jj@Lx@?LEdBKhAKlBOfFBjPEtCMbBa@xHInLe@dFS~A_@t@Al@@HFHBAFDXH`@E\@dCTxC^^BbAQ|ALzAVbCd@|A^rDf@~Al@tDdA`@@bAAz@B|BCX@FFDHDlAo@pJWjFI|@_AfCSnBQxCAx@fAfFHv@WxCQtDAzAEhAYtCKbBCXQNQ?cBo@}Aa@sCi@}@YCE?OJw@?MMG,2,26.0,,,False,64.1,Diego Galdino
2,Morning Ride,10795.4,2284,2330,0.0,Ride,Ride,,Garmin Forerunner 645 Music,7667581577,2022-08-20T06:24:15Z,2022-08-20T08:24:15Z,(GMT+01:00) Europe/Amsterdam,7200.0,,,,0,3,0,1,0,False,False,False,False,everyone,False,b10767637,"[52.23, 6.89]","[52.27, 6.76]",4.727,5.938,,26.0,True,120.0,148.0,False,True,23.0,-0.2,8182335605.0,8182335605.0,garmin_ping_235651272257,False,0,0,False,20232024,1,a7667581577,azw}Hqo`i@~@~CRt@Jf@d@hDj@nENjBXvBRhAf@vEHpB@xBF~@RjBx@`DALeBbFsBlHe@lAsA|Ei@fC{@rCc@lByA`FmBzHuAfEa@j@g@|Aa@dBOnAuDbNsBfHo@lCoBpHk@`Bi@nBa@~@k@vBYz@MPUPUJe@j@m@nDiAjEkGfSa@bAa@rAWzAWz@s@rBaA~CoAdDS|@a@xBGNAC?BiBzGgArFo@rBoBnIe@jBsAvEs@zDg@|B]jA]`B]|C}AdGaAbEe@rAi@rBoAjDgCbG}A~C_@jAu@fBoArCUV}@bBwCrGe@z@sDjIq@jAe@`A_AjCyApCsBlEo@jAw@hBaAtBUn@Wd@gAlCk@jAgB`EaC~Eg@lAw@dBc@r@i@rAu@vAgDxHm@nA]|@i@nAg@fAcAjBkA|CgA~B_BnCYj@q@fAUj@i@p@]v@Cj@Ml@mAtCsAhCg@`AGBO\o@rBq@`Bu@|Aw@lBk@fAu@`B_@fAcBjDo@xAy@xAi@lAq@nBq@`Bw@|BYj@o@jCe@jAo@xBQ^?I@Bo@bDq@lCo@pCm@|Bc@jCo@vB_@`AWjAc@vAYjAWpAyAhGUpBOr@_@fAa@tAEDc@lAEUO@AHBRHhAA|@Ef@e@|C?j@NnCNpBBBBPVbCP`CDx@PvQ@~DFnBAjAEtBSxEQbCOfBg@jIQjAGNCd@Sz@KdABd@XtAXtBn@rC^dDHtAPxHBdE@hBCvBMdB[|BW~BUxDGbBAdBBlCa@nCBn@THj@MHEFRBRJN\Dp@QZc@Vk@AISg@EAIDYf@?WI?QQ[hB,2,29.3,,,False,67.0,Diego Galdino
2,Morning Ride,11211.4,2453,2493,11.0,Ride,Ride,,Garmin Forerunner 645 Music,7662590561,2022-08-19T05:41:15Z,2022-08-19T07:41:15Z,(GMT+01:00) Europe/Amsterdam,7200.0,,,,0,2,0,1,0,False,False,False,False,everyone,False,b10767637,"[52.23, 6.89]","[52.25, 6.78]",4.57,6.76,,22.0,True,112.4,147.0,False,True,40.4,17.6,8176705270.0,8176705270.0,garmin_ping_235522326202,False,0,0,False,20232024,1,a7662590561,mzw}Hop`i@t@pDd@rBz@tFz@xG^pEd@dDJdGHz@XnBZdA^|@n@dAjBlD\Zh@N|BZzBH^L`BV@CLFj@Hj@BtBIbBLFBJRDj@@dARpCJpC\`EFbB?rBRnHCtHUnEAdBO`CSlAOpBSvAAxAG~@_@bC{@`Fe@jBY|AmBfGi@nBm@tAe@vAwA`Dm@dAwBzBg@z@uAjCo@z@u@jA{AzCe@xAq@bBu@~AcAjB_BzDo@|@gAx@k@r@c@`A_@pBY~@WZe@Zq@|@w@zBm@zAcC`EoDjGsAbDkApBcBdDw@pAmBnDW\[RY\yAnCeAfCeDjFyBbE}B~EC^PlAB`@Gv@[l@U|@IPe@z@{@t@]j@Wj@IZk@lAYX]l@}@bBm@vAy@lAkBrD}AfCiApB}A~BwAfCyCvFYl@iBfDu@|AqAzBqCpFuBpDqB~DkDxFyAvC{AnCSXa@z@}@|AWj@_AhBSV}@lBwAjCw@nAeAzBm@bAYp@q@`AgBrDaAfBUt@BTFFl@XpAdATTPZVdAfAdGDn@v@nEJ`Ae@fCQlBSrCQdDMjGGjGMhGKzBIn@_@tAJt@BnAOvDIbFE|OG|Em@`LKbJGdCM`BU|AMvACJEFULApADDHAZJj@@b@BbGp@r@BbASdBRnAP|@JxC|@lCd@vA\|Ab@j@L`Bf@|@Dt@@tDEPDHTHfA?ZWlCO|B[~HGh@IZy@vBSrBM`E@ZXdBj@jC?L[bESrHK~BMlBIf@ONQ?sA_@QImCk@iAe@_B]AGLiAGEEBADHA@BJ^CHBKEAAK@@?K@?PL@AAGNRJ^@AALJBJNM@IQSHDMZH,2,32.5,,,False,79.7,Diego Galdino
2,Afternoon Ride,10740.9,2524,2798,26.0,Ride,Ride,,Garmin Forerunner 645 Music,7659576737,2022-08-18T15:06:45Z,2022-08-18T17:06:45Z,(GMT+01:00) Europe/Amsterdam,7200.0,,,,0,2,0,1,0,False,False,False,False,everyone,False,b10767637,"[52.25, 6.78]","[52.23, 6.89]",4.256,6.362,,28.0,True,104.7,124.0,False,True,41.0,19.8,8173332010.0,8173332010.0,garmin_ping_235446768944,False,0,0,False,20232024,1,a7659576737,ol{}H}wjh@IX@XBDHHt@Tt@LT@dAZf@EN@nAd@b@Jp@HNGN_@NwBDeBJm@VqFVeD@yA}@wFGq@@g@FuARcDHc@j@_BNw@PcCRsF^oGOoACEOCy@?aADq@EuAA{@Ee@SDeAIQMOUGwARo@@mDg@kDy@mGs@k@Mu@[g@IcBQ_AQiAO}@IEGCKA[b@aJBkENgGNoBZuGF_EEmHB}BRcETmK@{@Ga@Qc@GEkCaBmB_BUWs@mAi@kA{AmCuBcE}A_DiAmByCeEa@Qq@gASa@q@qByAiCCI?YBMNa@r@wAFYR_@d@qAb@q@`AqBx@wBZ]|AsC`AgCr@_Ab@{@b@gAn@qBnA_CjAuC^u@h@{@^oAzCsHh@}@dBiDh@wAx@cBJ]`AwB^eAZo@b@u@~@cCjAqBf@aAVq@zAgDrAgDrAoCh@w@dAqCxFuMnByDtB}Ep@qAV[|@_Cz@iC^}@bA{CfAiC`AiDx@kDtAiEx@aFx@iBEKj@sBb@iBtAoEjB{InEmQBOCCn@mBd@gA`@u@b@uA~D_Oj@eBb@}A`@mA|A{Gj@}AnByGv@aDjAeEVsA|@gDd@qAn@uBZkAXaB\w@La@nAkFfCkJPiAdAcD|DaOZ_A^{AhAyDlBiHhBqFh@{Bv@gC~@oD~BaIZyAf@eBb@sAFK?@Js@?i@Mw@Wq@S_ASiBGwA?i@G_CeAqJe@yDg@kCAu@YsB[gBiAqE,2,35.2,,,False,89.0,Diego Galdino
2,Morning Ride,11022.7,2291,2326,11.0,Ride,Ride,,Garmin Forerunner 645 Music,7657186931,2022-08-18T05:56:35Z,2022-08-18T07:56:35Z,(GMT+01:00) Europe/Amsterdam,7200.0,,,,0,1,0,1,0,False,False,False,False,everyone,False,b10767637,"[52.23, 6.89]","[52.25, 6.78]",4.811,7.37,,24.0,True,125.4,157.0,False,True,20.6,-22.2,8170651307.0,8170651307.0,garmin_ping_235395577683,False,0,0,False,20232024,1,a7657186931,gzw}Hop`i@fBnI`@fC`@rDp@bEp@zEV`EDtCHnBN|A\nA`@z@x@zAbAvBZh@RRNFrANhFn@hBXbBBnBCb@@z@JFBLPBLRxDTxGNxC@pBXdHDnBAhE[bLK~AW~AIfAOrAI`DeAzGs@tD[pAa@lAgA~Ds@xByAxDu@bBs@nAu@dAs@p@s@z@gCvEw@dA_@n@iBvDaBlEc@`A}@xA}@~Bu@|AUZeA|@UXa@n@]~@g@tB[z@]d@a@Ve@j@_BjEi@bAsAtBkDdGq@vAe@pAcEvHgDrFOT[Vi@x@kAzBk@|@gA|BcDdGmAtByBvEA^RfA?LG^o@pAy@xA]v@q@r@w@|AQt@Wp@]f@c@v@{BpDmEnIeD~FuI`Qk@z@e@dAgAlBiAhBmJpQiIhOs@nAiC|EyA`DqC~Eu@bB}CrF_DdGCLDPLJ`@RjBvALNN\Z~ANjA^tBVtB^nBXpCAVO^YnA_@|DWjGItIG`BS|KOhA[d@C`@N~@Bz@A~@OpCGlBKxGBlJEvE]pHM`BGzCEfFE~Bi@xFSn@OJAFC~@@DZLVBn@A`Hv@|@@z@IbCTp@LdDv@v@N\Bh@HbAT|Br@lBd@t@T|@@jBCZB~BAFBFHHb@Dx@i@dHa@dIGj@s@dBMd@A^MdAUbEDh@z@rEHh@?\QbCK`C{@dNKRGBIAs@[yAc@gCq@{@YeASCONy@EKG?CD,2,33.2,,,False,76.0,Diego Galdino
2,Evening Run,6031.6,1930,1949,7.0,Run,Run,,Garmin Forerunner 645 Music,7654326978,2022-08-17T16:01:29Z,2022-08-17T18:01:29Z,(GMT+01:00) Europe/Amsterdam,7200.0,,,,0,2,0,1,0,False,False,False,False,everyone,False,g10593679,"[52.23, 6.89]","[52.23, 6.89]",3.125,3.829,81.2,27.0,True,160.4,182.0,False,True,26.4,17.4,8167479882.0,8167479882.0,garmin_ping_235322403841,False,0,0,False,20232024,1,a7654326978,ibx}Hwr`i@aAh@mCdAk@z@k@d@{@t@g@n@k@~@QPeAx@u@t@}@l@w@\s@n@MCUJs@l@]R{@dAcA~@_@Le@HwAb@c@IK@eEdA}B^]@k@LKG?GY`@w@PcCZa@Ly@f@yBp@UFkBNeBd@i@VSCBGA@a@ZeBt@eAj@iAXaAw@WMc@Qs@O]MYUe@UqAg@_Ae@_@KmAa@kAe@m@Sg@WaAYw@[w@e@iAc@gBy@c@Mi@UiBk@cBs@wBiAmB{@WWAQPq@Pe@z@yDd@gCRe@PYz@_Al@_A^aAnAsE~@uCn@oCr@cCb@mBZgCXqBp@aBNY~@wCfAsCPq@Ts@Pc@FEr@UtAG`@DP[j@}Cl@cBp@kARU^IjAIpASn@OhADh@Ar@KtBi@~AWnAa@vBi@hA_@XEl@CrADh@FpATzA`@h@RpARXNBj@DNf@h@f@ThA|@pBhBjA`A`@b@z@t@Z\bAx@hAx@|AnAfBpBdAx@tApA~@bAd@\`@`@jA`Ab@V^\`@h@lAhAx@|@,2,,,,,,Diego Galdino
2,Evening Weight Training,0.0,954,954,0.0,WeightTraining,WeightTraining,30.0,Garmin Forerunner 645 Music,7648712741,2022-08-16T16:39:46Z,2022-08-16T18:39:46Z,(GMT+01:00) Atlantic/Jan_Mayen,7200.0,,,,0,1,0,1,0,True,False,False,False,everyone,False,,[],[],0.0,0.0,,29.0,True,106.1,131.0,False,True,,,8161253030.0,8161253030.0,garmin_ping_235194685519,False,0,0,False,20232024,1,a7648712741,,2,,,,,,Diego Galdino
2,Afternoon Ride,10714.8,2448,2612,27.0,Ride,Ride,,Garmin Forerunner 645 Music,7648308308,2022-08-16T15:01:57Z,2022-08-16T17:01:57Z,(GMT+01:00) Europe/Amsterdam,7200.0,,,,0,1,0,1,0,False,False,False,False,everyone,False,b10767637,"[52.25, 6.78]","[52.23, 6.89]",4.377,7.283,,30.0,True,117.9,142.0,False,True,14.8,-8.4,8160806278.0,8160806278.0,garmin_ping_235187166259,False,0,0,False,20232024,1,a7648308308,}g{}Horjh@?KZ}@^Dj@Zl@H\N\Hb@Bb@PN?LKJo@LuAFcBAaC@}@RyA`@iHm@kDSeBDiCDyAHkA`AqCRiCFsA@oEPkFGuAIe@WAwAHU?aCRgAIKIDsAGQSQ_@EaAPq@FSAaAQ}Cu@uEy@}Ek@q@Sa@C{Bg@kDc@MQAk@`@iIDeEBa@DiEAaAl@cHLkB@eCEsMLmCHoANeKAi@EYO_@OOoBiA}AuA{@_AqDgGw@{Aq@eBgAuB_DeF}AyBUW[Qg@u@KUMi@k@{A}AmCE]F]JWhA}BVs@`BcDxAoC~@gCVi@|@{B|AaCh@sAfAeCdAuB`B_E`@}@x@wAr@sBn@wAxAsCb@gAHKxC_Hl@oAl@cAnC{GTYR]l@mAlB}EtAyCn@_BbBiDxAkDb@o@P_@bB{DtCiGT[r@uAlFwMn@yAhAsDpAeDVaAh@}Ar@gCt@yC\gApAeF|@iC@KC@N_An@kCp@yBd@sATw@t@{DhGyVC@@Hn@sBj@oA|@cCdBaHvBwHf@{Ad@_B`@gBzAqFlBoGfAsEhAaE^gBxC_KnAoFhD}Ld@oBTm@NaAjAiE~@uDtAwEl@aCfBgGd@sAnAaFvAmE^_A`AcDReAv@aD~@cD\_AzBmI\gA?BDCF[@m@Ai@Ie@]y@W_BMcBCyCKgBSaBqAkK]aBUiCS_BY}Ag@{Bc@{A,2,40.6,,,False,99.3,Diego Galdino
2,Morning Ride,11048.2,2256,2256,9.0,Ride,Ride,,Garmin Forerunner 645 Music,7645813775,2022-08-16T05:49:19Z,2022-08-16T07:49:19Z,(GMT+01:00) Europe/Amsterdam,7200.0,,,,0,1,0,1,0,False,False,False,False,everyone,False,b10767637,"[52.23, 6.89]","[52.25, 6.78]",4.897,6.84,,25.0,True,117.5,150.0,False,True,47.0,4.4,8158044400.0,8158044400.0,garmin_ping_235134631588,False,0,0,False,20232024,1,a7645813775,yyw}Hgo`i@x@dDJj@z@nIh@dDTlBVvC`@rDZrGPjAXvAX|@l@xAZd@l@~Al@lAPZTN|AV`CZv@LpALf@?`@DNCn@Jp@@fBIfB\L`@R~BRpH\xFPrLAhFSfF@f@EbAAdAGbA_@jCM|AKx@ChBEd@aA~G]lBy@jDmChJq@hBk@rAm@lAoBnDiAhAeAzAaApBgBrCo@jA{@|Ai@`By@vBa@|@q@lAaChFS^[^YPcAz@q@zAc@rBUv@MVOP]PYXWb@gBxEsCpE{CnF_AhC{CtF{@dBk@v@y@~A}@xAo@j@}@|Aw@|AgAjB}@jBiCrEuAhCmBpEA`@H~@AJQf@I|@aAbCKf@}AfBQ\Ut@MVm@~@sAbCq@~AcAdBw@~ACNgAnBoEzGaDdGgAhBaB`DmBbDoD|G}DhHwBjEeElHuAtCwFhKmAbCwBzDcAxBgB~CwCtFu@xAa@~@DRb@ThA~@XPXXP^Pp@|@~FN~A\`B`@~CA\Wz@QpAUhCYrGWrMEjFGhCGjAEZa@dA@ZJv@@r@c@|LCvEB|KE~AIlBc@lGE~@E~BEvGBLIjAi@xFKTUTGf@?`@BBHCb@LvAFhGt@n@Bn@ML?n@D|BTj@Lf@NtFbArI|BlADhFCPFFFBJHrAg@xGMpBIpBMhBGj@u@xBMv@IXQbEAl@B\v@rDRpAA^[pEYtFEfBYrDOPSC_Bc@_AKyA_@qAe@g@Ge@AKO?KNgACGE?,2,35.7,,,False,80.5,Diego Galdino
2,Evening Run,5010.4,1511,1511,10.0,Run,Run,,Garmin Forerunner 645 Music,7643163333,2022-08-15T16:29:14Z,2022-08-15T18:29:14Z,(GMT+01:00) Europe/Amsterdam,7200.0,,,,7,2,0,1,0,False,False,False,False,everyone,False,g10593679,"[52.23, 6.89]","[52.23, 6.89]",3.316,5.036,80.9,28.0,True,154.4,190.0,False,True,57.4,46.0,8155098230.0,8155098230.0,garmin_ping_235063179552,False,5,0,False,20232024,1,a7643163333,oex}Hemai@wAuAwBmB_@Sa@k@w@i@yCcCu@y@o@g@yEeEyC_Cs@e@u@o@eAgAcCkBa@k@eB_BGO@}@CGQKc@Gc@Ce@KwBWIKGg@GMmBwAeBiBe@a@e@m@_@WgA_A_@e@c@s@a@]kA{@aAcAeBwA[Sy@c@]]eA}@a@m@k@m@iBuAoBoBi@Ui@g@[g@a@_@m@i@uCuBk@OKG{@gA{AmA}@y@IIGQWYcA_AYMOW?OECJL~@j@h@d@\^z@l@z@|@`BlAdB|Af@^HJVVLTz@bAhBhB`@TdA|@j@`@b@h@l@b@b@`@nAz@p@j@|@bA~@~@fAx@NNLRhA`At@^d@\`AfAfBjA`AjAfCvBb@Vd@`@`@f@BDDd@VZpAd@d@Jb@Hl@@d@ZAj@DLj@^TTdAl@fBbB~D~C`DxC^VhAbAjAnAbCzBbCtB|@l@d@f@xAnA`@XhAvAnA`A,2,,,,,,Diego Galdino
2,Afternoon Ride,10681.2,2474,2549,24.0,Ride,Ride,,Garmin Forerunner 645 Music,7642757382,2022-08-15T15:01:21Z,2022-08-15T17:01:21Z,(GMT+01:00) Europe/Amsterdam,7200.0,,,,0,2,0,1,0,False,False,False,False,everyone,False,b10767637,"[52.25, 6.78]","[52.23, 6.89]",4.317,7.642,,29.0,True,118.2,150.0,False,True,101.6,82.8,8154647273.0,8154647273.0,garmin_ping_235055330320,False,0,0,False,20232024,1,a7642757382,_l{}Hwvjh@@F^Zz@BTHNJf@J|@Vn@FzBd@`@GDGPwA@oCJeB?}@FuAVyCHwB?}@cAaGHqCHcB@e@Da@j@{ARu@HeAd@wIT_DD{AK_AM_@iCDw@G{BJe@WAWBk@AOIKg@WgBVs@AeBc@{FiAw@IsFy@e@OgAMgEo@cAKGGCK@_@ZaIDoB@aCHkEZsEDaCNcEDsCAqCBmELkCRgDF_H?_BW{@{BuAuAgAu@w@k@}@eBcDU[_@o@kBkDq@uA{AcCw@yAgC{D]Oi@o@Ye@GYm@iBaBoC?_@Lg@hBeDpAeC~A}Dp@_AJcAPk@^u@t@eB`AcAd@}@`@qA^_Al@eAjAeC`@}A\aA~@}At@iB|DyIxBgEZs@xAwCb@sAd@eBXu@j@kA`@i@|B_EnAeDn@sA`BwDzA{CbCgGr@oAbCgFj@qApAgC`FmL|A}DtAeEbAoDr@qB`@uAlCoI`AuETm@R]@ICMbAiEnBeGPuAZeBf@iB~AwFbAiEZiAZwABS?Fj@uBrAqCbAyDh@aBhBgHfBmGtCwKzA}Ev@mD`BoFPcAr@eCPaAnAuDh@_Cl@{B^iBjAwDfAiE^_A|AmG~@_Dh@cCd@wA~@sDdAoD`BmGbAkDd@qAbAmDb@oAv@kC|@iDx@kDlAmE`@iAfAwDJm@Am@Ec@a@mAWoAMqCAaCIsAk@eE]eDa@yCq@oDA}@Go@UaBkAaF,2,37.1,,,False,91.7,Diego Galdino
2,Morning Ride,11417.8,2382,2579,11.0,Ride,Ride,,Garmin Forerunner 645 Music,7640201571,2022-08-15T05:39:16Z,2022-08-15T07:39:16Z,(GMT+01:00) Europe/Amsterdam,7200.0,,,,1,2,0,1,0,False,False,False,False,everyone,False,b10767637,"[52.23, 6.89]","[52.25, 6.78]",4.793,8.231,,26.0,True,114.5,154.0,False,True,109.4,86.4,8151798507.0,8151798507.0,garmin_ping_235000146162,False,1,0,False,20232024,1,a7640201571,wow}Hwaai@|@RPBxB`@\XLPNBt@?rDu@b@M~@c@lA]@I@}@D_@TI`@EZJPfCRrDJP\ER`@Vt@Bh@CF@C@FSBGACAn@eAMBEDCbABr@Db@H`BTbALlARpE`@|FBl@@hADj@BbAh@jFR`BPfHHxB?h@OhAIdAGrACnBDjBCJQXQI_@CGBIP?Zd@jJNfFTfEHnGFdBDdFAtBAz@OnC?hAEx@MnAQtAG~ASnA?nBCXUfBaA|F}@tE{BfHyA`Eg@pA{CbFgAnAs@dA_BzCcArAYf@wAlC}AjEgBlDgBfEm@dAqBhB[j@Sb@_@`Bk@fBOTc@Xg@h@wA~DuB`EiBzCgBbDuA|CuAjC}@xAcAnBo@`A{@|Ai@z@_AbAYf@kBlDk@~@aDdGgEnIUh@CP?PPjAWn@?p@Gx@C\Mb@OT?HMTCJMPmAtA[Pg@`A}A|B_@dA{@tAWZi@`AMb@BT@x@q@hBsCjDkA`AiAnAaAvByAlCu@xAmB`D{FjKuBfEmDnGqAhCc@p@{BfE}AhCwAvC}@vAq@vA{AlC]|@aB`DgBtC}AhDoDtGeAdCBVHJd@RbAt@b@`@Zv@d@`Ch@~CTrBr@lEBd@CZQn@GXm@|HIjBGdC?x@BVOzFSzE@jBGlDQn@[ZAJLz@Fv@?\SfFUdIAfBBbE?nGIxBe@fIAxEKvFEj@a@hDO~AIRSLAHChAHHXDdABzBTlDh@d@A|@Q`@@jEr@tBd@xDr@dCz@pBb@PFr@Nn@B`@G|@ClA@hABNFHTHzAMrD]xDQzAKzDUz@a@hAAZOrAUdDAh@BXf@hCZ`Cc@hHWrG[~DMPS@sCs@kCk@wBk@CGASLiAACGBAD,2,36.5,,,False,87.0,Diego Galdino
2,Corrida noturna,12000.0,3848,3848,0.0,Run,Run,0.0,,7549813894,2022-07-29T19:24:05Z,2022-07-29T21:24:05Z,(GMT+01:00) Europe/Amsterdam,7200.0,,,,0,2,0,1,0,False,False,True,False,everyone,False,g10593679,[],[],3.119,0.0,,,False,,,False,False,,,,,,False,0,1,False,20232024,1,a7549813894,,2,,,,,,Diego Galdino
2,Afternoon Ride,9916.2,2385,2404,27.0,Ride,Ride,,Garmin Forerunner 645 Music,7543519877,2022-07-28T15:07:25Z,2022-07-28T17:07:25Z,(GMT+01:00) Europe/Amsterdam,7200.0,,,,0,2,0,1,0,False,False,False,False,everyone,False,b10767637,"[52.25, 6.78]","[52.22, 6.88]",4.158,6.384,,26.0,True,118.7,147.0,False,True,64.8,23.0,8044113532.0,8044113532.0,garmin_push_9291645325,False,0,0,False,20232024,1,a7543519877,mh{}Hasjh@T@ZEV]f@Ht@PvBr@b@GJ_@Fc@JaBHg@f@iLJ{ADeBu@iFEs@JqAD_CJuAr@wBPkAJiCR}BHkDJuAFyAE}@K]GAqA?c@EkBDqB@m@IEG@KJe@Bi@S][M[BkATi@@_@Es@S_Ca@kBc@cCe@kBUq@M{@QSK[GkAIaFo@[KCW?[h@}HAu@FwAAkAByB\{GRqFFyDCmB@_EFoCN{DFyGBuAHmAAUI_@We@aDqB]Yk@i@o@}@o@gAm@mAiByCs@uAcA_CcCkEkBiCS_@o@w@a@SABAGa@m@o@{Be@aAoAkBEW@MH[JUbAqBb@gAb@s@h@mAdBgDlBcFj@kAjAuBf@eAj@{AXe@hAyC`@s@p@_BT_@~DsIz@wBNU^w@r@}An@gBxAuCj@oA`@s@fAiCnEmJL_@x@gB`@sAn@yAdCaFl@cAdA}CtFgL|CqHnGaNrAcD~A}FRe@~@_E|@gCXsATw@v@gDn@kBpAgG`@yAf@qAd@}Ax@cEvAkGbBcGb@qBVaACBRu@Z_Ax@cB`@eAz@{CxAwFbAoD\uA\eA\sAl@aB`@aBVsAj@qBT}@hAoD\qAXsAbBuGHg@VeAbBqFn@eBNo@Hc@~AuGpCaKf@aBlAeF`BoGz@uC@K`@{AbB}F~@sDbEyMPq@Ls@^eAfA{DbAsCVcAJ_A`AaDf@{BTw@PYx@_CTSRi@d@_C\qAVi@DAVHv@n@x@t@\b@B\Ep@BL@AAECL@F,2,36.2,,,False,86.4,Diego Galdino
2,Morning Ride,11141.0,2221,2539,13.0,Ride,Ride,,Garmin Forerunner 645 Music,7541110149,2022-07-28T05:54:47Z,2022-07-28T07:54:47Z,(GMT+01:00) Europe/Amsterdam,7200.0,,,,0,1,0,1,0,False,False,False,False,everyone,False,b10767637,"[52.23, 6.89]","[52.25, 6.78]",5.016,7.184,,20.0,True,127.9,151.0,False,True,45.8,18.6,8041447745.0,8041447745.0,garmin_push_9288706827,False,0,0,False,20232024,1,a7541110149,qzw}Hop`i@lAvE\|Av@nFVrC|@|HHd@TjCD|DNzBTfBb@`BBCD@DHZp@~@bBVn@x@dBXTRHr@JlAJd@HlBPfALhARNR@JIjAy@vIo@~IW|B@LDHLLt@LpADz@NfBJfB@zAFNJDT@hBC|FSlF?|BEdAUtBIb@EtA[hBCtAWnCy@|EgAlFiBnG_C~GWl@eB`Da@h@_AbAs@`AmA|BqClEyAvCmC~G_AfBwAdDm@~@WXy@j@_@b@MTc@lA_@fBWt@_@h@a@ZOPY`@iAhDa@v@oAtB}BhD{@zAo@xAc@pAsD|G_@v@eA`B_@v@{@xAUZk@h@Wd@oAbCwBvDaFnJyA|C_@n@OZCb@RhBQf@?|@I\[f@s@`@s@n@e@r@q@tAMh@KXcCnEsB~DmCxEeBrCeDvGgDdGyBfE{BzD_PlZ_A|AaDfGcA`B{@`BmBfDg@jAkBlDo@hA{@v@c@r@EJMj@s@~AkEzIAVBF`BjAbA`ALTVz@l@xCPjAPzAbAlF?d@ITUt@SvAUrBO|BW|B?rDGjEMhFIlAMdGKr@Q`@Cf@Jd@FdA?p@Q`DGxB?hBKxCGhDDtB?|FGlCa@rFKhCCdBBzBExBOxCKt@Ez@WdBKPQPCDB`AHB@C@@n@NTA`@BbD`@t@BbBPtAObD^x@Lr@Tz@Z`B^z@J|AZjBl@xAZ`@NRDfB@bAJfCCNRD\@h@]pCErA_@zDS~EKf@m@pBSjCGjC?p@D\ZvBXvAJlA?NYvDWbCEhB@vBWlBEl@I`@SFSCoAc@w@QQ?{@K_AYEGq@[}@UEKDGFu@CII@BFF?@VDJAJUBFGFU`Ap@,2,39.1,,,False,86.8,Diego Galdino
2,Afternoon Ride,10929.4,2025,2095,31.0,Ride,Ride,,Garmin Forerunner 645 Music,7537843275,2022-07-27T15:10:45Z,2022-07-27T17:10:45Z,(GMT+01:00) Europe/Amsterdam,7200.0,,,,6,2,0,1,0,False,False,False,False,everyone,False,b10767637,"[52.25, 6.78]","[52.23, 6.89]",5.397,7.652,,22.0,True,132.1,158.0,False,True,46.4,22.2,8037855186.0,8037855186.0,garmin_push_9285021333,False,0,0,False,20232024,1,a7537843275,uj{}H}ujh@CVlAXZB`@Hd@P|Bl@v@HHAPSJa@j@yFNqBf@}JCg@Kw@u@cEAS@y@JcCLuABi@v@eCFa@Du@\}F\wHCc@Kq@GKIGUAoFHoAC]OFOLaAAKQQWOQC{BTOAkB]sASgCs@kFw@{AOWKc@IeBOyEs@IECKA_@l@yIFaEC]DaEZqFTeGB_CCyI@aAL_D`@gOKe@U]qE{Co@q@m@}@kCoE_AeBy@gBmBkDeFaIGGg@S?AB@BCe@i@Q_@Ou@Wu@a@{@oAwB@_@J[jCoFfBcEjAeC|AwD^s@t@aAn@wAn@_B|@_BRu@`@cAbBqDbBaEvC{GbDoGh@sA|B}Ez@qBnAiCf@iAhAoBXo@Pi@tBwEdC}F\o@Tq@r@cB|AuClAiC`@aAdEgJr@gB~C}Gz@qBf@}At@mBr@yBbAmDfCcI^iBfBqGLq@DB?BAEVsA~@gEzA}EjA}FdEkPfAwDf@yAr@_Bl@qB|CeLzCiKl@{BhAsExAuElCuKP_Al@yBtAwDpAkGnA{EnCuJfAsE|BgIlAwDb@qB^qAn@kBt@gCv@kDf@eBn@oB^_BPk@t@qBB]VaAv@iCz@kDN]t@iC`AuDnAmE?DEFAABQDq@A}@c@cBM_AOeBAoCCk@M{AQaAMU]NI?OIGI_D}FgGwJoAiBU_@Oc@{AmCKI@BEMYaBYmEWcCKwA@SBCtA\,2,61.5,,,False,124.5,Diego Galdino
2,Morning Ride,11160.8,2276,2306,11.0,Ride,Ride,,Garmin Forerunner 645 Music,7535385604,2022-07-27T05:52:04Z,2022-07-27T07:52:04Z,(GMT+01:00) Europe/Amsterdam,7200.0,,,,0,2,0,1,0,False,False,False,False,everyone,False,b10767637,"[52.23, 6.89]","[52.25, 6.78]",4.904,6.445,,21.0,True,132.0,149.0,False,True,105.8,83.8,8035141052.0,8035141052.0,garmin_push_9282038471,False,0,0,False,20232024,1,a7535385604,gzw}H_p`i@Nt@p@lCRfA^zBZ|BRnDVtAT`CBl@Fd@Lh@\fFF~CLrAr@jDHBLNjAtBfBnDFHd@Xr@JfGf@zBXLPA\uAvMKbCo@`H?JLLhFb@r@@f@DfANt@DV?`@DFHB`CM`IOpCAfB@z@OhBSvAQlBUfBAdAS`Cy@rFi@tC]xAoCbJkAhDk@lAuBzDeBrBm@`AgApBeBlCoBpDmCtGs@|A_AjCc@bAw@dAy@f@a@^U\U`@Qd@aA|DUZa@Xa@b@i@jAYdAQf@m@nAwFhJCJu@pAkAlCwAlCk@lA}@|Ao@~@{AnCU\m@h@Yb@}BfEuDjHqBhDuBpESd@C^BNT~@Mf@OXUx@Wj@i@bAoAvAi@x@KT]lA}@`Bg@fAmCvEuAnCm@`AuAjCiF~I_BdDiAtBsBhDk@tAiD|Gw@tAcA|AoNfXmBdDc@|@cBlCg@nA[r@_BvCc@|@kBfDsB|DqAtBcAxBGVFV~@h@z@l@f@d@P^Ld@t@vFNr@@\T`BRpATvBCXc@vB[tCUdDMzKSlHItHG`@IZMNIb@Hl@DrAGjBO`CQrH?jHEpJ]fIOrIApAq@~JUf@MHGPAC@~@BFNDZBpA?`AFpC`@~ARVCv@OhAHtCh@~E`AbB`@t@VxA`@t@NnAb@d@DzAEtAHt@?n@EZ?JTBZBh@YhBU~CUxBS~A[xDk@nCOxBI|B@dAl@zEN|AI~AO|AAtAk@nJKtAGXGBQAcAc@{@WsB_@aCm@_@YJm@@a@MJF@DR,2,35.3,,,False,80.3,Diego Galdino
2,Afternoon Ride,9986.6,2069,2147,23.0,Ride,Ride,,Garmin Forerunner 645 Music,7532010248,2022-07-26T15:04:25Z,2022-07-26T17:04:25Z,(GMT+01:00) Europe/Amsterdam,7200.0,,,,0,1,0,1,0,False,False,False,False,everyone,False,b10767637,"[52.25, 6.78]","[52.22, 6.88]",4.827,6.508,,24.0,True,123.0,153.0,False,True,107.2,89.0,8031423291.0,8031423291.0,garmin_push_9278242624,False,0,0,False,20232024,1,a7532010248,}k{}Hcvjh@CFFNb@JvAXz@Vt@Lf@Rr@PdAFHANOFYZwCZuDBi@@}BXsE@gAo@yC_@uB?i@h@}G|@aCPcBVmE@y@\kHCYQcAEGGC[AgEH_BA_@GKKLmAEUYQGCo@Bi@Je@Bc@?cAQqCs@kAUKG{@O}Gy@s@WeAEcBYoDa@E[@a@`@_EN_CXyNHiA^{IBgBCyG@sBNgED}DR{IGWMSe@]cAg@y@g@gAeA}@cAw@sAy@cBo@cAoA_CsAyCuAaC{A_C{B}Cg@Ys@kAm@uBiBeDA]HYpIeQ`AyBd@{@dAyBtAkDn@oAd@oAj@oAdCiFlAqCf@_AzAaDrEeKx@wBzBcFf@aAf@mAp@iAr@uAp@eBjCsFf@oAfCoF|A}D|DuIvAsCpDaIpAyCXy@rAmCnAwC~@yCH]v@yB^wBVs@nAiFZ}@x@oC~@wBEa@@GEE?Ev@oDXcAnA_EdAaFrGgWj@eBt@eB|A}EnA{EjFqRX{@v@wCrAgEh@}BvAyFPy@lB{GlAqDZeBnAoEf@{BfCgJ^oB~@{CnB}H^kAZoAdBuGv@oCxBeHbAoDn@kBFa@A@?JP_AvCyJj@_CnCwJ?A@F?GAB^}@V}@X[JSFWHy@HY`@sAj@_BNOp@r@dAxANXH\?LEFAE@A@HDD,2,46.3,,,False,95.7,Diego Galdino
2,Morning Ride,11280.3,2349,2396,11.0,Ride,Ride,,Garmin Forerunner 645 Music,7529634885,2022-07-26T05:52:39Z,2022-07-26T07:52:39Z,(GMT+01:00) Europe/Amsterdam,7200.0,,,,0,0,0,1,0,False,False,False,False,everyone,False,b10767637,"[52.23, 6.89]","[52.25, 6.78]",4.802,7.402,,21.0,True,130.0,166.0,False,True,115.2,90.8,8028789311.0,8028789311.0,garmin_push_9275336641,False,0,0,False,20232024,1,a7529634885,{yw}Hio`i@z@hDr@|El@fFJhBP~@V|BXxBTpDDjB?^HjBRxAZt@X|@p@rAx@tAhAvBLTZR\JxE`@lCZx@PDH@LC`@g@~FSfBm@hI_@vCEb@BLDDPFnBHt@HdAHZFp@?ZFhAH^Ht@EBDHzBCbG]bH@vAEz@Ej@U|AGpAU|AIlAGvAWpB]zB{@`F}AlGa@tA{AjEs@fBsAlCiAhBaAbAm@v@}AjCeA~A}AtCm@jAuAlDu@bBcApBcAjCu@~AoBfBm@dAg@~AS`AM`@]n@g@ZUVe@bAk@fBs@zAoGpKe@|@m@xAu@`BaDdGo@|@mBdDk@l@a@l@aArB_AdBoBrDeB|CqE|IMXE^Hj@Jh@AXITM|@q@`B[Pg@^g@f@g@~@Ul@Mj@KVaGlLw@jAcBzCqCpEaAjBgBtDuBrDq@bA{CrF_L|SuBdEsBnDkC~EyAvCi@v@Yj@gAxA_@x@Od@aA|BqA|BwAtBs@`B[h@gD`H_@z@I\TX`@VhAv@d@b@LPTv@Hb@\bDThAN|Aj@vDHv@Gn@UnA[hDMjBKfCWvJMnDMdKEb@Qn@OH@j@J`A@r@Ab@e@rK?tSCrCMrCMlBIlBKtJGzBi@tFIVY\EJ?CCv@BFDD@IBBTDf@Bb@AZBzC`@x@NfALZ?VKb@GrEr@nBf@tC`@|AXXHx@`@lCn@n@RTBjC@`@CfA?|@HFFBLFfAGz@QtAYjEUxB]pEYrAU|AQbBMbC?Z@\~@|F@n@QvCOvCMhBGzBOhCObAEBG@UGeBs@_BYwAc@_AQw@SLy@@SAEEACFD@?TBJ@@AGFWCN@DLDBFBMNZ,2,37.9,,,False,89.1,Diego Galdino
2,Afternoon Ride,10937.7,2405,2529,28.0,Ride,Ride,,Garmin Forerunner 645 Music,7526593871,2022-07-25T15:02:23Z,2022-07-25T17:02:23Z,(GMT+01:00) Europe/Amsterdam,7200.0,,,,0,2,0,1,0,False,False,False,False,everyone,False,b10767637,"[52.25, 6.78]","[52.23, 6.89]",4.548,8.714,,27.0,True,110.2,134.0,False,True,116.0,93.8,8025402823.0,8025402823.0,garmin_push_9271850927,False,0,0,False,20232024,1,a7526593871,sj{}Hwujh@fC|@t@NbA^vAV^@LMFSd@{DJ_BP_FF{ANcB?cBk@oD_@gB?YRaCLyBPy@d@oANw@Bc@ZoF?aAEs@?YL_AVuCAYQcACIGEQAiCCkCH{@GOKJk@?o@SU]OU@a@Ly@J[@[IeBSgBe@eB]_B_@qAUeAMkAIq@SaCOoEu@GW?_@NgC\uDFyEJiFRcFRcDD_BB{ACkFDmET{HFgEFeA?yBGYMUe@]cDyBiAgA{@sAcAgBs@gAgAoBkD{Gy@sA}CwEYUQIc@m@S]WeASi@mBqD?a@H[rAaCbCqFzAgCj@kAf@s@\q@`@{@b@}A^m@^q@FYjAuCd@y@XcA\{@hA_Cb@s@d@cAf@y@bAaCJm@Rm@NWtBuE~BsFn@qAzAoClAoCVs@|AqCpGiOrBgEx@uBbCuFl@qAp@mAx@cB|AiDz@uBrByD`@oAbCcGtAsDXsA`@eARy@t@cCdAyDXsAjAaE\i@XuABe@CGNu@bAcEtA_ETaAf@yCl@kCdB{GXqAnAyE~@mCj@iA`@eAlAsEP}@h@oBl@kBpBqHxAuEXyApA{Ez@oCb@aB`@eB`AyDXuAf@mB~@_Dh@uAZeALo@xDoNxAeGb@sBxAkF`@cBJSpAmEXsApAaEhB_HfAaDdAeEj@_BJe@IERu@r@uBv@mCz@kCNm@Ls@N[TiA\}@x@eD\_A?BA@ECFQDYG{AGY[y@QaAGe@KcC?qCEeAS_AQOe@COKwB}CkCkEsAcCu@eAm@_Aq@}@oBaDKQaAgCKiBYwDa@gD?a@FIXBvA`@,2,41.4,,,False,99.5,Diego Galdino
2,Morning Ride,11143.7,2270,2304,9.0,Ride,Ride,,Garmin Forerunner 645 Music,7524420046,2022-07-25T05:51:43Z,2022-07-25T07:51:43Z,(GMT+01:00) Europe/Amsterdam,7200.0,,,,0,1,0,1,0,False,False,False,False,everyone,False,b10767637,"[52.23, 6.89]","[52.25, 6.78]",4.909,6.913,,27.0,True,130.4,159.0,False,True,128.2,31.0,8022984493.0,8022984493.0,garmin_push_9269087521,False,0,0,False,20232024,1,a7524420046,_zw}Hop`i@pAbFXzBb@fEVzC^jBFf@JxAJt@\rEN~FTpB\~AZj@b@f@nA~B`@~@n@fAh@XHBpAL|@NpAD~CZ`@JBZALaAbISlCWpBMvBSbCApADH`@PzBBbCHzCPt@JV?JLF`@BjFCjA]nFAlDW~BObA@VAh@a@zCAlAO|Ay@dFaAnFaArDs@|BcBvEaB|DyAbCaAdAu@bA_AbB_A~AgAvAo@hAiA~ByBzFWl@{@~Ag@tAs@|AMRi@h@s@b@m@x@m@vAg@rBOh@MVGHu@n@c@n@a@z@o@tByAnCcBfCyAdC}@hBo@fBaAdBsCvFq@z@kAvBk@~@o@p@sBxDaAlBuBxDkA~B}@vAkAfCw@|AKb@Fv@Ln@Ab@KVE^Sp@MFs@x@]\_AhAi@hA]rAYl@sBrDwBfEuDhGkBvDoBjDs@xAgAjBaGzKaA`BwNxXc@r@qBjDe@fAuBlDwChFs@|A}@dBgBzC_BjDkD|Fi@bAk@tAATLRxAbAbAv@P`@^fBt@lEVdCl@tE?ZCJ[t@QpAQ|BYbFAdDKnDIdBWpMG`AGd@Q`@GDCPPbABjAEzBSbEOlGBxKAvBEbBa@vGG|BM|JKzBi@~ECJKPQH?hABHB?DK`@D~AB~@Lx@XxBXx@@dAYxATT?`ANjA^vA\~B^bB^nBt@`B^h@PZD|C@rCCLDHRFvACf@m@dHMfCKlDEZm@lAEp@Y|AUbEAZLbAt@pE@\Ex@SbCQfFU|EM`BKPWD[O_Be@gCg@y@g@yAMMK?OLQDQB_@GF,2,36.4,,,False,82.7,Diego Galdino
2,Afternoon Ride,9561.1,2148,2259,27.0,Ride,Ride,,Garmin Forerunner 645 Music,7510659796,2022-07-22T15:13:02Z,2022-07-22T17:13:02Z,(GMT+01:00) Europe/Amsterdam,7200.0,,,,0,0,0,1,0,False,False,False,False,everyone,False,b10767637,"[52.24, 6.79]","[52.23, 6.89]",4.451,7.078,,24.0,True,125.9,148.0,False,True,32.0,9.4,8007594544.0,8007594544.0,garmin_push_9253135255,False,0,0,False,20232024,1,a7510659796,e}z}Hczlh@y@FaAh@_@Uk@Gw@YDoAAGWWi@EsANa@CWEc@Om@Eo@MmBo@aAUqDm@eCWKCo@WsAMaBU}C]GCGW?[PaDReEN_BLwCLmF\wFHoB@cBGcKB{BTcFVqLOq@UWiDyBm@e@c@c@U[}@}Aq@{A}@sAgAmBk@iAc@cAq@qA}F_Jg@[i@w@O_@q@yB{AkCEWBYHU|@gBtBaFp@qA~@uB~@cB^{@jCgF`@eA\o@^gAlAiC`@eAlAaCfAiClCmFj@yAh@cAv@cB~CoH`@eAhAoBJYBULa@lBcDd@_AjFsLp@eBj@qAj@cApA_DdBeDjDuIr@uAvAkDxEyIfA{ClAyD`BkGfAcD`@}@Po@JaAx@mD`@mA`@_BN[F[AIGIJWnAkFv@mB^oALe@TaBt@gDhAoE~@aElAyE@B?Cj@uBhAaCj@eB`AaDR}@`F{QbAaDt@{CjB_GhAoFTm@d@gB\iBrBiGZiAxAsGd@oALw@`DeLNq@P_A`AkDbA}DdAiD|AoGpAkE\_BnAkEbBmFf@oAf@{Bh@kBZkAb@uAt@yC~AiFr@wCZ{@Du@A[Iq@Ys@Qm@MgAGsBA{CKmAUkAQO[BOCMOqEsHcBkC_C_EwDyF[w@[uAOaDW_DSmBME]BYDU?AB@DA?ADBKAB,2,39.8,,,False,85.4,Diego Galdino
2,Morning Ride,11163.5,2386,2407,93.0,Ride,Ride,,Garmin Forerunner 645 Music,7508376377,2022-07-22T05:43:01Z,2022-07-22T07:43:01Z,(GMT+01:00) Europe/Amsterdam,7200.0,,,,0,3,0,1,0,False,False,False,False,everyone,False,b10767637,"[52.23, 6.89]","[52.25, 6.78]",4.679,7.075,,26.0,True,116.6,152.0,False,True,33.4,10.8,8005066699.0,8005066699.0,garmin_push_9250297598,False,0,0,False,20232024,1,a7508376377,izw}Hqo`i@bB|F|@bGRfB\dBTvBn@bHLvCDtCLjAz@bDCC?CD?tCjG`@n@NLPHb@LpBR`ANd@VtCPVAFBBJAn@WnDc@pEG|AaArKP\JDjCFvARvDNv@HZJBHBdGEdCWrG@lAAX_@|DEbA[xCCtAWpB{@bF{@nEmAbEuAlEk@~AaCfFo@fA{@`A_AlAs@pA_@h@y@zAu@`Ac@r@yAxCwAbEk@vAq@nAo@pAq@hB}@rAyAjASV[n@u@zCWx@KRmAbAMRe@lAg@`BS`@uBvDsBhDwAnCcAzBkDvGaAvAyBzDOPi@b@ORuBfEsEnIiF~JMf@@LDZN`@BZuAvEmAz@eA|AQ\Qx@iApB{C~Fu@jAm@tA_@r@Yd@UVmBnDcHbMiHdNcB|CiAnBeFvJ{BzD}A|CwDrGcAvBwA`CuA~Cm@`AeBhDeCnEiBnD}AdDQf@DNdCvA\\NZ~@bFXjCbAvG?f@]fASpA]`FUjHO~BSzRSvAW|@RtABx@C~@_@rFCbBEjCD`HA~EEdB]tFUhFInGAxEs@zE[l@CXBh@D?BCz@Jb@AdI~@N?v@Ql@FdCZvBf@vCb@pBd@vGlB|@Fr@?pAFbBEd@@JT@nAC\m@nHWlEGdBUbAe@|AEv@SzAO|BAh@BZv@bELp@?LYdEI~A?v@WnF]rDEFQBsBk@qCk@_AWy@M[MASH_@,2,27.4,,,False,65.4,Diego Galdino
2,Night Run,9132.1,2993,3002,18.0,Run,Run,,Garmin Forerunner 645 Music,7501705019,2022-07-20T20:17:33Z,2022-07-20T22:17:33Z,(GMT+01:00) Europe/Amsterdam,7200.0,,,,1,2,0,1,0,False,False,False,False,everyone,False,g10593679,"[52.23, 6.88]","[52.23, 6.89]",3.051,5.65,80.1,24.0,True,169.2,187.0,False,True,52.2,34.4,7997715397.0,7997715397.0,garmin_push_9242589101,False,1,0,False,20232024,1,a7501705019,mrw}Hsf_i@IMe@ECwBOoAe@qAg@WaASe@@a@LWTQh@A|AZvAZh@p@x@rALr@OZm@D{A]uBi@}@i@]{AIa@PYf@Cb@JnBf@rBt@r@bARZGf@]Pm@@w@E}@YgBQe@YYi@[aBDMHYh@E`BDh@`@bB`@n@b@^b@Lj@?^MVWNo@Q{BSkAQi@U[w@_@u@Bo@TUb@En@NlBb@zATZ`Ah@`ACd@_@Le@BcAYqBQu@Ue@YWm@OuAD]\Mf@At@XnBv@hBr@d@l@Hd@G\[Pe@Bs@O_De@}@w@a@g@Km@?c@N[\Gp@@p@Ht@`@`Bp@bAv@\r@?h@STe@DgAGw@e@{B_@m@a@_@iAQoAh@Gr@?r@NlAVhAVj@j@d@nANj@OX[Ho@?g@KiBu@_BU[_@SaAGc@Fa@\Kp@@z@RhBPh@Zh@~@j@zAFTKJQHc@@yA[aCS_@aAs@oAOc@L_@j@E\@tAJv@p@~Av@t@p@Jf@Eh@g@FUHoAKgAQ_AWm@u@k@sAOq@PQRKbA?d@XrBx@tAn@d@|@@j@UT[Lw@I_Cs@aB][k@SyAGi@^C`BX`CTr@\d@p@d@dAHb@O\m@F}AMaAk@{Bo@i@kAO_APUb@CX?hANzA^bAT\XZ`@R`ADd@OPUNu@?m@K}AWcAWe@a@c@{AK}@\Oh@Cv@Bv@R`A^x@l@n@TNVJ~@?ZKPWNqAC{@OcAg@kA]]e@SaB@g@\GZBlANrAPp@f@t@x@j@bAJ\MT]Nm@AkAOmA[iA]c@a@YkAKw@LY`@BvBZ|ATj@h@r@jA\d@Eb@UPg@DsBg@cCa@i@sA[k@@q@POf@@jB^lBl@`Ad@Xh@Hl@C^ONYLi@?{AGi@YkAg@m@i@[s@KaAH]\EbBXrBXp@Zb@x@d@`@Dt@MPKLc@LmBSqAg@kAeAo@qAKk@XQ^@bBPlAXbAZj@b@`@jAPd@M^_@Ly@GyBa@{AYc@_Ae@uACe@ZId@AfAZ|Bl@nA\XlARd@G`@]RA|A`BKiFGaAm@wF{@kFUeC,2,,,,,,Diego Galdino
2,Afternoon Ride,11013.8,1602,1621,26.0,Ride,Ride,,Garmin Forerunner 645 Music,7500042161,2022-07-20T15:13:17Z,2022-07-20T17:13:17Z,(GMT+01:00) Europe/Amsterdam,7200.0,,,,8,1,0,1,0,False,False,False,False,everyone,False,b10767637,"[52.25, 6.78]","[52.23, 6.89]",6.875,9.752,,30.0,True,152.1,182.0,False,True,53.4,31.2,7995893369.0,7995893369.0,garmin_push_9240675680,False,4,0,False,20232024,1,a7500042161,yk{}Hqxjh@@HM`AHTXJjBZh@PlAPxCn@PCN[Jy@RyFNsCh@aIAk@MaAs@yDAm@P}CPwBR{@h@_BH_APaETiDLsCBwASiAGGUEaEB}AHk@ESEESF{@AOEMSQQGU@yARm@?aEu@gAWg@SmEk@c@O[CeAMg@OYEmAMwAS{CYIGCOVcD\qFPwJp@qO@iCAwFD{CNwDFmDR{GEm@GS[a@OMm@YwBsAiAgAoB_DkFcKgCqEuAwBwAkBe@[m@y@qAqDiAkBGe@BSFQrGuMlCcGtAsBv@yAhDaJjE_JdAeCj@aBbAuBhFmLrHiOxCqH`AyB`AuBh@}@fBkEbOy[rEqKn@mB`BmFn@kCl@uB\mB|@sCr@eCPgAfA{Eb@aB~@sCn@mCj@oCv@}CdAyDxAeG\oACF@MNi@f@uAz@mBl@kB~FqThAkDxBiIt@gC`E{OlAmEv@iCbB_Hz@}Cx@aCjB{GxAeGbBgGx@qCn@kCv@kCfAcElB{Gv@iCz@aCHc@AELy@v@cCdAuDdAaErBmHn@oBCNBCDWCgBi@gBUeBYeISuAKW_@NQCGGg@_AuGqKqAaC_GcJAIHCQc@GY{@aLGeABGLAlAZ,2,102.1,,,False,163.6,Diego Galdino
2,Morning Ride,11108.0,1712,1712,19.0,Ride,Ride,,Garmin Forerunner 645 Music,7497717332,2022-07-20T05:53:07Z,2022-07-20T07:53:07Z,(GMT+01:00) Europe/Amsterdam,7200.0,,,,12,1,0,1,0,False,False,False,False,everyone,False,b10767637,"[52.23, 6.89]","[52.25, 6.78]",6.488,8.427,,28.0,True,143.4,174.0,False,True,73.6,50.6,7993352381.0,7993352381.0,garmin_push_9237817189,False,10,0,False,20232024,1,a7497717332,uzw}Hop`i@fApDd@nBN~@r@`GLrAd@bDZhCF`BPfCH|B@hAFt@\hCVv@NV?ATVjDzGRTTNjAVbCZ`Eb@f@L@\q@jGoAhNMxB?NFXTFpBDjAHhAJfFVJR@|GErCS`F?zB]rDKjBUnBEjAKhAU|AiBlJe@hB{@zCy@jCwAzDoCdFi@p@oApA}B`EqAvBqB~DqArDq@zAaBdDaAbC}@rAiAv@i@t@INc@zAo@dCS\iA~@[n@oAvDgAlB_D`FgArBYh@[`As@|AcEnHcA~AeAnBUZe@^{@nAqEjJyChFmDdH?`@PdAAZyB`F_@h@}@hAWh@YdAsD`H{CpFyC`F}@fBe@v@eEbIqA|BcH|MuF|J_B`DcIbOqC`FwBbEYn@m@jA}B~D{@hB}EbJgA~BAL?LPNb@LpB`BNXLZdA`HJtAz@hFDZ?^e@zBu@xJYvK?zBUbJIxA[~A@ZFZDn@?f@_@xIKhGBlKGfEe@vIKhEInFIzBk@vF[`@C\@l@~@Ld@Cb@DzFr@p@Dz@WR?dAH|GpAlAXdBXzC|@~A`@v@X`@DTApABpDAFFJl@?t@OjCaAxNw@pCGb@UfCMdCB`@`AzF@b@SrCU|Ge@hHOT[?cBa@mH{AGCIQAKRqACF,2,69.3,,,False,118.6,Diego Galdino
2,Afternoon Ride,11209.7,2757,3005,28.0,Ride,Ride,,Garmin Forerunner 645 Music,7494870575,2022-07-19T15:03:40Z,2022-07-19T17:03:40Z,(GMT+01:00) Europe/Amsterdam,7200.0,,,,1,0,0,1,0,False,False,False,False,everyone,False,b10767637,"[52.25, 6.78]","[52.23, 6.89]",4.066,7.597,,35.0,True,127.6,149.0,False,True,74.6,16.4,7990231274.0,7990231274.0,garmin_push_9234575819,False,0,0,False,20232024,1,a7494870575,ol{}Hiwjh@ARBNMFA?F@b@Xd@PpAL`@LB@@Jb@NhCj@ZF\C@BNBJGJu@@k@Ry@TeBBg@FaFXaEBy@Am@a@sCk@{C@Yf@yGz@aCRwADuBVoDXgGGy@SaA[EcC?g@B?HDJE?wA@WCq@MSINu@@q@EI]YICQ?qAVw@?MA}FoAQI{Es@_CY[Eo@WiEe@aC[KO?m@TiBZkDFuDBcHl@uKHkEAgHBuCP{DBoBTyIMu@Ya@_CyA{@m@yBsCwCaF{@}A_BcDoAyBiCeEcAwAg@]OMk@aAo@uBm@mAs@qACe@BKHUzBuEdAsB~@sB~A}CdAgCd@_Ah@u@f@gAr@mBn@wAd@sA`@}@dAwBz@sAx@wB`B_DhAeCt@sBl@uAdBqE|A_DdAgB^}@^o@`@cApA}Bl@_B\iAr@yAnHmPj@iAhAmClAaC`B}Dr@{A|FwLhBwEd@wA~@_Cl@yB~@gCb@{A^eBr@qDbCsIX}AhAiF^mAb@eAZmA~@kEfDeN`AwDB?A@XkAVq@t@}APi@zEuPjGaU\iA^cAb@gBdAsEdAwDHc@jAyDt@uBf@gBTqA`@eBhAgEzByHv@_DPcAjCiJd@iB^kA|@qD~@}C~@uD~AyFfAiDv@wBF[?@EC?KJi@~@gCr@}B~AuGbA_Dv@{CXq@He@AaAMq@_@aAKe@M_BG}EKiA_@iBEGe@NQCkBmDaAqAc@s@_CeEq@gAo@y@{A_Co@{@qAmCCMBCQc@KeAm@uIOo@EG_@Ci@NCHBHDEACGC@^^_@SF@F?CEDLCd@QPDNk@HGF?`@LN@j@T,2,34.9,,,False,96.3,Diego Galdino
2,Morning Ride,11163.2,2115,2115,9.0,Ride,Ride,,Garmin Forerunner 645 Music,7492350261,2022-07-19T05:53:08Z,2022-07-19T07:53:08Z,(GMT+01:00) Europe/Amsterdam,7200.0,,,,3,0,0,1,0,False,False,False,False,everyone,False,b10767637,"[52.23, 6.89]","[52.25, 6.78]",5.278,7.21,,27.0,True,125.9,156.0,False,True,30.4,11.6,7987477564.0,7987477564.0,garmin_push_9231446205,False,1,0,False,20232024,1,a7492350261,wzw}Hop`i@b@lBnAfETzArCzVFx@D`ELjBVxAV~@bC|Dh@tA`@v@NPPJZHbAJdC\lAL\?lBXFPC^aApIw@`MG|ADTNJtALxAFbCTTJnAHjA@NJ@bFEbDU~F@jBOrBUtACd@CEFFBLEn@IRUnACdBOtA]nBo@~Co@lDa@~AeBhGaAxCyCtGm@~@y@|@o@v@qBvDuAjBo@dAa@bAm@lAaBlEg@dAkAzBg@zAs@|Ay@x@{@j@_@d@MTYr@o@rCYr@ORe@\YXORYt@a@vAc@bAiIlNa@pAm@rAmA|BaBvCk@|@wBpDGJe@`@m@x@sFpKqCdFgAxByA`DCP?PLbAAj@Uj@ET?Ls@jBUXIB_@X]^s@jAMVMj@MZqBtDuAvCcC`E{CzFuCbF_A~AsAdCyAhCu@|AkAtB_CpEkCvE_FlJuFxJqB`E{BvDS`@yA`Cc@nA_D~F}@rAu@`BmD~G{@tBAVPNlAn@bA~@R`@HZfAbHB\VdB\xBLbBALSp@Mj@Gh@]xEQfDKlEQ~DEpE@r@MdGOnAUx@@VF\F|@AfAQfCIbCMlGDtG?|CIxD_@|GK`COzKEp@o@vGEJSLCHAf@Dd@DAAC^JXB`@Cl@Db@HjBT`APpAHXCn@S^?pDf@|Br@|Ez@lBn@jAV`Bd@p@H`A?d@BpDCJRBnAw@dL[pFu@fC[nCO`CA^B^lAjG[`EM`CCbCe@rGE\ELOJSCi@QoCq@mDu@m@ICUPiA?CC?,2,42.2,,,False,89.2,Diego Galdino
2,Afternoon Ride,10943.1,1674,1731,27.0,Ride,Ride,,Garmin Forerunner 645 Music,7489363023,2022-07-18T15:05:25Z,2022-07-18T17:05:25Z,(GMT+01:00) Europe/Amsterdam,7200.0,,,,8,1,0,1,0,False,False,False,False,everyone,False,b10767637,"[52.25, 6.78]","[52.23, 6.89]",6.537,9.896,,31.0,True,144.8,174.0,False,True,26.8,4.4,7984191503.0,7984191503.0,garmin_push_9227924491,False,8,0,False,20232024,1,a7489363023,gl{}Huvjh@^X~@VlCf@dCr@b@FPGLYBOXy@Dc@n@qMBaEEs@u@uF?S`@aHH_@p@cBLeAL{BLoHRaDA_@I}@IQE?}FFs@E]EQEEGAIJeAGUQOSEK?wBVWAk@IeCi@cAO{E_AmDc@}Aa@wB[{D_@GICM?e@PeBViDHsBHkIPgFTiDHgE?sMVeGTmI@y@Ew@M[IIkBmAuBeB]c@kEqHo@mA}AcDsAaCoEcHIKc@Wo@w@uAwDeAcBGQCe@Ro@dAuB|EsK|ByE~@cBrAaDlAgCr@gB~DaJ`@eAZk@h@yA|BmElEyJv@_Bx@iBN[jBgEx@aBbGyM`@}@nA{Bt@oBfHqOnDiIfCeFzB{FbAyClEkOxAgGn@oBlB}Ix@kCr@eC`BmHr@gC~AmGh@}BDKBC@@R{@b@uA~@sBlAeEvDcNxC_LjAaEvAsEl@gCpAaFx@sDjAuDnAgE|@yDl@{B|BsHf@mBVgANy@lAoEl@mBl@qCdDeLxDyNdBcFNq@KD?CtCsJzDgO^}@De@Eo@G_@a@}AS{AM_C?eCCy@O_AIY[UWAUQ{AgCaAyAoC{EkAkBaA{AqAgBu@oAy@wAUg@?@QsAMcD[{DSuAA]HMF@`Bh@,2,87.3,,,False,146.2,Diego Galdino
2,Morning Ride,11215.1,1940,1957,12.0,Ride,Ride,,Garmin Forerunner 645 Music,7487332964,2022-07-18T05:53:07Z,2022-07-18T07:53:07Z,(GMT+01:00) Europe/Amsterdam,7200.0,,,,11,1,0,1,0,False,False,False,False,everyone,False,b10767637,"[52.23, 6.89]","[52.25, 6.78]",5.781,7.744,,23.0,True,128.3,157.0,False,True,23.8,5.8,7981950347.0,7981950347.0,garmin_push_9225277869,False,10,0,False,20232024,1,a7487332964,oyw}Hqn`i@z@lCd@|BXpBh@jFJf@h@bG^bDJtAJzDHfBR~AX`AnAzB`CxEHHj@XH@xC`@`Ff@\J@ZALU~By@xJ]xC[tDCn@BVVPhA?vAD|CT\FbAF\Fh@AHFFHDn@BbCAlAEbCWnFArCMvAOnAMzBS~AEdBMnA}@hFg@`CwA~F_A~CqApDgBhEiApB}BjCe@t@sAbCsAnB_AfBu@|AkA`Ds@bBy@|A}BjFGJ{@z@}@t@s@nAq@xCSl@W`@_At@ILWj@g@zAm@zAkB~CwAzBaAhB{@vAg@zAgAxBcD~F[`@_BxCc@p@k@h@]h@iApB_DpG_DtFk@hAk@pAo@hA[|@@PL~@C^s@lBc@`Ao@x@q@r@w@bBMr@K\qDxGq@rAuEhIu@xAyBtDUl@m@dA}A~CoFrJ}@bB{@vAcIjOgCtE_CnEiAnByBfEeDbGm@nA}CdGk@|@sDxGaBfDWt@AJ?HNPj@PdBxAXl@Lx@Pt@n@~DHnA~@dG@^CNa@zAWnCKzAQrCMzD]pTG~AM~@YTARTrA@r@WtEGpBG~ECdFFxEAvBIhCm@nJK`KOvCc@tEEJYTABD@EbA@BDAC@d@JhABhHz@R?jASnBTpMbCvC|@t@P~@\~CJbB?v@EH@DHBLF~@uAnSq@jDCh@Mt@IhAK`CDr@p@lDN`AAPe@bG[tFWpFKVS@mDcAaE_Ao@SAI@YNu@AMEAC?CHDD,2,55.0,,,False,106.6,Diego Galdino
2,Morning Run,10008.9,3280,3281,20.0,Run,Run,,Garmin Forerunner 645 Music,7482059287,2022-07-17T07:30:14Z,2022-07-17T09:30:14Z,(GMT+01:00) Europe/Amsterdam,7200.0,,,,4,1,0,1,0,False,False,False,False,everyone,False,g10593679,"[52.23, 6.89]","[52.23, 6.9]",3.051,4.332,81.6,22.0,True,168.6,179.0,False,True,41.6,17.4,7976083016.0,7976083016.0,garmin_push_9219126322,False,0,0,False,20232024,1,a7482059287,}`x}Hoq`i@gC`BmA`@S@YXaAd@o@\{@l@KLw@h@KAGBOLc@Vc@X[ZgC`BYVaAn@STq@d@]ToAh@_Ah@a@L]DeBp@aAV_@LUBoAb@oALsAV_@@wBl@iARmAf@uA`@wAPwA^k@JoA`@ULg@J_@Rm@LcAb@c@Lk@Xm@PCASY[OyAq@k@KeAi@wAa@SIIIcAa@cBg@g@K[Ma@WsAc@eBq@_@Mc@GkAYwBaAu@Qs@c@cBy@a@Ke@Ye@Qe@W{@i@]Kg@c@]GYHoAUsHcGiAm@qB]qA?]E_B_@OGUUESU[[]KQCO@s@As@PyBVmBPkBRq@J_AT{@L{@@_AJaAJs@V}@TYt@mAdAqCn@sAb@}AN}@JgACiAMmBCw@?eABm@FMPCZSf@Ot@@b@E`@YToB^sFLmDNoAPeAdAqFDe@@w@Ak@Y}Em@sEUm@Su@WgB@_ABq@J}@Nm@Xg@TYbBqA\]Xa@n@iA^c@`@w@T_Af@gANQL@^JXV~@`@h@\v@\Xd@X\jAfA|BjB`@TZVjD`D@FvBfBPLj@j@TPb@T^Vr@~@ZTdA`A\Px@l@TVV^XZh@`@z@z@Zf@`@^b@l@\`@jBrAh@VdAbA`Ah@h@t@rBbB~BxAbAv@r@r@TXNZF^VPnAd@h@FbAXJ?bD~@r@Jz@Xd@DfARF?x@PJAlAHrANdCHZBf@?d@E~@Bh@C|APN?`@Gt@@nABnAHp@BrAMbAEf@Ib@Qt@g@Vc@HGx@LhBH^AXfB\fH@~@?bCHdCAt@]bDO~@QlBIvAMfEGt@QpAILQ~@OB}@}@e@]_CuBe@[_@q@SU_@Yw@eAiAoAkB{AcAcAs@g@WUg@U}@u@eB}Aq@}@e@a@_@c@{@u@eAaAa@UiA{@gBcBgAw@}AaBa@YY[[S?Db@RhAz@`BrAf@\~BvBt@x@j@b@Z\t@f@d@^t@z@`@VpBfBz@x@v@bANH,2,,,,,,Diego Galdino
2,Afternoon Ride,10789.8,2437,2502,29.0,Ride,Ride,,Garmin Forerunner 645 Music,7473526340,2022-07-15T15:06:01Z,2022-07-15T17:06:01Z,(GMT+01:00) Europe/Amsterdam,7200.0,,,,0,2,0,1,0,False,False,False,False,everyone,False,b10767637,"[52.24, 6.78]","[52.23, 6.89]",4.427,7.251,,25.0,True,132.4,161.0,False,True,50.2,27.0,7966630969.0,7966630969.0,garmin_push_9209167454,False,0,0,False,20232024,1,a7473526340,ga{}H{rjh@b@Dh@NLGBGLuAL_@Fc@TeD?a@L{B\oE?oAmAoGEy@RaCFcBLgAn@cBH_@Jy@LoCBeCAq@NqBNyA?sAMaAEEMCeA@{AAc@E{A?w@IEMLiAQY[OWAeANy@HKAsD}@yAa@wB[{Ci@sBWm@UuBUiBWkBOKS?_@h@cHH{DD{Gl@iKBgABcCAiJFwCNuDR_LCe@O]y@q@cAo@wAkAq@q@]e@oEoHsCyFa@aAaCmD{@yA]e@OOa@Uc@k@Qa@q@uBgB{CE]D]LWjBsDXw@\w@p@mAJa@dAmBbBwDtBcEn@}@z@cCN[t@oBlA_CjBcDh@mAZuA`@w@@Qd@iAh@{@t@{Ax@gBbAkCpAkCzAmC^cA^kA`@_A`@kAv@kAjEyJdCiFf@_AlA{C|B_FdB}D|@eBp@{AnAiCVc@b@aAn@aAjAsC^cAb@qAdAcCXaAt@eBp@mBr@iC|AyG^}@n@gCNw@t@gCBw@@FCONu@bBwGdAeD~@mFL[r@yBjAiF~@sDVy@BO?B^wAVq@z@iB\_ArBgHpA_Fv@}CbAsDNs@jA_EjAmEz@eCZaAfAyEd@cBZsA~@iD~AoF|AsGLYpDiNHWRq@\kBx@mCpAkF~@sCvAsFl@oBbCeJzAwE`AmCtBeH|AgG\eAZ}AvAqEC?BCH]BaAIo@g@yASiAMuB@aCWqBYwAIEc@BOGgAgB}A_Cq@oAuBmDo@cAg@_AyD_Go@wA?MCAQm@[yFc@iF@GBEHE`@L`@^,2,38.8,,,False,94.5,Diego Galdino
2,Evening Run,7276.0,2314,2317,17.0,Run,Run,,Garmin Forerunner 645 Music,7469777780,2022-07-14T18:40:39Z,2022-07-14T20:40:39Z,(GMT+01:00) Europe/Amsterdam,7200.0,,,,1,3,0,1,0,False,False,False,False,everyone,False,g10593679,"[52.23, 6.89]","[52.23, 6.89]",3.144,5.54,81.3,22.0,True,180.0,201.0,False,True,51.6,43.4,7962465845.0,7962465845.0,garmin_push_9204741240,False,0,0,False,20232024,1,a7469777780,kex}Hsmai@kDoDmAcAs@a@g@_@mAqAWSo@w@YOYI_@?a@Qe@Wa@_@aAo@a@_@aAs@w@}@[WgAq@mFeE]a@]k@wAyAWg@CQ@J^Rp@X~CtBjAdAj@b@Z\^VdA`AjDlC\\~@dAxAhAfAjAb@Zb@^dBtA~@~@^TxArAfA|@fBvBdAhAZVPHKMk@c@_Ai@cE_DLBx@`@HH^Rb@^fAr@d@h@\X\R@B]Y_Ak@}@q@yCmCHDTFf@Zp@r@t@n@\Pd@\lAtA{B_BqB{AgAaAIQDAXJh@Zr@t@\Tb@V`@XX^r@j@RToBqAcByAiBmAIGGQp@VD?l@\hBxBzAvARHeEsCcByAOS?E@AF?NFLHj@RLHV\XTj@r@vBvB[Q}AgAiCsBm@o@?INBXLTFRPd@f@f@\pAtAx@r@DHi@u@]USIe@]cBqAgAeAi@a@cB_BkGoFwAuAoC_CSUuBeBaB}AgCuB_A}@kByAc@g@]WIUFP?LhBdAxApAtBvALLLRG@a@Ma@UUY[WcBeA{BaC?@TRpDnCbBvAZXJPG?]KgBuAwDuDIO@ChBvAvArAd@\bA~@~D~C|@~@tAbAb@h@xAxAhBnAp@v@bCnBt@f@n@r@fA~@`@d@bAz@dAlA,2,,,,,,Diego Galdino
2,Afternoon Ride,10955.6,2454,2624,25.0,Ride,Ride,,Garmin Forerunner 645 Music,7468306731,2022-07-14T15:04:41Z,2022-07-14T17:04:41Z,(GMT+01:00) Europe/Amsterdam,7200.0,,,,0,2,0,1,0,False,False,False,False,everyone,False,b10767637,"[52.25, 6.78]","[52.23, 6.89]",4.464,7.346,,26.0,True,124.6,153.0,False,True,50.8,26.8,7960859157.0,7960859157.0,garmin_push_9203022339,False,0,0,False,20232024,1,a7468306731,od{}Hksjh@^Hd@@r@R\DTEP[BK`@gDJa@r@oMAqAq@gEOuAb@sHp@gBL{@LwAt@uOAg@OaAEGGCgA?mBFi@C}@Bu@ESEMULsACG]Yi@Au@Ny@A_AMeAU}Bm@]C{@UkC_@wC[g@KWK_@IgD]yCa@GGEg@^wDN_CP}FDoFd@qJD{B?wECyDBgBPeEXmJB}AEq@Sg@o@c@u@_@g@c@UYw@s@_AiAsBgD]c@gAkByB}Em@iAwFeI_@UKOe@s@a@uAi@sAmAmBGY@Q@MJWdB}CX}@~AuDhAwBvB{E|@gAJQRm@xAaD\oArAeDnAaCf@mAZgAtAsCvBmDlA}CjA_C`@kAl@yAj@oAl@aAf@mAXcAfAiCn@oA|@oAn@uAjAsC~@kBhAwC`@_AfAmB^gAn@uAt@qBpFaLxCaHnAgCpCaHhAmDp@cB~@yDlAgEdAaDpAiFTgAXi@?Y?Dt@gD\eBjAoDZyANcAn@sC`AmDnBcIp@wB?BJo@b@uAfAeC^kA~AwFTm@VqA~@aD`@eBf@oBdCoIv@{CrBqGhBqHTmA~BkHnAaFJg@D_@^kAr@{CzCsKRmArBgHz@mD\}@h@sBrBaHl@_C\yAdAuDd@uA|@gD\_ACA?BXcAdA}Cj@_CdBwG\}A~AaF?BC?Jk@?{@Mq@Sm@UaASiBAyCEyAG{@SeAGKe@DQEMQEIYe@eCmDoDoG_AoA]q@iCaEmAgC@C[iAYyFMgAGiACo@B_@@Eb@?JNLHZH,2,42.7,,,False,104.8,Diego Galdino
2,Morning Ride,11105.8,2322,2356,27.0,Ride,Ride,,Garmin Forerunner 645 Music,7465946204,2022-07-14T05:47:01Z,2022-07-14T07:47:01Z,(GMT+01:00) Europe/Amsterdam,7200.0,,,,0,4,0,1,0,False,False,False,False,everyone,False,b10767637,"[52.23, 6.89]","[52.25, 6.78]",4.783,7.495,,21.0,True,134.7,160.0,False,True,48.2,22.6,7958262689.0,7958262689.0,garmin_push_9200158269,False,0,0,False,20232024,1,a7465946204,oyw}Hgo`i@^nAz@lDVpAx@xIb@xDHn@XtAPbBF|AC|BDfCF|@Hv@Tv@Rb@DABGFDzAtCrAvCLNNJRJ~Cp@~@NNDd@DVFt@@t@DDBBH@JCr@MlAa@dDEjAKfA?p@Dj@MxAi@hECl@?l@@DXR`@Ln@Fx@GxAPnAH~@LjAB\AJHFP?jAE`E?~BOrE?dCg@lE@JIjASzAEfAAvAoArHu@lDWlA_AbDyAtEaAhCuAvCaAdBi@t@mArAaBvCoBtCqB~Dm@lBaBtDo@lAkA|Cw@xA[\_Ar@u@bAa@`A_@~A]fAUZWRs@t@yA|DQ^aDvFcCpEyA`DkBfDkA`CsApB_BpCo@h@s@jAaCvEsEjIqAfCkBdEE`@HlAAZUv@Gx@g@rAcA`BUXs@Ga@hAIh@Qb@gDfGs@`BkAzB_@z@gApBoApBaFhJyDxGuMlVcCzEyCpFkApBiC~EgD~FSb@e@z@mAhCqAbCuBdE}@|AmAhCmAtBq@zABTDHf@Tz@n@t@p@Vv@r@zDTbBFx@RnAr@~ECXe@`Bc@bH[dJMdHOhEB^IzAAjAEj@[nAHn@?hAQzEStGExEHbHAlCUlFShDG`CA`GIhCw@`HKTMLGJBCAj@BTNJf@F^Cz@DtDh@fALh@@f@If@?nEh@NB~@LrA`@zCj@fBh@fB`@bBd@z@Fl@XHHXBVC\IrAO\ANLBZBf@AZSxCc@fIU|Ck@lBYbBEZOnDCj@BZN|@h@lBTxAAZ]jDKrBAj@Bn@CtAc@jFId@MNS@yCu@{FgAOM?KLi@Di@CCE?,2,30.6,,,False,71.1,Diego Galdino
2,Afternoon Ride,11507.6,2907,3141,31.0,Ride,Ride,,Garmin Forerunner 645 Music,7462856940,2022-07-13T15:06:29Z,2022-07-13T17:06:29Z,(GMT+01:00) Europe/Amsterdam,7200.0,,,,2,0,0,1,0,False,False,False,False,everyone,False,b10767637,"[52.25, 6.78]","[52.23, 6.89]",3.959,7.186,,30.0,True,124.3,156.0,False,True,30.2,6.2,7954888268.0,7954888268.0,garmin_push_9196644159,False,1,0,False,20232024,1,a7462856940,}k{}Huxjh@AVETH|@FBd@Nd@HvAb@tDt@p@FNCJKFc@FkAHy@TgBVoGX_EAwA[eBa@cBIq@A[b@cHDWb@mAVcAh@yHPqDH{CIaAISYEaA?mAGmCB]AUCQO?c@Fg@?KCGUU]I_BRw@CcAOgBc@oCi@{@KyBa@iCW}@YmBU}Cc@_AIKSAk@l@iILwMN{A`@{GDcCEqLb@sPBe@DcB?[Ie@KUuByA[Y]Sa@[o@q@_AuAu@sA}AkCcCgFcByCs@eA}@iAmAkBa@a@YOs@iA]oAo@{AiAoBE[@O@MJUzCwFt@_Bf@yALUv@cBLQz@sBnCkEt@{AtAiDP}@~A}Dv@eBd@q@P_@|AwDj@}@h@sAvCkGl@qBl@yAR_@z@wAj@iAt@iAr@oAf@yA|@sBTy@jAcCl@uAhA_C\}@r@yAvAwDzKeVz@cBh@mAf@_Al@qAj@uAjAuDf@eAZeAxAgDl@iB|A{G`@uAvAaG^gANs@?KfAwEnAkE^yAv@_EhCyKpC{Jv@cBl@cBLg@|@uC|GgWlCiJtAkE`@oBnCsKrBsGTiAx@}CZeAZwAnDgMHk@hAeEj@oB|@uDrA{Ej@cBzAqF`CaJxAeERy@?G?@EE@ADFNs@fByFr@{CHUR{@^qA`@iB|AkECADQF}@Gq@g@_BUwAKsBAiBI_BKq@AYSu@SEOBOCq@y@k@iAe@q@uC_FaAwAiCaEi@aAqAkB[q@Uq@?GBAKGOc@EW_@cFMcAO}@ImA?OBUDENER@z@T,2,40.8,,,False,118.5,Diego Galdino
2,Morning Ride,11149.3,2200,2241,6.0,Ride,Ride,,Garmin Forerunner 645 Music,7460540747,2022-07-13T05:58:01Z,2022-07-13T07:58:01Z,(GMT+01:00) Europe/Amsterdam,7200.0,,,,0,1,0,1,0,False,False,False,False,everyone,False,b10767637,"[52.23, 6.89]","[52.25, 6.78]",5.068,7.09,,26.0,True,136.1,165.0,False,True,27.8,7.4,7952345336.0,7952345336.0,garmin_push_9193758016,False,0,0,False,20232024,1,a7460540747,azw}Hgp`i@|@dDTbAVxAJ~ANpAhAtIFt@b@pCPxBFzABjCZ|CRjAN\LRlBrDz@hBX`@PLj@PnAP|Bb@xBV|@HHBJJ@ZCf@UxAUpB_@jBKjBI~B@n@EfAOjBOt@Cb@@FDFj@NjCJrBVx@Fv@Jv@Dn@LFVD|BChEWpHAdCM~ACHQjA?LB@GbAU~AG`C]hCYbBwAhHMf@w@~Bm@vBw@~Bw@|BmAjCaBvC}@~@iA~AqAfCwB|CkA~B_CdGkBzDq@dBa@v@]j@u@j@[Rk@l@i@pAe@jBg@vAGJy@n@OVOXi@fBs@lByBrD{AbCuA`Cq@bB{@jBeBtCsAjCe@p@_BtCW^s@n@{HxNeAvBcEdICr@Lh@Bb@Ur@gA`CcCnDQ^Ov@KXaAjB_@h@oF~JeItNg@fA_AdB}@jBmBdDmBpDiCrE}@hBsCpF}ExIwDlH_BlCq@pAyA`Cq@nAWp@gAzBo@fAq@xAk@dA_BjCuCzF_AtBAXLNd@Rl@`@~@|@PZNb@dArHDt@`AtGCXWrAg@|FSrCK|DCZW|K?xBEdB@vAOhA[x@@VHh@@l@_@xJIlEDnI?vCKrDQjDOlBO~EAbCGhEGtAg@vEIRMJIP?AA~@HF?EBAz@NZ?r@Ft@HrB^pALb@@bAST@vDl@v@R~HzAhBh@x@R|Ad@TBtBPt@AjCKFHFXDz@g@jH[bGGt@Ix@q@`CUlAY`FBj@dAvF?NWrDMlCCfCe@~HONU@eBe@w@WgGmAEUTsAEEAB,2,33.7,,,False,74.0,Diego Galdino
2,Evening Run,8016.0,2749,2754,18.0,Run,Run,,Garmin Forerunner 645 Music,7457842433,2022-07-12T16:48:08Z,2022-07-12T18:48:08Z,(GMT+01:00) Europe/Amsterdam,7200.0,,,,0,2,0,1,0,False,False,False,False,everyone,False,g10593679,"[52.23, 6.89]","[52.23, 6.9]",2.916,3.926,80.4,28.0,True,174.3,189.0,False,True,35.2,19.4,7949392421.0,7949392421.0,garmin_push_9190762036,False,0,0,False,20232024,1,a7457842433,o`x}H}q`i@WRg@T_@JmAl@QB[PMBOG[Je@@YR]b@e@r@]ZUPa@PiBlAq@v@m@b@uA|Aq@`@]NeAt@_Az@c@P_@Tc@?YFu@^u@NsAd@[@_@N[R_@HaAj@e@Ja@@SHk@LKI_@Xe@?e@B]Fe@VeCj@QHc@Fi@L]NS@uAZ]Pm@N]?eA^MGC@YZ_ClAmARc@N]]a@[m@]cAQQGe@Ye@Q_@UkCy@mAm@m@a@WIa@E{Ae@WEmAi@k@_@IA]U`Al@RDZPt@VFEJOl@qATiAd@_BTgAf@cBj@cBf@gBJm@Fk@GIMEe@@a@Ks@Fq@MeADm@LY\_CpBy@l@gB~@yArA[HcAc@uAaAyBqAe@MQKYFSd@Wb@UZ_@^c@Ha@EYG_@Sm@e@]][c@][uAq@]]_@Yg@Ua@MoAU_@Co@Bc@Gi@QgAo@[UqAuACO?QPwBd@yARsBDo@TgAB_@ASPu@VgBF{@Fm@Be@N{@Ra@R[p@o@V_@Vq@n@wAj@iBd@gBL_ADm@Ow@YcDEmB@OHM`Ac@\IZAz@B`@SJa@J{@FeAR_B?qCNq@HmBbAgFJ{@JmAAuBK_Cs@oGMuAQk@Eu@McABgBH_AV}@Z[Zk@^i@VUTa@`@c@vAwANS^cAj@mAPg@F]HED@Xb@XP^Zv@^^Hr@f@PX\VbA`Al@Z~@bARNdCbCTZx@r@z@j@jArAd@R^XZ\\Tj@n@XP`@b@f@^lCrCpFnEbAn@xAxAtAdAdBfBvAnA`@d@fBnAz@z@hA`A`@^R`@BPFHx@XdAb@zAZ`@PTd@n@d@^\`@TxA~Az@n@\Zb@RXRdAvAVRPTr@r@z@p@r@t@j@TV^z@p@d@XRVr@h@TT,2,,,,,,Diego Galdino
2,Afternoon Ride,10674.6,2322,2376,27.0,Ride,Ride,,Garmin Forerunner 645 Music,7457370824,2022-07-12T15:16:18Z,2022-07-12T17:16:18Z,(GMT+01:00) Europe/Amsterdam,7200.0,,,,2,1,0,1,0,False,False,False,False,everyone,False,b10767637,"[52.25, 6.78]","[52.23, 6.89]",4.597,6.756,,28.0,True,127.8,158.0,False,True,-9.4,-32.4,7948884275.0,7948884275.0,garmin_push_9190187658,False,1,0,False,20232024,1,a7457370824,cm{}Hswjh@?FNf@NL@MdAXxARrBb@dAZr@HZGPUDSh@cE@qAHwCDa@@g@RaBDoBEe@u@sEOuAZ}DH}ALk@j@cBLaBh@{IHiB@yBI_AG[OEcBBkFAWQ?SFYAFBi@EQIIYO]@q@NYB_AAyHgByDk@{C[_@QyBWcFu@AK?y@d@mGTkI@iCl@oO@iA?aCEsFl@cSB{ACc@M_@OOeDuBg@_@cAmAuAyB{B_EkDiHkBuCiCoDg@_@[_@e@}@WcA]_AyAeCE_@F]DMlD}Gj@oAb@qAh@iAl@cAp@qAn@eBj@{@n@mABOjA}CR_@\_Aj@qA|@kB~@aBjAgCfB_DxA}CZ}@jAsC\iAp@eB`FiKjAgC`AiBt@{BbEgJnByDh@}Av@iBn@kArEwJ~ByEfB}D`@aAf@gAdCoGrAgEp@kBLi@dDqLp@iCVoA`@sADUE@?Cv@sDd@iBjAqDvAwG|EmRHa@n@qBjAkCzBgItBgHjCuJ`CaJlA_ElCcLdBaGr@}BfAoEd@{AzC}Kz@iDJk@fDaM`@mATu@xAiGzAcFvAwFxBqGj@sBpBqGf@}BnA}Ex@wCZ_APa@AEFODy@Ag@Ie@[y@Y}AMcC?yBCiAIw@]mBWsCWiB[}C_@cCMmAYqA[kAOMOGGIGMMg@a@gA,2,42.8,,,False,99.3,Diego Galdino
2,Morning Ride,10725.2,2019,2037,11.0,Ride,Ride,,Garmin Forerunner 645 Music,7454830850,2022-07-12T05:50:38Z,2022-07-12T07:50:38Z,(GMT+01:00) Europe/Amsterdam,7200.0,,,,5,0,0,1,0,False,False,False,False,everyone,False,b10767637,"[52.23, 6.89]","[52.25, 6.78]",5.312,7.267,,23.0,True,128.3,172.0,False,True,-8.0,-32.4,7946104495.0,7946104495.0,garmin_push_9187063490,False,1,0,False,20232024,1,a7454830850,etw}H{y_i@ZdD\dCTpBHnBBxA?lCNdBDX^fAJf@R\`@z@~@|AdAzBVVNH|@R|CZjAPvANj@HBH@l@A\yAtOI|BMdBCJEf@?LL`@FDPBtANZ@l@KlAFdFh@F@LNDj@A|DGlDKfCDnFKpAUvA_@tECjAKtA}@fGQz@oA|EwClJaAnC}A~CiAjBaBjBi@~@_AjB}AtBU`@iBxDuBrFa@x@c@t@g@jAm@dBw@pAs@t@e@Zc@d@i@fAo@vCSf@Yb@gAdAWd@_AtCo@rAmBxCuCbF_BtDyAlC}@zA{@|Aa@d@_BzC_@j@g@b@SXaDrGgB~CyBlEuD|GOn@\t@?Zk@zAUvAw@t@y@`Au@hA]rAwBfE{D~GsAvCu@xAeBlC{A~C{B|Dk@|@u@zA{@vA_BxCm@bAiGpLaEjHuCtF{AhCk@lA}GxLc@lA{@dBm@hAwAbCw@fBiE~H_@j@e@bA?HJTRNTFbAn@j@b@T^TbAPfB^vBXdCb@lCJ~ACj@UlAKjBUlCO~CMxFCxC]vPOr@INOj@Jb@Dl@Ap@c@hMGnDD~D?|FEzAq@pNErFGzDY~CUfBMVQN?hAF?BKt@Rb@@zAN~ATbARpAD`AMzCVz@RnA^`@F`Cb@V@b@FvAZjA`@xBh@b@Nh@F`CJRB\CrBCFFFpAO~AKdCWfDQjEKdAG^m@jB]bBOfDAz@DXf@dBb@lC_@vFW~FStCIrBITSFIAqCw@mAQkAa@aAUm@Q?KJm@@c@GE,2,42.1,,,False,85.0,Diego Galdino
2,Afternoon Ride,10551.5,2428,2477,32.0,Ride,Ride,,Garmin Forerunner 645 Music,7324304407,2022-06-17T14:54:35Z,2022-06-17T16:54:35Z,(GMT+01:00) Europe/Amsterdam,7200.0,,,,0,2,0,1,0,False,False,False,False,everyone,False,b10767637,"[52.25, 6.78]","[52.23, 6.89]",4.346,7.696,,32.0,True,119.9,140.0,False,True,32.8,7.4,7802997927.0,7802997927.0,garmin_push_9034790000,False,0,0,False,20232024,1,a7324304407,ah{}Hmtjh@JDX?nBr@l@FtAZb@IHi@L{CTmCJmCBeB\uECi@Ga@q@{COmA^oHz@gCNeBz@}PGu@Ki@EAm@E}@BmBCw@?k@Ck@OECDcACI[WUEM?yAN]AaAQw@IgAUaAYqHoAkBUMEe@KaCS_AQcBO_@IIQAi@f@cIRoMf@eLBeBBqFCmEVqH?sBToGAc@Gc@KSOMeBeAw@i@aAy@_AsA{AsCaBuCiAcCiBcDmDiFu@qAm@e@U[]m@a@sAo@yAoAwB@YJa@~BsEr@cBzAyCT[zA}Ch@wAbAaC|@kAVw@bA{BhAqCjAeCxAsD|BsEbAiCb@_Ap@mAl@wAj@kATm@~AoDZy@f@{@nBmEbBcDf@kAl@eBxCwG`BgDd@mAj@oAr@oAf@eAdFwLzA_DrAiCfAaCrEmLXiAp@eBZ{ApBuHrBsGb@aA@u@HQBYl@eDd@eBb@wA\mA~@eFtCoKpAqFTkA@Fl@kBtAeDpAgEpAeF|B_Ix@kDd@_BXsA^mAlAkEnAaEfBcHXuAd@_B`@oAP_@fAcE\uAb@_BLq@hAqDtA_GZaAp@aD|AaG~@cD`AsCdBeH`@gAz@yCrAoF^sApBqFBR?KP}@T_AnAgFh@{A`AoEZkAh@aBXiAf@aAHg@GmAYy@Sw@SyAImBEwBMqBe@eE[oDUgASmBCg@_@}Bu@wFe@w@_@_C,2,38.7,,,False,93.9,Diego Galdino
2,Morning Ride,11125.6,2189,2189,7.0,Ride,Ride,,Garmin Forerunner 645 Music,7322149548,2022-06-17T05:49:06Z,2022-06-17T07:49:06Z,(GMT+01:00) Europe/Amsterdam,7200.0,,,,2,1,0,1,0,False,False,False,False,everyone,False,b10767637,"[52.23, 6.89]","[52.25, 6.78]",5.083,7.086,,24.0,True,119.3,155.0,False,True,24.8,3.6,7800632436.0,7800632436.0,garmin_push_9032080992,False,0,0,False,20232024,1,a7322149548,_zw}Hwo`i@d@rBv@|CT|ANbBTnDTzAVfDl@jDJjAXrHZbCd@tABB?AC@EAHHx@xArAnCj@~@VRz@T|En@r@BbAHj@LFXGrAu@lHWxDUrB_@nEBb@DDLFzAHj@J@PE^De@FYDAzBVfAFx@R`AFl@JDHDvBErBAxAUdIAlBQpBUjAEpAWfBOzCK`AmAlH_AdEi@bB_BzFmA~CqAtCaAbBqBvBw@hAM\mA|BqAhBmAbCm@xAo@lBo@~A{AxC}@|Bq@pAqB~Ak@`AsAdF[\]Rk@r@{@fC[z@}@`BY\aA|A{AxCw@jAm@dAm@pBuDfH}@rAoBfDW^[RSR_BzCgIhO}AjD{@`BKZA^F`AAj@qBxDcApAq@xAWfAkJpPsClFqAxBeFdKgAhBuApCmAhBu@~Aw@pA{F|KiCzEsAjCkCvEeAvBkEpHqAzCcAlBaArAk@bA{@bBw@nB{@lBuBhD_@p@CJ?JJNd@PlB|A\j@DLVlA\lB~@|HJf@V|A?X_@|CIdAKr@UjCOvD?n@KnBM|AGlBWnOC^QXIVNvAAn@WrFAvBIjC@jCItGFfBExC]fFEfDMpHKfBCfBWbCKr@KxAGRKLIRGt@DLNCr@Jl@?xGz@p@@`ASlDb@fE`AxCb@z@Pz@\dEnA`@B`@?p@LhCKx@?F@FFBJFjA]rCMnCMx@?\c@bHk@vBGZQvBI|AE|AD\ZhB`@rC@NQxCIpEG\IhBWnBQlBSd@SHqF{AeCe@OGKQHm@,2,38.7,,,False,84.8,Diego Galdino
2,Afternoon Ride,10660.8,2336,2361,22.0,Ride,Ride,,Garmin Forerunner 645 Music,7319131657,2022-06-16T15:05:27Z,2022-06-16T17:05:27Z,(GMT+01:00) Europe/Amsterdam,7200.0,,,,0,1,0,1,0,False,False,False,False,everyone,False,b10767637,"[52.25, 6.78]","[52.23, 6.89]",4.564,6.671,,27.0,True,119.0,137.0,False,True,19.8,-0.6,7797315391.0,7797315391.0,garmin_push_9028713719,False,0,0,False,20232024,1,a7319131657,sl{}Havjh@FFRLTHHLn@Pb@Bh@LhBZ`Cd@N@PEDGFe@ZkGNkBVyEJiDA[OmAs@eE?[R{DJ_A@YNo@f@cBr@oJAMFmBLyB?yAKw@UCoCAyABqBKKK@UBIB@@o@W_@KGe@BgARS@oAKqCo@c@MuGmAiC[a@M}@QmAK}AWaCYIUAMTqCBkALgBDgBH}JP_C^kGBaCEcH@oCTeFBsET_EBkACa@K_@{AcA]_@iAy@q@s@cB{B}@eBm@y@u@oAyDqHy@wA}C}Eq@g@_@g@g@gAg@iBk@kAu@iAAK@YVm@lCyEz@mC`@o@j@iAvAiDd@_A~AiCl@{ARq@|@aBbBsEfEgJ`CyFlByDvCsGR]hB{DjAyBN_@No@`AqBzAkDhEmJjA}Bl@}AjCuFtB}E`BiD`@k@tCuGv@_Bb@qAj@wAhByDVo@xAsG|AeF`@oBl@_Bp@eCz@aC?a@DYC@?Ev@uDtB{Gh@}Cx@qDv@oClDkNh@{At@_B`B{Fv@}B\{AdB_Gr@uCbAmDjAwEp@}Bn@mBpAyF~@_DPgApBuGxA{FpAiEpBgI`AmD`@iBtBsHp@uCTm@l@}B`CwHNeAdAyC\{A`@mAf@gAZcAd@gAXmAJaA^wApAcE|@}DzB{H@M\_ADG?FEA?GBKFu@EaAi@kBIc@OuAOwGMwAk@wDOuAOeBSoAyAiLmAgE,2,38.1,,,False,88.9,Diego Galdino
2,Morning Ride,11199.3,2239,2260,9.0,Ride,Ride,,Garmin Forerunner 645 Music,7316689525,2022-06-16T05:48:15Z,2022-06-16T07:48:15Z,(GMT+01:00) Europe/Amsterdam,7200.0,,,,0,2,0,1,0,False,False,False,False,everyone,False,b10767637,"[52.23, 6.89]","[52.25, 6.78]",5.002,8.057,,21.0,True,120.0,139.0,False,True,23.0,-0.4,7794638737.0,7794638737.0,garmin_push_9025728633,False,0,0,False,20232024,1,a7316689525,ezw}Hso`i@N|@hAvEf@|CPbBFfAn@fFR~BTbBJjAJxBBhCDl@V~BPf@p@~Aj@bAh@tA`AnB`@^FDj@NrCTlANn@BbANXBRJBXUxD]xDG`DEj@YrBW`CKZGt@FTNHRDzDPxBF~ANdBHLLJXCxCMnGOzCE|DUxBOr@ACM|BO`ACzA_@hD_@|BuAbHaAdE}@xCiBzEcArBy@|Aq@`AmAnAw@jAM^s@vA}ArBcAbBaAnBqArDsAvCQ\g@fAy@rBi@bA_@\k@\YV_@f@g@pAk@zBOf@OTy@r@_@l@g@~Ak@zAo@pAyFlJq@pAm@|AmD~GkEbHo@n@iBfD}CdGgApBmDbHy@pAMZC\Ap@B\JJ@N[bAoAxBsAjBq@vAMr@Wn@gDvFcB|CuArC}F~J{BxEeDlGcD|FkEjIqBlDgBhDqBpD}@hB_DdFiAvBq@~AcBbDe@v@eAxByBxDi@v@m@n@yBzEcCbFSn@lClBRTHRdAvEfBpM?d@Op@W|DENK~@WrDIvBAjAIhBIz@Ez@CfCEl@KzE@xBIx@EHMNIf@Hf@HlAk@`ODnI?pG]nHClCKbB?p@IpCCvBG~BO~AU`BMrAc@\AhABB?CA@PBf@J^GN@n@HjAJpAP~@Nj@DX?jAYb@@l@L\D|@Xl@Jp@R|@N\LjANjB^|Bl@t@N`Bn@`@FbA?h@L|DKH@DJD\@`Ai@|Go@dJIh@u@rBQlBGtCAhA`AhGAdCW`GEzAQvBOx@Q`BYRSC_Bo@gDw@eB]WSJi@?_@GA,2,42.1,,,False,94.2,Diego Galdino
2,Evening Run,7961.6,2570,2575,26.0,Run,Run,,Garmin Forerunner 645 Music,7314022654,2022-06-15T16:37:11Z,2022-06-15T18:37:11Z,(GMT+01:00) Europe/Amsterdam,7200.0,,,,1,1,0,1,0,False,False,False,False,everyone,False,g10593679,"[52.23, 6.89]","[52.23, 6.89]",3.098,5.468,81.5,28.0,True,162.7,199.0,False,True,42.0,33.0,7791754981.0,7791754981.0,garmin_push_9022776481,False,0,0,False,20232024,1,a7314022654,kex}Hamai@w@y@k@u@q@q@aAk@q@o@wAkAWKi@[_@[[c@g@g@eCkBkAwAg@c@]U}@u@g@W_@_@g@WiB{Ay@_Aa@Y]m@i@Ys@m@i@o@}@}@Q]|@r@f@TdAv@^b@lBhBb@XfAbA~BlB^`@bAv@^`@lAbAZ`@lDzC`B~Ad@XpB|APVzE`Fp@h@dAbAPJQW[SoB_Be@g@W[MME?`@Zt@v@r@l@~A~AD?EGkAu@_@[o@m@Ya@QKABVVj@b@jCjBCIuBqAeA}@ICCCn@\`At@`@^v@f@]Wu@g@SI_Am@[c@CKL@lCtBj@h@kAu@_Ae@k@_@MUAMTJ~@f@b@h@pAhAg@]yBmAc@]EK?IRGXLbBjBv@t@s@k@k@]kAw@YYE]JBt@j@rAlAr@d@eBw@q@c@OEY]BOJ?bAj@\`@z@t@TVu@]}AgAo@o@AM@C~@l@|AjAXTJNE?q@_@}BwAIIAGLAZTZJ^b@pAx@HLQIa@]{AaAoC_Cq@c@gBmBeBcAa@YkAyA[UkAiAcAuAcA}@g@W_@c@y@i@[[a@Ye@g@u@_@{@m@{@w@[_@aBkAw@}@o@{@c@_@GSHPhBjAnBrBl@d@PT~@r@JDhDvCb@b@zGrFhBdBv@n@b@\|AdBZTpBjBXPpArAfD`D@AMMo@i@cCuAEQDGB?p@\NBVXT\v@l@NFBFi@_@{@c@c@[s@o@AGRHX@h@`@RZZRr@|@UIsAw@y@m@YYAGh@Bv@`@d@n@bA|@gAy@g@Yo@[]YGG?CJAl@VfA|@T^h@^eBeAWUiAw@?CJD,2,,,,,,Diego Galdino
2,Afternoon Ride,10644.7,2471,2582,31.0,Ride,Ride,,Garmin Forerunner 645 Music,7313501807,2022-06-15T15:05:32Z,2022-06-15T17:05:32Z,(GMT+01:00) Europe/Amsterdam,7200.0,,,,0,1,0,1,0,False,False,False,False,everyone,False,b10767637,"[52.25, 6.78]","[52.23, 6.89]",4.308,5.842,,28.0,True,112.8,133.0,False,True,35.4,12.4,7791185467.0,7791185467.0,garmin_push_9022158403,False,0,0,False,20232024,1,a7313501807,gl{}H}vjh@Bf@XLvA^r@JXLDDh@HdBZfAVL?DGLq@j@uHb@kMAWQgA[iBSoB^eHr@oBN_AF}Af@uGDuAHcB@}AKaAKIG?gABkBA}ABs@Ic@OACBCDY@k@Ya@MGaBRcA?o@Me@OqAUaA[yAS_Cc@cEi@m@WqBMeBY}BSCICW@g@^_HDeAFoIFcB`@}HFwBDsCEiIBoAVqFFcEJ}D?k@E_@Sg@uAcAQIoB_BOMi@u@m@cA{@}As@eAa@s@m@iAsAaDc@i@uDkGa@e@w@kAg@UWYU_@q@cCUk@uAcCCY@MXu@nB{Dr@eBd@u@f@eAb@s@hByD`@iArByDNk@pAcCpBcF`AqB`@o@h@oA`@qArAoCRm@rC}Fb@oA~@uBj@yAVk@RW^q@\u@F_@~AkDJ_@pBqDRm@bCoFRi@bBqDt@wA^gArAkCzCmHrAkCf@qAzB}EP]|@{ApAeCVaAn@}AZ}@r@}Ab@iAZ_BTwAXiAr@_CdAmCBUz@kDbAeDZmADa@?AABAIn@uCjBmGb@sBTwA|BuIfBoHl@wB?DBCG?@B@CH[h@cBnAoCTs@t@yCvA}EvC{KnAoE`AwDb@yArA}DbAoEh@oBp@sCr@gCzAmEZcB`@_BBUbB_G`AuDp@{Bn@{Cb@yAZ}AnAsD\aBLc@Pa@`@{Ar@uDdA}CdB}G`AwClAcD\eA@DVwAb@eBtBqH`BkGbAcDFMF@D[CAFOFy@Ai@Kg@[{@Mg@Kq@MwACgB?{BEs@k@qEQy@}BuQYeBeA_E,2,37.8,,,False,93.3,Diego Galdino
2,Morning Ride,10851.6,1997,1997,10.0,Ride,Ride,,Garmin Forerunner 645 Music,7311273114,2022-06-15T05:59:19Z,2022-06-15T07:59:19Z,(GMT+01:00) Europe/Amsterdam,7200.0,,,,10,0,0,1,0,False,False,False,False,everyone,False,b10767637,"[52.23, 6.89]","[52.25, 6.78]",5.434,8.223,,22.0,True,136.6,157.0,False,True,29.4,9.8,7788748622.0,7788748622.0,garmin_push_9019416582,False,2,0,False,20232024,1,a7311273114,_yw}Hcl`i@Jp@b@hALv@zBzQLnAP`ANtBFxB@tBP|BVhA`@bAdArBRl@hAxBd@p@PLp@NzBR~@DhC\T?\Ll@H`A?z@E\?BBEfCFZXd@h@Hx@@HLBJh@pMAtAHbBP|G@rDExCKjD?hBStCIf@KRGfBQzA?p@I~A}@lGe@hCiAvEeB~Fu@pBmBlEaAjBy@hAYTk@j@_AtAkA~BsAvByBhEyAfEs@`BmA~B_@bA[r@]n@u@n@gAx@Yd@Qh@}@xDSf@IHg@VONY`@wA~DUf@_DdFyBvD{@bBy@pBoD~GaA|AkB`Do@l@}D~GmCvFqCbFuBdEE^PlA@JAVWt@i@nA[h@i@t@aA|@a@hAQv@Sf@{@tAw@~AoAlBq@vAiApBoEtI{FpKkBrDeAfBeDhG_BpCwBdEkDnGcBtCwBfEcA`ByCtFyA~C[d@}AxC{D~GkBdE{BfEy@tA?BLBh@TtAjA\^P`@RdANf@VxAVnBTxBZrAZpBDh@YfACTAv@KtAQdBMdBY|HSfDAdBWnDIpGGx@ERQ\?JLx@BhAa@dMAtDFtDAhAEhA?lBIrCO~BEvCK`CKlIKdCa@rDKrAKTUNAHA|@DHv@L`@Ev@BbC\~CVx@OX?`BPx@Nb@DjCn@~Dp@zCx@zA^b@RVHZDX?nAN~AAzAGF@JT?lAu@pHS~BG~AGbCw@zCA^QzBMtC~@hG@p@EbBWpHo@hICLGF]CkAa@gAYkAUgCo@c@GIMNkAAEME@DAAB?,2,45.9,,,False,91.7,Diego Galdino
2,Afternoon Ride,10676.2,2341,2452,30.0,Ride,Ride,,Garmin Forerunner 645 Music,7311272466,2022-06-14T15:06:07Z,2022-06-14T17:06:07Z,(GMT+01:00) Europe/Amsterdam,7200.0,,,,1,0,0,1,0,False,False,False,False,everyone,False,b10767637,"[52.25, 6.78]","[52.23, 6.89]",4.561,5.967,,25.0,True,131.8,161.0,False,True,29.0,5.6,7788747888.0,7788747888.0,garmin_push_9019415818,False,0,0,False,20232024,1,a7311272466,mk{}Hqyjh@@PWpA@\@BRHd@DtEv@h@RfATT@d@KHq@DwAHeAHi@DmCj@qK?WQoA]oBSsA@{@RkELeAh@yARaAJoCXwFTeD@{AMiAEEOCmACeE?WAq@IGM@KDK@e@CI_@[g@?s@LaADyEiA_Ce@uDm@}ASgA[yI_AMMCe@NmBZgGFmKJiAh@uK@kAEkJ@}ARsEFeENcF@w@Ac@GWSWoEaDkBcC_AkBmAiBKW{@{As@_BqBaDy@yA_B}Bm@eAm@_@u@gA]qAc@kAqAeCC]Jg@rAkCf@{A|AwCX_APa@l@_ArAsCzCeF`BqFd@eAh@{@d@_Al@cAtBgF|@eB\eAtAaDtB}D~EgKr@eB`@u@b@qAfA_CjAuCzG{N\}@nHcP`BsDhBuD`@cAr@mAVy@`A_CfA}Ch@qAjA{Dd@uA^{Ah@eB^eA\gAj@cCx@yCl@sAGi@Fe@xAcGjAqDbA_FxCqLj@eCx@yCV}@hBqE~AyFTo@x@cDhBoGnAsEV{@pBsHvAqEz@uDd@aBv@oDpAuETk@\iAb@kBf@aBd@qAZeBfBwGd@uAXgABc@Jc@h@mB|@qDxAcFZw@lA}F^qAj@}An@yA~@eEf@qBjAqDr@iB?G@GABBNAIF_@ZiAxBaHRiA\aBp@mCr@_Cv@uBHi@Cw@G_@a@kAQs@MaAKiCE}BMoByAqL[wCa@cDW_B[}AWw@g@sB,2,39.7,,,False,93.0,Diego Galdino
2,Morning Ride,11079.1,2176,2240,10.0,Ride,Ride,,Garmin Forerunner 645 Music,7305530326,2022-06-14T05:52:38Z,2022-06-14T07:52:38Z,(GMT+01:00) Europe/Amsterdam,7200.0,,,,5,0,0,1,0,False,False,False,False,everyone,False,b10767637,"[52.23, 6.89]","[52.25, 6.78]",5.091,7.386,,20.0,True,136.8,163.0,False,True,23.4,0.4,7782512372.0,7782512372.0,garmin_push_9012790071,False,0,0,False,20232024,1,a7305530326,kzw}Hyo`i@t@tCVt@z@nFx@|GJlAXzB`@|DFbABpDBlA^dCJ^JLh@xAhDrGl@`@|@NfI|@`@Jd@Fv@CpAGZF@VEn@@p@FVh@v@nAFRTBXF~FNtEG~ANnEFnC?vEGrD?vBCxBG`BUzAIlAWtBC`BEh@q@|Ea@|BkAzEcAtDgBbF}@|Bg@~@c@bAk@jAs@|@aBjB[f@[z@kAzBcAvAi@~@q@rAaBbE{CtGo@`B}@~Au@d@s@t@OTYl@Qf@i@fCKZW^o@`@QROXm@fBgAjCu@vAwBrDcAjBkAjBu@dBwCzF}@|Ao@~@mAbCU`@o@f@aC`EyC`Gi@~@w@|AkAtBaBjDW^Od@@~@Jf@AJk@fB_AdBuA|Ac@~@WbAQd@e@|@y@hBqFdJiDjGyFfLo@bAuDfHw@rA_H~LkFfKaDvF}BpE}AfC{@~AuA`CSb@iBlDqC|Ei@tAm@rAg@x@W^s@xAc@t@MVOp@f@PbBhAj@t@DJLf@\`CHX`@`CFdAh@vCR`BDf@UjAKx@_@pE[tE[vLMnJIrBOt@[x@RxA@\GtCIp@InAOnHAfDBtC?vCC`BYlFSbGEdB?`CG~DKzA]lECJIPMHGLAt@@JD@BGl@Nh@AlCZtB\h@Db@?jAQP?x@N~@JdCj@t@RhDn@dAXdBj@lDv@hBD|@CtB@d@HBJDt@?\[fD_@hHOtAKfBu@zC[bHDj@ZbC^rB@\]pHG~BUlCElASdBWDIA{@a@o@O_B]gEy@EECQLg@B_@IEE?,2,38.9,,,False,84.7,Diego Galdino
2,Evening Run,8012.7,2409,2419,16.0,Run,Run,,Garmin Forerunner 645 Music,7302835792,2022-06-13T16:25:16Z,2022-06-13T18:25:16Z,(GMT+01:00) Europe/Amsterdam,7200.0,,,,4,1,0,1,0,False,False,False,False,everyone,False,g10593679,"[52.23, 6.89]","[52.23, 6.89]",3.326,4.393,81.7,23.0,True,160.1,188.0,False,True,35.2,17.4,7779614537.0,7779614537.0,garmin_push_9009761459,False,1,0,False,20232024,1,a7302835792,}`x}Hgr`i@SVc@P_@RQBs@T_@Zc@TODIKE@YVM@OF_@Ta@`@m@`@K\EDm@\m@DMVMDc@\]\[b@aAj@e@b@o@`@iBvAe@Na@TYTq@\]H]^}@b@w@H{@^I@YPWBc@RiA\mBf@a@Fa@@IISXQNa@F_@JsAHYDCD]J[X[Na@NSAM@_@VeA?UA}Br@u@Lg@VGE?EW`@i@Ra@HaAh@g@Ho@VYDY][QiA]mAe@}@e@uBw@iA[wBg@KGUG]Y?m@H{@LiCPcBH[NuAVu@Xm@Ty@j@aB\q@Je@AGGCqBDa@?e@KsABmAf@wAz@c@`@_An@a@d@kAr@e@b@c@VIN_@HiAq@wAs@}AoA}@c@]CQ^GXe@`A[d@YBg@Ca@SkAy@}AwAqAy@}@aAi@MwA[UIeBCe@Ok@Wa@Y]Ms@s@[a@?o@DqA`@sFN_Ab@cBZqBJoA?_AH{@FOVaA`@_@`@UTYZi@bBeEj@_CJq@BaAa@yFGkA?QJMb@Y^MJAd@?`@Bf@?VKHKHs@JaBJeAN_CFsDHaAdAoFXiC?{AGu@CaASaCOgAO{BU}@Sm@OyAAy@FgAJ{@\u@b@_@dAiAv@gAv@u@v@_A^o@f@oBHm@DKBAVNh@d@^Nb@VjAf@f@Z\`@hAx@hElEb@XfA|@^ThBdB~@`At@h@ZZtAfAV\b@\j@`@f@h@xAhAdAhAx@l@`@TzAdB`A`A`@\f@f@`Ar@l@`@`A~@rAz@`AhA~AnAdAhAbAl@^f@Jf@^ZxBr@`@H`@@^L@ZJXPTh@f@^T`@`@`@Z^d@dAv@XZj@\f@d@x@~@tErDnBlBx@n@bCxBdBbBb@R`@\j@\nArA,2,,,,,,Diego Galdino
2,Afternoon Ride,10665.0,2283,2356,27.0,Ride,Ride,,Garmin Forerunner 645 Music,7302470756,2022-06-13T15:04:01Z,2022-06-13T17:04:01Z,(GMT+01:00) Europe/Amsterdam,7200.0,,,,2,1,0,1,0,False,False,False,False,everyone,False,b10767637,"[52.25, 6.78]","[52.23, 6.89]",4.671,6.808,,24.0,True,124.1,154.0,False,True,81.8,60.4,7779218028.0,7779218028.0,garmin_push_9009314291,False,2,0,False,20232024,1,a7302470756,cl{}Hgwjh@Ah@BHNJl@Pv@L`Bd@l@HnCj@N?DCN]Fe@TuDH}BNiBCaA\oFA{@_@wB]qC?[LsDLkBh@cBRu@BW^gGR_FJeBBe@IcAKa@GA_BFkC@[AqAOSKHiAGMSQMEa@BeANU@e@EwAWeBc@g@IQGq@I{@UcDk@kBQw@SeAGqAQuBg@kAQKS?_@NwBTsERiMf@wKDwC?_LTqGPuJ?cAC[IWOQyBsAgB{AiAoB[m@_CyDuEcJcEqGOOy@k@W_@a@aAg@{Aa@{@eAmB?[FYrAuCn@kAvAaDz@eBnA}CrAgCt@w@Rc@j@sAT_AhAaCnByEx@_Bn@sBd@u@l@w@fA_C?KdCcGbBsDTq@hAwBp@yAb@y@~@qBbAiCz@_Bj@yAdEkJtAqClBiEl@iAn@{AdEmJ`HuN`C{GjAcCt@oB`@gBV{Ad@mBr@}AxAqFTo@LSRu@^cAMk@DGGAA@@QLk@h@}B~AgF`@iB`@yBfHcY^}@~@sBZeAJe@dB{Fb@kBz@mCv@_Dr@}B`@wAj@eC~@gDpAcE|AgGd@wBVw@Da@HW\iAv@uB^eBp@{BVmAh@sBf@wA|@{DbCwIt@aEz@sCd@qAb@gB\_AxBuI`@kATiAf@qA`BoGNc@`A{B^sA?FACLu@p@eClBeFTwA\oAVu@dAiEDEJu@Ne@LWE?GGHQPq@Bc@Iw@i@_BY{BQqFKeBYeC]qDc@oDeBeLm@sB,2,44.6,,,False,101.9,Diego Galdino
2,Morning Ride,6622.1,1506,1558,2.0,Ride,Ride,,Garmin Forerunner 645 Music,7302469646,2022-06-13T05:51:17Z,2022-06-13T07:51:17Z,(GMT+01:00) Europe/Amsterdam,7200.0,,,,1,0,0,1,0,False,False,False,False,everyone,False,b10767637,"[52.23, 6.89]","[52.25, 6.82]",4.397,6.538,,24.0,True,113.5,133.0,False,True,85.2,67.4,7779216910.0,7779216910.0,garmin_push_9009312961,False,0,0,False,20232024,1,a7302469646,ezw}Hgo`i@Nn@^dAJd@f@bB`BfKBbAJ`Br@`FLrBJ~GXxBFVx@pBx@zAvAvCR\TPp@RpDh@~@B`AFt@JRJDH|@@v@AnESHF@pBFzABpDHrCNrADbCCn@@ZRhGPdDGdAAfCStE?bCKrB[vB@KItASdBAxASdBWnB_A~EmAbFeBhGo@fBo@zAaAvB{@~A}@nA{@~@m@|@cCdEWd@m@v@s@rAs@fBk@bBm@zAeBnDu@lBu@|Aq@|@u@^}@nAc@pA_@dBa@dAiA~@MRkAhDw@`BeBpCy@xAoBfDWd@{@|BkBjDw@zAy@xAy@lAw@zAq@~@GBq@x@s@rA{@xAq@zAqKjSEV?NHbATVATM\u@dAeAfBe@f@g@p@a@~@[lA{AhCu@zAq@dAcE`IgEnH{BnEaHtM_BjCwFrKw@tAaCvEoEdI{AvCcBnCgArB,2,28.5,,,False,42.9,Diego Galdino
2,Afternoon Ride,10680.0,2337,2486,28.0,Ride,Ride,,Garmin Forerunner 645 Music,7286108906,2022-06-10T15:03:29Z,2022-06-10T17:03:29Z,(GMT+01:00) Europe/Amsterdam,7200.0,,,,1,1,0,1,0,False,False,False,False,everyone,False,b10767637,"[52.25, 6.78]","[52.23, 6.89]",4.57,7.778,,26.0,True,115.2,132.0,False,True,86.2,64.8,7761279845.0,7761279845.0,garmin_push_8990157513,False,0,0,False,20232024,1,a7286108906,{l{}Hgvjh@JRDBBLRDp@Fx@TT?r@Xv@N~A`@l@JL?JO^}DXsBJkDRyDHcA?g@Be@Gy@e@{CMgAD{CR{CDUp@eBJa@RiEJ}DT{BNkCCg@Iy@SEiDA}BBy@KGE?EDgAAKKQUQMEqATi@Fe@EwA]YEy@SaAWiFw@qC[[Gg@QeAKyEo@q@KGEIW@_@XgELkCH_JViFNwBJkCDcHEuC@}CTsEF}EPiFOmAEGYSi@Uu@i@eByAk@o@{@uAgAsBw@kAKYiEgI}BwDoBsCk@_@i@w@y@gCcByCE_@Da@J[tAqCn@}AfDcHf@{@pAaDlByDpCeGXg@~@}Bx@_B|AmC^s@hBwEzBqEbAsCtC}GfBoDn@{Ad@q@|@cBxAkDdBmEv@gBlAaCz@iCt@{An@eAn@}A|EsKt@mB~A_DfB_E\y@j@oAh@gB`BaEFYf@}Ab@wBj@mBr@iBVkAtAqFp@wAHk@KK@K@D@GCIx@wC\eB^oAb@eAb@cB`@gC~@eE`@mA`@yA`CqJX_AXw@t@}A^cAhAwErDkMb@_BP_AhBwFxAeGrAeE|@wDp@cC\cB|@sCRqA`@gAbAeDb@mA|@uCf@iCZqA|AiGXaAReA`@_B^sAd@uAr@yCPk@f@qA|@kD~@gDf@uBN_@tByHn@sBhAaDG??IV_AnBgFFUDc@h@_CXmBFWvAmDt@sC?EC?@@COJe@CiAEYSk@YiAOmAI{ACsBGcBu@uHgAiIOiBYmB]aBy@_D,2,40.9,,,False,95.7,Diego Galdino
2,Morning Ride,11085.0,2309,2347,9.0,Ride,Ride,,Garmin Forerunner 645 Music,7284012670,2022-06-10T05:51:25Z,2022-06-10T07:51:25Z,(GMT+01:00) Europe/Amsterdam,7200.0,,,,1,1,0,1,0,False,False,False,False,everyone,False,b10767637,"[52.23, 6.89]","[52.25, 6.78]",4.801,7.229,,23.0,True,119.6,160.0,False,True,88.4,64.0,7758970271.0,7758970271.0,garmin_push_8987585845,False,0,0,False,20232024,1,a7284012670,qzw}Hon`i@t@bCz@pDr@tETnBb@jEZxAJ~@F`ALvDDv@@fALlBZ`BRx@CAFBXn@p@dAp@vA|@hB^X`@F`CZx@R`CTFDd@DPCt@DjB?zAElBNDRCzAF`CAr@NnDN~BF|BE~@Br@@dALzBDnD@zDC`AUlEHpA?h@Ch@MxAWnAEjASpBAt@YhDUdB[`BuAxF_@hBeAvDs@tB}ClHy@zAe@j@qApAw@fACH}@zAk@dAm@~@yBlEyBzF_B|Ck@|As@|Ag@l@eAr@u@pAUn@o@lCa@z@e@Za@^Yp@m@lBo@tAsBnDaCxDcAhBw@xBcDnGkBxCgArBkAvAwD|GiElImBhD_BdDC^B\Pn@?LSn@aAfBC\oAvAOTq@pAOx@a@z@kCzEoBdDsDdHw@lA{DjH_FpJ}@tAo@pAqDpGgC~EuLxT}@jBiEfHe@|@e@pAoBdDiD~GuDbH}@rB?VDJPL^JfAt@d@`@Td@tAnHDZ@h@|@lHOl@QlAu@bL]nLOxICd@CHElBKj@]l@RnB@j@UdFSzGC~@BhCFzBG|Gg@hKGlCEtJEl@SpBGZUlCKTWXBECdA~@P^An@B`DZpARx@Bv@U`@DdC\rAV~Bf@fANnBb@fCt@p@NzBj@hBDl@CzCBFBDZBvAKdB]vDMbD_@bE{@fCMxAGnBCvBBZd@jCRpB?\[dGOtFO|AI~BMb@IBI?_Cu@cEaASEeA[EQHgAGCE?,2,36.2,,,False,83.5,Diego Galdino
2,Afternoon Ride,10537.7,2237,2237,17.0,Ride,Ride,10.0,Garmin Forerunner 645 Music,7280938476,2022-06-09T15:10:18Z,2022-06-09T17:10:18Z,(GMT+01:00) Europe/Amsterdam,7200.0,,,,0,1,0,1,0,False,False,False,False,everyone,False,,"[52.25, 6.78]","[52.23, 6.89]",4.711,6.82,,25.0,True,113.3,132.0,False,True,88.6,72.2,7755624291.0,7755624291.0,garmin_push_8984188211,False,0,0,False,20232024,1,a7280938476,mj{}Hkujh@X^PFPD^D|@T~@LZHfAVf@?LMBILmCZiDz@cMA{@e@iDO{AEu@D_BPaDx@oCFy@BiAVmELuADwANoBAgAMaAECO?cHDo@IOIAKDqAUWOEa@?y@PU@a@?[EgCg@o@WaB[iAK}Ck@gBMUG[OqAQaCc@gC[KQA]Bk@^eGFgBFsHHeCPsCTcGBcORgF@{BR_ICw@DQAIqCiBe@_@w@g@g@i@sA{B_AaBkB{CqC{Fw@oAwD_GOQa@S[a@Ye@u@aC_BsCG]D_@DMzA}C\aAxA_D\m@p@aAvAmCZe@jAgCf@{@PStAgDjBmFf@aAfByCbAoBJWv@gBR_ANg@jAqCvCkGdBeEz@}ALa@h@aAfAeCx@oAnDiJbE}Il@yA~A{C`BcE~BcFvAmDt@qAp@wAtAkCl@mA^oA`@eBp@oAjAwDXo@z@cBNe@bA{Dl@yAVaBPi@ZuAd@aB\aAM]d@uC`@}AnBiGb@eB\kBZoA~@gDvAqGlAoEn@uBt@yAl@_BbAeEhAyDjAwEvBgIdBeGh@eBp@kBXeAB]^qB^}AfAyDfAaDb@eB~@{Cd@}Bd@gB`AiDxAaG`@yAd@kARwAh@mB`@iBf@mAbAwDb@wA\cB\sA|AoF`AeEdA_DhA_E^eAVmAhDwJ`@aBz@sCP}@f@eARq@TgAKK?ET}@Ao@Mo@g@}AU_BKwBB}@G{@YqDYuB_@}BaA}Ia@sCmAqF,2,41.0,,,False,91.7,Diego Galdino
2,Morning Ride,11053.9,2468,2558,12.0,Ride,Ride,,Garmin Forerunner 645 Music,7273671899,2022-06-08T05:53:29Z,2022-06-08T07:53:29Z,(GMT+01:00) Europe/Amsterdam,7200.0,,,,0,1,0,1,0,False,False,False,False,everyone,False,b10767637,"[52.23, 6.89]","[52.25, 6.78]",4.479,6.168,,25.0,True,128.6,151.0,False,True,102.2,82.6,7747757742.0,7747757742.0,garmin_push_8975426766,False,0,0,False,20232024,1,a7273671899,ezw}Hso`i@TdAn@bCb@zBx@xFT~B?XHp@x@zER`CFzGR|BNjAp@rAh@t@tAvCj@dAZ\VLtDj@z@JT@ZAdD`@x@B~@CvABv@L\NDb@JbHNrBT|EAhBLpCHhEB`DAxA[bHCpBQ~AOhAItA[lC@jAM|Ak@bEu@bEeB`HoA~DcBrEo@rAu@tAs@bAcBbBc@v@c@dAyA`C[d@cAdBq@nAcChGeBrD}@dCk@~@[\_Al@k@j@k@rAy@jD[f@y@n@[f@y@pCgA`Cy@lAmEjH]r@u@pBkEjIq@|@gBbDWZWRQR_@n@eArBk@z@o@vAeGfLyBtEAN@bBEb@Yr@U^k@jAe@r@sAdCUfA[l@_AbBk@jA_BfCYl@iB~CsBbD{@jBmBlDu@~A{C|Fq@xAeAbB{AhCg@fAeG|K_CpEuAnCeCfEmDvGoAtByBpEQb@Q\q@~@kAlBoAnCs@hAg@|@}E|JIXPRb@RzAhAh@n@R~@f@~CFb@RdAHfAf@lDPbB@Va@hBOhC_@~EGf@k@nO?pAGxBAxBEjAIfAO\Gd@Ln@Df@?l@Cl@?`AGn@EjAWrHCjEFrFCnEQrB[nFKjI?nCM~Bi@jECJYZ?FDC@DEv@@Hn@NbBLvFn@L@j@Cl@Mb@DvBZn@Fh@NnCh@`AVhB^j@TvAZ`AN|Ah@h@BDAf@ANB`ADjCCLDFPBz@C`Bk@vGMfCIb@O|Bu@`CKvBEd@MlCF|@p@fEHhAShDOpGo@zHEFQ@}Bq@_ASkAQgAY}@OYSAKNi@Dc@KI,2,30.2,,,False,74.5,Diego Galdino
2,Morning Run,10017.6,3113,3169,19.0,Run,Run,,Garmin Forerunner 645 Music,7246582517,2022-06-03T05:23:47Z,2022-06-03T07:23:47Z,(GMT+01:00) Europe/Amsterdam,7200.0,,,,7,1,0,1,0,False,False,False,False,everyone,False,g10593679,"[52.23, 6.89]","[52.23, 6.89]",3.218,4.908,82.9,18.0,True,158.1,175.0,False,True,35.0,17.6,7718216488.0,7718216488.0,garmin_push_8943875210,False,3,0,False,20232024,1,a7246582517,o`x}Hyq`i@o@f@{@`@{Ax@e@DcA^a@F_@J[NiA|@]NWT}@b@c@Xy@`AMTs@h@e@RcAt@cAd@e@X_@NMLc@XSNo@\aBd@m@VoBh@}A~@sATc@?[F[LM@OAAE]Ze@He@N]FaAFc@J{@\i@NUFa@ByBh@oB^]JYP_@LGC@@UNeDvAwAf@K?c@a@k@Sc@WOCmBw@aAi@WGs@]g@K}@W_Ae@aBe@eAk@a@IwAe@c@Yi@Uu@c@c@KkDoAa@Qq@_@c@ScA[i@SkBcA}@]_@YYFk@A[E_@S}@y@gAy@eC{B{@]{Bs@MAkA@iBa@a@Qy@s@UYMIOU?e@RqB@ULiAPw@`@uC^uAP_AJ_BBkAFe@XeAZk@VWbAm@Vm@n@iBb@eA^_CRyBC{@Gu@Mu@GcAEy@@aABG^Yj@Sb@IdA@\EHGFO^_ET}DLkDDi@hAwHL_B_@yFi@uEY_B[{BHyBH{@Nk@Ra@hAaA\[\a@\Y|@aAf@u@LIh@u@\iBVy@F?TV`@Vh@TvBdAVPXX`Af@n@h@Vd@TX`At@~@~@z@p@Vd@x@t@v@p@r@`@b@\^^`@f@dB|APV\\xBzA\XNRfAx@zA~A\Tb@`@pA|@l@\^^\f@v@t@r@ZV^d@d@Xd@x@n@jAhA`@XdB`Bb@X`@\`@b@FJDf@RVj@Vf@JvAf@lAN@^F\BD\PhBlArBnBhBtAfAlAd@b@\Xd@Xn@p@PHjAjAfA|@X\rAhA`@V|A|AhA|@P`@ZLv@j@^ZVX^V^^b@j@jEbEl@f@xBrBZ^t@dA}@lJOn@m@b@s@^o@V]Pu@Vq@NUL_@b@_@NIAIQWeASo@Eu@Ok@YuCSg@Ii@HaAMe@M{BFyBAcBEo@SaAYOaAUu@KaB[sASOI}Aa@]Oa@Ck@AyA_@c@SCECECQDw@Hw@Lo@XmBFu@?_ANo@VKPCLDdBrAz@`APJNB`@Tz@t@b@d@b@XbA~@j@^f@j@~@z@VXn@\jAtAbA|@,2,,,,,,Diego Galdino
2,Afternoon Ride,11165.5,2392,2473,33.0,Ride,Ride,,Garmin Forerunner 645 Music,7243600856,2022-06-02T15:08:57Z,2022-06-02T17:08:57Z,(GMT+01:00) Europe/Amsterdam,7200.0,,,,2,1,0,1,0,False,False,False,False,everyone,False,b10767637,"[52.25, 6.78]","[52.22, 6.89]",4.668,6.979,,23.0,True,123.4,142.0,False,True,23.4,0.0,7714968442.0,7714968442.0,garmin_push_8940499955,False,1,0,False,20232024,1,a7243600856,sl{}Hyvjh@AHBJz@d@TFRF\Bv@JjB`@^LP?XJTBp@HPIBK@[@{AjAeRAuAQsA[uAUsA?g@f@_Hr@uBJ}@^aG?uAb@yFA{@ScAa@C}@BYDo@?g@FQ?iAEaAQGSFcACKKOg@O{ATU?g@EiDq@k@UgEq@mDi@aB_@}BU{@QyC[IEEMA_@j@oIDmADiGHiBH{@BqAPcDN{IBgCAoDHyC?iBDwCTiHCc@AKWi@y@i@aCoB}AmBW_@eAkBu@mAeFyJ{BqDeBaCAYH[Rc@f@gBf@mAj@iA|EwI`@{@xAuBbD}FpC_GfEcI~@_BnBuDn@iAf@qAfD{FVg@Pk@f@cApDsGpAeCp@eAxJkRbCkEvDgHhCkE|KuSn@_AtAcCxAyCjAsBPiA`@{@pAcBb@u@hAaBP[Ro@B_@GYS]C]t@eBXg@r@}AzEiJnEqIV]|@{@bBaDt@aAr@sAzBiE|@kBr@cBjA{BhCeExAkCzAkEX_@x@m@PY\kAZ}Ad@mA^e@pA_ARSPYt@}Aj@}AfAoBvAsDx@{B`AsBv@uAvAuBrAcC~@oAhAqA^i@x@{ArAuClAkDdB}Fl@}BzAcIVcBVgCBmBJmAH]FCPBr@b@x@PnAa@B@FCDCCA?@@GVKBi@QwBCcCGeAGYM_EGgE@mCIsG@U@BCCA@NSTm@M_@Q{@K{AWuC]sFEqA?{AG{@G_BKi@IgACyALaCDqCAy@eA{QMsDKuE@CKc@SeBC}@EMKIGUMiCYgBCeAYaBEqCB]DEDe@WaCg@wC?g@FKj@QNAH@DFF?,2,42.1,,,False,100.7,Diego Galdino
2,Morning Ride,11148.6,2226,2509,9.0,Ride,Ride,,Garmin Forerunner 645 Music,7241200386,2022-06-02T06:00:03Z,2022-06-02T08:00:03Z,(GMT+01:00) Europe/Amsterdam,7200.0,,,,11,1,0,1,0,False,False,False,False,everyone,False,b10767637,"[52.23, 6.89]","[52.25, 6.78]",5.008,7.889,,20.0,True,133.3,156.0,False,True,22.6,0.0,7712366933.0,7712366933.0,garmin_push_8937690572,False,6,0,False,20232024,1,a7241200386,czw}Hip`i@d@rCh@~B\rBdCpRV~CT|GZrBz@nC~A~CdA~BXVZJ`E`@~BZhBPtABbBGn@D~@JJHDJNvD@jDPbDPtC@|@AZ\lIBlCEbESpEApCMtA[pBGbAWfBAtACh@YpByAbIo@bC]~AaAlDiBnFaA|B{AvCY\oArAoAjB}@`BiAdBw@vAaApBg@xAm@`B{@jBy@|AcAjCk@fA{@`Ao@b@k@r@[t@w@vCQh@U`@m@f@Y^aAlCa@bAuBjDuBvDa@l@c@z@eAjC_FbJkAhBqAbCy@t@OXwG~LeDpGqBfEE\B`@HZANGVk@pA_@~AsAbBa@p@e@hAKh@MXiAjBiBlDyCpF{GlLcBhDuLvTq@vAsI~OgD`GkBrDgGvKa@`AyBvDe@t@uBrE}DpHw@~A@ZPNr@`@fAz@^`@JV~@dGR`A@p@Ln@@XRt@TxAF~@Gf@Sr@OhA]nEIn@KlBSdGMfGKlIGtAM~@QPBt@Ll@@XCxAYxEQdFCvGFzFGrCe@vKGtBOrJMzAi@zEYd@?A?x@DHh@NlBDbAHzB`@v@Hf@@v@SPAl@D|@LpBZd@Px@RdDj@zA\|Ah@zA\lA\bAFlANfACjAKd@?Jj@Dz@AZOtA]~DKfCKx@QtCGZu@zBOxAWxE@\jAdGE|@QnBYtEQrBGhA@NKxACzAEHGDSCsDeAuEoAEGFkAMAP?D^FHADKFI@?B?EJIFUB@BCABH?HRPTABBKJA?@,2,37.7,,,False,84.0,Diego Galdino
2,Evening Run,5206.8,1552,1552,3.0,Run,Run,,Garmin Forerunner 645 Music,7238529019,2022-06-01T16:38:59Z,2022-06-01T18:38:59Z,(GMT+01:00) Europe/Amsterdam,7200.0,,,,5,1,0,1,0,False,False,False,False,everyone,False,g10593679,"[52.23, 6.88]","[52.23, 6.88]",3.355,4.86,79.5,18.0,True,152.7,170.0,False,True,30.8,19.0,7709478886.0,7709478886.0,garmin_push_8934677728,False,1,0,False,20232024,1,a7238529019,itw}Heg_i@CEFyAEs@YgAQ]w@_Ai@Uc@Ca@Fg@`@IPGf@NpBJj@BL\l@\f@^Pd@HV?j@SVUNc@Bg@Cs@Ks@o@uAIMa@_@e@Me@Ci@J]PM\Cj@Bx@Jn@Nn@Zf@\`@^P\Lf@D\A`@UJSHWDi@IeAKi@i@qAKOc@_@c@Go@Ci@J_@XKf@?~@Fd@Rr@\t@b@h@^Vb@Nb@Bf@QXa@Hs@Au@K}@Me@e@}@c@c@a@Oa@Cg@@_@HKFOVABCv@Bn@Nx@Vr@\l@^\`@Xd@Dj@Eb@WJSDQ@{@Io@YsAGS_@s@i@_@e@Km@?QDe@TGDM`@?p@F~@V~@Xn@^f@^Pj@Ld@FJATG\YHc@@_@A]K_AQw@IMWc@_@c@i@Wi@Em@Jc@VKXCj@Dv@J~@`@dAj@h@d@Pv@Rb@Cf@]Nk@CkA[eBw@oAYUa@Ke@Ae@@g@ZO^?|@L~@Jh@Tn@\b@l@\f@Nr@Hh@[HKH]?aAI_AOu@g@cAMMc@WOE_@Ci@@m@JGBOd@I~@Bb@R~@Rt@Xd@|@h@d@HZ@d@G\MN[DQ@eAA[c@}A]o@a@i@[Oo@M[@e@RYPEPGr@DdAXhA^t@^f@`@Td@F`AGVSJ[DU?{@Gu@_@yAQa@[e@kASg@@q@NWb@Cn@@z@Lv@Rt@P^LRd@\j@Nd@@j@I^[Pa@?y@GeAWgAc@y@]W]Ka@Ic@Be@HQFQXCNCX@bAJx@Lb@^z@\h@dAd@f@Bb@KRMFINo@@w@GaAQ_A_@}@i@g@o@Mg@Cg@FKF,2,,,,,,Diego Galdino
2,Afternoon Ride,10634.8,2113,2252,26.0,Ride,Ride,,Garmin Forerunner 645 Music,7232465690,2022-05-31T15:06:20Z,2022-05-31T17:06:20Z,(GMT+01:00) Europe/Amsterdam,7200.0,,,,6,0,0,1,0,False,False,False,False,everyone,False,b10767637,"[52.25, 6.78]","[52.23, 6.89]",5.033,7.314,,23.0,True,130.8,156.0,False,True,37.0,1.8,7702869738.0,7702869738.0,garmin_push_8927567226,False,2,0,False,20232024,1,a7232465690,al{}Hyxjh@Nf@?L?DG@AJED?NDDZLvA^lCb@`@N`@Jp@@b@FViAL}BPyAPgE?_@L}BV_DA[QoAm@gDAk@JuA@gAN}BFWr@yBFe@d@wIXeG@[MmAKQQAy@D}EBeASEQJs@?UIMe@SqBVy@C{@WqAWiDw@kDk@qBOg@Ma@O}AMiCc@iBSIGCa@?a@d@aJF_F?oCFkBf@wJFkCGoGBmCViGFmCJoFCkAGWKQgDkC}@}@kAwAeAmBiB}C}A_D_CgEaBgCiA}A]g@YQWYUa@Ua@w@aCy@qAe@_AAa@H]fBmDl@_BrBuEzBwE\y@Ze@`@e@bAuBzBeGdA_Cp@mAz@_CnCoF`@cAn@eAj@oArAmDNS`@y@dAcCnAmC`@u@|@qBR[n@oBf@}@p@uAn@aBn@kArCqGbAmBnAuCrBiE~CoHxByEd@gAv@wA|@mBb@eApAaEfBgEb@kATuAnAgEVeAXm@`@gAhDeM@YfAwEhBsGP{@RaBLk@bByF~C}L\mAX{@bAuBJY`Loa@bAwDXcAv@oBVcA\sB\sANc@f@oBRiAr@}BPs@d@kA`AyCdA_FZaAD_@p@kCp@uBd@iBt@yCJk@dA{D~@_Et@iCf@oAVqA`@_Bj@qAx@iCp@aDvAmFjAqDLQJYJ_@?BAAAHRaAjAwD~@yDX}@^}ApAyEXmAh@wADI@LJ}@?i@Ik@a@uAWmBG}@EaDK_BSmAcAsI[sBS{Cc@eBk@iDi@}B,2,48.7,,,False,102.9,Diego Galdino
2,Morning Ride,11036.8,2077,2175,2.0,Ride,Ride,,Garmin Forerunner 645 Music,7230268848,2022-05-31T05:48:31Z,2022-05-31T07:48:31Z,(GMT+01:00) Europe/Amsterdam,7200.0,,,,0,0,0,1,0,False,False,False,False,everyone,False,b10767637,"[52.23, 6.89]","[52.25, 6.78]",5.314,7.74,,21.0,True,122.6,148.0,False,True,23.0,2.4,7700467885.0,7700467885.0,garmin_push_8924869935,False,0,0,False,20232024,1,a7230268848,mzw}H{o`i@~AlGZfCN~AhAnIR`B\xDNnCDhCPdBV|ATz@Xj@dDnGZ`@f@RjDZ~Dd@NFEAABD@PAv@Ff@@~@?~@EdADh@FLVp@bRN|IBpCA`BBhCQbGCzDSnBQdA@DCdAYnBErAIx@GtAmA`HaArDS|@cBxFy@|Bw@jBiBzDMTu@dAoAtAy@pAy@bBs@bAi@z@cAtBo@nA{B|FeBnDu@xBOX_@l@QRuAbAQT_@p@Sh@o@jCO\OXSRUNg@j@oAhD_@x@}G`Lq@xASh@i@lAoClFs@rA_@f@yAlC_@j@q@p@SZuKrSkA~Bw@vAYl@E`@Hr@APk@tAId@W`ASj@wB|CMVSv@Qd@{BbEe@`AmHlMkE`IwAxC_GpK{AxC_GvKaCrE}EzI_AhB_C`E}@tAsBbEWx@qBdDsB|De@v@aGvL?JLRx@d@bAv@^ZN^T`A|@zFDx@f@~CVpB@\Y`ASpAg@rFKnBGpBCnCUbIExB?bCGbCOt@[t@PbBEfBMzBKnDArBCt@@dRCfAa@nFOtCEfCCbGC`A}@rHQVCL?x@LHb@Jn@?lCVhBVbAJ`@@tAQ\@lBXhARTH~Bh@tDr@vBr@zAZhAZf@Ft@Nf@FbBMpAE?LDLJt@@\g@hHOzA[`FSx@]bAOz@Y`FE|@B\\vAp@lDCl@QfB]tEu@dLGFS?u@Y_EeAqCm@GQLoACCC?,2,42.1,,,False,87.5,Diego Galdino
2,Evening Run,8010.5,2420,2486,26.0,Run,Run,,Garmin Forerunner 645 Music,7227877474,2022-05-30T16:50:24Z,2022-05-30T18:50:24Z,(GMT+01:00) Europe/Amsterdam,7200.0,,,,9,1,0,1,0,False,False,False,False,everyone,False,g10593679,"[52.23, 6.89]","[52.23, 6.89]",3.31,4.686,79.4,20.0,True,153.8,181.0,False,True,51.4,22.6,7697850839.0,7697850839.0,garmin_push_8922174031,False,8,0,False,20232024,1,a7227877474,}ex}Homai@aCuBMW]Ya@Ss@s@g@]_BwA]i@cFiEkA{@[a@qAkAe@]cAcAuAgAiCkCgCmB[a@q@i@Cq@GYc@Om@@QKe@KYMu@AOGQc@Eq@YSc@S_Aq@a@_@eAqAaAy@c@WQSw@k@a@e@EAgAcAcAw@uA_B_@UwAgAk@_@iA}@QMkAcAY]a@a@]UmBaBm@[]_@o@i@yAuBk@e@g@Yy@m@i@i@c@Oi@g@CIc@g@e@[yBqBqAcA]UUc@Y[e@Mi@Yk@Wg@]SUMk@?IBU\m@Jk@IsBCkDIw@Mu@?{@OsBEeA?{@DSCi@a@}DIoBGsDBq@R_B^qEL}BVmCHiBLoAF]@_DOkCCgB?aCOwBCaBSgDg@kDC}AWwE?{@T]h@?p@Ht@@ZGvAy@f@i@\UB?@Lj@_@J?DBFRDf@E`CP~BnA`GvArDX~@Rd@hAtBlC|DhAfCbCpE^j@b@bAl@hALf@VZT\TRv@d@n@p@BFdBhBd@\^d@^\^b@p@bAx@x@\d@t@bBj@tBF`@Fv@Hh@r@l@jApA\d@r@lBRr@Z~@Vb@Rv@`@x@FV?RJj@|@tAZj@v@fA^hAlAxBrAxBt@`B^l@V^b@Xz@jAt@rAxBfDX\~@vAPf@b@j@z@tAh@rAv@tABHK??F?EVV\l@hBlBd@v@X^`@v@`AxA^v@Xd@~B`DnArBdE~E|@~@t@fA`Av@d@N|@FP?hAMD@DLN`ATtEBbA@rDTrD@lAEv@SjBIx@Ov@,2,,,,,,Diego Galdino
2,Afternoon Ride,10639.1,2236,2287,26.0,Ride,Ride,,Garmin Forerunner 645 Music,7227197145,2022-05-30T15:08:01Z,2022-05-30T17:08:01Z,(GMT+01:00) Europe/Amsterdam,7200.0,,,,6,1,0,1,0,False,False,False,False,everyone,False,b10767637,"[52.25, 6.78]","[52.23, 6.89]",4.758,6.914,,22.0,True,129.1,156.0,False,True,51.4,29.6,7697114863.0,7697114863.0,garmin_push_8921366226,False,1,0,False,20232024,1,a7227197145,ml{}H}wjh@EX@ZHLJFv@VtCb@vA\ZDd@Jx@ARQBYBwBHcBTeEV{GFu@Ae@}@{F?]\wGBK|@yBJw@VsDPyEPkCFwAKoAKQIAkCFkC@_AIOMAIDW@q@OSWKQ?}AV[?YCqCk@kBe@gEw@eAQmBSm@WqBUwF{@?aAb@gIF{CL_JLcER}CHeFEaCBcGVuEFqFL_D?q@Me@MQeBkAcBuAc@a@}AyBi@gA_CaEqAmC_BuCgC}D}@qAa@g@[OQQa@m@_AuC{AsCE[B]tByE`AaBpB{EPm@r@sAr@_BxBuDp@eBj@eA`@oAhAkCpAgDtAaDpCwFdBqC`AeCtBuEn@mAp@yAd@q@~@eC`AuBXk@xAoDn@uA|AsD`BoDj@y@Vw@t@iBlByDx@sBv@}AtAaDl@mAvAcDjAeD`AiBhBeFr@}BZy@r@wCb@eAv@iCx@wBJg@vAqFb@eA`@mANo@@@GBBDEA@BPaAl@{CdCyI`C{KbA}Dz@yCZoATu@T{@xAiD~HmY`DyKjEsP\kBrAwE|@aCV{@^kBvBwH|AkG~@eDLaAdAuDf@sB^sAZ{Af@oAtAsEf@oBd@uAt@kDvAgF|@oC`@cAJk@Ra@z@_D|AiGZw@rAwE\gAXwAVo@BBL_@DWDm@Ci@Ee@q@aCOqAK_FMcBu@eFe@gFOu@MoAEM[i@OcCU_BqAgG,2,43.5,,,False,97.4,Diego Galdino
2,Morning Ride,11100.4,2419,2529,8.0,Ride,Ride,,Garmin Forerunner 645 Music,7225120552,2022-05-30T05:41:55Z,2022-05-30T07:41:55Z,(GMT+01:00) Europe/Amsterdam,7200.0,,,,0,0,0,1,0,False,False,False,False,everyone,False,b10767637,"[52.23, 6.89]","[52.25, 6.78]",4.589,7.011,,20.0,True,129.0,151.0,False,True,53.8,31.0,7694840674.0,7694840674.0,garmin_push_8918759378,False,0,0,False,20232024,1,a7225120552,szw}Hqo`i@b@jB\hA|@zEV`Bf@tE\dBRvAn@vHFnEXtBR`APh@Zh@lBhEp@nALPTRp@Pv@FxC`@lBJh@HFDAABC@BfCJx@@PCx@?dALHT`A|UNvJErC?hBCzAQhCAf@DvBEdAIlAOv@E?EFAAA?WtCEfAA|@Cb@UlBu@~Ea@lBaA|Dg@vAwAjF}BpFu@vAi@|@eApAgAhAk@fAM^a@t@iBrCi@nAs@nA_CdGeBrDm@~Ae@z@KRq@x@{@l@u@fAa@nAc@dBKVYj@q@f@SZMVuAvD}CfFgCvEm@nAo@~AyAzCaBtC}AdC{AlCg@b@a@n@wE~IkBdD[t@Yb@{@~Am@nAoA`CCZRfAGRg@bAIv@M`@Yl@UNeAlAu@pBId@Un@s@jAs@tA{CpFcJ~OcAtBcAhBgBhDs@zAkDfGcE~HeI~NuEzIsCtEq@tAeAhBeA|BgM|U_@fAHVFDj@ZtAfARRP^h@pCXdBNr@PnB\rBXlB?d@Qn@UxAe@fFMrBIbF@\KbDGbFKtEInBUnAQ\AVL`A@|@g@nNAnDDvC?lDCrCIfCUnDO|EKvKQ~AWvAMzACHYZDCAN@t@BLj@L~@?VBvGx@T?|@SpBP~Bb@dEbAnB\bBd@hCl@lAd@r@LT@`@Al@Dt@?bBOLBDFHn@?X_@jDQbA[pCYhGm@xCCd@WfBIzAA`BhAhGC`AYpCSnDMbBObEQ`BCFOD{Ak@w@QaAMwDaAIK?OF_@@e@EAADB@@J?L,2,30.2,,,False,73.1,Diego Galdino
2,Morning Run,7982.6,2572,2572,13.0,Run,Run,,Garmin Forerunner 645 Music,7214363249,2022-05-28T07:10:32Z,2022-05-28T09:10:32Z,(GMT+01:00) Europe/Amsterdam,7200.0,,,,7,1,0,1,0,False,False,False,False,everyone,False,g10593679,"[52.23, 6.89]","[52.23, 6.89]",3.104,5.148,80.8,17.0,True,143.0,167.0,False,True,49.2,38.6,7683006292.0,7683006292.0,garmin_push_8906593659,False,6,0,False,20232024,1,a7214363249,eax}Hqq`i@MLUD{@r@k@XWJoAFSPINUBU?eBfAKLc@RqAv@y@^eAbA{@pA]b@{@t@_@RgAXYDo@RYXUNk@P_Bx@kAh@w@d@]Ho@Zy@Jk@Po@F]Pi@JGFMIC@UVG?g@LgBT]JuAVg@PWPo@P_AC}Bh@[LoA\}@h@uBp@UNy@T_@R_@YkAi@m@KaAc@a@M[W?g@BU@_A?kBFiFAyAC[eC{IKg@SM{CRa@E_@Be@Ec@HkCbBmA~@{BpBmAr@c@PWEqBeAkBsAc@_@e@W[AsA~BWZy@HYEkCiB{@w@aBiAc@i@q@]qB]w@?e@KkAc@q@Yi@c@]e@Oa@@Kd@uBL{@AWB]ZgCXeABQn@cC@cAGmADaAL_ATu@xA_BRYz@}AZ{@j@iBZ_CBC`@E^Ff@N^R^D~ABnANJRFDFIHm@NkCBSXs@VU\KRSHO`@_BD{@EoALy@^q@ZYPGf@}AF]JaARqDrBd@JFPs@P?h@j@~@d@lAHxAGXBb@?VD^Jn@LfBj@b@Vh@j@VPb@LVJvBHr@Cl@Kn@ApAWb@Ev@B|@Cr@@vCg@rAYd@E\I\WdAUd@ODEpAY`@A`@B~@Xj@H`@@xAZb@?RFLL\Nb@Bf@LT\Db@n@z@t@b@`@\d@P^d@^\tAx@|@~@DLbAz@~A~AbA|@j@^NX`@\x@l@f@Rj@\h@l@RXXVNZVTT\XR`@RNPr@l@TZZ\\Th@Rh@t@NLh@Z^ZHL,2,,,,,,Diego Galdino
2,Evening Run,7962.3,2596,2596,11.0,Run,Run,,Garmin Forerunner 645 Music,7201364405,2022-05-25T16:31:08Z,2022-05-25T18:31:08Z,(GMT+01:00) Europe/Amsterdam,7200.0,,,,2,2,0,1,0,False,False,False,False,everyone,False,g10593679,"[52.23, 6.88]","[52.23, 6.89]",3.067,5.668,79.9,19.0,True,153.4,176.0,False,True,9.0,-3.6,7668838480.0,7668838480.0,garmin_push_8891451716,False,0,0,False,20232024,1,a7201364405,osw}Hwf_i@OGCGA[DaBGe@Sk@e@eA[[c@Y_@I]Ba@Ni@^Ih@Ah@FbALx@Rl@|@|@v@^Z@`@Q^_@Ty@Fm@Ai@c@{Ak@w@]Wy@[U?u@d@Y`@G\Cp@Hx@Ln@Rb@l@t@\RbAPn@YX]Hm@?iAKs@Qo@s@oA{@a@YG{@n@ORSp@?bARxAHTz@hAd@V~@Df@QZe@Dk@@k@QkBo@cB_@[c@Oo@GWRi@x@O`@Cj@RrBPd@`AhA^Pf@Bd@Id@i@LYDeAGy@Qw@Us@{@y@[Qo@OkAbAMj@C\LbBPp@P\j@r@`@\h@Jj@Ej@g@Pu@@_Aa@yBy@sA]Qw@WaAp@U`@K`@LvBJb@Zn@^`@l@^f@Lf@Ef@a@Tm@?}@M}@Ke@o@mAK[OQcAa@s@\YTQd@ElAL|APj@Zb@b@f@f@Vr@Fb@Od@m@JmAIiAWy@{@uAiAs@_Ad@]^O`@Cn@LbBTl@Zd@t@p@j@Lf@Bf@QXa@Jq@AaAUgA[aAU[c@c@gAg@s@j@_@d@Gd@@`AN`BTn@X\ZTjA\j@G`@[Rc@D_AEiA_@aAaAcBu@YUOy@j@]`@ENGdALxAd@nAjA|@`@Lp@?`@WPUHSHy@?{@CUQs@a@u@_@g@_@Uk@QMOaAv@Yf@Gl@@f@JdARt@bAjAh@PbA?d@WR[HUDe@CaAIe@c@aAm@{@sAw@u@b@WTOZG`@?h@VrBPd@LRdA|@d@Lp@Cf@_@Ry@AqAIw@a@mAe@i@sAm@KK}@l@U\I^AZHjBL`@`@n@rAz@r@RXI^_@No@@cAAc@O}@e@cAUYe@]y@W}@h@Yd@GZ@j@HnAHd@Xr@f@j@j@V`@Hn@Ah@WDINw@?_AQmAUs@a@m@gBeAu@^]^KVBpBNlAPb@d@b@\PlA\XCr@k@F[?iA[sBi@w@YYsAi@y@f@]\EZHjBHp@Nn@v@r@j@N~@Fr@KNMJBb@Vz@fAQyBMwDm@_FGMSwAEwAiBoLC]GCUuAa@gAWwAOe@Ea@Ua@,2,,,,,,Diego Galdino
2,Pedalada ao entardecer,10500.0,2280,2280,0.0,Ride,Ride,10.0,,7200890205,2022-05-25T15:00:32Z,2022-05-25T17:00:32Z,(GMT+01:00) Europe/Amsterdam,7200.0,,,,0,0,0,1,0,False,False,True,False,everyone,False,b10767637,[],[],4.605,0.0,,,False,,,False,False,,,,,,False,0,0,False,20232024,1,a7200890205,,2,,,,,,Diego Galdino
2,Morning Ride,11049.6,2335,2353,9.0,Ride,Ride,,Garmin Forerunner 645 Music,7198834548,2022-05-25T05:53:32Z,2022-05-25T07:53:32Z,(GMT+01:00) Europe/Amsterdam,7200.0,,,,8,0,0,1,0,False,False,False,False,everyone,False,b10767637,"[52.23, 6.89]","[52.25, 6.78]",4.732,6.964,,20.0,True,143.0,168.0,False,True,17.2,-5.4,7666089849.0,7666089849.0,garmin_push_8888366871,False,0,0,False,20232024,1,a7198834548,gzw}Hop`i@rApFVvAz@tGr@xEd@xDZ`GAjBDxAP~AN~@`@fAPZr@tAlBbENNr@XRBvBRrEl@f@@v@LpA?dAEzAHXBLRXrGLfFT`GPdIFrB?jEUlFCvBc@rEAKAh@_@|CEfBOtBc@xC[~AiBxHw@fCeBnFkBbEiApBsB|Bq@bAeAnB}AdCwBjEu@zBw@jBiAtBi@hAo@bBs@pAuBjBc@v@KXYrAo@xBGJu@l@a@h@kAbDe@|@sHzMu@fB_CpEu@tAmAnBwBvDeAjAcApB_A|AuG|LmBzDm@pAC^VnAAJU`@]rA_@n@EFOX}@fAe@r@o@zAKf@KVqEpIgGbKwDlHaAtB{@`BkB`D{BlEiCrE_DfGcNhWiFdJ_@t@s@|A}B|DiBpDo@vA_CfEs@jA}@tBAXDHz@d@dAr@^XRh@z@xER|ALxAv@`EF`AIp@Of@OnA_@zEQbDGnBObIIhBKlIE`AKj@]p@?JJr@DdBW~GKtEBtIOxHOzEY~FMxIIlBQ|AGdAUrBSVAGAbAHHh@J\A^@vD`@zATz@?p@Ox@FxBXj@Jf@N~A^bANzCl@~Aj@lBd@nA`@|BJnACx@Gt@JF~Ae@`EMnBQ`B[fE[dBMjACPBXK\EXIpBGjBd@dD\vB?ZOrCE|AMbBClCi@jGIRI@aBk@eAYsA[wCk@OMJuAGA,2,35.9,,,False,83.7,Diego Galdino
2,Evening Run,8011.2,2488,2497,29.0,Run,Run,,Garmin Forerunner 645 Music,7190741744,2022-05-23T16:16:29Z,2022-05-23T18:16:29Z,(GMT+01:00) Europe/Amsterdam,7200.0,,,,4,1,0,1,0,False,False,False,False,everyone,False,g10593679,"[52.23, 6.89]","[52.23, 6.89]",3.22,4.514,80.4,25.0,True,161.6,193.0,False,True,49.4,22.0,7657353092.0,7657353092.0,garmin_push_8879115068,False,0,0,False,20232024,1,a7190741744,afx}Hcmai@k@q@]Ya@a@]Y_@c@UKQSG?]c@c@a@g@Yu@Ue@a@Ui@i@s@yAyAMSc@_@e@YUI{@_A{AqAq@w@[OUc@]SYKy@w@a@U[c@}@o@e@[aB_CKM_@UY[Cc@a@g@]Ok@DU@_Cg@AIAs@W[k@_@a@g@yAwAMKOG_@[Yc@]O]WQWsAiAW_@c@_@_Am@}AiBuAgAkAu@c@e@i@_@m@k@]m@mCmBa@_@[a@{@u@e@i@iAq@c@i@WYw@[UUUKyC{Bc@c@a@YY]e@Yg@i@_@YQUIUaBqASa@WUmCgAYUW[Ko@?ILc@d@_@BOQ}FK{BGg@EmCMqCB_@Oq@GcDOsBKkCA{ABaB`@qDHcBJ}@LgBd@wJGwCI{@?uAIw@?SBkBFy@Aw@G{@ScAIm@Uq@UiAUaEA{@@SMcAGy@DcA^Mj@Cf@?l@JVEn@YtB}AD@DAn@_@NLBTAhADzA\tCl@hDLj@bAnCRn@j@bAZr@^bA`@p@n@tA^j@Z`@Xb@\n@r@jAb@~@PVXn@xAlCL`@Tf@z@bAZp@zAdB`BzAT\`@NXTXf@`@f@~CjDn@tAbAhCJn@B`AP`@\XZ^\p@Bl@CLHXr@nAhBhEr@tA`@hAf@t@bBrC^d@Pd@dAtBbA~A^z@r@pAXb@XR^Pv@jAXh@\b@bCbE`ArAj@pAz@xAn@vAbArBJJp@dA|AxAZl@`@d@n@jALPNHb@d@p@xAPn@Xn@vAhBnAjAb@n@t@r@|C|D`AhA\f@^\b@LpAa@p@GZDNH@FB~@FlAHzCHdBBpBJpA@`AEbA@`AC~@IdASbBKxA,2,,,,,,Diego Galdino
2,Afternoon Ride,9879.2,2157,2259,27.0,Ride,Ride,,Garmin Forerunner 645 Music,7190331272,2022-05-23T15:03:19Z,2022-05-23T17:03:19Z,(GMT+01:00) Europe/Amsterdam,7200.0,,,,0,1,0,1,0,False,False,False,False,everyone,False,b10767637,"[52.24, 6.78]","[52.23, 6.89]",4.58,8.298,,26.0,True,112.2,153.0,False,True,47.6,24.2,7656908673.0,7656908673.0,garmin_push_8878602672,False,0,0,False,20232024,1,a7190331272,{{z}Hs_lh@d@gAF_@@cAXsE?q@PwBTgEIiAGWEGI?}ELeAAaAUEG?SFu@AIY[OEG?oANe@By@ISGcFaAw@YyB[aEc@k@QYEuHcAICIYA_@`@cIDcBJmHd@}JDyBH{E?qBCkEVmH@{APsGAUI{@S]GEeD}BcAgAg@s@wCcFwAiCi@oAa@w@cEaHgBkCWOi@m@S]q@qBq@wAw@sAE[?OBKTk@f@y@h@iAzAsC`BoE^w@r@kATYpAwB^qAXi@b@qAjCaGb@{@X}@`@s@n@{@f@qAZ_ALo@h@yAdA{Bb@a@Zg@r@aBh@{AXe@bBwDbB_DvB}FfAcBjAcCd@eAd@qAdCoF|AaDJQt@oBxAsCnDmItBoEzC{Gt@{Ab@o@`BsE`AeDp@}C~AeFd@eA\kAL{@^{Ab@uAp@aBZ{A@KSOB@FLx@yD|B{Hj@qDd@kBVqAzAkFZsA~@cDJi@vAmEPU^y@x@cDt@uBZeAp@gCp@cDlAgEXqA`BwFXgAl@kBh@mBRe@z@}Dx@sCVyAt@kCjAoDb@_B\}Aj@aBrAwEz@yDnAgEd@wBPc@b@cB\_Bh@gBl@}Bj@gBf@{BlByGpBwHvA_Fp@iBRWKNZeAdBsGh@eBj@iCpAgE`@_B^gA@DCGB?DELs@?i@C[Me@[y@Kg@SiBO}FOaBw@mGc@mEg@uBH_@S}AW_BYoA[cAm@yB,2,46.2,,,False,99.7,Diego Galdino
2,Morning Ride,11184.7,2251,2370,17.0,Ride,Ride,,Garmin Forerunner 645 Music,7188407829,2022-05-23T05:56:31Z,2022-05-23T07:56:31Z,(GMT+01:00) Europe/Amsterdam,7200.0,,,,1,2,0,1,0,False,False,False,False,everyone,False,b10767637,"[52.23, 6.89]","[52.25, 6.78]",4.969,7.53,,22.0,True,112.7,143.0,False,True,34.6,16.6,7654801292.0,7654801292.0,garmin_push_8876157005,False,0,0,False,20232024,1,a7188407829,yyw}Hgo`i@`@|AXx@\vAX|BF|@t@dFH~@Nz@h@bELxAHzAHfED|@ZpCf@bBEEA?@EPTfDfHPLVL|@NjCZ|@NjAJl@L^@CAC@fALvCE|APLNL`Bb@vIBfBPfEB`CJdFAnBDfCCpAWpE?`@B~@?^OfBUvAEdA[zBAbBCj@W~BUtAaAvEgAjE_BjFy@dCkCzF[l@k@z@iAlAc@l@iClEw@fAS^yAzCiA~C}@vBcArB_BtDq@hAw@f@s@r@k@lAK\S~@g@`BYb@i@^QROVcBpEgGnKu@vAoArC}@fBmBjDqBbDeAnBq@l@[f@y@`BaHjMqAzBy@hBaAfBK^?PT`A@^Mf@Wf@Cf@K\Yl@K@GDc@`@{@bAg@z@IRS`AqA~B_BjDaGfKgA`BaClEeAzB{AnCaBdDqLfTeAzB{BfE_JfPqFpKoBlDgA`BuA~CeAdByBfEcAzBATRTfAj@z@l@LLP^Lf@b@zCh@lCDh@|@xFDr@MXW~@OvA_@pEMfCKxCEhHEzBMjDIbEOz@[n@@VHb@JhAGhBWfEIzBCnCHnK?~BIjCk@jKOhHE|DGp@[dBKzAALYb@CJAx@FL@??Cl@Nf@AP@zC^`@BPFjBNN?p@QT@fCX|FlAxCf@`Bn@~Bh@p@Tr@L|BFhDKFDBHDrAi@tE_@xHQdAAl@GZa@nAOh@OpBEbAGdCD`@l@jDRjBE|AW|DAp@@zAEbA[nCKjBCLSNSA{Bm@kAWu@UeASgA[MMJgA?OACGDRL?LHFB?QWJ@AJDA?M@FAKXTFXF@,2,42.9,,,False,96.6,Diego Galdino
2,Afternoon Run,5570.0,1897,1994,12.0,Run,Run,,Garmin Forerunner 645 Music,7174488087,2022-05-20T15:52:32Z,2022-05-20T17:52:32Z,(GMT+01:00) Europe/Amsterdam,7200.0,,,,0,1,0,1,0,False,False,False,False,everyone,False,g10593679,"[52.23, 6.89]","[52.26, 6.91]",2.936,4.135,80.2,22.0,True,164.9,188.0,False,True,29.8,18.8,7639571288.0,7639571288.0,garmin_push_8860289481,False,0,0,False,20232024,1,a7174488087,cbx}H{q`i@c@Pw@HW`@WJGJYPO?Wi@ULCJU`@a@Vc@b@{@f@SV@z@O`@a@Le@Hi@Gc@P[Re@j@cAr@c@f@YLuAnA[Le@Va@^_@Ta@Nc@VaA\a@JIFSJc@NcATgAd@SFy@`@c@DaAZs@DMOUNaA\KHMAaALYF[H[Te@J[N]BYPw@@a@NgBZUJ_ADURINOJQGa@Vc@Jc@V_AX[\c@Rg@LEA[[YScAc@WCa@OsBiAu@WMGqAa@gBy@e@M[OSCE@g@Uc@MUM_Aa@g@_@kDaA{@a@e@W_AWe@Y_@K_A]{@e@{@q@SKa@MSK[G}@c@[DQAo@G]Kc@Yy@s@{@y@oAgAgBiAa@Ow@Mm@Si@Cm@@YCcAa@[EYOy@w@SY[YeAZyBbAc@Ze@Ry@n@WHm@Na@GWKUO}@u@eAq@AO?sCWuEDq@?y@Hq@BaBFy@TaAReBd@uB@i@Ok@q@MmCw@{Ao@yBs@{@c@oCu@e@Sq@[YG{Ac@gB_A]WYGUS_Ak@[YKa@@aA^wDBmB?oCEiDNoGCaBFkAJiE?gDDqB?gCBsAD}@CcAH{BEoEDm@BaA@_E,2,,,,,,Diego Galdino
2,Evening Ride,10724.7,2603,2839,23.0,Ride,Ride,,Garmin Forerunner 645 Music,7169525301,2022-05-19T16:06:58Z,2022-05-19T18:06:58Z,(GMT+01:00) Europe/Amsterdam,7200.0,,,,0,2,0,1,0,False,False,False,False,everyone,False,b10767637,"[52.25, 6.78]","[52.23, 6.89]",4.12,7.48,,25.0,True,120.0,152.0,False,True,54.8,36.4,7634184029.0,7634184029.0,garmin_push_8854492542,False,0,0,False,20232024,1,a7169525301,wk{}Huujh@E?DL`@NvAZr@F^Jv@Jd@Nj@JL@n@GLKHSFs@Jq@FIGW^_GBaBXwGUwBk@sCC[@]JmBXeDr@_CJcA`@aJZ}D@cBG}@CA[AsBAgCDmAEGAKOBuAQU]IO?aANa@Dq@IqB_@qAa@g@EwCm@cAOoCWe@Ie@QcAOkAYeEc@KQA[@]^oGJaGJmCDgDZwFLoCAyMBcARkGJkFFuAB}@G{@GUUWqByAuAkAq@u@aA}A}@aBuBoDwBkEu@sAeA}AaCwD]a@WIC@@?y@cAk@qBeAyBi@{@E[B[Xs@zA}C~BuFr@uAjAkCXa@r@wAp@gAPe@d@}@Vw@Zu@v@{BVi@`AsBdAiB\aAb@{@j@sAFIFIXu@f@eA^gAvD}HnA{C`@w@zAeD~BqFn@iAn@mAzAuDl@qAXg@dAaCfBkDb@mA|AeDtAgDpB{DhEuJ`@gAjCyF~AcEj@eB\uA\aA`@{AXw@P_Ab@{Ax@eCZwAp@eB|@wCAKDYLy@@JACLu@l@iCfAaD^uA\wAj@eDd@aBt@{CjCaKPu@C?Lg@b@qAjAiChA{Dh@sBxBwH~CgLdB{GhAcDr@eDzAyFR_AbBcFx@}CVuA^wADUTu@\aA`@iBpBkHn@mCToAb@_BdAmDz@eDd@qA\uAfAyDbEoOxBqGzBkIb@uAl@kC^kAReA|AgFZs@A@CCHKHs@?e@Ga@e@qAQ{@OaBO_FG}@u@eHi@}Dc@yCGUKkAWmBi@kCs@{C,2,34.9,,,False,90.9,Diego Galdino
2,Morning Ride,10450.5,2245,2466,3.0,Ride,Ride,,Garmin Forerunner 645 Music,7167068001,2022-05-19T05:49:17Z,2022-05-19T07:49:17Z,(GMT+01:00) Europe/Amsterdam,7200.0,,,,10,1,0,1,0,False,False,False,False,everyone,False,b10767637,"[52.22, 6.89]","[52.25, 6.78]",4.655,6.337,,25.0,True,126.9,170.0,False,True,56.0,36.8,7631499097.0,7631499097.0,garmin_push_8851483519,False,1,0,False,20232024,1,a7167068001,ktv}Hkx`i@CB@APxCJa@D?HRNdA@xAC|A?lBDjBB\XlBZtCBh@P`BHzAPzAL`G\~FAvASbBIjBCxAFrA?pACLMV_@^YLAF@l@J`BLnDN|BPbGAd@BXDJFj@?f@HfCHvGA`CK~DG`A?fCCZG`AQpAOh@KvAQpACvBK~@{@tF_@nB_@zAMx@aCvIaAzC_@`AOTkBjDm@|@aA`Ao@t@mAvBeBpCo@hAsAlCwAfEm@rAu@xAqAfDy@tAaAr@m@n@i@fAKVS`Ae@hBU^oAjAMVk@hB_@|@s@tAmB`DeAlBy@jAi@~@}@|BqDzGu@zAk@|@cBvCaAdA_AfBaDzFaBdD{@xA}DfI?`@NhAI`@Sl@Yv@[n@]\oA|A]n@]v@Mp@wC`GaCnEwFxJuAhCm@tAcCdE_AhBy@pAeBhDiBdDaAhBw@dBk@fAkCzEm@t@}A`Dk@`A_ExHc@n@eApBmC|EsB~Dy@rAe@jA[n@eExHy@tA{AbDA`@VTf@ZbAr@\b@HRt@`DR`ATlBDx@x@dFBn@Eb@U~@Gb@WfD[tDIfBA|FCbBKdDOzACvEGbAWbAKl@PdABx@]dFQhFAxBDrJKzGUfDQfECdBBdACvFEt@k@|EMv@_@t@DBC\?VFL@ALFf@FVCfBNhCb@v@Hr@Br@Qn@?`BTxA\z@TpB\rB`@|@TvAd@tBd@d@Nj@HpANfCInA?FDBJLlAO`Ey@`LAj@U`AUl@Gf@A\OtASzC?\BZt@hFFdAe@rHMtAGfAIxCKpBITGDG@]GkBk@EEiAWaA]m@MgAYUC?QLcACE,2,30.9,,,False,69.3,Diego Galdino
2,Evening Activity,0.0,3328,3328,0.0,Workout,Workout,,Garmin Forerunner 645 Music,7083186114,2022-05-03T18:33:31Z,2022-05-03T20:33:31Z,(GMT+01:00) Europe/Amsterdam,7200.0,,,,0,0,0,1,0,True,False,False,False,everyone,False,,[],[],0.0,0.0,43.2,28.0,True,70.7,93.0,False,True,51.8,46.2,7540285064.0,7540285064.0,garmin_push_8754864304,False,0,0,False,20232024,1,a7083186114,,2,,,,,,Diego Galdino
2,Corrida ao entardecer,0.0,3412,3412,0.0,Run,Run,,Samsung Galaxy Watch Active,7114863005,2022-05-03T18:32:00Z,2022-05-03T20:32:00Z,(GMT+01:00) Europe/Amsterdam,7200.0,,,,0,1,0,1,0,True,False,False,False,everyone,False,,[],[],0.0,0.0,,,False,,,False,False,,,7574784659.0,7574784659.0,activity_1651602720.tcx,True,0,0,False,20232024,1,a7114863005,,2,,,,,,Diego Galdino
2,Afternoon Ride,10677.9,2215,2313,28.0,Ride,Ride,,Garmin Forerunner 645 Music,7081703165,2022-05-03T15:00:41Z,2022-05-03T17:00:41Z,(GMT+01:00) Europe/Amsterdam,7200.0,,,,0,1,0,1,0,False,False,False,False,everyone,False,b10767637,"[52.25, 6.78]","[52.23, 6.89]",4.821,6.438,,24.0,True,130.0,148.0,False,True,44.2,23.2,7538699618.0,7538699618.0,garmin_push_8753157222,False,0,0,False,20232024,1,a7081703165,ok{}Hyxjh@Cb@O^A^BDJFjAT`AH|Bb@THr@LjANLIDYDeAP{B@i@JyBTeCN{BFmBFc@Sy@_@eC]_C@Md@uGJe@l@oBHeAZ{FDaCZoEKwAMMuAD}DAg@Bk@WEWFs@AKQ[UKU@iARcA?{@UaAOuA]uB]iCi@sCYgA[sC[cC[cAQEGGg@^gFPyDFcIr@qNBsHE{CBgCVeGRaJAc@CUI[[UiBgAqBiBu@aA}AqCmAkByEmJcEqG_@g@a@Qi@s@KS{@mC]u@e@q@Yk@EM@]bGuMf@_AxAyCfAqC`@m@Tg@jA}CvAaDlA_CtBwEnBaE^aAh@iAd@}At@eBdF}J|BeFd@uAd@aAl@iApAyCb@u@dBsDz@qBtFuLzAoDhAyBnB}ExDkI~@gBb@iAhAuDxCgJjAqEl@mB|AcGfAcDDCASPw@x@eDlAqD^oAVaBVmA|CeMx@qD^oA?C?D?KNi@b@kAxAaDNe@d@qA`@aBlA_EjAoExBoH~AiHhBgGr@kD|@wCxB_JPYTo@fCwJd@wAzBkIv@gDFi@^}AdAeDfAiEh@eBT{@`A{CxBcJjAmDtA_Ff@{AXkAfCmInB}IXaAfAoC@@I@JOJs@?s@AWWo@]qAWgBE}Fs@sGMwAe@cDSsCOmAi@yCiAgE]}A,2,44.8,,,False,99.1,Diego Galdino
2,Morning Ride,11072.9,2314,2353,4.0,Ride,Ride,,Garmin Forerunner 645 Music,7079436397,2022-05-03T05:48:18Z,2022-05-03T07:48:18Z,(GMT+01:00) Europe/Amsterdam,7200.0,,,,0,1,0,1,0,False,False,False,False,everyone,False,b10767637,"[52.23, 6.89]","[52.25, 6.78]",4.785,6.896,,22.0,True,122.2,144.0,False,True,28.6,-10.6,7536236167.0,7536236167.0,garmin_push_8750416046,False,0,0,False,20232024,1,a7079436397,{yw}Huo`i@v@hCj@|Bb@rCZzChBhONrCBlCBl@\fDLf@@?Rd@`B|C~@lBZf@NLRJd@L`BNfDf@`BPB@CDjBFrBCj@@hAJFFF\LzCD|CZfHBxA@tBBnAR`F@rBC~BUtFAtCA^Iz@[lB?\EpAQtAArAGfAcA`Go@tCyA~Fo@rB_CrGyA|CsAxBaAdAcAzAmAzBoAfBk@dAaApBuArDg@lAcApBsB|E_@n@UXcAp@u@|@g@pA_@lBWp@[d@k@`@i@v@c@xAm@`BgItN_A~Bw@rAqCjFo@v@iBlDMRq@j@OTyHzN{B`Em@tAuAdCCLA`@X`AEb@uA~Cs@jA{@`AW`@Ud@S`Ae@bAyOlYkCfFgGzKoCjFmBhDoFfK_CdEoHbN}BzDaAjBMPQb@kBtDqBvDsA|BiC`FqAnCAHFNlChBVTHT^xAz@tFFx@LdAr@nE?XWhAGb@IrA_@jDU~F[tNKpIMv@GDICKJCL?PXhB?NGtBS`DM`FEbFBvGCdDGzBc@bIW~Ne@dFEX[b@EZA^BRD@?Cl@L`@AP?hGt@dAD|@SF?rBTtBb@`B`@xE~@|Ah@lB`@tAb@bBJr@Ex@?|AO\BHXFl@?\C\WlBq@|GUtD?`Aw@|CI|@Q`DCjAD\l@rCT`By@`NOjDIhAKz@GHGBSCYQk@UgAWiASgAi@gAQ_@OGMHa@Be@BEKJJH@J,2,35.4,,,False,81.9,Diego Galdino
2,Evening Run,8123.4,2671,2698,26.0,Run,Run,,Garmin Forerunner 645 Music,7076845200,2022-05-02T16:12:14Z,2022-05-02T18:12:14Z,(GMT+01:00) Europe/Amsterdam,7200.0,,,,1,1,0,1,0,False,False,False,False,everyone,False,g10593679,"[52.23, 6.89]","[52.23, 6.89]",3.041,6.096,82.0,21.0,True,162.8,188.0,False,True,50.2,22.6,7533419006.0,7533419006.0,garmin_push_8747406173,False,0,0,False,20232024,1,a7076845200,mww}H}sai@Hm@Ps@LiAFYDmCGqABoAAc@BMEoA[}CGsBGcAKu@Sc@_@EKJ[Jg@Mc@Ck@O_BuBy@q@{A}AWg@aAkAy@sAe@g@O[a@_@GOw@eAo@eAi@mAg@k@}@_BO]Kq@Wo@USWa@]}@wAuCYWu@yAqAuBe@}@_B}BmBiDy@cAu@mA[]i@eAcAcBu@kAgBkDw@{@cCaEcAwA]q@Uq@]q@w@gCk@sAYe@{AgBS[]oCu@kCc@}@}AgBoDaDi@q@iCoCeB}B}AsCg@mAsBiDm@uAsAyBc@{@i@_AyBwEQYyAcEk@_Ca@cC@@EDGCEOq@iEQk@QEWP]f@]Z{@b@O@U@_AMYA]JGJG^PdCF|ATpBD`AP~ADn@VxBBt@BrBAp@Br@@tBD`AE`@FhAFrB?fBIl@Qr@?tAEdAIr@Cz@Gv@M|@OrCQ~@GlA@x@N|DHtA@t@HfCMT?BANBLVh@NdGFbAFlCJbBAr@Ej@]rAANBXNV`Aj@f@Ph@^XXbAr@~@v@PT|@~@tAhA\d@TRd@^nAv@^\Z^^\jA`AVXvBhBTVvD|C\`@\Vp@z@lBtAl@h@bA`AvCxB`D|C`@h@~AzAVRl@\zAhAjAhA`@\F\P^n@JrAh@dAZ^BBDBr@VZbBtA\V`@`@xAfAdC|B^d@`@RX^b@L`@h@f@f@^Vf@TZZ\VX^zApA\RrDbE`@RVV`Ap@RT`@Vn@~@ZXh@VXXR\,2,,,,,,Diego Galdino
2,Afternoon Ride,10471.5,2105,2326,30.0,Ride,Ride,,Garmin Forerunner 645 Music,7076441757,2022-05-02T15:03:37Z,2022-05-02T17:03:37Z,(GMT+01:00) Europe/Amsterdam,7200.0,,,,0,1,0,1,0,False,False,False,False,everyone,False,b10767637,"[52.25, 6.78]","[52.23, 6.89]",4.975,7.063,,24.0,True,127.4,150.0,False,True,80.8,44.4,7532978721.0,7532978721.0,garmin_push_8746916746,False,0,0,False,20232024,1,a7076441757,qh{}H_ujh@DDHAN@ZEn@JbBf@~@\p@FJQFURqB?OFeBLoCV{CPoEA[WcBc@{BMeA?Md@wG~@gDJaCx@eOCo@Io@QEmBFcDC}@ISMCOBa@@_@EGSUOEW?uARq@CmAWqB[cAWyAYcAMSG}B[wAOm@UcAMm@M}BWgBKGYA]f@uJHyJp@wKHyECgI@iBT_G@_CPyF@[Eg@GWKSu@k@eAk@w@k@y@y@eAsAgCmEiFaK{CwEiAaBe@[y@iAk@iBi@iAs@kAS_@@]F[jAaCf@kA^aAh@kAn@gAf@oAZi@`AaCvCeFZs@^sA~@iBd@kAhBmDvAkDxAwCf@mAp@iBbDyGhEyJLU^aAv@eBnB{DbCsFhBuDn@{Ap@yAf@aAp@_B~AiDjBkEfBqDrC{GfCgFvAsDj@gBh@qArA_E`BqGl@cBpCmKd@iB\gBb@eBrBsG`@_C\_B`AuDtAaGpAoEBQ?@AANo@Lc@Vq@~@qBd@uAfEiOdE{OlCeJt@aDfBaGFg@hAiEHYXq@h@iBlCsKxCoKb@cCx@oC`A_Er@iCZ{@`@mB|@cD`AaEf@}Ad@cB@KjAiEhBsEPo@AA@?`@sAR{@x@uCl@sCxA{FRi@^}At@iB@BCEABNu@@e@Mw@Yq@Su@QqAEy@CgCGuBe@}Du@{Fo@aGu@cEs@aCq@qC,2,49.3,,,False,103.9,Diego Galdino
2,Pedal para o trabalho ,10500.0,2400,2400,0.0,Ride,Ride,10.0,,7074312265,2022-05-02T05:40:55Z,2022-05-02T07:40:55Z,(GMT+01:00) Europe/Amsterdam,7200.0,,,,0,2,0,1,0,False,True,True,False,everyone,False,b10767637,[],[],4.375,0.0,,,False,,,False,False,,,,,,False,0,0,False,20232024,1,a7074312265,,2,,,,,,Diego Galdino
2,Evening Run,3503.0,1106,1109,6.0,Run,Run,,Garmin Forerunner 645 Music,7060707338,2022-04-29T17:21:46Z,2022-04-29T19:21:46Z,(GMT+01:00) Europe/Amsterdam,7200.0,,,,0,2,0,1,0,False,False,False,False,everyone,False,g10593679,"[52.23, 6.89]","[52.23, 6.89]",3.167,6.554,81.4,16.0,True,149.1,171.0,False,True,49.8,41.8,7515810687.0,7515810687.0,garmin_push_8729055736,False,0,0,False,20232024,1,a7060707338,uex}Himai@g@i@gAu@}@cAIGY?i@o@kAkA_@e@]Y{@w@YSs@c@c@_@OUUWeCaC_@Ya@Wm@g@UYWWwAcA_@UkBcBSME?UO}@eAqBcBm@s@Wi@Da@Rt@`BfAbBpA~@bAdBtAbBbBZ`@ZPf@j@PJlBxA|A|A\V~AzA|@t@\^|@r@zB~B\P~@r@hAhA`@d@,2,,,,,,Diego Galdino
2,Afternoon Run,7887.4,2580,2598,26.0,Run,Run,0.0,Garmin Forerunner 645 Music,7050016029,2022-04-27T15:38:26Z,2022-04-27T17:38:26Z,(GMT+01:00) Europe/Amsterdam,7200.0,,,,0,4,0,1,0,False,False,False,False,everyone,False,g10593679,"[52.23, 6.89]","[52.23, 6.89]",3.057,4.08,81.7,18.0,True,159.9,185.0,False,True,49.6,24.8,7504271804.0,7504271804.0,garmin_push_8716684074,False,0,0,False,20232024,1,a7050016029,_ex}Hwmai@]_@g@_@w@aAa@]y@i@y@u@WMe@i@qC}BmCgCiCoBqBsB}AmAiB_Bw@{@kC{BoBoBa@u@?[CE]Ek@AaBe@}@]E[GSuAmAmAqAe@c@eCaByBuBWIMKaA{@yAaBgAeA{CwBk@k@S]yAaA_AeAcB_Ba@[]a@{AwA{BaB_A}@a@c@cBmAwA}AkAu@m@w@}@w@a@Sw@o@WKe@_@[O_@OYQQUUs@G_@Tg@Di@IoHOwB?iAA}@KwA?k@@WMuAQaAKuA?gAMaF@q@l@_HHiBPcCBaAJqBBc@Lw@BqAC{@G_AEoBB}@GaDBmBCm@]oCIiAK_EGqAU{BIqAAg@@QJYlBNZCb@OhAk@LK`@a@d@Wd@QJBDDFXBh@?tAHpBFn@l@vCLz@pA`Eh@hAnC~Ev@~Ar@nAhBvDv@rAv@lAVh@Xb@|@fB\\XT|@dAZX^`@x@fAj@h@f@j@l@n@v@`Af@b@\d@z@~@RZd@~AZx@ThBBp@RPdAn@Uv@I^BFv@|@\h@r@rA|BdFpD~FTd@Pj@HPf@v@v@vAt@jA^r@\`@n@fATVPH~@rA\n@`@d@f@b@l@dAbCfF`CxDp@|ATl@rB|BnAjBtA`CfAbBt@rAt@fAx@bA^f@nAjBrA~Ab@l@rAzA`@Zx@~@ZT^Jb@Gl@Df@@\HLJPrBTdFDnDDl@@zBD~@@r@SfC]fC,2,,,,,,Diego Galdino
2,Pos prova,5574.5,2160,2160,9.0,Run,Run,0.0,Garmin Forerunner 645 Music,7039504452,2022-04-25T16:20:19Z,2022-04-25T18:20:19Z,(GMT+01:00) Europe/Amsterdam,7200.0,,,,1,3,0,1,0,False,False,False,False,everyone,False,g10593679,"[52.23, 6.89]","[52.23, 6.89]",2.581,7.704,80.6,16.0,True,162.8,184.0,False,True,26.0,16.4,7492933827.0,7492933827.0,garmin_push_8704675757,False,0,0,False,20232024,1,a7039504452,gzw}Hip`i@Lx@z@~CXxAb@hDTxDXbBNj@t@vDPrALn@Cb@LpCGb@@jBBl@NtA^fAF^T^HVALo@dCc@xBStAq@dDk@`Aa@VIV_AfBi@bBMb@Gh@Kd@Cz@@~@Ot@QXWdAWj@Ux@Gd@Wn@Op@Kp@Y|@Il@c@~@[nAQ\GVo@nAOf@Ih@Ob@Qd@_@\Sh@Op@Or@Ep@]bAKp@k@~Ba@nAIh@UlAMb@Uj@Ml@Qj@W|AMd@Wh@G\k@`Bs@fC[vBCF]`@c@jAi@|AMb@Mn@g@lAg@bBQp@EFeAm@_@c@Ws@[yBYgAEg@Co@By@LmACe@@YS_D?s@Hw@SeB@_@EqB@gAMsB[mAAg@BOEsBHuBG_@IIGQGi@?s@HeBEe@ISKEq@K}@BYA_@KUCgAUy@M_@?g@OUAU@YCS@_@CQ@KDOCQYHYPYPe@|@aCFs@EyGHwEBgHAeBBu@T_@x@eAf@w@\c@dAi@NOHi@BoBFi@AkE`@g@Ta@\c@Xc@p@_AhAiB~@_AVSf@WVWFq@CkB?oAD_A@aBLwDHOp@_@f@g@|@s@hBkAh@k@^Oj@c@LOBWb@}@r@s@XQ\_@HMHGDOp@Uf@Ib@Q?KVYj@}@AYEOa@a@c@oAGm@Ou@Am@Mg@S[Cw@`By@b@Bj@X,2,,,,,,Diego Galdino
2,ROSEN CityRUN 10Km,10121.5,2951,2951,28.0,Run,Run,1.0,Garmin Forerunner 645 Music,7033161912,2022-04-24T11:35:15Z,2022-04-24T13:35:15Z,(GMT+01:00) Europe/Amsterdam,7200.0,,,,1,3,0,13,0,False,False,False,False,everyone,False,g10593679,"[52.22, 6.9]","[52.22, 6.9]",3.43,4.983,83.4,21.0,True,158.2,175.0,False,True,57.4,33.2,7485995855.0,7485995855.0,garmin_push_8697418992,False,0,2,False,20232024,1,a7033161912,}uu}Hg|ai@ImAJcADeAN_BPaAReBPy@Fi@ZkEFqBCk@CUBgCDaAl@kGNiCGaAQmAEmBBs@AkCBs@?}@GkB@{EU}GQkBYaBQoBg@iEQu@_@iA]wBw@gCw@eBw@uAq@uAUq@s@kDW_ECcABaA?iCFaADyAJcAPcELqBJcD?cAH{CJuALkC?qAJeCCcACCa@Eu@BcAEk@KeB{@aBu@c@Wc@ScAa@{@c@eA_@o@[g@SeAm@sAg@iAQa@OsASg@@mD_@i@Fi@RULg@b@{@d@oCjBcCtBsA~@e@`@oBjAs@f@cA|@uB~Am@j@_CzAaA|@w@j@]d@{B|AYVOd@MrAGx@@|@GlB?z@FvA?|@JrAx@|FvAhFnAlDVn@`ApDB\M`@e@t@mA`B_AhBSf@@Hd@dBNt@l@~A^dBXp@ZdAb@lBf@fBbAxDTjAd@bAp@lAj@rBHb@ELIHeAb@]XMLa@p@YpAM~@Ix@]nBi@`FENYLk@Ga@L}BhGc@`AKj@PhBRdDb@bEThDPjBRtDt@jIHz@Pt@Hp@V`@`@\pAtAdAx@rCxCfAdARJtAbAv@z@Td@Pp@A|@El@O~AM`A?|@ZzBZhAHd@b@dBx@`EPrCl@|CHfBV`CXdBNtARjCNzEJxALt@Vr@JRD@LIX_@Xk@n@cCtAmEfA}EJ_@Xm@Vs@p@cCTs@rAuF`@aA`@k@NMR?d@JnAD|C|@JMTCf@QTAxBi@hAa@ZWHS?SIu@g@gDSeCQu@Iu@SqAE{@HaA?q@SiAM_ESq@^yE?_ALmBNW^YjAaAbAq@XEb@Q\Ij@]PJXZ`@z@Rp@Cp@CFORq@j@MRa@\GHmA\UT]RIHULGFAhAF@xCq@HDLXLh@J~@Nj@@JAR[^Yf@W|@Oz@Sn@?HDBTAb@Qf@[LURq@AcADy@VUtBm@f@o@Ni@Bu@Jk@Po@Fy@Jo@H{@Ai@Do@DuBn@{E,2,,,,,,Diego Galdino
2,Evening Run,7999.5,2640,2704,20.0,Run,Run,0.0,Garmin Forerunner 645 Music,7023645670,2022-04-22T16:10:46Z,2022-04-22T18:10:46Z,(GMT+01:00) Europe/Amsterdam,7200.0,,,,0,2,0,1,0,False,False,False,False,everyone,False,g10593679,"[52.23, 6.89]","[52.23, 6.89]",3.03,4.338,81.2,19.0,True,152.9,174.0,False,True,64.4,46.6,7475626930.0,7475626930.0,garmin_push_8686642317,False,0,0,False,20232024,1,a7023645670,kax}Hur`i@{@h@e@h@QHk@Tc@JC?CQIBOJGLON]PqA`AI?EHIb@i@j@{AdAq@\m@p@}@t@a@X]\g@^KD[XaAb@_CnBi@HgA\aAf@q@NWLq@PgAb@a@J{@NcAXiAHc@V[LUD}APSJYJ]RUF[PeAXk@JmAJmBd@{@Za@@COUPm@XgB`AyAp@q@TIEEIGe@Qi@{@i@}Aa@g@UGIBs@@eCOtCIVWOoDqAeAU{@a@ECK]?i@Jy@f@cFTkAvAyEZy@V_A@GEKEGWCoC@c@G{@F_@Hy@h@yAt@iB|AyC~Bc@ZSBw@e@][yBkAy@o@m@YC@a@d@aAjBST_@KQ?SGe@Qc@]kEwDcAs@aAYkAWyA@c@Gc@Sa@YYUUYUOMOg@]AEEaAHaCVeCDOPyAP_AFs@AkANuA?s@BaAN{@Tk@rAkBl@qAh@k@r@qBh@cD@w@AYWkDCw@?s@Fa@r@o@d@S`@Gx@@\GPg@Bs@`@oEFaDDy@Fw@|@{ELkAJw@B_@A_AEkAGuCGgAa@}COq@K_AMk@Eg@Au@Dy@?_ADq@Re@nAmAjAoAjB{Bn@}@h@sB`@cAFCt@l@VF|@n@\N|@T\d@`An@\Zp@bApCxBr@t@z@r@n@p@|BdBp@p@RNn@p@t@j@n@p@lEvDfBrAb@d@bAx@jBpBd@^z@|@fBrAf@ZfAbA\VbC|BVRRLxBhBVd@@RL\lDrAz@BNDJx@h@j@z@j@^^nBxA\`@`At@z@x@p@z@|AfAVZ`BvAx@t@bChBxB~Bf@\\^p@b@VXPX`@Tp@t@,2,,,,,,Diego Galdino
2,Afternoon Ride,10543.6,2681,2743,31.0,Ride,Ride,10.0,Garmin Forerunner 645 Music,7018257567,2022-04-21T15:08:53Z,2022-04-21T17:08:53Z,(GMT+01:00) Europe/Amsterdam,7200.0,,,,0,4,0,1,0,False,False,False,False,everyone,False,b10767637,"[52.25, 6.78]","[52.23, 6.89]",3.933,6.344,,22.0,True,129.5,154.0,False,True,50.6,27.8,7469805615.0,7469805615.0,garmin_push_8680439712,False,0,0,False,20232024,1,a7018257567,wl{}Hqvjh@T\VNRFxARD?d@HTHt@HpAZfARPCLKBIPcDDa@XoGb@uHIy@g@yCU_BBs@JkBPoB?W`AgDD]V{FDqBZeFC}@Gq@CGSAgA@wBCeA@{@E]SAKFk@@QCGYYUCeBNm@Ag@E_B_@qBYi@OcAUcC_@cAIcBUe@S{HaAYEMKAg@h@yHN_Ml@wLBkCB_LJyDH{ABqDNgFC_AQi@g@_@q@[{AiAc@e@}AwBuDmGeCeFy@}AsE}G_Aw@c@q@q@yBg@aA_AaBI_@BWHQnB_E^eA`@_AbAiBJ]RY`AiC`AsBzA}BbAqCz@eBL]bBuDf@oAbA{BrAiCdAiCl@oAh@}@d@oApDcINe@vBoE~@_Cj@mAhAyB|AoDlEaJr@sAp@iBn@qA|BkFxBwEd@oAxByEpBwEJQbCaGZaAr@sB`@gBTm@x@kCz@aCl@cCvAyEf@kBJo@Nk@Tk@d@eCZsA|AyEZmAv@}Df@oBbAmEnCgKA@?Gf@eBjBkEv@uCb@sA~AsFhCkJ\gApAyF^uAfAaDl@eCXuAjAgEVqAv@eCT_AJ]LWpA{Ex@sDr@mCr@{BPq@z@uCr@eDrBgI~@aDZ}@fBsG`AyC|AgGpAuDf@gBVs@Lu@@@EGH_@\_AhAqDnA_Fl@eCNu@^eAj@uBp@kB?BA@Le@Bs@?[Mo@_@eAOq@K}@MqFGcAOiAQoBa@iCUkC[kBWiAYsCSyAYuAaA}D,2,34.9,,,False,93.7,Diego Galdino
2,Morning Ride,11126.9,2397,2631,10.0,Ride,Ride,10.0,Garmin Forerunner 645 Music,7016004148,2022-04-21T05:50:07Z,2022-04-21T07:50:07Z,(GMT+01:00) Europe/Amsterdam,7200.0,,,,0,3,0,1,0,False,False,False,False,everyone,False,b10767637,"[52.23, 6.89]","[52.25, 6.78]",4.642,7.239,,17.0,True,131.1,155.0,False,True,45.8,24.0,7467356393.0,7467356393.0,garmin_push_8677827657,False,0,0,False,20232024,1,a7016004148,}yw}Hkp`i@dBnHl@rD\dDPz@HjAVtARdB\pDD|@BzEHfAZpBRl@tAjC`@|@r@hB\f@NNh@P~BV~@H~BZtAL?CEAZFv@FpCA|ALFHRrDAtA`@tHFzBCv@NnDFxC@xHK~C@n@I`B@`AOhBWhBQdCMbAG|B_@vCa@`Ca@vBa@fBkAnEu@bCkAfDwAfDs@pAaA~AiAjAQVeCnEcAzA_AbBa@t@y@hBe@rAs@dBcBlDw@pBc@`As@|@aAl@o@~@Q^Qn@Kf@_@xA]t@o@h@_@`@Q`@u@|Bm@nA}@~AgC~DiBbDO^k@|AyE~Ii@t@qBtDo@f@g@x@aGfLaAbBsBzDk@nA{@|AELA`@D`@JZBV_@nAw@`BcBxBg@|@Ub@ITIh@KVwAlCyHvNcAbBaEtHqBnD}A`DgCfEu[~l@gD~Fk@pA{AzC{BxD_@v@mDlGo@nAg@fAAJHRFFp@TtAfAPNP^tAfIFv@`AjG@f@]rAMbAY|CQrCg@xRMtIG|@ETQVGr@N~@@x@Al@YnGKpD?zFBjCAxFY|FOtBGrBIhHGbDi@xESnAQN?D?EItA@@LGb@Jr@@fFn@dBPv@Qd@An@H|Ch@|@T|AXz@JtAXtAb@vA^xAX`@Np@J`EBj@C~@@JRDfAAZKv@KjAYzEGtBShDKd@i@vAGp@Mp@YdFJv@x@vEBZS`CWvEEdDQpBMtBEZONS@}Ak@yBe@mBg@_AQOGAGPuAIA?DD?BFCPFAEHDDED@DFUCI@?@GFP,2,33.4,,,False,80.1,Diego Galdino
2,Evening Run,6629.7,2228,2243,12.0,Run,Run,0.0,Garmin Forerunner 645 Music,7013384253,2022-04-20T16:33:47Z,2022-04-20T18:33:47Z,(GMT+01:00) Europe/Amsterdam,7200.0,,,,0,2,0,1,0,False,False,False,False,everyone,False,g10593679,"[52.23, 6.89]","[52.23, 6.88]",2.976,5.48,80.4,20.0,True,166.1,182.0,False,True,50.0,36.6,7464541946.0,7464541946.0,garmin_push_8674926352,False,0,0,False,20232024,1,a7013384253,szw}Hsr`i@@BB?AHHDLx@FLDRLd@r@`DTfBL`@NpA^hE^rBH|@\rBJlAHXJ|@@v@B\CdCJfBIAa@k@}@aACYEuC_@gBEK[Wc@S{@IOBc@NWTOn@Ax@F|@Ln@Pf@Xb@^`@`@N^Fn@ELENQPa@?eBI{@[uAS_@USMIYIs@?e@Fa@VO\AP?vAPnATt@r@t@^PZDZ?d@C\WJU@g@?qAIs@Q_AWi@a@_@]KaACa@D]RQZCNC`@Bp@Jn@Pt@Xj@z@x@r@Pf@Cb@ULKHO@oAC_AK{@MYe@m@e@_@m@I[@g@H_@\Kl@Ap@Dj@Lr@Rn@Xb@PPt@f@b@D^E\OVa@Jo@?m@OsASw@Qa@OUa@]WOQEa@@_@JOFa@^EFEl@B`BJn@Th@^r@p@d@\Lr@@JBVURWDQDW@YCy@KmAG[c@_A_@_@e@WUIq@He@NQRMh@FbBJp@\lAFJp@p@XPLDf@Dd@E\i@FQDc@Aw@E}@Qy@O[e@s@e@_@g@I[?YFWPQb@ANC\@l@Fx@Lv@Rl@b@h@LH`@Pf@Dp@I\a@Jw@A}@Iy@i@_BO[WS]Qq@Oa@Fa@REFOh@?~@Dv@ZvAXl@XXd@`@HD`@Fd@ADCb@e@HSH[CqA[uAYy@c@q@c@Y_@Ik@Fc@XEDSf@?r@D~@L~@X|@Zf@t@^~@?\IRUP_@Dg@Am@Ik@WcAQg@MWc@g@g@Ui@Ea@JEDa@`@GV?ZBh@P|AVjALZVT~@d@L@f@A^UNQPg@B_AAO[qBSg@Ya@Y[SOYG_@Eu@R[VI`@DjAHfALn@J^PZ\^`@Rn@Pf@Gd@[J]D]AaAI_ASy@]y@OUGIe@UGKe@G]F_@PW`@G|@@~@Dj@Jj@HXVl@TXLJTJh@Jp@EJGJCPMHSFi@?a@Ew@Os@[_AQa@]e@]Oe@GQ?UBSFSLWr@AdAHfANx@Vj@HJb@`@n@\t@BXK\e@La@Bs@KiAOs@Us@[m@KM,2,,,,,,Diego Galdino
2,Afternoon Ride,10614.3,2556,2634,32.0,Ride,Ride,10.0,Garmin Forerunner 645 Music,7012825923,2022-04-20T14:54:28Z,2022-04-20T16:54:28Z,(GMT+01:00) Europe/Amsterdam,7200.0,,,,0,1,0,2,0,False,False,False,False,everyone,False,b10767637,"[52.25, 6.78]","[52.23, 6.89]",4.153,5.789,,21.0,True,117.3,147.0,False,True,47.4,23.2,7463945385.0,7463945385.0,garmin_push_8674262147,False,0,0,False,20232024,1,a7012825923,sk{}Hgvjh@A@BUBFTHRPf@Pd@Dz@VdAPxBf@R@FAFEJUF[HiBJ}@\kHHeALyE}@}FC{@RqDDYJ[AUHe@d@}APy@VqENkBRyDFyCKeAKIIAmDDuCCSEQQFmACG]Ys@@oAL_@AuA[iAQcBa@yDs@uASgBMSEg@QeD_@cAU[EuAEEY?OBcALsBTmBBw@HeKDcBPyBJuBJuIAaJZsHNyI?yAWq@{EoD_@a@o@aAoA}BmAgB{EkJeBiCY]g@w@o@kAOS_@Ug@w@w@wBg@gAeAiBCYJe@tA{ClByEn@wA^m@|CuGl@_AN]RYb@_ApBkFxAwCjAwCjAkCd@aAhBoEpC}Fd@s@l@gAx@wBnDyH\{@bBkDl@{Ap@}AlByDXs@`CgFnAwCfAuBfEiJrC_HdBmDv@yBxAgDfAkD\iBj@oBlBuFl@oBzAwEx@kDJU@M@JlAmFjB{Gj@mDdA}EhAsDlAuENo@~@eDZq@Zg@\w@r@sCdBiGrAgFb@sAjBwGj@cClAgEhAoDt@yCj@mB\sA\eB|@wCNo@l@aBl@eCv@kD^}ArDkMd@qBLy@bAiDjAyEV_Aj@{AdAwDt@aDlCoJh@iBt@oBlBiHzAcFXgA`AeDt@mCv@}BXmAMKC@AFJD?BGGDALk@@YAg@Ig@c@oASeBKcBCeDIgAM{@eAgKc@gD]yAUkBSuAkA_F,2,39.2,,,False,100.1,Diego Galdino
2,Afternoon Run,7323.5,2976,3023,13.0,Run,Run,0.0,Garmin Forerunner 645 Music,6965590617,2022-04-11T15:52:33Z,2022-04-11T17:52:33Z,(GMT+01:00) Europe/Amsterdam,7200.0,,,,5,4,0,2,0,False,False,False,False,everyone,False,g10593679,"[52.23, 6.89]","[52.23, 6.89]",2.461,3.405,80.9,18.0,True,142.6,165.0,False,True,28.6,18.8,7412688387.0,7412688387.0,garmin_push_8620237322,False,0,0,False,20232024,1,a6965590617,qax}Hur`i@]Ho@b@kAh@k@\I?AC@COIA@AGU\mAz@[^UJYHUVe@`@Y^qClB[Zc@x@KBc@T[V[\a@\EHWPMBUNu@ZYR]@GBSL]\e@Lk@^UFc@@sAXOP_@LOJWL{@\IFYHsB`@U?IA_AZSNaA@k@F_@LKJ[RSHIHYHk@Hw@XG@g@AmAN]F[R_AP[PUG_@Z_@P_Ax@IBe@Bm@Xy@RECIQOOk@Y[A[Ii@Ya@Y_Ac@IMC_GJkEB}@C}@}@wE[qAg@{AKEa@@_@Jq@DcACgAIc@@WHo@f@a@d@WP]LeA|@_@FSNy@r@Y^YT_Ah@UHMA{@e@[[{AcAcC{AQEc@hA]n@_@j@qAFGAeAu@_@e@w@q@q@g@i@k@k@c@_@Wi@S_BS_@K}@EYEe@MM@IA_@Qq@_Ai@c@[QK]F{@He@@g@ZkCT_DF_@n@gCJo@DmCFq@VeARYz@w@Xe@t@qBXg@f@mALe@XyBPCd@FT?^JZT^Nh@Dd@@bBHZPLu@Fo@LeCNe@XOd@GJEJOLg@Js@RoENm@XWb@KJIDKFo@D{@Fm@`@mCBa@He@v@TTLn@NPu@FAZPf@\j@LXCZJlBHRHl@DRA\FbA`@rAz@|@X\^NBx@^XBTA`AF^IXDPHVC`AWfAMT?L@f@G|AR`@?|@ML?RCtAe@j@U^Ev@Sv@[d@YXEp@Wl@Qp@EX?|Af@j@FXHv@JRJ`@H^Nb@DbATXPD^p@^|B|Bx@`@VTZd@\\`@Xl@r@ZRTHHNRPTZl@l@hAv@HJd@XJZd@Vn@~@v@t@^d@\Z`@VtCrCvBvAz@fAx@z@TZr@n@,2,,,,,,Diego Galdino
2,Flower Route,14147.4,4554,5226,18.0,Ride,Ride,10.0,Garmin Forerunner 645 Music,6958992863,2022-04-10T08:48:52Z,2022-04-10T10:48:52Z,(GMT+01:00) Europe/Amsterdam,7200.0,,,,0,4,0,1,0,False,False,False,False,everyone,False,,"[52.27, 4.49]","[52.29, 4.56]",3.107,8.548,,24.0,True,105.1,141.0,False,True,-38.8,-52.0,7405482218.0,7405482218.0,garmin_push_8612674732,False,0,0,False,20232024,1,a6958992863,y}_~H{zlZy@?q@YyJwGqAeAkC}A{Aq@{@e@D?YIgBeAcA{@iBkBk@y@aBsCk@i@a@Mg@Ak@XYZ[l@m@|A_BhDq@vB{@tBmAjCSt@uBvGMt@Yr@c@hCgAtIYnBu@zI?TMfA}ArFg@tAa@l@]ZiBZg@VSPq@|@gB|CEd@RVJ\ADIb@Cx@[~AYfAOtBQr@e@l@qA`CeDzIa@lCUpCc@zAYr@c@`Be@nAq@~@M\mAhGw@nFOl@Yj@gAzAi@fAW^WDu@Me@Um@m@a@Se@AiCi@wAGa@Mw@q@m@Ws@Eq@JcAb@eCt@k@C_@YD@IMsBk@yA?uCPg@EiEaAgDi@}@WqBsAcF{Es@u@cBeCg@k@kDkBYe@AMh@}@t@{@h@UvGkBr@a@`BeBhAg@~E_B^UpBcBz@mAj@eAp@cBReARcC?mJDeBX{B`@mAl@_A\[h@YnEm@NGTQRY`@u@Ri@V}AR}CRmA?k@iBsDs@kAYs@a@k@[m@s@yBaCeEeC_Gs@gAuA_De@uAs@cBkAsDOwAgAoEDm@TaA@q@i@kFKmAGyABcBl@_Df@gF`@eBb@oA\sCLa@Fa@HmAFwCJkAH]VeEXw@LaC@w@VuE?uAQyA_@gFEmCIkAFkAPaAL_@`AmBt@eBT{AXu@`@{@v@_Ab@cAN}@l@}BLkDJuAJi@@}@b@yBdA{DXw@VO`BFLUb@gGTgABYXYPGj@cAP}@Ga@]_@EYt@mAfAuEn@aBb@y@^g@t@o@|FaCtCmBvDiBbBcA_AiBaDaEDDCA?E?F?GMKa@m@}DeF}@oASCQ\Ut@QTSEIH_CqDBFADBAEEDCCCG@Rb@Qg@HC?SCIe@q@i@o@]Fm@XkAEy@U}@a@c@]QCGBO\KFINC?CJFMVWF[CM{B_CeAw@{Ak@aAaAu@gAYs@oDgG_CcDUc@s@gAsAkBwAqCe@c@SEID_@`@Wp@SPWG}AsAmAqA}AeCkAmC{@mCRsABeAPuBJeAFM`@mEbBkIrBcMbBmIdAyEz@kF`DsPb@wCPm@z@kEr@sB`@yALuA@cDZgA`@_@RIx@Kr@]x@KrAh@lCpCfBtAj@ZzDWdBGfARrAv@jBTr@AFJCVe@DUXq@pBKf@CE?FAGF?CB,2,51.0,,,False,232.2,Diego Galdino
2,Evening Run,12082.8,4157,4176,18.0,Run,Run,0.0,Garmin Forerunner 645 Music,6955667552,2022-04-09T16:33:01Z,2022-04-09T18:33:01Z,(GMT+01:00) Europe/Amsterdam,7200.0,,,,6,3,0,1,0,False,False,False,False,everyone,False,g10593679,"[52.23, 6.89]","[52.23, 6.89]",2.907,4.202,82.4,12.0,True,155.0,178.0,False,True,25.6,9.2,7401862991.0,7401862991.0,garmin_push_8608911390,False,3,2,False,20232024,1,a6955667552,cax}H{q`i@a@N[RST_AXs@\]OOFQ\q@H{AxAq@z@_A~@uBnAyBzBw@j@_@Va@HqA`A{@Nm@`@iAVmGlBy@b@WXy@XiALOGuAb@kBNa@VgBp@{Cn@kBVQHc@Dm@V[E]^sAj@m@b@gAh@uCv@sCdAs@d@qA`@wF~BwAv@{@`@wBz@}@VaBr@w@R}@t@m@ZoBv@PIVH`@QHJAjACp@LtDF~EF`@Bt@CrDLrC?`EGnCLtGF~EJvB?tBDbBBzJEXe@tBm@lD_@`B{AnEq@bB]pASh@Id@{@bC_AvBw@dCOl@oAhDa@x@UZmAjAuBzA_@J]PqCdC_@Ha@TcBj@oBnAuArAq@h@a@b@}@l@eCrB}A|Ao@z@{@r@q@x@y@f@GWIuCAiAGoB?q@C_@Du@EaBAHCnAHjC@t@Cd@DhECd@IBUIEMAm@Ma@Ik@i@eBIOI[M[k@}@UEQMg@CMU{@K}@IMK]Gy@c@u@Sa@k@O]KaAMODMCKOG_AUw@IYW{@_@We@E[@g@AaAGeBAmCJgBRiAf@SdAO|@@lAOtADtACRODi@Ak@Hq@Bw@BSP_@FgAd@SlBaAbAMr@JNEl@qARo@Ni@Jy@@o@Zm@Ns@H{AT}BVoAF}A?q@J}BHc@KtC[`B?l@NHZ?xA[VQn@sAlAmDl@sApA}DPa@PYd@aBVi@RWnC{BF]RRFAXm@ZaA?a@Dy@L]Fi@@_ARuALgBAe@BWX_CFOt@QLBVGRU\k@NYNk@?MXs@b@aAp@iA~@mBPm@hAkCTUdAYpAw@l@WhA[~@g@r@Wz@g@~@]lB}@zBcAxA_@f@WOk@\sBVaBb@mARoApAcFVcC`@sBRyB`@gCT_Av@}BJg@f@}Az@wBR[hB[bBg@`@Op@o@|BcCVORULWNs@RYb@CXYR_@~@_AjAaBb@_@^k@VaBBEPGd@HnBr@p@LfA@hBRZIh@@p@P`@?L]E{A@eATaBCcAHqA?wABy@YmCEyAQiBCo@F}A?i@NwAHkBJq@HiBDWB?Cb@@NFHXLvC|@~B|@nBb@|CnATAHWLGH@tAhA~@f@rBxAv@v@~ApA^b@z@v@|@n@LZX\`DfCdAfA,2,,,,,,Diego Galdino
2,Evening Run,3436.3,1061,1088,6.0,Run,Run,0.0,Garmin Forerunner 645 Music,6945933195,2022-04-07T16:59:32Z,2022-04-07T18:59:32Z,(GMT+01:00) Europe/Amsterdam,7200.0,,,,4,2,0,1,0,False,False,False,False,everyone,False,g10593679,"[52.23, 6.88]","[52.23, 6.88]",3.239,5.326,80.1,13.0,True,162.7,180.0,False,True,26.4,21.4,7391369499.0,7391369499.0,garmin_push_8597809998,False,2,0,False,20232024,1,a6945933195,wtw}Hkh_i@Ra@?a@Gq@c@}AQa@KQKIa@Ua@G_@@SFSHWVKd@Cf@@j@Dl@Jl@Rl@Zj@Z^\Rd@Ff@AZOR]Je@@u@Iq@c@oBUe@e@i@YK]E_@@]H]ZOf@Ar@@l@Fp@Vt@\l@`@`@^P`APZENMHKLe@B_AIcAMcAYw@Wg@YU_@Gm@AK@k@NURM`@BbBHx@Rp@^p@X\^TRFl@F\CPGHKPs@BaAEu@Ks@Og@Wi@k@u@e@Ok@Ag@N]RK`@AdAHnAJh@Nb@b@j@\ZVNHBbA@PC`@_@Lm@?aAE{@Ki@_@eA]e@a@Wk@Ek@Di@PUVKn@?p@NtATt@Td@p@z@VLZFL?b@M^SVq@B_AGkAMw@[{@QSUSc@Mg@Cq@Ha@TO`@CT?b@Hz@PbAXp@Zb@TRb@VNDv@FNQLCRc@DW?uAUcBQi@Qc@c@c@k@Mq@Ee@Ha@XEn@BhAHx@V~@Zr@TR`@Tf@Ld@?`@KX]Hq@EeCCWQs@]e@i@_@a@IUAW?c@F_@VKX,2,,,,,,Diego Galdino
2,Evening Run,6441.0,2504,2554,8.0,Run,Run,0.0,Garmin Forerunner 645 Music,6935965218,2022-04-05T16:30:42Z,2022-04-05T18:30:42Z,(GMT+01:00) Europe/Amsterdam,7200.0,,,,1,2,0,1,0,False,False,False,False,everyone,False,g10593679,"[52.23, 6.89]","[52.23, 6.89]",2.572,3.935,79.9,17.0,True,150.2,175.0,False,True,22.6,12.6,7380629447.0,7380629447.0,garmin_push_8586303937,False,1,1,False,20232024,1,a6935965218,uyw}Hop`i@t@tCj@dCPf@Lx@Hr@JfBFj@NrALb@D^X|C@`@b@dDDjAHx@A`ADnCBTPtAX`BLb@`@`A@F_@fAMj@c@x@UbAKn@[fAs@rCSn@g@|@a@dAkAjDo@hE_AjDQz@WhBkA|CGh@w@|B]rAe@jAc@rA[n@{@jCQr@S~As@jCKVa@dBOd@a@dA_@pB}@hCIl@KVa@bBy@hCk@~Bo@bCeBzFOVWt@]|AUh@Q?sCsA{@WTLr@RFHNJ@C?MIkAIw@U}ACmADsCD[IUBs@A}@]sE@_CGSAg@Hm@Bm@Kk@Eg@K[Im@K]KeBCaBC[BeBFyAPo@Ri@TOLWRs@?uAHoB?s@AMCB?FNrACbAIv@?h@I^w@z@Qh@OlAQGKMAOF{@Ck@@_@BQIw@MIYAo@J_@B_AW}@M_@AACs@M{BKk@GS@UE_@@SICI?IH[xAcDPi@Fq@H_ECQ@qBCk@GmGDu@?}@Du@CyBBKr@cAVm@H[b@m@NYz@aATyANUTy@Hw@?]CEPk@Fi@@s@J]Rc@RSz@}ANOv@qA`As@r@o@VQJERWESCc@JaFM{@FkBJgAES@e@v@w@VSv@e@h@e@JOf@_@rCiBTSx@m@p@o@J_@d@m@`@w@@e@Ic@Se@o@_@IQAOPmABeAFo@Q[Aq@DkAL]VkCHMJ@TGx@JPEHUIsBHYBA\HXBx@b@,2,,,,,,Diego Galdino
2,Evening Run,7736.7,2402,2419,11.0,Run,Run,0.0,Garmin Forerunner 645 Music,6907482074,2022-03-30T16:20:15Z,2022-03-30T18:20:15Z,(GMT+01:00) Europe/Amsterdam,7200.0,,,,6,3,0,1,0,False,False,False,False,everyone,False,g10593679,"[52.23, 6.89]","[52.23, 6.89]",3.221,4.876,81.7,11.0,True,167.2,182.0,False,True,46.6,36.0,7349745277.0,7349745277.0,garmin_push_8553352037,False,2,0,False,20232024,1,a6907482074,{ax}Hes`i@WJa@F]h@STkAh@E@SUSJW^i@XiAlAc@\W^UPa@L]b@a@Ti@^QTi@d@a@d@cA|@uAbAk@Ri@d@Y\e@VqAZg@H}@\_@T_AXa@Tq@T[PeAVa@Pa@F_@Le@HY?_@L[?_@PcBTiAb@]LK?]NaCh@aADmA\y@Zm@Ly@ZmAX}@j@i@Te@VKAg@c@{B}@aA_@]WKQAmAKgEFmACmBImCM_AyA{FKm@YKyB?YDc@CgAHi@HcAf@YZ[NkCzBsA|@k@Zi@d@_@Ha@Sg@]g@YcDaCe@OYN[v@[l@[^WDeACe@UcBuAyAuAo@g@oAw@m@OcAO{@Cc@B_@KcA_@_BuAYQ[]?q@JsBh@uDNmCP}@^sAJm@FsA?o@J}@Rq@Vg@XUn@w@pAqC\{@\wA`@mBJAjALn@Zb@NrAHrAFJBXLH]JsBHcAJc@L[HGJERAb@YNk@PqADc@@_AVyBT[ZMt@GKQNwDLqADoAFMF?vAv@ZLD@DKNm@FG^FPNv@TdAH`@Jj@F|ABZFvAp@|@h@hA\p@`@v@`@d@HN@RCPGRAZ@`@DrAEf@Gb@KlANh@Cv@?^Gd@EtAWlA[^OvAUt@S`DgA^Et@Hl@?f@NlAPv@TnAVhBn@J?d@b@rAv@\\V^\T\N`@FZ\J`@HJ`@X^P\t@VTd@RJTD@dAfAz@d@XPXL\p@bBdBd@X|@\|@fABH|@t@XNb@\X^Nd@RRf@Vl@p@f@`@|@l@NDjAvA,2,,,,,,Diego Galdino
2,Evening Activity,0.0,1506,1506,0.0,WeightTraining,WeightTraining,30.0,Garmin Forerunner 645 Music,6903106935,2022-03-29T18:22:14Z,2022-03-29T20:22:14Z,(GMT+01:00) Europe/Amsterdam,7200.0,,,,0,3,0,1,0,True,False,False,False,everyone,False,,[],[],0.0,0.0,,23.0,True,85.1,137.0,False,True,,,7344975195.0,7344975195.0,garmin_push_8548315760,False,0,0,False,20232024,1,a6903106935,,2,,,,,,Diego Galdino
2,Evening Run,6685.2,2340,2373,12.0,Run,Run,0.0,Garmin Forerunner 645 Music,6897129576,2022-03-28T16:04:31Z,2022-03-28T18:04:31Z,(GMT+01:00) Europe/Amsterdam,7200.0,,,,0,3,0,1,0,False,False,False,False,everyone,False,g10593679,"[52.23, 6.88]","[52.23, 6.89]",2.857,5.196,80.9,17.0,True,149.7,170.0,False,True,3.8,-11.8,7338535305.0,7338535305.0,garmin_push_8541356530,False,0,0,False,20232024,1,a6897129576,otw}Heg_i@LO@i@IcAIq@y@cBWUe@Sm@Gq@ZY^ET?`ANz@Lb@Tl@V^h@f@ZB\HN?FARORWHQJc@Ds@QaBSo@Wi@UY]Qg@Qg@@a@R]ZKXEn@@l@Hx@Pv@Zl@X`@b@Vf@Jd@Ab@MLORk@Bg@MiBKm@Qi@]k@WS_@Km@Gi@Ba@TO`@ER@`BD^Rv@N^Xd@d@d@XN\D^A^MPWHSHy@IkAQqAMc@KMe@e@m@U{@CUHUN[d@Ch@LpBXhAv@~@VN^JVBT@PAXM\s@BW?c@Gy@M{@U_AUc@YSe@U{@?WHk@ZGTE^?j@@TV~APb@Xb@v@p@ZJj@A`@MDEPWN{@C_AMeAS{@]m@_@YMGq@Ki@Bk@`@QRCR?x@LdAV`ATh@Zd@b@\\H^@ZIZOXe@D}@Ey@]gBWq@Ya@e@UQEi@Ck@LMHYd@AHEj@BbANhAN`@R^TXNNd@T\Dn@E\MVYNq@EcAMaAOq@[q@UUc@We@Ee@FULe@^MX@bAHlAR~@HPNNX`@`@XVBt@CVGXYHUFk@@e@Q}AMo@IYS]MQg@Uk@Kg@DODa@XSh@Av@Hx@Jp@Tx@^l@XV\J^Db@AN?NGNQHSHq@A{AUqASi@[i@]YSIw@CO@o@ZS`@E`AJjANdAVh@X`@VZ^LZBx@CNKR[H[Bm@KsBQu@Wm@][QMk@Mi@CG@k@XWd@Ef@D|@PhANl@P\Vb@XTTLb@FH?TE\MJILULm@@WC{@OqAI_@Qc@c@c@a@Si@G_@D]R_@XIV?`ADz@Hj@^dAd@h@NJTL`@F\@ZG\YL[BW?q@IcAQiAUo@a@k@YQq@Mm@Fa@VS`@Gd@?bANhAJ^Pb@p@dALF^DZBVAXGXULEFDZ^fAbABUEgAGu@OwCKw@YyDYcBGi@ESg@_ESmCq@sD_@{A_@mAOw@,2,,,,,,Diego Galdino
2,Afternoon Run,10794.9,3604,3611,35.0,Run,Run,0.0,Garmin Forerunner 645 Music,6881271251,2022-03-25T16:43:18Z,2022-03-25T17:43:18Z,(GMT+01:00) Europe/Amsterdam,3600.0,,,,0,3,0,1,0,False,False,False,False,everyone,False,g10593679,"[52.23, 6.89]","[52.23, 6.9]",2.995,4.073,81.6,17.0,True,159.0,172.0,False,True,-4.6,-25.8,7321134647.0,7321134647.0,garmin_push_8523040475,False,0,5,False,20232024,1,a6881271251,mex}Homai@QQ]S_A{@e@g@e@[W]WSS_@s@YQMY[Wa@]a@_Au@]Q}@s@i@q@YQa@c@m@g@wAuAq@m@YQ[]aAm@a@OWS]_@a@Y{@cAw@[c@]{@iAw@k@e@aB[Uq@Um@G}A[[SIk@o@w@eAeAw@m@o@y@]]aAo@a@_@_Ao@YYk@a@m@i@g@q@a@a@iAy@eBwAa@WaFaEs@q@c@[{@{@g@k@kAgAk@o@YQ}BqB_@WaBwA}@m@_CuBkAkA}AqAy@}@}@_@k@Qq@[[_@Oa@?QDSPUJ]Bm@C{CAw@SuDEwBQkBKm@Go@?_AIi@QsCE_CK}BBk@b@aGJw@Rc@XgA`@aAPs@`@uA\aBh@cBTi@No@EC[Pk@h@qAh@C?EKAq@?sDGmAIqDC{CWqDKqBWkC_@cJDk@RQtBH^?fAs@`@]b@e@jAe@RO^S|@a@JIJMhByHHUf@aCTs@x@iDFa@r@{CZ{@Nu@l@wBXuBr@}DdAoERw@Jq@tAiF`AaFDc@v@gCx@oDrAkFrBuDz@kAxA{BPc@tAcCd@gAl@}@^u@vAwBjBoDpAoBxCoFr@eARWd@Wv@InACjBUb@MXYl@kAHBFZF`BFz@`@pCRr@f@fAl@pB\fB\xAB^VbBn@nDBn@z@hDLl@Hp@|@~Df@lDR~@PrALl@v@vFv@zD^jChA~EZxBh@vBXvBf@lBHj@lAnFNx@Bl@Pv@`@nAFl@VhAJv@z@hDLr@Ht@RdAb@jBRh@n@pCTv@Jj@^nCx@vCVvATrC?v@CN?NNn@LhB@~@OR@b@J`Bh@zD?d@UhBCj@TdDT~BNzBJ~@DhBJl@Vf@Vr@~@pC^zAFf@Bn@ANKn@On@M|@m@fGHtABfANlBDpBXtCJr@\jDBfBQhBXlEG^EDUH[RMNuAdAy@lAUd@o@`D[rFMfBs@hHAxAH^Tj@`ArBh@fCZjCR|EXxEX`L,2,,,,,,Diego Galdino
2,Night Activity,0.0,1490,1490,0.0,WeightTraining,WeightTraining,30.0,Garmin Forerunner 645 Music,6873348205,2022-03-24T05:09:00Z,2022-03-24T02:09:00Z,(GMT-03:00) America/Sao_Paulo,-10800.0,,,,0,3,0,1,0,True,False,False,False,everyone,False,,[],[],0.0,0.0,,26.0,True,95.2,134.0,False,True,,,7312573049.0,7312573049.0,garmin_push_8513822535,False,0,0,False,20232024,1,a6873348205,,2,,,,,,Diego Galdino
2,Morning Run,9629.2,3185,3191,5.0,Run,Run,0.0,Garmin Forerunner 645 Music,6867945905,2022-03-23T04:18:30Z,2022-03-23T05:18:30Z,(GMT+01:00) Europe/Amsterdam,3600.0,,,,3,3,0,1,0,False,False,False,False,everyone,False,g10593679,"[52.23, 6.89]","[52.23, 6.89]",3.023,4.636,82.4,12.0,True,154.6,174.0,False,True,-9.8,-21.6,7306753638.0,7306753638.0,garmin_push_8507669829,False,1,0,False,20232024,1,a6867945905,yxw}H{p`i@jAvDn@xDt@zIh@jB^zBXtCDtAIlFILkB}Aq@n@oAJo@Yq@u@e@cBGq@F_BNc@z@i@`@C`@L`Ar@j@vAPv@Bj@Cx@Ql@[\c@NgAA_Au@]_AWcBC_AFu@h@k@r@KrAd@l@t@^nAJn@B~@Gf@[j@iA`@cAUk@i@Ue@[gBByBNc@VY~@QnAh@b@n@`@bBHv@AlAITy@t@cADu@e@_AkBW_CDq@N]p@c@nAAj@\Z`@j@|AJhCOt@w@b@_ADcAm@]g@Yy@Q_CFcA`@c@ZIjBRx@bA\nALnBQ|@OXcA^y@OoAiA]_AKu@E{@Bs@^{@bAe@h@Bd@Xl@p@Xj@Pv@HlBGh@Ob@gAf@cAO_A{@e@}AKmBBk@Rs@bAa@b@Bj@Zv@v@^rAJt@DbAI`Aa@j@k@Pk@?q@]e@k@Yw@YqB@}ANi@b@Sz@Gh@Jd@Xl@pAZnBCrAWv@_AXkAUu@w@c@mAIqBDy@JW\[p@Q~@Jt@p@\x@N|@F~AWfAs@d@eABeAs@o@yBI}AH_AJUj@a@b@Gx@Ph@d@\j@`@|ADrBG\U`@w@XkA?_@W]g@Ys@O_AEo@@oAPu@^a@h@OhAXt@z@Zr@Lp@HdAAx@Uv@_@\_@LqAOo@k@]s@Q_AGi@?{AR}@XU|@Or@Tl@f@\h@b@dB@bBa@fA{@^mAIg@_@Wc@c@}BEqAFw@JW|@g@l@@n@TbAlA`@vBBv@EZOd@a@l@{AHWKiA}AQm@KcACwADe@R_@t@a@d@@`Ad@h@p@Vj@VjAHx@IhA[l@q@`@i@Bu@U_AkA]sABkCDa@Pc@t@g@~@Tv@r@\r@XnAFp@Cr@UhAy@b@a@Dm@Qy@aAWk@Q{@GkBJs@Va@ZWd@MfAT`@^Zh@Rv@PrA?r@In@O^e@`@mANw@[m@qAOo@KqAFyAJe@^a@b@MpARz@fA^dBFjACj@Qn@_An@eAE}@_A]s@Oe@KoAPmBl@q@d@Ef@Dj@Xv@hAXjAJbAEtAL^pA~AEcA?mBYeDs@{Fa@aC_AaI,2,,,,,,Diego Galdino
2,Night Activity,0.0,1512,1512,0.0,WeightTraining,WeightTraining,30.0,Garmin Forerunner 645 Music,6862392216,2022-03-22T05:24:52Z,2022-03-22T02:24:52Z,(GMT-03:00) America/Sao_Paulo,-10800.0,,,,0,1,0,1,0,True,False,False,False,everyone,False,,[],[],0.0,0.0,,26.0,True,107.6,140.0,False,True,,,7300811224.0,7300811224.0,garmin_push_8501418441,False,0,0,False,20232024,1,a6862392216,,2,,,,,,Diego Galdino
2,Morning Run,8748.4,3013,3013,39.0,Run,Run,0.0,Garmin Forerunner 645 Music,6857311211,2022-03-21T04:23:50Z,2022-03-21T05:23:50Z,(GMT+01:00) Europe/Amsterdam,3600.0,,,,0,4,0,1,0,False,False,False,False,everyone,False,g10593679,"[52.23, 6.89]","[52.23, 6.89]",2.904,4.282,82.4,13.0,True,148.3,166.0,False,True,16.0,-121.0,7295320113.0,7295320113.0,garmin_push_8495466087,False,0,0,False,20232024,1,a6857311211,s`x}H_r`i@]Ru@T{AVc@Ri@PICAEOe@SgAUi@?cAKcDDc@EQBo@Ca@Ge@OqA?uAGgCo@wFKuBI_@_@QmAgAOQ]QWWs@g@UW_As@{AqAeAq@a@[c@m@m@i@c@Ya@c@sBcB[]uAmAOSm@a@{@{@[c@QUy@q@Cc@Ea@QI[EiACUCo@Sc@WSs@a@c@UOWWY]eAo@qAgA}@q@u@m@e@[QQc@o@c@c@_@][QuAsAaBiAy@q@c@S][yBcBq@s@UQk@o@u@o@y@}@a@Oc@[mAgAk@c@}AwA{@q@aA_AeA{@gAmAy@k@}AmBWU]Y]QU]WUWGYUcBgAWWO_@CQBM^aA?k@Gq@?aDEm@WsBE_BGu@EcBVq@UiAQ{BIkC@S?g@I_CDwATiCDmAFq@n@{AXqAn@oB`@eBfAeDNi@Pc@h@c@nAo@rCiB\[pAs@Ve@DSRyAHCBBXp@|@xAt@P\b@Vj@Xb@dArBZj@X^bBzCVb@Z\^j@z@|@h@d@xBfCNJz@`A^\JPtBxBL^Xh@V~@h@pAJv@HhALPn@p@TA^[Ra@f@yB`@eAL}@jAoE\yAhAmD\{ADg@X`DN`DTdBHtAPnA@XLVNFHAnBgAd@O~@g@BG^Y`@Q^]`As@ZYZm@h@wAFINH~@jAXb@f@d@NHt@P\P\X\N^Cv@i@ZNTb@Fj@Bz@Cl@Jn@Tf@L@HGzAwAVHv@fCLHRFLVJ`@Tb@n@fBdA~CLr@B`@Jb@j@fBPr@Tj@t@|BVj@Vz@n@xARx@Vx@?RDPPj@LTH@HRv@nBx@pCl@tATn@~@rB@NELa@n@Yr@Ml@[|Bk@~HETGh@EjBQhBAlADRh@lA\lAh@vAZvAJr@XxC@x@AxBZdDPzCZjLEpAi@bEGr@,2,,,,,,Diego Galdino
2,Evening Run,7708.6,2688,2706,2.0,Run,Run,0.0,Garmin Forerunner 645 Music,6844301061,2022-03-18T17:43:52Z,2022-03-18T18:43:52Z,(GMT+01:00) Europe/Amsterdam,3600.0,,,,0,1,0,1,0,False,False,False,False,everyone,False,g10593679,"[52.23, 6.89]","[52.23, 6.89]",2.868,4.072,81.7,18.0,True,156.2,182.0,False,True,-106.0,-126.0,7281180186.0,7281180186.0,garmin_push_8480925131,False,0,0,False,20232024,1,a6844301061,}yw}Huo`i@ZvAb@jAR~@TrAHPRhATpCn@`DBj@ZvD`@|BB\@hBEjC@x@CFc@]gAiACeBEcAIe@Qe@OU_@e@c@Uc@Gc@De@VSb@CV?ZBp@Jv@Rt@Zn@`@f@XTb@Lh@A\OT[BOBYDqAK{@g@gACWQg@[Ym@Qa@@c@L[b@Gb@FhCLt@Vt@VZXT~@P^?`@SVa@Hg@CiAm@qCYc@u@o@[Ci@Da@LU`@Ed@FrBJr@Ll@FTV`@r@b@f@Fp@IZYTc@Bm@CcAK{@U{@Yo@[[WO{@K_@@YLSZKn@@r@Fz@Ht@Nd@Xl@p@t@VJ`@?n@KLILQNw@?oBMaAUo@Sc@][SKm@Go@FQFWRMb@Er@HrANx@Ph@n@dAPJh@N`AGNGLSDSDa@AeAC_Aa@wAg@y@c@[e@Ia@@c@N]f@C`AD~@PjAXx@`@h@^V^Lp@ARM^i@DUBg@C{@Oy@Sq@O[Me@Y]c@Sg@?c@Jc@ZM^AT@`AJpAX~@Vl@d@l@`@Nb@?d@K`@_@Po@@_AE}@Ow@Sm@U_@e@g@]K}@E_@NYb@It@@z@F`APx@Zp@n@p@l@T~@OTWPs@BaAEy@O{@c@qAY[e@Kq@Cm@J_@ZOh@Bz@J`AHh@Vp@Vb@^\b@Th@Bh@QNOFMLs@A_AI_AUeA[{@II_@Ui@GmALOLQ^Cf@@x@NdAPx@Zl@^^bA\\Ap@[FKLq@CaAI_AQaASm@IQOOo@Wq@Ek@HYNIXGf@BnARxAXv@\f@`@Xf@Ph@Cd@KPYHe@Fo@Ai@Gg@c@uBSa@WWUG{@C[Ds@VGLGr@?x@Hl@Bh@^dAHL\b@d@\ZFZAVIVSTe@Hi@?o@Au@Kk@Kc@Q[m@u@]U]E[?c@P[TOf@Af@Bz@^nBp@dA\TZLRBt@OFCRWJe@F}@QgBMc@]y@WWm@]g@I_ARQXK`@?`BFn@Nl@Rf@\n@r@b@vALJAZa@`@Vd@f@j@XMeA@g@AaAMuCKe@GoAGe@]mAAk@]qDa@_CM}AK_@WeCWaAUmAo@uB,2,,,,,,Diego Galdino
2,Afternoon Activity,0.0,1473,1473,0.0,WeightTraining,WeightTraining,30.0,Garmin Forerunner 645 Music,6839481356,2022-03-17T18:16:23Z,2022-03-17T15:16:23Z,(GMT-03:00) America/Sao_Paulo,-10800.0,,,,0,1,0,1,0,True,False,False,False,everyone,False,,[],[],0.0,0.0,,23.0,True,89.8,108.0,False,True,,,7275997372.0,7275997372.0,garmin_push_8475445223,False,0,0,False,20232024,1,a6839481356,,2,,,,,,Diego Galdino
2,Morning Run,8880.7,3063,3119,10.0,Run,Run,0.0,Garmin Forerunner 645 Music,6831339577,2022-03-16T04:24:10Z,2022-03-16T05:24:10Z,(GMT+01:00) Europe/Amsterdam,3600.0,,,,1,1,0,2,0,False,False,False,False,everyone,False,g10593679,"[52.23, 6.89]","[52.23, 6.89]",2.899,3.697,81.6,13.0,True,151.5,164.0,False,True,-59.0,-90.0,7267251432.0,7267251432.0,garmin_push_8465874674,False,0,0,False,20232024,1,a6831339577,mzw}Hop`i@\vAnAzD\lBJdBBz@D\@zB^b@Vl@ZhCBh@Lf@NvATjJ_As@g@m@C_@B{BMw@YeAg@q@c@Yi@Mw@Da@VOb@Ed@@v@Fp@Nv@Rp@V`@t@n@^N\D~@w@L[BOAm@G{@OcAm@sA}@m@a@Ga@Jw@t@Gj@Bx@VbB^v@p@l@XN`AJ`@QR[HiAGoASaASk@U[eAs@e@E]Ha@XQ`@Eh@@t@Jv@T|@d@z@ZXr@Tl@A^QRe@Jy@Cu@Eg@S}@Si@SYm@g@_@Mg@EWFg@p@In@Az@ZxBn@dAb@\d@L|@En@g@J?^VN[HeA?s@Kk@qAcBc@gAy@oAmALeAVk@xAj@rI\d@nAN~Bj@XSZoAU{@@eBKoASk@]g@{@k@_@Mm@A_@N[^Gj@?z@\rBVl@\`@^Vn@HdAMXc@Lc@C{@WmBQe@]g@q@g@cAQc@J_@f@Kn@LrBJn@Rh@x@bAbAXv@APGT[\NDALa@Hm@Ay@Gy@a@w@g@k@gAwBYW{AL_@F]Va@rA`@bINJn@u@T@|@f@`AD`@MXq@Dc@Ay@SmB[k@]c@k@_@y@Kk@J_@ZMh@?x@Hz@^fBXf@\Zh@Tb@Bh@AZUTk@Bw@Cs@KcAQi@w@eAa@U}@Sg@FURSn@At@FbANx@Vt@R`@\\d@RdA?\SLSPaA?s@SkBa@gAs@e@aAWe@H[TUd@Ix@HnAHl@Pp@Zf@~@|@`@Ff@Id@]JQHm@@o@I_BGc@Wu@]a@c@Wk@Mq@F[NW`@Il@?p@LlAT`AVb@\^b@Tf@Jj@IXQPc@FqBKgAI_@Um@W_@_@Wc@MwAFa@`@Ij@@z@P~ARt@`AnA`AVx@O\]l@RRc@Fq@@u@Eq@M[aA}A[]s@qAYYkCXWZE`@M`@?Pf@|H\h@rB\vAb@PM^aAFg@Sg@EeCY}AWo@Y[cA[m@Ac@RW\Mn@@z@J~@\pA\h@|@l@f@Jd@Ap@a@vAnANF[iIWwCMw@MwAsAgJ_@yCOk@Ge@_A}D,2,,,,,,Diego Galdino
2,Night Activity,0.0,1500,1500,0.0,WeightTraining,WeightTraining,30.0,Garmin Forerunner 645 Music,6825996473,2022-03-15T05:12:42Z,2022-03-15T02:12:42Z,(GMT-03:00) America/Sao_Paulo,-10800.0,,,,0,1,0,1,0,True,False,False,False,everyone,False,,[],[],0.0,0.0,,26.0,True,97.0,125.0,False,True,,,7261526375.0,7261526375.0,garmin_push_8459776467,False,0,0,False,20232024,1,a6825996473,,2,,,,,,Diego Galdino
2,Morning Run,7871.1,2828,2840,24.0,Run,Run,0.0,Garmin Forerunner 645 Music,6821150750,2022-03-14T05:01:50Z,2022-03-14T06:01:50Z,(GMT+01:00) Europe/Amsterdam,3600.0,,,,9,1,0,1,0,False,False,False,False,everyone,False,g10593679,"[52.23, 6.89]","[52.23, 6.88]",2.783,5.454,80.7,14.0,True,152.5,169.0,False,True,39.6,-72.8,7256323566.0,7256323566.0,garmin_push_8454053179,False,3,0,False,20232024,1,a6821150750,stw}H_``i@Xx@PXFZb@nDr@nEL`BX~GGJcAe@o@o@WeBc@qBUc@W[_@[]Ka@Gi@BMFY^ELGj@@t@JbALp@Pd@\f@`@^v@Pb@CZOVa@Ho@?w@SwBSg@Wa@[Wa@WWEa@?u@XQTIb@Cp@F|@Lp@Pj@`@t@d@^b@Ph@@VI\UL_@@s@CeAGg@WqASc@]a@e@Sa@Gg@Fc@XYl@AlBB^Nl@Vj@`@d@XT\LfAAXQLSHe@@cAKiA[sAq@_AMKc@KYCa@D]PSVKb@Az@BdALx@b@fAj@d@`@Lx@Bf@KZYDYBeBCm@Eg@Om@Oa@QWq@i@]E_@@m@Pa@ZCJKz@@dAJ~@Tp@b@r@^Zf@R^Ff@Gb@e@JWFa@?cAIk@Ou@k@sAo@e@_@Ka@?]He@RKRGt@BvAJdAZ~@l@p@`@Nf@Jr@E^]Pq@B{@KaBMq@Qg@q@i@]M_@Ky@@e@ZQz@?~@N~ARp@b@t@h@\f@Pr@Cb@]N[F_@@q@IcCUk@UWu@g@gAUa@Hc@d@Od@ChANpARt@Pb@Xd@d@Tl@Jf@Gh@WVw@D{@Ew@]eBM_@QUSKoAYYAs@XKJENEn@Cz@Fx@Nv@Rl@Vd@\Vb@Pf@Dj@QRMJOJm@DeAMcBGg@Sc@u@i@a@OcAEe@LUZGj@?xAPpA`@jA^d@ZVx@H\C\QVUHy@@q@IwB]_AY]_@QcASa@Ba@NWb@Kp@BhAHt@^hARb@XV^N`ADZGb@YRq@@wAAa@Ka@C_@Ic@W_@q@g@]GcAE_@H_@d@Iz@B~@H`AVz@j@|@\\h@JT?`@Kd@ULWNcAGoAIQK}@Me@KO_Am@YIy@I[Da@\GTC`@Ax@Bh@DZTz@~@zAj@X`@Bp@MZSDCPm@Dw@Aw@a@wB[]m@c@[Ku@G_@D[NOTId@Ar@D|@NfATp@Zf@d@\d@Hj@Cp@STUFMFs@?yAc@_ASw@UYi@a@i@Ky@?c@LOTCpCHr@Tv@\l@h@`@l@Rl@Bb@OXc@J{@?cACy@Ka@IQi@u@[Yw@Uo@G,2,,,,,,Diego Galdino
2,Morning Run,8721.7,3006,3006,0.0,Run,Run,0.0,Garmin Forerunner 645 Music,6806605916,2022-03-11T10:09:08Z,2022-03-11T07:09:08Z,(GMT-03:00) America/Sao_Paulo,-10800.0,,,,0,1,0,1,0,True,False,False,False,everyone,False,g10593679,[],[],2.901,3.596,81.1,30.0,True,167.2,182.0,False,True,,,7240581539.0,7240581539.0,garmin_push_8437301584,False,0,0,False,20232024,1,a6806605916,,2,,,,,,Diego Galdino
2,Evening Activity,0.0,1993,1993,0.0,WeightTraining,WeightTraining,30.0,Garmin Forerunner 645 Music,6804939199,2022-03-10T22:56:40Z,2022-03-10T19:56:40Z,(GMT-03:00) America/Sao_Paulo,-10800.0,,,,0,1,0,1,0,True,False,False,False,everyone,False,,[],[],0.0,0.0,,32.0,True,93.2,128.0,False,True,,,7238767278.0,7238767278.0,garmin_push_8435462214,False,0,0,False,20232024,1,a6804939199,,2,,,,,,Diego Galdino
2,Morning Run,7701.0,2522,2522,0.0,Run,Run,0.0,Garmin Forerunner 645 Music,6796916097,2022-03-09T11:42:07Z,2022-03-09T08:42:07Z,(GMT-03:00) America/Sao_Paulo,-10800.0,,,,0,1,0,1,0,True,False,False,False,everyone,False,g10593679,[],[],3.054,5.259,80.4,30.0,True,164.4,193.0,False,True,,,7230126860.0,7230126860.0,garmin_push_8426161637,False,0,0,False,20232024,1,a6796916097,,2,,,,,,Diego Galdino
2,Evening Activity,0.0,1953,1953,0.0,WeightTraining,WeightTraining,30.0,Garmin Forerunner 645 Music,6794570864,2022-03-08T22:22:23Z,2022-03-08T19:22:23Z,(GMT-03:00) America/Sao_Paulo,-10800.0,,,,0,1,0,1,0,True,False,False,False,everyone,False,,[],[],0.0,0.0,,32.0,True,82.6,126.0,False,True,,,7227589392.0,7227589392.0,garmin_push_8423511576,False,0,0,False,20232024,1,a6794570864,,2,,,,,,Diego Galdino
2,Morning Run,9674.1,3695,3695,80.0,Run,Run,0.0,Garmin Forerunner 645 Music,6786803767,2022-03-07T11:44:29Z,2022-03-07T08:44:29Z,(GMT-03:00) America/Sao_Paulo,-10800.0,,,,1,2,0,1,0,False,False,False,False,everyone,False,g10593679,"[-27.12, -50.01]","[-27.12, -50.01]",2.618,5.1,80.5,29.0,True,167.9,186.0,False,True,403.6,368.6,7219268782.0,7219268782.0,garmin_push_8414501369,False,0,0,False,20232024,1,a6786803767,vqodD`afpHQvBOl@WrBQdCAZEb@AZIp@WhAE^G^?\En@G\IPETU|BOnACp@I^G~@i@lCOnAA`@U`CUx@MbC[`AYZi@\_An@gAbAy@l@iA~@OLo@ZyBjBw@t@mAbA_@TUV_@V_Ad@}@fAa@Tq@f@kAjAOPy@p@e@ZaB|Ai@|@_@|@_A`B{@lBYf@M^}@lBi@v@m@xAm@rCc@jBEb@Mj@i@`Bw@fEGZOZg@jCg@lBY`BK\s@fDGtAA`AEv@@d@AnA@p@A~AFrA?tEAd@BpAGp@CjA@Z?rCBbAAh@QnABhA?jA@xAGbABtAAx@C^FDJI@Q?u@KgCByAAwBD]@cAC]GYAYGaAL_C?yBCk@DcBCqCFo@C_CEiAJkCAi@Hq@AyBHgANu@FOHo@TiATs@j@gDb@eBlAaGPs@VsAPm@Ju@ZcALs@Pi@XkAb@cAR[t@oBVc@l@wAn@{@lAcCd@q@\w@l@k@f@cAZQF?\I`@]fAi@PUGMNOH?Z_@~@m@v@q@Z_@`Ag@f@e@TYZSpAcAjAy@XWRKj@o@hB_BRShAu@p@s@fByAXq@JgAP{@BIDm@RgBp@yCVgCFoBVqAPuAH]HULgBHg@@_@ZgABaARuBJe@R}ALk@?GEMCa@RsCNy@Mx@DVGj@QnACBDK@oAX}BBh@Cp@[~BL]Ia@Be@Fw@Rw@a@rEF_@?g@@a@RkBCpAE`@O|@Gd@FQCs@Dy@RmADCMjBQdAAZBADUCo@L}ABMBUDI?JK\C`AEf@Mb@@RCFDKL{BNk@@_@WzCIZ?\DOCq@Dw@PgA?O@FAbAWtB?PDSF}BNcA?j@CV]jB@`@DKBaAHeARw@GVAZK~@O|@AN,2,,,,,,Diego Galdino
2,Afternoon Walk,2449.5,4119,4509,41.0,Walk,Walk,,Garmin Forerunner 645 Music,6783899978,2022-03-06T16:13:12Z,2022-03-06T13:13:12Z,(GMT-03:00) America/Sao_Paulo,-10800.0,,,,0,1,0,1,0,False,False,False,False,everyone,False,,"[-27.05, -50.08]","[-27.05, -50.08]",0.595,1.926,54.7,33.0,True,121.5,159.0,False,True,450.8,423.0,7216095650.0,7216095650.0,garmin_push_8411094401,False,0,0,False,20232024,1,a6783899978,zpbdDngtpHJM?IIIBSAA?CC?BGAGG?EGG@CHDF?NDF?NCEB@IG?FEI?GDBCAIF?F?CBF?EFC@?C?B?AFAAF@EC?BD?I??DKGJCBN@KQLBHAADM@C@@?@A?@@M?CG?BBBE??DFCE@BDCIK@A@BABDIGFDBM?DINE[D??AH@ABD@@D?MIGG@DFF@?BQMBBDCJLGAAC@@E?DAIODH?FEBGC@K@A@B@GE@AF@ACGD@C?FA?CCA?@AEIIBF?FCBNMNEGDAAGQJ?BDC@OEIHAAJP@ACC?KB?CBAE@C@JDF?CAFGG?KAB@EDBBECAMBF?C@CIE@?DCA@ILJ?BC?KIKMA?AEBAADGC@NQK@ICBBCCA?F@HOK?CRJAEBEC?DBCBIIEFQKAECDJDFEGA?GFQ@?@BBGC@BCGFAEJCAAMD@CKFN@AG@?BKB@EAB?EBCGBD?IDA?BJGED@BQCSFFCL@EG@??BD?KNEEFEAA?@F@RKABEBO@B?HSD@AHDBKBKAEEBIBHECJEFDCBBAF?MLBABDL?HDFAJK@E?CBADGAIBELCBGJG@BDAHBC@@AGMFE@@C?@AD@@DCCBB?GJHFIEAAELGOABIA??CGH?H@AJD@IGA?DQCPCEADASD?BAA@AAC@DGFAGGG@CEC?EC?@CGNF?ABGGBO@@@NC?FCBGKFA?DAEC?BBACA?EBBCAMFAILF?EKIAN@@C@CE@PKAKKRBFOSBLGIDBGHAFHNFLK]JD@B?KIIEIC?FJ@ACOAF@RGHQGJMF@GCC?DBADJLWNE?IAFBBB?ICCDGA?AIHBEFLI??UE?BFAAD?E?CGNEADCKC??BEBHOEA@CCDAFGCDHDE?EE?AG@?GPCE?@IC?MDBCF@ABBAGADF@EJEGRFMEK@?CCA@?WFOKSCCGA@GQKF?HEBG\Rb@?NHf@IRETDPELC\GNCZEBJ@A?AD?ZLVNDDLDCBJHB^E?GBD,2,,,,,,Diego Galdino
2,Evening Run,8458.5,3071,3079,24.0,Run,Run,0.0,Garmin Forerunner 645 Music,6778887869,2022-03-05T21:20:58Z,2022-03-05T18:20:58Z,(GMT-03:00) America/Sao_Paulo,-10800.0,,,,1,2,0,1,0,False,False,False,False,everyone,False,g10593679,"[-27.12, -50.01]","[-27.12, -50.01]",2.754,3.983,81.2,29.0,True,174.2,188.0,False,True,343.6,327.6,7210664060.0,7210664060.0,garmin_push_8405531174,False,0,0,False,20232024,1,a6778887869,nmodDhsfpHo@xFEnAKx@i@zB]rBIr@KxAIh@KbAKb@IdAGb@C`@QhAGz@K^g@l@s@h@SX]TcA`AwAhAu@l@UFm@^w@n@qAz@i@p@_BpAELFFNGTYp@m@p@e@lAkA~AiA`Ay@h@m@fAgA~AiA\]TIz@m@N[\yBDc@b@cDLq@VwC^kCX{Cl@_EDo@ReAHgATuAf@cET_CNm@NwANu@DmAZoBXgCBg@Lc@FyAJe@?e@_@sCq@}CMyAS_A]kAGe@U_ASgCMg@Qe@gAaA[I}AVe@u@Ka@MkAFS?KSOm@aAc@e@KUC]HI`Ea@HG@a@QyB?m@MyBBi@SwBCcAKi@Ck@AsDIiAGe@Oi@c@wCw@_Dq@oEKMYW[cAIEeBbA_AXIX@\^hATjAPd@`@vAJf@Pd@h@lCAB@LLfADfAA^H\BlAFv@?\D`@?d@CVH^@^I\QFARNLR\A\Ff@FpA@|ATt@DZDb@E\JfARTZNh@d@@j@Hh@HZLz@f@tBNfAVnA`@hDNt@\rAJv@L`@Aj@f@nBBpBKpBKb@ATI^B^a@fAQ\AXc@dCBvAIx@ITGd@I\B\]~@ObBEJBNEn@Ld@APIVFLDf@JXNJ|AV^DHIJWLMLABMAa@Be@p@cGFaAF]La@FgBLyAT_AHe@La@BYQg@FY@gAK_@Q[IUaAqAm@{@CFGfAMbAO|ABBAHUz@MLEp@SfAE`AUrBYbBHB`@A\DZPf@D^DV@N[D_@Be@JyAES,2,,,,,,Diego Galdino
2,Evening Activity,0.0,1814,1814,0.0,WeightTraining,WeightTraining,30.0,Garmin Forerunner 645 Music,6773370871,2022-03-04T21:46:21Z,2022-03-04T18:46:21Z,(GMT-03:00) America/Sao_Paulo,-10800.0,,,,0,1,0,1,0,True,False,False,False,everyone,False,,[],[],0.0,0.0,,29.0,True,97.9,147.0,False,True,,,7204701549.0,7204701549.0,garmin_push_8399376095,False,0,0,False,20232024,1,a6773370871,,2,,,,,,Diego Galdino
2,Evening Run,2375.3,686,731,0.0,Run,Run,0.0,Garmin Forerunner 645 Music,6763759379,2022-03-02T21:33:49Z,2022-03-02T18:33:49Z,(GMT-03:00) America/Sao_Paulo,-10800.0,,,,0,1,0,1,0,True,False,False,False,everyone,False,g10593679,[],[],3.463,5.203,81.3,31.0,True,160.4,196.0,False,True,,,7194352049.0,7194352049.0,garmin_push_8388249469,False,0,0,False,20232024,1,a6763759379,,2,,,,,,Diego Galdino
2,Lunch Activity,0.0,1946,1946,0.0,WeightTraining,WeightTraining,30.0,Garmin Forerunner 645 Music,6763759417,2022-03-01T15:12:56Z,2022-03-01T12:12:56Z,(GMT-03:00) America/Sao_Paulo,-10800.0,,,,0,2,0,1,0,True,False,False,False,everyone,False,,[],[],0.0,0.0,,34.0,True,93.4,150.0,False,True,,,7194352060.0,7194352060.0,garmin_push_8380185608,False,0,0,False,20232024,1,a6763759417,,2,,,,,,Diego Galdino
2,Lunch Run,4887.2,2185,2185,0.0,Run,Run,0.0,Garmin Forerunner 645 Music,6763759378,2022-02-28T14:45:22Z,2022-02-28T11:45:22Z,(GMT-03:00) America/Sao_Paulo,-10800.0,,,,0,1,0,1,0,True,False,False,False,everyone,False,g10593679,[],[],2.237,3.883,79.3,33.0,True,166.6,185.0,False,True,,,7194352057.0,7194352057.0,garmin_push_8374320493,False,0,0,False,20232024,1,a6763759378,,2,,,,,,Diego Galdino
2,Morning Run,7170.3,3542,3638,0.0,Run,Run,0.0,Garmin Forerunner 645 Music,6763759328,2022-02-25T12:41:34Z,2022-02-25T09:41:34Z,(GMT-03:00) America/Sao_Paulo,-10800.0,,,,0,0,0,1,0,True,False,False,False,everyone,False,g10593679,[],[],2.024,2.747,79.7,31.0,True,159.4,174.0,False,True,,,7194352033.0,7194352033.0,garmin_push_8356477435,False,0,0,False,20232024,1,a6763759328,,2,,,,,,Diego Galdino
2,Morning Activity,0.0,2639,2639,0.0,WeightTraining,WeightTraining,30.0,Garmin Forerunner 645 Music,6763759327,2022-02-24T12:47:41Z,2022-02-24T09:47:41Z,(GMT-03:00) America/Sao_Paulo,-10800.0,,,,0,0,0,1,0,True,False,False,False,everyone,False,,[],[],0.0,0.0,,31.0,True,110.9,165.0,False,True,,,7194352041.0,7194352041.0,garmin_push_8351275717,False,0,0,False,20232024,1,a6763759327,,2,,,,,,Diego Galdino
2,Morning Run,5985.5,2402,2402,0.0,Run,Run,0.0,Garmin Forerunner 645 Music,6763759313,2022-02-23T13:17:18Z,2022-02-23T10:17:18Z,(GMT-03:00) America/Sao_Paulo,-10800.0,,,,0,0,0,1,0,True,False,False,False,everyone,False,g10593679,[],[],2.492,2.904,79.0,32.0,True,172.3,185.0,False,True,,,7194352038.0,7194352038.0,garmin_push_8345686069,False,0,0,False,20232024,1,a6763759313,,2,,,,,,Diego Galdino
2,Evening Activity,0.0,1952,1952,0.0,WeightTraining,WeightTraining,30.0,Garmin Forerunner 645 Music,6763759413,2022-02-22T22:11:48Z,2022-02-22T19:11:48Z,(GMT-03:00) America/Sao_Paulo,-10800.0,,,,0,0,0,1,0,True,False,False,False,everyone,False,,[],[],0.0,0.0,,32.0,True,99.3,149.0,False,True,,,7194352051.0,7194352051.0,garmin_push_8342526937,False,0,0,False,20232024,1,a6763759413,,2,,,,,,Diego Galdino
2,Evening Run,6349.8,2467,2467,0.0,Run,Run,0.0,Garmin Forerunner 645 Music,6763759377,2022-02-21T23:46:39Z,2022-02-21T20:46:39Z,(GMT-03:00) America/Sao_Paulo,-10800.0,,,,0,0,0,1,0,True,False,False,False,everyone,False,g10593679,[],[],2.574,3.321,79.1,29.0,True,169.9,185.0,False,True,,,7194352056.0,7194352056.0,garmin_push_8337049176,False,0,0,False,20232024,1,a6763759377,,2,,,,,,Diego Galdino
2,Lunch Run,6321.6,2297,2314,8.0,Run,Run,0.0,Garmin Forerunner 645 Music,6763759391,2022-02-18T15:40:07Z,2022-02-18T12:40:07Z,(GMT-03:00) America/Sao_Paulo,-10800.0,,,,0,0,0,1,0,False,False,False,False,everyone,False,g10593679,"[-22.53, -41.95]","[-22.53, -41.96]",2.752,3.674,81.2,31.0,True,175.4,191.0,False,True,8.6,-5.2,7194352086.0,7194352086.0,garmin_push_8318129333,False,0,0,False,20232024,1,a6763759391,xxnhChea_GBGFGIH@CFAHIFQDgAHaA?_@Jq@A_@J}ABu@C{A@[LuBPaAEq@Jo@@a@E_@Ae@@WHG\CD@FJJj@BZHVJl@PvA?j@Db@Nt@BDJ?t@y@\YhAuAFAJJh@~@FXRZJTx@~@PZN\l@xBlAxBJXV|@b@`AV`@P^xAnDVf@\dAR`@CTUVgAz@UTYFEFc@JOJ]J@V`@hB\dAb@hAZj@TRR^Rf@n@~@Nv@LPb@nAJPXTl@r@Pd@JR`@b@PZJj@V`@n@x@R`@Zb@XVb@BLDX^BZ~AvBLTR|@VR\DXNRVL\|@~@d@`@ZLl@`@z@z@n@z@\PZTVXZ|@VVdAVFDRRJ^NXTRZNXTXT`AdAjBrAx@p@fAt@lB~A`@JfArAZVv@^`@Xv@v@v@p@v@j@pAx@jAbAZT|@b@tDzBX\BFFBDCAGoBqAcAg@g@a@YMqCiBSSoAy@[[}@m@U_@s@i@k@We@_@cBcBa@So@g@u@g@WYWKgBsAw@o@mAw@kAoAu@i@Oa@Q]OK{@SWSSWOa@W_@w@a@SOiAuAYY_@Yy@g@uAyAk@w@u@UWa@_@iAyAwBMc@UU]EYMkA_BYYU]g@mAk@y@]}@o@m@SWKYk@cAMa@CYGQk@{@Mc@Q_@]a@c@{@Me@q@{A_@sA,2,,,,,,Diego Galdino
2,Evening Run,524.5,2701,2702,24.0,Run,Run,0.0,Garmin Forerunner 645 Music,6763759324,2022-02-16T23:03:43Z,2022-02-16T20:03:43Z,(GMT-03:00) America/Sao_Paulo,-10800.0,,,,0,0,0,1,0,False,False,False,False,everyone,False,g10593679,"[-22.84, -43.49]","[-22.84, -43.49]",0.194,2.185,76.8,30.0,True,142.1,169.0,False,True,112.8,53.2,7194352036.0,7194352036.0,garmin_push_8309423812,False,0,0,False,20232024,1,a6763759324,xwljClnmhGE?BCJ?@AI@@A?D@@ICDB?CAGD@I?DECHC?AGIBDBD??CA@BAA@B?AEDA@@C??AGBBJ?EB?EC@?CABCAAHDACEBFC?F@MECFBADAAC?CE@?ACFBDDE?@E?BIEA@DB@F@E@DC?AGA@@?ABB?@DC@EABCBB?C@@AEFJACEAB@?E@?KIFD?J?EFDCGE?FF@??CAD@E?BAE?BAA@FCC?CAF@AGCFD?A?BC@ACBAA?B@CB?IA@B@@BBAABBCABACAF,2,,,,,,Diego Galdino
2,Evening Activity,0.0,1368,1368,0.0,WeightTraining,WeightTraining,30.0,Garmin Forerunner 645 Music,6763759393,2022-02-15T22:13:39Z,2022-02-15T19:13:39Z,(GMT-03:00) America/Sao_Paulo,-10800.0,,,,0,0,0,1,0,True,False,False,False,everyone,False,,[],[],0.0,0.0,,30.0,True,104.7,148.0,False,True,,,7194352053.0,7194352053.0,garmin_push_8303447006,False,0,0,False,20232024,1,a6763759393,,2,,,,,,Diego Galdino
2,Evening Run,7023.2,2639,2793,0.0,Run,Run,0.0,Garmin Forerunner 645 Music,6763759415,2022-02-14T21:21:20Z,2022-02-14T18:21:20Z,(GMT-03:00) America/Sao_Paulo,-10800.0,,,,0,0,0,1,0,True,False,False,False,everyone,False,g10593679,[],[],2.661,3.133,77.9,31.0,True,162.9,184.0,False,True,,,7194352071.0,7194352071.0,garmin_push_8297545187,False,0,0,False,20232024,1,a6763759415,,2,,,,,,Diego Galdino
2,Afternoon Run,5033.8,1796,1796,0.0,Run,Run,0.0,Garmin Forerunner 645 Music,6763759389,2022-02-11T20:22:24Z,2022-02-11T17:22:24Z,(GMT-03:00) America/Sao_Paulo,-10800.0,,,,0,0,0,1,0,True,False,False,False,everyone,False,g10593679,[],[],2.803,3.113,78.1,28.0,True,148.1,171.0,False,True,,,7194352073.0,7194352073.0,garmin_push_8279350078,False,0,0,False,20232024,1,a6763759389,,2,,,,,,Diego Galdino
2,Evening Run,0.0,0,27,0.0,Run,Run,0.0,Samsung Galaxy Watch Active,5581384133,2021-07-05T21:37:09Z,2021-07-05T18:37:09Z,(GMT-03:00) America/Sao_Paulo,-10800.0,,,,0,0,0,1,0,False,False,False,False,everyone,False,g10593679,"[-27.58, -48.55]","[-27.58, -48.55]",0.0,0.0,,,False,,,False,False,2.7,2.7,5939303996.0,5939303996.0,activity_1625521029.tcx,False,0,0,False,20232024,1,a5581384133,dtjgDnjigH??,2,,,,,,Diego Galdino
2,Evening Run,5295.7,1782,2138,0.0,Run,Run,0.0,Samsung Galaxy Watch Active,5443324459,2021-06-09T21:24:01Z,2021-06-09T18:24:01Z,(GMT-03:00) America/Sao_Paulo,-10800.0,,,,1,2,0,1,0,False,False,False,False,everyone,False,g10593679,"[-27.58, -48.55]","[-27.58, -48.55]",2.972,4.5,,,True,131.3,176.0,False,True,7.2,5.6,5795387112.0,5795387112.0,activity_1623273841.tcx,False,1,0,False,20232024,1,a5443324459,`tjgDniigHB@WyCBUGIi@mC_@sABNADL`@n@lDN`ANfBHLGAbAvDE@ACIg@Oc@Me@O}AQyCIe@s@mC]_AMe@_@_AQm@e@kAyAaC_AaA_Ag@eA[yA_@yDk@e@AeBW{@CyB[a@Cy@AyA]wAS}AOyA_@mDkAu@a@wAaAg@g@{@aAg@{@iA_Bh@~@f@p@dAnAZXj@t@vAfAxBdAjA^`AThC\rAJXFzBTn@J^Bz@Pt@DnAP~CXxC^`@J\Lz@Th@VZX~@|@p@|@ZfA`AbCbAnD\x@T~@NhADpAPfATlBj@zAVh@jA`BZl@`@jAFRKOIc@a@eAo@iAs@cA_@s@gBiJR@CK?WMm@Ga@eA}CI[iAwCu@eBYg@eAmAu@i@QIL\RT\Pt@~@b@|@d@n@Tj@`@r@d@bANf@BPb@~@b@rBLXHVDvANfB,2,,,,,,Diego Galdino
2,Morning Run,9163.4,3344,3364,34.0,Run,Run,0.0,Samsung Galaxy Watch Active,5406837724,2021-06-03T13:58:05Z,2021-06-03T10:58:05Z,(GMT-03:00) America/Sao_Paulo,-10800.0,,,,10,0,0,1,0,False,False,False,False,everyone,False,g10593679,"[-25.4, -49.27]","[-25.4, -49.27]",2.74,4.6,,,True,153.0,197.0,False,True,930.6,903.8,5757232517.0,5757232517.0,activity_1622728685.tcx,False,7,0,False,20232024,1,a5406837724,rq_zClpukHABQ@w@G_@B?lADt@ObBEhAEvCETSDO?sAHoABqBM]BWFw@AEBQ?i@Ce@WC?OHWOG?IBM?QLIACE]FQFI?cCs@eC{@a@Sa@_@o@kAO{@Es@Iu@Mc@IQKM]UQSa@}@oAi@q@McBIi@?m@Co@BwAMm@IyACOEQDNHZ@`@Nl@HX?`AGhEDT@pB\R@HFHt@BFlAt@VVLRTz@T`BTfAN^`@f@d@\bBv@d@N^Hp@Tj@h@ZAVMPO^i@FCNVHDRBz@VjAR~A@t@Kd@CxBJ~@?bBG~DA^B|@?rAE\FVRp@DZAzDk@zA[PGr@K\@tAAlAQd@CfADZDx@@`BJlDFj@H|@BvANl@?p@F|@TPHRf@Zd@RTVRNFNBpANT?b@GfGuALAbAD`DGbA?f@@\AhB@bAHB@nANh@?f@Cb@Q`@B~@GfB?bAOp@CtAHdBDh@Jf@BfBb@t@BbBG`A?~AMhAQn@Ut@e@pAiA\m@j@QZEj@CtANdATTLVB|@PxANTHl@Jp@T~@JhCh@RBDD?DQp@?jAEBO?y@KmA[WKa@G_Ba@CEC]F_B?KCCcFi@qAEUKc@G[Mo@C_ARk@Pe@`@[Pi@b@SLw@VYP}@Fe@JS@y@?qBKc@Mo@Gq@Om@?]CsBEu@G{@?aCW}BCS@m@N_@B_@LeAH_@Aw@Me@Ac@KKBkAAiANgAAk@ES@WCy@NaAJiARcAJeB`@k@Da@?q@Im@?g@Mg@WKk@KKa@W[Iw@Y{@IeB@WDk@@{@AaAIaCMmAMqAQg@C{@@y@RSB_@?m@GeA?mADcBPaAR_A\]?QCo@Yg@Ke@E_B@G_@AmA?u@EkA@gAAgBBc@KMeAI,2,,,,,,Diego Galdino
2,Evening Run,5161.2,1702,2345,0.0,Run,Run,0.0,Samsung Galaxy Watch Active,5391505308,2021-05-31T21:29:12Z,2021-05-31T18:29:12Z,(GMT-03:00) America/Sao_Paulo,-10800.0,,,,2,1,0,1,0,False,False,False,False,everyone,False,g10593679,"[-27.59, -48.55]","[-27.58, -48.55]",3.032,6.2,,,True,99.3,146.0,False,True,6.3,5.4,5741271704.0,5741271704.0,activity_1622496552.tcx,False,0,0,False,20232024,1,a5391505308,dvjgDjoigHFf@h@jAr@z@LTz@nCT~@\bAHPNl@b@xBJx@Pr@NlA\lBFvCA~@R~BRn@Xl@Xf@V\D@?GUi@o@_CY}AEs@BiAIyBSaAKw@WqA[sBc@qBa@uAu@aD[_AWk@k@u@k@y@Ug@]_Aa@wBY_DMy@w@wCM]CAD@DR|@nEH`@FhBZxB^xAFFJ?CCYoAUwAMwAGuAGe@}@eD_@_@\~Ap@lCZvDLx@\rA?BC@@@C@EF?NBDJ@QCGKDMH@FDLB@C_@sA]wBUqCQyA[{AMg@OW@CCAAB@NbAjFPjCN~Ad@xALJLAA@C?CKk@wCK}@MsBKq@a@_BWq@Qa@GE?ED?A@JDFN\rBZxAJr@Bp@PjBRhARp@w@cCQwDF[Sq@IcAKg@s@_B]_AKc@a@cA{A_DOSk@g@[_@_Ae@?BJJNDDDt@`ATTz@bA`@n@`AxC^|@Np@`@dAb@pBV`ADZ?`AD|@,2,,,,,,Diego Galdino
2,Morning Run,5844.3,2096,2161,21.9,Run,Run,0.0,Samsung Galaxy Watch Active,5376830394,2021-05-29T11:59:29Z,2021-05-29T08:59:29Z,(GMT-03:00) America/Sao_Paulo,-10800.0,,,,6,1,0,1,0,False,False,False,False,everyone,False,g10593679,"[-25.39, -49.27]","[-25.4, -49.27]",2.788,7.4,,,True,144.4,191.0,False,True,929.2,906.0,5725951821.0,5725951821.0,activity_1622289569.tcx,False,1,0,False,20232024,1,a5376830394,js}yC`kukH@ALJdADXHp@Bn@EtB@l@BbAGn@B~Bd@DFBJ@n@VXb@XJJNPHRX`AX~ARv@JXXb@Z\VLnAb@hAZp@Z`@ZZ`@FBX@PIRWTe@JKF?PPTDXLfB^|AEj@ItEAtBGz@B\ChCE|CJd@ZdBKZKf@IhCQXE~@Gn@?JCP?\EfAE~@Kd@A`AHvBFRHLAn@FZ?|DRd@@l@El@B^Av@Nr@VFJJb@DHTR^T\FbAJP?n@Iz@]HGH?\Hn@Dv@E|AAzAOz@Qr@C~BDl@EJ@FF^PzA@rCA^CVETQJEzBIfA@r@FPA`@Bx@ApBFn@N`@TRF\?f@FZCOAsBq@s@AaAIw@ByCCeAIoB?i@DILk@JQ@w@A_ALK?uAKKA]Qo@Ia@Ci@Bu@Cw@Ea@KeBFuAKoAPi@@k@Lc@@UJqAXO?y@O]Cw@_@_@_@gA_@QEm@CuB@_@E_ACw@?iAEaADsAAKAoAYi@IqAHcBZUA]Gi@CUBi@C}A@]F{@HsAHSRIBm@JOESQOGU@m@Ci@Bm@EIBOEE]D{CF}AAaAB}ACWKQKEcAG,2,,,,,,Diego Galdino
2,Evening Run,4866.4,1532,2346,0.0,Run,Run,0.0,Samsung Galaxy Watch Active,5353327567,2021-05-24T21:39:25Z,2021-05-24T18:39:25Z,(GMT-03:00) America/Sao_Paulo,-10800.0,,,,2,1,0,1,0,False,False,False,False,everyone,False,g10593679,"[-27.58, -48.55]","[-27.58, -48.55]",3.177,5.4,,,True,123.5,171.0,False,True,6.2,5.6,5701495565.0,5701495565.0,activity_1621892365.tcx,False,0,0,False,20232024,1,a5353327567,ltjgDhjigH@AAEKSIi@?SDa@AcAIc@Wy@ScAqAuDWi@gAoC]s@GARn@nA|Bb@|AXr@Lh@t@xBTdATzCDx@BLEeDWmA[gAiAmD]u@MI@B@CDB\bAx@zCh@jCTfBN~@RTIDIk@EeA[{BMs@Ka@k@}Am@oBKMIGB?CCRd@~ApFPnAZtDFZDB@ECA?@@CGa@GaCKeAIk@m@{Be@wAUi@MK?CEAABC?CKFHJ\^x@f@rAZfAZnBLfCHl@CJASAqAEw@I{@QgAOq@{@iCe@aAMQ^tAlAzD@NZzAFnANpAE`@FCDHFAH`AHRn@tAlApBP`@b@jA^~@l@vBP~@\tAp@jETfAFf@LrBAdBBXZlCRv@N\?HBA@@BC?Si@qBKsAGmBBcAA]]kB_@}CWmAy@{Cg@_CSm@Mo@]aAOWk@s@k@cAu@cBUs@IO,2,,,,,,Diego Galdino
2,Evening Run,6103.4,1876,2611,0.0,Run,Run,0.0,Samsung Galaxy Watch Active,5325866941,2021-05-19T21:23:52Z,2021-05-19T18:23:52Z,(GMT-03:00) America/Sao_Paulo,-10800.0,,,,1,1,0,1,0,False,False,False,False,everyone,False,g10593679,"[-27.58, -48.55]","[-27.59, -48.55]",3.253,8.6,,,True,131.0,169.0,False,True,7.2,5.7,5672845597.0,5672845597.0,activity_1621459432.tcx,False,1,0,False,20232024,1,a5325866941,ftjgD~iigH@Hv@cCs@u@]k@[cAe@wB[k@g@cB]s@KOb@zAf@hAb@pAPt@Vv@R|@Jt@FrBFj@KHLBAIKpAbAfACOMUCMUuAQuBQsALF@Ii@aBSw@Qc@YeAm@iBy@iBm@eASm@{@mAm@e@{Ag@WMa@GWK[IyC_@kBOoASc@C}B[k@CW?A@?LB@LEbKfA^FnCTzBj@v@`@XTlBzB`BfDtApEj@tBNr@Bd@D~AXdCXbABBBYSu@TrAA?HBQo@]kBOyCMmAQQ{@cDgAoDCI]CEW_@iAo@oAk@u@s@o@]QS@ACFCQCi@Qm@MyBYcAG}@OJMwD[mDe@e@KuCc@qDa@_BYyAc@{Ay@c@]b@^hClAp@T`ARn@LlALxBRtATvAJj@J~BZr@Dz@Lx@BdDf@~Cn@JBn@\n@l@h@l@b@r@t@~Ax@~Bb@hBr@zBVdAH~BHbAzBzFEABHxAvCZjA?OU],2,,,,,,Diego Galdino
2,Morning Hike,2691.7,4549,9389,629.0,Hike,Hike,,Samsung Galaxy Watch Active,4823733729,2021-02-21T10:10:27Z,2021-02-21T07:10:27Z,(GMT-03:00) America/Sao_Paulo,-10800.0,,,,0,1,0,2,0,False,False,False,False,everyone,False,,"[-25.14, -48.85]","[-25.15, -48.84]",0.592,1.4,,,True,127.1,156.0,False,True,1544.0,913.5,5146315768.0,5146315768.0,activity_1613902221.tcx,False,0,0,False,20232024,1,a4823733729,`gmxC~mdiHCGWCa@YISOQKGIMIGQ_@SSICS[Pq@?KDEDUJo@FOHI?o@Lk@JIBKAAFCDUP?LM@Md@a@FWFALJ@JBD?NBBCDDRPPRr@DBBHDB@ABBVJXBHCH@ZCn@SFINGFw@AYABF[AQF]AEA@JM?IN[BOB??IBAXs@VSLUXGFEr@GVO\m@JIHK@ENQDKFGN@TCLFFFJ@VQF?JEHKHSCEE?EDODGCK?AGQGCSL_@?KKQIC?ECEEBGEOAAGMGOAMGM?GEA@AGIGIG?BECDAFDH?JSFCL_@HED@FCDS?OBGCABCEEJOB@AIDGAEBE?ABEEGDAIE@ECEF?DC@ACG@ACDFEA@?CDA@KBAKd@IMFEAETO?KBCGCDEACBKDGAIN]?G@?AIB?DOB?@KDE?QBADDT?JEL@DCBK?MEMFIBKDm@HIB[COBEAMTa@?SFGLAHECEDA@MEG?IHC@KFAJOPCJGP?JEJAPBHAl@AFBV?HADEBKCKGEBGEE?O@EDADMAEFUCIC?KM?GDMCAN@FEDOAGBO?@EIBS?CAD?KPqAFGL@DCBWBABQBC@BLBF@BEB@FNFA@DHE@C@@JYDGDADQTUBKTGFSJK@ILGL]DCH@JUL@NKLQJUPs@DIDAFQFBFABC?ED?CCLGDLHL@RHFHADGD?FSDCDDJOHCHBJFH?b@HFD@PFH`@ALFT?PBVCXFJA\HLLDALFDEE?GG?B@A,2,,,,,,Diego Galdino
2,Evening Run,3782.5,1587,2807,0.0,Run,Run,0.0,Samsung Galaxy Watch Active,4735385609,2021-02-03T21:38:26Z,2021-02-03T18:38:26Z,(GMT-03:00) America/Sao_Paulo,-10800.0,,,,0,0,0,1,0,False,False,False,False,everyone,False,g10593679,"[-27.59, -48.55]","[-27.58, -48.55]",2.383,6.7,,,True,141.3,167.0,False,True,6.3,5.0,5054678556.0,5054678556.0,activity_1612388261.tcx,False,0,0,False,20232024,1,a4735385609,nvjgDpoigH?LRd@F^t@nAf@nAVd@VrAd@|AF`@n@|BPdBR|@PtA^|AF`@Fx@DpBLlAN`Ap@pB~@~AFPV|@Tj@Lj@Xz@DDDK?YaAgD]w@u@eAq@oAUi@GYWgDA{@BkAEo@Kq@Ke@c@wB?m@a@qBSi@o@qCs@oBOk@a@_Ao@{@{@sBIa@[u@WyAMCA@LXFp@Du@MgD}@WESBEPED?DFJd@CpA@\Dp@LbADoFU[AIKQKFHv@@tAF|@L~@FTJC?AI_DG}@Ie@GOA?ED?LLnAHlBDT]iFHVGCCFFIALDJF^@pAHvAMgCIAGID?FECG@KE]@CCWe@_Cm@oB_@gAEAAh@Bb@VvAL`@Vh@p@dCPjB?NDT@R,2,,,,,,Diego Galdino
2,Evening Run,6081.1,2479,3029,0.0,Run,Run,0.0,Samsung Galaxy Watch Active,4725382886,2021-02-01T21:46:59Z,2021-02-01T18:46:59Z,(GMT-03:00) America/Sao_Paulo,-10800.0,,,,1,0,0,1,0,False,False,False,False,everyone,False,g10593679,"[-27.58, -48.55]","[-27.58, -48.55]",2.453,5.5,,,True,156.7,180.0,False,True,6.8,5.6,5044321758.0,5044321758.0,activity_1612216000.tcx,False,0,0,False,20232024,1,a4725382886,ntjgDfjigHOcA?oACWGYCYKc@Qc@yAcFwCoGOS{@eAs@Qo@Yw@UKGwB_@y@SiAMOEa@?_@Eg@Ku@I[S}@Ow@CMC_A?w@IiBGiAM?B\Lx@Rp@HdAT`@@ZFHAx@Jp@@xB^~ARz@Px@Jj@?~C\n@Zh@h@`@L^Vx@~@z@vAv@|A`A|BTpA?Fx@|DHf@FvAHd@BAKMKy@J^?EEODCAa@?NLbA@`@BRF@OgCCACRLrACDB@?eC[aBUcAkAwDWm@OSOYOi@AOYu@eA_B_@_@w@s@o@c@]Mu@QyBY{@CUGg@GYIT@t@NvAF`ALnB`@j@TvAbB|@~Ax@lCXh@t@jBZdAFLJb@NVRjADdCJ\D@@TBLCACa@E{AMyAOy@a@yA_AwCe@cAOe@Q[IU_@q@k@qAg@q@aA_Ai@[m@WeASeAI@NhCl@TJd@Nl@XPLf@f@`ApA~@nBn@bBt@|B\hBJx@ZrAFn@DhABDDAC?DFJ@OuAAu@Mm@Mc@Ge@Ws@Mg@KUKe@KYCOOe@g@gAWu@IUQWSk@Yg@NhAZr@Xb@^`AJNRn@Pp@b@dAJ^n@xCDt@?|@@TDJ,2,,,,,,Diego Galdino
2,Evening Run,7480.0,2894,2894,0.0,Run,Run,0.0,Samsung Galaxy Watch Active,4654440290,2021-01-20T22:22:08Z,2021-01-20T19:22:08Z,(GMT-03:00) America/Sao_Paulo,-10800.0,,,,0,2,0,1,0,True,False,False,False,everyone,False,g10593679,[],[],2.585,59.8,,,True,139.8,170.0,False,True,,,4970490623.0,4970490623.0,activity_1611181328.tcx,False,0,0,False,20232024,1,a4654440290,,2,,,,,,Diego Galdino
2,Evening Run,1550.0,742,742,0.0,Run,Run,0.0,Samsung Galaxy Watch Active,4648856989,2021-01-19T21:14:47Z,2021-01-19T18:14:47Z,(GMT-03:00) America/Sao_Paulo,-10800.0,,,,0,1,0,1,0,True,False,False,False,everyone,False,g10593679,[],[],2.089,2.6,,,True,134.0,157.0,False,True,,,4964700911.0,4964700911.0,activity_1611090887.tcx,False,0,0,False,20232024,1,a4648856989,,2,,,,,,Diego Galdino
2,Evening Run,7016.4,2765,2939,0.0,Run,Run,0.0,Samsung Galaxy Watch Active,4644209763,2021-01-18T21:48:46Z,2021-01-18T18:48:46Z,(GMT-03:00) America/Sao_Paulo,-10800.0,,,,0,2,0,1,0,False,False,False,False,everyone,False,g10593679,"[-27.58, -48.55]","[-27.58, -48.55]",2.538,4.8,,,True,160.7,184.0,False,True,7.2,5.6,4959858153.0,4959858153.0,activity_1611006511.tcx,False,0,0,False,20232024,1,a4644209763,ntjgDxjigHAUIi@C{@Bq@Aa@Im@_@wAo@{Ag@oBqAaCeA}Bi@s@{@u@i@]YM}A_@kAKiAOYGk@GWGiBO}@S}@KaAGu@Ay@KiCM[Eq@AECV@~@Pv@BnARjAJb@Hz@FD@n@@b@BlAXfARNAl@Lx@Br@JpCp@ZJbAj@\\j@t@Zj@|AlDd@hBr@hBDTPd@FZTp@NbBHbBFLJHEo@K{@G{AIk@[mA_@mAg@sBSi@[o@KWoAeCU]mAyA]Wy@]_A[s@QyAIWGu@KgCK_@GyA[aCc@q@Ik@Ma@CgAQm@E]EiAYk@Ga@Mw@Qi@Qy@c@gAc@cAu@[YwBgCu@eAe@m@s@sAKKw@qAaBqA?BBJPVd@d@d@^z@bA\f@l@fAJJjAbBj@r@hB~AXXd@^d@VfCfAXHv@L|AZxAPrARt@Dj@JXJf@DZHp@@XJh@B`APx@FhGr@`B`@|@\x@r@LXbArAT`@Nd@HNvA~Dn@`C\|@FZLbA?VJjADP@?@IJDGDECI[Kk@AKDI?IGq@OcAk@{Bi@oAOo@Yq@So@S]w@mBo@aAq@q@kBoAg@QiC_@SGADH@FHd@NzAXdBr@`@VXXnAzAbArBz@fCd@|@^rAZz@d@tB?XRxC,2,,,,,,Diego Galdino
2,Evening Walk,447.1,350,350,0.0,Walk,Walk,,Samsung Galaxy Watch Active,4616732062,2021-01-13T22:37:40Z,2021-01-13T19:37:40Z,(GMT-03:00) America/Sao_Paulo,-10800.0,,,,0,0,0,1,0,False,False,False,False,everyone,False,,"[-27.58, -48.55]","[-27.58, -48.55]",1.277,2.5,,,True,138.4,177.0,False,True,6.2,6.1,4931215379.0,4931215379.0,activity_1610577450.tcx,False,0,0,False,20232024,1,a4616732062,ltjgDfjigHBIA?AG@OOk@AQESB[OO@_Ac@uAMw@Um@GACEb@vAVjAN^H`@FjA@D@d@Ah@H^,2,,,,,,Diego Galdino
2,Evening Run,1244.3,430,446,0.0,Run,Run,0.0,Samsung Galaxy Watch Active,4616728490,2021-01-13T22:29:41Z,2021-01-13T19:29:41Z,(GMT-03:00) America/Sao_Paulo,-10800.0,,,,0,0,0,1,0,False,False,False,False,everyone,False,g10593679,"[-27.58, -48.55]","[-27.58, -48.55]",2.894,4.5,,,True,178.9,191.0,False,True,6.2,6.0,4931211722.0,4931211722.0,activity_1610576976.tcx,False,0,0,False,20232024,1,a4616728490,ntjgDjjigHI_ACcAIy@WsAyAsE_@aA[k@[aAsAwBm@s@][aAk@_@OwBo@AJDDl@Hv@Xj@Dv@\t@j@ZZb@n@R^lC|GZpAHPP`ADJJ^Jv@Nl@A|@Hv@,2,,,,,,Diego Galdino
2,Evening Run,816.4,284,289,0.0,Run,Run,0.0,Samsung Galaxy Watch Active,4616731462,2021-01-13T22:23:34Z,2021-01-13T19:23:34Z,(GMT-03:00) America/Sao_Paulo,-10800.0,,,,0,0,0,2,0,False,False,False,False,everyone,False,g10593679,"[-27.58, -48.55]","[-27.58, -48.55]",2.875,4.9,,,True,150.4,169.0,False,True,6.2,6.1,4931214766.0,4931214766.0,activity_1610576607.tcx,False,0,0,False,20232024,1,a4616731462,rtjgDljigHCmBGy@i@kCaBuEc@_AOYOc@g@mAIOGA\rAj@`BVh@\bAVd@Pn@Zr@v@dDB`@CLBT@f@Bb@DB,2,,,,,,Diego Galdino
2,Evening Run,414.0,140,143,0.0,Run,Run,0.0,Samsung Galaxy Watch Active,4616730690,2021-01-13T22:19:05Z,2021-01-13T19:19:05Z,(GMT-03:00) America/Sao_Paulo,-10800.0,,,,0,0,0,1,0,False,False,False,False,everyone,False,g10593679,"[-27.58, -48.55]","[-27.58, -48.55]",2.957,4.6,,,True,153.2,158.0,False,True,6.2,6.1,4931213977.0,4931213977.0,activity_1610576342.tcx,False,0,0,False,20232024,1,a4616730690,jtjgDhjigHGiCGk@Y}Ac@}AKSEE@J`@nATvAPhBDfAHh@,2,,,,,,Diego Galdino
2,Evening Run,805.1,286,294,0.0,Run,Run,0.0,Samsung Galaxy Watch Active,4616730093,2021-01-13T22:12:52Z,2021-01-13T19:12:52Z,(GMT-03:00) America/Sao_Paulo,-10800.0,,,,0,0,0,1,0,False,False,False,False,everyone,False,g10593679,"[-27.58, -48.55]","[-27.58, -48.55]",2.815,4.6,,,True,156.7,175.0,False,True,6.2,6.1,4931213380.0,4931213380.0,activity_1610575966.tcx,False,0,0,False,20232024,1,a4616730093,jtjgDjjigHEMB{@?y@KaAQy@_@uAWq@Ms@Ok@wA}CWq@GKOa@GERr@jA~CT|@Vv@z@|C\rAHz@DnADTFL,2,,,,,,Diego Galdino
2,Evening Run,1211.6,430,592,0.0,Run,Run,0.0,Samsung Galaxy Watch Active,4616729502,2021-01-13T22:02:43Z,2021-01-13T19:02:43Z,(GMT-03:00) America/Sao_Paulo,-10800.0,,,,0,0,0,1,0,False,False,False,False,everyone,False,g10593679,"[-27.58, -48.55]","[-27.58, -48.55]",2.818,4.5,,,True,155.0,177.0,False,True,6.3,5.8,4931212709.0,4931212709.0,activity_1610575358.tcx,False,0,0,False,20232024,1,a4616729502,htjgDbjigH?WDc@CyAYyAs@eCQg@Ug@]iAs@yASo@Wk@_@q@a@m@c@c@}@o@kAm@g@Oi@I?DFFHF|Ab@l@ZH@HFXTJPr@v@^t@b@|@JZl@pAd@jAt@bCH`@HPHf@Pj@DXLxBHz@,2,,,,,,Diego Galdino
2,Evening Run,897.3,439,551,0.0,Run,Run,0.0,Samsung Galaxy Watch Active,4616726100,2021-01-13T21:53:21Z,2021-01-13T18:53:21Z,(GMT-03:00) America/Sao_Paulo,-10800.0,,,,0,0,0,1,0,False,False,False,False,everyone,False,g10593679,"[-27.58, -48.55]","[-27.58, -48.55]",2.044,3.0,,,True,62.2,135.0,False,True,6.2,6.1,4931209278.0,4931209278.0,activity_1610574794.tcx,False,0,0,False,20232024,1,a4616726100,btjgDfiigH@A@HCEBAG]B]Ak@I}@WoAWs@Ki@Ui@_@}AIQSw@a@q@M]_AkBS[QORRFZP\j@jBXh@FRLPTp@JN\z@b@vAFNDb@b@xAPhBFfADDBCKF,2,,,,,,Diego Galdino
2,Evening Run,5588.1,2048,2235,0.0,Run,Run,0.0,Samsung Galaxy Watch Active,4606162659,2021-01-11T22:03:59Z,2021-01-11T19:03:59Z,(GMT-03:00) America/Sao_Paulo,-10800.0,,,,2,0,0,1,0,False,False,False,False,everyone,False,g10593679,"[-27.58, -48.55]","[-27.58, -48.55]",2.729,4.0,,,True,149.9,197.0,False,True,7.3,5.5,4920182973.0,4920182973.0,activity_1610402634.tcx,False,1,0,False,20232024,1,a4606162659,ltjgDpiigHABEOIu@?UCQBWGw@Ks@Mi@w@yBYiASc@K_@Yk@q@iBMQUk@w@aAa@]k@]cAa@mA]_AEu@MkAGmAQWC{@OgAIi@OcAIkAUW?qC_@[CgDc@{DyAmAo@CE]Q_@Wg@g@MIu@eAk@o@eAyAs@uAm@aA[a@wAiAwAiBK]U_A]_CMkAOw@Kc@KWWUJd@A@X`AlA|E`@|@`@j@^n@`Ar@h@h@|AlBx@jAAFJJBJr@`Ar@x@RZl@p@dC|ATPJDVPTVTNh@Z`A`@~@R^Vl@LnCVzAXV@t@JLDd@DnDf@nEd@t@Dl@JNH|@RlAj@^Xf@l@`@n@@Z\p@Zb@LVz@xBV`A`@nALZd@nBNzAFxAJx@Rt@~@fCVb@z@hAb@dADRZ~@h@|Bh@pBJ`@Db@\`BPfAJ|@XbBDv@ChA?`AB\Pz@JfADO?UKk@Ce@Im@@sBGgAY}Aa@iBO_BYuAy@oDsAmE[q@y@cAKSy@eBe@gB,2,,,,,,Diego Galdino
2,Evening Ride,1240.0,485,485,0.0,Ride,Ride,,Samsung Galaxy Watch Active,4606161153,2021-01-07T21:50:17Z,2021-01-07T18:50:17Z,(GMT-03:00) America/Sao_Paulo,-10800.0,,,,0,0,0,1,0,True,False,False,False,everyone,False,,[],[],2.557,2.7,,,True,123.1,144.0,False,True,,,4920181512.0,4920181512.0,activity_1610056217.tcx,False,0,0,False,20232024,1,a4606161153,,2,,,,,,Diego Galdino
2,Evening Run,4863.7,1904,1922,0.0,Run,Run,0.0,Samsung Galaxy Watch Active,4570027094,2021-01-04T23:02:22Z,2021-01-04T20:02:22Z,(GMT-03:00) America/Sao_Paulo,-10800.0,,,,0,2,0,1,0,False,False,False,False,everyone,False,g10593679,"[-27.58, -48.55]","[-27.58, -48.55]",2.554,3.6,,,True,167.7,177.0,False,True,7.3,5.6,4882334185.0,4882334185.0,activity_1609801241.tcx,False,0,0,False,20232024,1,a4570027094,bpjgDx{hgHUy@o@_Bg@iBa@_A[i@u@w@y@i@qBk@o@Gk@Ck@IgE_@sBg@}Eg@gAS{@KOGkAQcAKaAU[K[CaAa@_@Gg@Sk@_@}AuAs@u@iAcBsAcC[a@o@iAu@s@c@Wq@q@u@kAy@cCUcBm@oC{@eC[mAM[Mm@K[Mk@Ii@Ai@I{@@_CDo@@w@R_B@[Hi@XeAVkBVm@@GAGw@tBo@bCGp@I`@OvACn@?nAHdCJfAd@pBb@hATbALVrArENv@JlAThAPj@`@x@j@p@~BbCf@p@jAnBRTdAbBp@v@f@f@l@v@r@n@l@\t@\|@\dCp@r@L~@Ht@NfBPdATN?tDh@vEh@^@zAXhALfATt@Tj@Vt@n@d@f@h@v@`@x@Rd@DXZl@zAlEj@tCAE,2,,,,,,Diego Galdino
2,Afternoon Run,6010.0,2199,2199,0.0,Run,Run,0.0,Samsung Galaxy Watch Active,4251450042,2020-10-27T19:19:34Z,2020-10-27T16:19:34Z,(GMT-03:00) America/Sao_Paulo,-10800.0,,,,0,0,0,1,0,True,False,False,False,everyone,False,g10593679,[],[],2.733,2.8,,,True,160.8,179.0,False,True,,,4548044136.0,4548044136.0,activity_1603826374.tcx,False,0,0,False,20232024,1,a4251450042,,2,,,,,,Diego Galdino
2,Evening Run,6020.0,2264,2264,0.0,Run,Run,0.0,Samsung Galaxy Watch Active,4247823984,2020-10-26T22:13:03Z,2020-10-26T19:13:03Z,(GMT-03:00) America/Sao_Paulo,-10800.0,,,,0,0,0,1,0,True,False,False,False,everyone,False,g10593679,[],[],2.659,3.2,,,True,128.1,172.0,False,True,,,4544210599.0,4544210599.0,activity_1603750383.tcx,False,0,0,False,20232024,1,a4247823984,,2,,,,,,Diego Galdino
2,Lunch Run,5020.0,1832,1832,0.0,Run,Run,0.0,Samsung Galaxy Watch Active,4202600926,2020-10-16T14:45:53Z,2020-10-16T11:45:53Z,(GMT-03:00) America/Sao_Paulo,-10800.0,,,,0,1,0,1,0,True,False,False,False,everyone,False,g10593679,[],[],2.74,2.8,,,True,141.7,158.0,False,True,,,4496282223.0,4496282223.0,activity_1602859553.tcx,False,0,0,False,20232024,1,a4202600926,,2,,,,,,Diego Galdino
2,Lunch Ride,5010.0,1827,1827,0.0,Run,Run,0.0,Samsung Galaxy Watch Active,4202487479,2020-10-15T14:06:52Z,2020-10-15T11:06:52Z,(GMT-03:00) America/Sao_Paulo,-10800.0,,,,0,1,0,1,0,True,False,False,False,everyone,False,g10593679,[],[],2.742,3.3,,,True,143.9,169.0,False,True,,,4496161125.0,4496161125.0,activity_1602770812.tcx,False,0,0,False,20232024,1,a4202487479,,2,,,,,,Diego Galdino
2,Lunch Run,5000.0,1867,1867,0.0,Run,Run,0.0,Samsung Galaxy Watch Active,4194168608,2020-10-14T14:32:33Z,2020-10-14T11:32:33Z,(GMT-03:00) America/Sao_Paulo,-10800.0,,,,0,1,0,1,0,True,False,False,False,everyone,False,g10593679,[],[],2.678,2.7,,,True,139.2,185.0,False,True,,,4487338959.0,4487338959.0,activity_1602685953.tcx,False,0,0,False,20232024,1,a4194168608,,2,,,,,,Diego Galdino
2,Morning Run,5510.0,2029,2029,0.0,Run,Run,0.0,Samsung Galaxy Watch Active,4189495920,2020-10-13T13:09:48Z,2020-10-13T10:09:48Z,(GMT-03:00) America/Sao_Paulo,-10800.0,,,,0,1,0,1,0,True,False,False,False,everyone,False,g10593679,[],[],2.716,3.3,,,True,152.5,174.0,False,True,,,4482291325.0,4482291325.0,activity_1602594588.tcx,False,0,0,False,20232024,1,a4189495920,,2,,,,,,Diego Galdino
2,Afternoon Run,5280.0,2136,2136,0.0,Run,Run,0.0,Samsung Galaxy Watch Active,4186819679,2020-10-12T19:18:28Z,2020-10-12T16:18:28Z,(GMT-03:00) America/Sao_Paulo,-10800.0,,,,0,0,0,1,0,True,False,False,False,everyone,False,g10593679,[],[],2.472,3.0,,,True,134.4,165.0,False,True,,,4479425514.0,4479425514.0,activity_1602530308.tcx,False,0,0,False,20232024,1,a4186819679,,2,,,,,,Diego Galdino
2,Evening Run,5080.0,2230,2230,0.0,Run,Run,0.0,Samsung Galaxy Watch Active,4173519064,2020-10-09T21:49:03Z,2020-10-09T18:49:03Z,(GMT-03:00) America/Sao_Paulo,-10800.0,,,,0,0,0,1,0,True,False,False,False,everyone,False,,[],[],2.278,3.0,,,True,135.8,181.0,False,True,,,4465281746.0,4465281746.0,activity_1602280143.tcx,False,0,0,False,20232024,1,a4173519064,,2,,,,,,Diego Galdino
2,Evening Ride,5210.0,2426,2426,0.0,Run,Run,0.0,Samsung Galaxy Watch Active,4169555700,2020-10-08T21:31:45Z,2020-10-08T18:31:45Z,(GMT-03:00) America/Sao_Paulo,-10800.0,,,,0,1,0,1,0,True,False,False,False,everyone,False,,[],[],2.148,2.6,,,True,148.7,176.0,False,True,,,4461073801.0,4461073801.0,activity_1602192705.tcx,False,0,0,False,20232024,1,a4169555700,,2,,,,,,Diego Galdino
2,Morning Run,5060.6,1859,1859,31.0,Run,Run,,Samsung Galaxy Watch Active,4105720673,2020-09-24T11:47:11Z,2020-09-24T08:47:11Z,(GMT-03:00) America/Sao_Paulo,-10800.0,,,,1,3,0,1,0,False,False,False,False,everyone,False,,"[-25.4, -49.27]","[-25.4, -49.27]",2.722,5.4,,,True,127.8,173.0,False,True,934.6,915.8,4393296427.0,4393296427.0,activity_1600948000.tcx,False,1,0,False,20232024,1,a4105720673,bo_zC~oukH?FQRIZAj@Db@AnAEt@@`DKZ?b@CJg@N}@GiBBs@CoABw@Ha@?o@Kw@[W[aAVYTOVWF}@iA_Cw@_@Cu@We@a@g@q@a@cAKMOa@QaA]}@m@cAOOKo@[Wc@Ia@U[?SCk@@uBGaABy@EO@SCK?UEq@Gm@Hq@AGDOr@OnAQ\MLc@CS@aAKu@[e@EYIeAR_@Pa@Lm@@k@EgADUBWEi@[k@KmAIu@@g@CwCP[E[M{A}Ag@OKGEGGQAa@@KHUTMLO@WEa@?[J[NILA`@Jb@XPP`@Xj@R\DZ?VCjAWb@Qv@g@XCXNR^LLr@b@b@@p@Ef@M\El@MTAXFNHTBf@Vl@t@\x@D\?JGTQ`@OX]XCFF@r@FdARv@?XEHGLg@LUDi@Ae@@GBGdBFt@GhA@^EV@lAJbCJtANt@NND@BFr@\PZXX\LZHZJhANl@Jj@Vr@NVj@f@p@ZXHTNXLz@LpAd@`@\X`@FDf@YZa@FEBHH?|A`@jAFj@IdCQ\Al@Bb@Aj@?XCx@BhAAj@C`AMj@CJC@GE_@GsA?cADg@?oACu@A}AAIKKo@OEF,2,,,,,,Diego Galdino
2,Morning Run,5130.9,1898,1898,31.1,Run,Run,,Samsung Galaxy Watch Active,4101340271,2020-09-23T11:47:50Z,2020-09-23T08:47:50Z,(GMT-03:00) America/Sao_Paulo,-10800.0,,,,3,4,0,1,0,False,False,False,False,everyone,False,,"[-25.4, -49.27]","[-25.4, -49.27]",2.703,5.4,,,True,140.5,171.0,False,True,934.6,915.8,4388681660.0,4388681660.0,activity_1600861626.tcx,False,1,0,False,20232024,1,a4101340271,xm_zCpsukHCNFD@F@r@GlB?dDC\GFMDe@@e@Aw@BQDgACa@?[Fm@Cu@Jk@Gu@S[MQUKAOBQEQBUR_@n@K@KESSMGMOWScA[_AQa@Ma@W_@_@_@YMO_@q@Wk@G_@Ce@EWKg@Qg@KOUQi@_@CGCWAEe@S]?i@O{AM_@BWE[@m@Ey@Ae@Ik@a@SG[?SCk@?UC{@CC@ALBz@Gb@AbACNc@F}AGu@S_@Ga@AKGp@c@b@c@HSAYMw@MY[[_@Os@e@g@MUA{@Lq@LcAHUA{@WUYWg@WKMCs@Ti@\q@Zg@Lo@?[GQK{@_A[Ye@UQAK@KF?JGJI\InAGLOL[`@O`@AN?ZHFp@P|@|@Zb@TNb@HbBE~@F|@?z@N\@lAJXApAKnABb@Az@Kl@Et@OZ?ZB\HVJXBx@DPDb@AJEDKAo@D]?_@Gm@BKJAZDh@?VBhAEn@Dr@?bAJtA@T@nAV^@n@Jd@BHBBDDf@DJNNHPd@XHHJNN^ThA?f@B^ZjALTXZXR\NVJd@Fv@ZrA^^PNL^l@JFB?JOl@gAPKZXJFfCt@V?r@ELEf@AhC?hCIjECl@KEmB@uBBe@EsECIEE_AO,2,,,,,,Diego Galdino
2,Morning Run,5199.7,2296,2350,31.7,Run,Run,,Samsung Galaxy Watch Active,4096483298,2020-09-22T12:08:28Z,2020-09-22T09:08:28Z,(GMT-03:00) America/Sao_Paulo,-10800.0,,,,0,3,0,2,0,False,False,False,False,everyone,False,,"[-25.4, -49.27]","[-25.4, -49.27]",2.265,4.6,,,True,142.1,167.0,False,True,934.6,915.8,4383581044.0,4383581044.0,activity_1600776490.tcx,False,0,0,False,20232024,1,a4096483298,fp_zCxpukHDAEMKEK?ABa@@GHGZAt@Bt@Cl@Br@El@B\CjADtACLGFQJI@a@@QGU?YDYCe@BWAm@@cBHw@Ag@Kk@[[c@EBO?a@F_@Xg@h@UI][a@UOCqAg@i@Mu@YQMkAgBGYO[O_AMQ?OIQAKGQ]k@eA_AKWAa@MI_@Eg@?UMQGmAOiAAiAEq@?kAIQEWCiCDULQPIXAn@Dr@BIFEEd@SX_@@IAYOi@C{@Oe@Wg@Eg@DwAZ}@JSCc@?WGM@UE_@Wm@GaAUWCU?gBFu@?u@Fy@Eg@WqAeAi@Ee@SCEA]BOLU^]LSCi@Ie@BWDILE^CL@\RvAjATLPD`@?b@Ip@ERELExA{@NEHBLVf@l@n@ZTF`AGv@Up@Gf@BfAXn@ZPNRXJVA~@CJg@nAUTLAL@TD\NjAJPDRAN@NE`@o@@_@EQ?MGq@@IXGP?LD~@DjCCzAFz@L~@F^Dd@BPHn@PPf@n@Zj@^h@v@PZLl@LnAl@hB\XXJRLfAd@XRdBd@~@n@T`@DBZQFSHOZUJCB?LRLBH?jBb@z@Hv@AZEp@?xBKz@@h@En@An@Gh@AdBDVGDG@WGk@Cw@DwBAiABwBCs@EKMGk@BMAG@,2,,,,,,Diego Galdino
2,Morning Run,5230.0,2486,2493,31.9,Run,Run,,Samsung Galaxy Watch Active,4072766955,2020-09-17T11:48:40Z,2020-09-17T08:48:40Z,(GMT-03:00) America/Sao_Paulo,-10800.0,,,,3,2,0,2,0,False,False,False,False,everyone,False,,"[-25.4, -49.27]","[-25.4, -49.27]",2.104,4.8,,,True,125.5,154.0,False,True,934.6,915.8,4358466051.0,4358466051.0,activity_1600343315.tcx,False,0,0,False,20232024,1,a4072766955,zq_zCbqukHF@AGcChCEAJD?BIDAD?^DV?\CTAdDEj@OL_@BSBs@?UBUE}AEa@Ek@B{@Lc@?e@IU?IIMCIKKAIFQIWCK@u@b@ODGEGDIEIKUOOC}@[qA[kAe@UQMUc@c@Q_@M_AI]Is@Om@Qc@IOs@s@IQKc@GGKES?YIi@?mASO?s@Ic@?e@Mk@Eg@?o@F_AUsAGa@Kq@BG@ELDV@~@CtAKBaABOEc@?SEIG[CMI[I[CEE^Ud@o@NYDm@Ea@MSa@a@kAs@UIWKQAa@?WEm@JcAFODy@?YGMIEGM[USSGMASDWJ]RWTQHcARw@?c@Mg@[s@{@u@KWFKNEZ?lAKRSPY`@Kn@B`@v@Pv@r@f@r@RJ`@BjBIt@DXAl@Hv@Tx@DbAJx@EHERCb@Ar@@t@Gr@Mp@WXCd@BRDPHhBPl@EVBDGH[JSCiAOa@DGDAZ?ZDd@APBVGl@DhA?l@FVA|BHl@Nz@@rA\Dp@HL`@ZPXXx@N`BTnAJZNZr@r@RLx@V`@H~@\j@L`@PPL`@h@HF`@GVBLCPKf@u@JEHBHNHFnBn@VFd@@vAUrAEr@BhFSbCAZI?]Bi@KcDD_@Ac@@gAA[ESF_ACGIEcAKI@AL,2,,,,,,Diego Galdino
2,Afternoon Run,5245.7,2471,2502,31.9,Run,Run,,Samsung Galaxy Watch Active,4070226028,2020-09-16T20:01:18Z,2020-09-16T17:01:18Z,(GMT-03:00) America/Sao_Paulo,-10800.0,,,,1,3,0,2,0,False,False,False,False,everyone,False,,"[-25.4, -49.27]","[-25.4, -49.27]",2.123,5.8,,,True,139.3,165.0,False,True,934.6,915.8,4355782527.0,4355782527.0,activity_1600286453.tcx,False,0,0,False,20232024,1,a4070226028,~n_zChpukHK@@UIJCCGf@Az@@`@ERCRAn@BLA`@Bf@Ax@@^C`@Ax@EHKJKDS?MDQAg@DcBDe@Cq@?i@D]Cg@Bi@Km@_@_@EIGQCS@YNo@~@GDy@w@[QSIk@K[Mu@SYQcAc@a@a@g@u@Ss@CQAq@IeAUg@OQeAo@OOGk@CKu@Us@Ig@K}@Gu@?wCOg@Eq@?UAYISAOEQDS?[DINIf@DdACHONE`@MDi@Bm@Ik@SQAk@KE?SG@ENEPMl@q@FM?UEi@GUQ_@gAoA]Yq@WSCU?eANm@R]FyABUOc@i@UOMA[N}@n@]PgAVS?K?]QyAiAKOWGa@QQDMHKRC`@Dd@C`@WXMDWPSb@?`@DTLJb@ELFx@lAJPb@`@d@F|AQl@Cd@BFBd@Dh@Ff@Jl@Pn@JdACj@G|@A`AGj@MZOz@UNDNCj@Dt@NRHlADJALGJe@LMBO@UKmA@ELG`APf@IN?bALp@CpALdDF\Dd@Lx@LRFDFFj@DDlAv@TVXh@LfBVjAPb@b@j@ZZXLz@\tAb@l@Lt@Xl@z@@C?KFMJ_@DCRCRHP?P@b@PTARBTJ`@Jd@FrBSz@@b@EnBAd@ElAAdAEb@@l@KR?FCDEFa@?k@Eq@@w@DQBa@Ew@BaAAe@LsAGEYEkAD,2,,,,,,Diego Galdino
2,Afternoon Run,5267.2,2252,2306,54.5,Run,Run,,Samsung Galaxy Watch Active,4065111035,2020-09-15T18:57:48Z,2020-09-15T15:57:48Z,(GMT-03:00) America/Sao_Paulo,-10800.0,,,,2,1,0,1,0,False,False,False,False,everyone,False,,"[-25.4, -49.27]","[-25.4, -49.27]",2.339,17.6,,,True,117.5,145.0,False,True,934.6,911.6,4350392597.0,4350392597.0,activity_1600196255.tcx,False,0,0,False,20232024,1,a4065111035,no_zCxoukHBJF@?CGAI@EBW@IDCHHh@?NCn@CRA`@BhBCv@@^Gf@@vAKHQB{AE]?g@@QByB@s@D_AKe@IQG]WCQUJG@KGMSQGWOYGYQa@Go@W[CaA]k@I_@AWEYOs@m@QUWs@MOM[Kc@Qa@G_@KOI][[Qk@MQUEw@_@]Ks@a@k@Q]G_@OkACu@Bm@AkAFaA@a@A[GQ?SZO`CWhAGDKBeCKo@K[Cf@a@f@q@DYC_@GYKWo@u@[[s@g@g@EOBKFQBm@Rs@Fi@Bo@IQGc@]QUOMGAWAWD[\KD[TUH[@]He@@c@Ci@S}AuA}@OG?IFEVBp@F^@\ALEB_@NWRIPEb@@LBFFBPBXTh@d@b@p@TNTJ^FX?HCP@|@Q`@?f@Bt@JPFVN^@P?FCN?^KTBDA@H@AH@?EHBNEXIDKNATKDGB?KEADGABFIBD?LGrHPNDJAp@Pd@?LBT?XAJGBYPa@?m@Iq@DMLIXFTCLBRAZDN?JDd@FdBAx@Pd@BfAPf@BjAXDFLh@RLD?d@\NNt@dAPbA?`@EXL~@R@@@F?FBpAbAxBjAhA\`@Dx@TXP^f@DAd@w@Tq@FIJENV\Nj@^h@Rd@FZJP@P?FCN@^GXAVElAK|ABxAIdB@NANInAIBG@c@D]AeDDkCEg@@YEe@GSOEYEWD,2,,,,,,Diego Galdino
2,Morning Run,5174.8,2341,2345,32.0,Run,Run,,Samsung Galaxy Watch Active,4058160315,2020-09-14T11:07:40Z,2020-09-14T08:07:40Z,(GMT-03:00) America/Sao_Paulo,-10800.0,,,,1,1,0,2,0,False,False,False,False,everyone,False,,"[-25.4, -49.27]","[-25.4, -49.27]",2.211,5.4,,,True,142.7,162.0,False,True,934.6,915.8,4343087063.0,4343087063.0,activity_1600081624.tcx,False,0,0,False,20232024,1,a4058160315,to_zCnoukHMJCNCBO?ED@TCf@Av@@NAVD`AIZE`@@rA@TA\?h@AJEHYH_@@[DEB]AODW?q@CqAMeBCWDUAo@ImAUg@SOF]Xi@t@GAo@y@_AUy@]}Aa@_@Ug@g@KMIW?CQe@CQQw@Is@Q{@Yg@aAy@KMGSCWCEGG]M_AIqAGsAMc@?UEm@BsBC]K_@GQ?i@H_@BKCEBI`A?d@EZ?NIZGDUEY?cAKy@UqAO[BiA`@e@H[@u@K_@@]Ay@FYCSC]AME{@BYKg@Gs@AMBU?kDSKIkAsAk@CMSEWBUFMLQLMHQ?cABq@HUDCJAPHVD^TJ@h@h@TNLD\TRBV@JAzAc@lAw@LGJAPBZPFNLTr@b@LDh@@b@Cf@MLGTEZAd@DTARJRDb@RVTb@VPRL|@ARGNYf@UZQLCHJF\Fl@Dd@J^DbABLADEHg@Bu@Ey@?[LAh@J`AA`AD`AAfCPJCnBFRHl@?TH`@BJDDDBPAJDLRLX\JLVd@^hAD`@F\Rd@V`AZr@HFHLb@VXJZF`@N\Fh@Tb@Hn@`@p@r@VGTORUL[HIFA?BNNd@PTJXJZ@XN^DrAOjAEnA@f@Ez@Bt@Eb@@zAEP@LG`@Id@ABIBg@Je@Bs@AuABc@C{ABuA?m@KMICy@CI@,2,,,,,,Diego Galdino
2,Morning Run,5279.5,2482,2528,31.9,Run,Run,,Samsung Galaxy Watch Active,4043623355,2020-09-11T11:13:28Z,2020-09-11T08:13:28Z,(GMT-03:00) America/Sao_Paulo,-10800.0,,,,2,3,0,2,0,False,False,False,False,everyone,False,,"[-25.4, -49.27]","[-25.4, -49.27]",2.127,5.4,,,True,117.0,138.0,False,True,934.6,915.8,4327692547.0,4327692547.0,activity_1599822803.tcx,False,0,0,False,20232024,1,a4043623355,zp_zC|oukHFBOBUCYBUJAD?VIn@Gz@?t@GTCpABX?tBB`@GJSHM@g@A]DqBAiBD_@Hm@FIAKMICi@Im@EKEOUEEMA_@Ze@h@KHG@MAi@q@MIcA]QAo@]k@I_@Qk@a@_@S_@_@KO[y@OgAKe@Cu@CKOUkA{@GM?MEWUMU?YKe@?]KkB_@cCMaASWO_A]yA]c@EGBQNERE~B@f@Dl@CPEDC?oAAa@EkAc@MA[BAAVMZe@JYFq@?UIa@UUw@]kCaA[A{@Jc@COJO@s@SWYS[OCa@QSAMBMFc@`@w@^w@L_@Ha@Ee@OOKm@g@[]YSMGUAI@IFEXB~@Ap@GHq@h@K\CP@^JPPHTFLH|@`AV\ZLb@FXAf@Fj@KbB?t@LXNn@Nh@Bl@Ch@I`ABfACv@M^QnAYD@HDpAL|@P`@Dp@@DEBIJw@Bq@Co@CO@GNBR?hALfATr@C\B`@@ZBx@A~@HPAN@b@CZBXAJ?NHZ?\BFDDFCRARBFPPRXLDTT`@l@FTFj@@r@Dp@NNZr@ZTp@n@rA^rAf@rAb@NJNPZj@CC@IN]Li@JGb@f@XLX?VH\@pAPz@Gf@Al@IPBZEhAC^@\ErBGvAHnAMH_EHk@HY@aBF]AaADc@_@Sw@I,2,,,,,,Diego Galdino
2,Morning Run,5138.4,2034,2057,31.8,Run,Run,,Samsung Galaxy Watch Active,4034097891,2020-09-09T10:49:27Z,2020-09-09T07:49:27Z,(GMT-03:00) America/Sao_Paulo,-10800.0,,,,4,1,0,1,0,False,False,False,False,everyone,False,,"[-25.4, -49.27]","[-25.4, -49.27]",2.526,10.6,,,True,134.3,145.0,False,True,934.6,915.8,4317625705.0,4317625705.0,activity_1599648506.tcx,False,0,0,False,20232024,1,a4034097891,~l_zCjrukHBFCYTtAABHz@Gh@Ab@?l@Bh@Ar@@|@EJ_AR{CHmAAo@Bq@LO?s@Yg@Ms@YQWIBKLUNc@b@?BEBEGIYIGa@UOCa@QeBe@WMe@Og@YICMQYMg@q@e@eAGWKkASq@MOm@i@a@WIa@EGo@Ww@a@_@Gg@QmBSU@c@K_AEg@Nu@Ho@Bo@Ig@BKDKLQzBMTGDW@OHYBM?iB]a@?xA_BD_@CWMk@QYUWg@USG_@S_@OYGY?qATk@Ns@@OCSK_@a@Sa@KIOEw@ZoAn@aAVi@BKAw@[OK]e@_@]]OQA]TCNIJEl@aAlAK\C\?RLVp@Rv@dAb@b@PHXDtAKt@D|@An@FfAXz@FTC^@t@I~@HfA@`@ExA[XATGJ@`@@`@Df@Rj@Lx@@VAJEDIL_AA_@Ik@DO|AA`@C`@DV?`@Cj@DjABt@Dp@An@Fb@Jz@Jt@HH@BFA^HVF@VV\T\`@JPd@xCRp@^t@dAx@nAf@rBf@h@RRRZj@F@F?HMHYP]PWHGDBFLDBdAPTJt@Th@Jz@CvA@h@Cn@@RCr@@h@EnDCp@QV?NCFOBa@KeCAiAFyBCk@@y@GISIYA]D,2,,,,,,Diego Galdino
2,Morning Run,4898.4,1885,1888,36.6,Run,Run,,Samsung Galaxy Watch Active,4024539460,2020-09-07T11:05:00Z,2020-09-07T08:05:00Z,(GMT-03:00) America/Sao_Paulo,-10800.0,,,,3,2,0,1,0,False,False,False,False,everyone,False,,"[-25.4, -49.27]","[-25.4, -49.27]",2.599,5.7,,,True,149.3,164.0,False,True,934.6,909.8,4307543503.0,4307543503.0,activity_1599476695.tcx,False,0,0,False,20232024,1,a4024539460,vm_zC|~ukH?TKNMJS@{@C]CwA?s@A}@@y@?IC]Q]MMM[O]Yo@d@MLGNG@YSE?W]g@e@uAy@k@Om@G}@EYEOGa@Y_@c@Q_@QOa@{BMWi@s@OYQe@IGKS_@Ss@Ke@Q{@Ui@GiAUOOu@EqBTaA?OCUAg@D[XQ`@Id@K`AAJGHSBs@DWCaBYW?ACZU\]JSDc@CyAG[Qc@IKo@_@e@QcAI_BRaAD]AQG_@YUm@GIKE]@YNi@VWLe@b@WN_APS@y@EYSq@]q@o@k@SW?ONId@ATDr@AZi@l@O\?f@HZBB^HFDx@|@h@r@VFh@@l@KXApBPvAZVBj@C~@DVG\AdAD`A?tA[r@URCP@XAf@Dn@R\Fp@Bh@CFGD_@?ODiACq@BEP@PF\@~@?h@Bd@AxATf@CnABp@DL?b@Jb@Dt@RNBFBFFHb@x@`@f@h@RVNh@FjAJ~@Nj@NRt@p@PRf@ZVH^DVJ^F\Lh@HZJVRd@x@HFDE@IN_@NQHa@LED@DHFFfCt@r@Hp@@tAExCOdBAJ@lACPAb@?XIn@EFI@WIyAIc@Ak@ES?kAB]G}A@UWm@ICM@,2,,,,,,Diego Galdino
2,Morning Run,3994.0,1194,1947,11.2,Run,Run,,Samsung Galaxy Watch Active,3930793933,2020-08-18T12:41:20Z,2020-08-18T09:41:20Z,(GMT-03:00) America/Sao_Paulo,-10800.0,,,,0,3,0,2,0,False,False,False,False,everyone,False,,"[-25.43, -49.31]","[-25.43, -49.31]",3.345,9.0,,,True,118.2,140.0,False,True,912.3,901.3,4207703732.0,4207703732.0,activity_1597754438.tcx,False,0,0,False,20232024,1,a3930793933,|sfzCpk}kHQBKRa@fAEVAT?rFDfBM`@C^Ud@Yb@g@~@w@~@a@t@yBjDWh@GBo@@YDe@V]Hs@b@o@h@c@TSD[VkOwDJ@UYSCAGKESQQKOSSCy@]YYMQUq@Ga@?{@LqAJa@^gAaRsFQNE?IEES[g@IEQWEMSaCUcAGk@DgAEw@@UDIP?j@Hn@Ld@Ir@Sn@G|@Nd@Ph@BTAz@Qr@B`K}ECDBDZMXDZ`@f@d@R\t@p@T^FPf@hAV`@z@r@p@f@^b@Tf@LNhAb@`@ZVd@FZt@bFj@rALj@h@`BBV?|@X~AJtADtAHd@BFDBx@@R_@,2,,,,,,Diego Galdino
2,Afternoon Run,5673.8,3993,4407,54.8,Run,Run,,Samsung Galaxy Watch Active,3792631374,2020-07-20T20:08:09Z,2020-07-20T17:08:09Z,(GMT-03:00) America/Sao_Paulo,-10800.0,,,,0,0,0,2,0,False,False,False,False,everyone,False,,"[-25.44, -49.3]","[-25.44, -49.3]",1.421,2.3,,,False,,,False,False,939.0,902.4,4053770024.0,4053770024.0,activity_1595275686.tcx,True,0,0,False,20232024,1,a3792631374,vbgzC~h|kH[DKFKNGBw@PUJ?EECK?UV?^]PQDORGBu@LSRYFg@PI?KLKDQDW?YL?CCAQBONe@JMNAFEBMAQFGFKDYPL^T\JTBb@Pl@LXFl@XVVZLXATN|@PVNp@PZF\P\BTNTLd@?Dy@nA[\QDCFQX]jAEjAJ|@AR@RCb@@PBF?p@Kl@@`@I`@Ah@K\i@t@q@v@O\cAtA?DIRSNe@t@SR}@`Ba@AYBg@`@g@Ha@Pa@f@OLa@f@GBg@\_@PYTKDCAiA`AIPi@h@k@^KDS@OSGF@@C?WM{@i@_@a@KSCMS]Y}@CQSo@YqAQ]COUa@QUOKe@Sy@m@[Qo@y@AIEWA[FkAHUZwANY\gBVeADa@Mq@a@q@kA{@a@a@WKWYLo@?[[s@EOCW?g@K]Is@IW@SF[Vk@JMZo@^c@RGZQ\MPM\I`BCXBr@LFDLR@?^r@b@l@LBPNLTf@f@bAxBdCtBf@n@b@RRNPFZZNPXh@DTN^@NJ^N|APz@h@vAJPBPb@tADfAJt@Nl@@XFT@ZAb@BN@l@Hn@ADJJ`@Fh@{@\s@LMLk@BF?CD?POXg@ACRWLY~@kAPONWLMn@mAJi@Ao@CG@KAIJe@@c@CO@u@Eq@Fu@CY@eAJYDY@@DA^i@ZWNSH_@A?@@B?x@o@FEp@y@FSFITKVQH[RY?G@@XKDFHFBAn@w@P]NMTe@BWA]La@@KOU?OR]BYFINm@JWHKTa@`@c@LYPSF@BCVm@b@o@LYBUEYIUGOWSG[IOK[KME?c@LMJSBMFIA,2,,,,,,Diego Galdino
2,Afternoon Ride,4898.8,1315,1378,9.4,Ride,Ride,,Samsung Galaxy Watch Active,3768373433,2020-07-15T20:22:26Z,2020-07-15T17:22:26Z,(GMT-03:00) America/Sao_Paulo,-10800.0,,,,0,0,0,2,0,False,False,False,False,everyone,False,,"[-25.44, -49.3]","[-25.43, -49.31]",3.725,10.0,,,False,,,False,False,930.4,901.3,4026603695.0,4026603695.0,activity_1594844526.tcx,True,0,0,False,20232024,1,a3768373433,nbgzCrh|kHG?EJ?JOBoAj@g@ZgAb@KJ@DIDkDhAYL}Ad@kAl@}@\QN?JPZTh@f@bBXn@Jn@d@bBNb@Rb@FTR`@F^JXT`@DRVr@GTc@j@MJQDMLCRe@rADb@AfBB\DrAG~AIl@BVMVm@x@m@bAUXq@`Ai@`A_ApAk@dAY^o@?OBe@POL[F]Pm@d@]Pm@b@oC~B[Tc@T[FY@aAEOCUIi@a@U_@_@{@[qA[eAi@sASWWWuAw@g@]UUO[OcA@_@X{A\sAAG[MCG^cBTsACYK]ASEKKMOGa@a@eAw@cAi@[E[Lu@r@SNaAZkAp@s@NqAPQ?OEUWU_@GS{@cEG_@?o@DWKaA?OHKF?`@Fb@?hBHpDJvCSTENOR]n@{AT]VS`Ae@`@KhAGzAPZNl@v@j@h@|@dAV^j@nARVjB`B|@lADDbAPLDDB\f@Vn@VfANx@PjB\t@~@fDFb@@j@Dj@NrANvCC`@MVMJeA\ULa@`@eAj@WT,2,59.6,,,False,78.4,Diego Galdino
2,Afternoon Run,3360.7,2515,2858,16.6,Run,Run,,Samsung Galaxy Watch Active,3758638197,2020-07-13T20:30:22Z,2020-07-13T17:30:22Z,(GMT-03:00) America/Sao_Paulo,-10800.0,,,,1,3,0,2,0,False,False,False,False,everyone,False,,"[-25.43, -49.31]","[-25.43, -49.31]",1.336,2.7,,,False,,,False,False,912.3,903.1,4015751370.0,4015751370.0,activity_1594672209.tcx,True,0,0,False,20232024,1,a3758638197,xcfzCjm~kH?FC?AH@KGBK?_AHMFYTY^KD?HGJYRi@Ta@`@MHSRMF@DMKBGEI?NW\KFY^KF?BIJOLWFUPOCI@OGG@CEK?UOSc@[]COW]CKYk@COQe@SgAe@cAMi@YWU_@QKGIwAm@YUQ]IYG]Cu@Jg@@WJMB_@JY?ENo@?GSSCK?KHc@Rk@B]DOLQBKCc@MYE]KQOM]Ok@a@c@Uc@]SIWCWBQFSPIPQP]Ta@L]N{@f@e@HWBQJYDi@B[CSMQS[y@EWAUKSKeAYkACa@Am@DY@q@CYFOZBXHLA`@DZ@n@GXKl@GP?ZLr@H^Pn@@vB]v@wALg@RWj@g@ZOREVONEj@EH@TCFBL?ZHL?j@HVRDNNPHTd@h@d@\JPDBf@|@NNRh@V`@j@f@NHX^JDZVT\\Z^LH@f@XLRJFb@r@Nj@@PNj@VtBb@~ADAJRJ\D`@ZlABt@NdA?JHZFh@BfD,2,,,,,,Diego Galdino
2,Morning Run,4729.6,1858,1875,22.6,Run,Run,,Samsung Galaxy Watch Active,3731184475,2020-07-08T11:03:11Z,2020-07-08T08:03:11Z,(GMT-03:00) America/Sao_Paulo,-10800.0,,,,5,3,0,2,0,False,False,False,False,everyone,False,,"[-25.44, -49.3]","[-25.43, -49.31]",2.546,3.1,,,True,145.9,170.0,False,True,926.3,901.5,3985185844.0,3985185844.0,activity_1594206187.tcx,False,3,0,False,20232024,1,a3731184475,j`gzCni|kHm@`@UJOZKJcA`@GLEBg@JoAd@[HOHCDSBc@No@HaC`AWFKHAHf@jBN\h@`B`AtDN^\`ANr@l@nBEROT]^WLKXY`AC\Bv@EvAD~AAz@OvADVAHOT_@`@w@zASRMT]d@_@p@e@p@{AfCKLK@q@IIGBg@MiCU}BAa@Eq@I]w@oCg@gAKuAe@aCM]a@o@WYQGg@IUIa@u@}A{Ac@]SWw@gB]_@eAcAeAsAQIa@IsAI}@H]HeAd@SPQRKPq@hBMPSJq@?wAVK?i@KiAa@]CcALs@TkBKM@GFARJz@Eb@@v@n@|CTnAN^\b@PDl@ApAQf@MhAs@v@UPMr@s@VONENB\Lz@f@rAdAb@d@Tx@@HSfASr@U`A@FLNDJGj@UbAMjAAd@Hh@DNXh@LLrBlARP^b@Rd@FXTp@~@jD\h@hAfAXPb@HV@PEvCqCpBwAh@STSlA_Ap@YV_@,2,,,,,,Diego Galdino
2,Morning Run,4996.3,2005,2129,20.0,Run,Run,,Samsung Galaxy Watch Active,3721512033,2020-07-06T11:11:34Z,2020-07-06T08:11:34Z,(GMT-03:00) America/Sao_Paulo,-10800.0,,,,3,3,0,1,0,False,False,False,False,everyone,False,,"[-25.44, -49.3]","[-25.43, -49.31]",2.492,3.5,,,True,143.7,153.0,False,True,929.4,903.1,3974618520.0,3974618520.0,activity_1594033888.tcx,False,1,0,False,20232024,1,a3721512033,`bgzCfi|kHC?OHMLMBcA^W^gA`@IFGPe@Bk@Rm@N[LYT{AN{@^]D_@XK?OEAEQNCL@HbAtDHPFZXl@Nn@Vt@Jd@Zr@HVFVL\Hd@P^Hd@JZBNGNc@p@YPc@bAMv@ALDVAfBBvACnAMrAFX_@^c@j@a@~@aAlAU`@O^kA|ASXYp@QTK@g@EO@QHWTw@^qAnAw@TSLaBtAkBfBMJODe@@SEQIa@Yw@{@_@s@Oa@u@sCg@{Aa@i@c@]aBaA_@_@IMQaAAUB]RkAZmAAQOUAKLu@ZkAFe@IsAGSi@e@cC}A[M]A_@L]VSR]ViA^k@d@WJs@LaAH]?QGMK[m@GQIw@Uu@WqAEc@Ai@Di@KqADELCnAN`@@H?^Q|@OPAXD\Pf@Np@L~A[n@APGRWt@oBRYPOpAk@PEvAIbALf@LTRbApAb@\l@t@~@nBPRd@\hAfAZ`@NZHJJFp@JRHX\T`@`@xARjAHhADRb@dAbAlDB\?n@VlCDrB?\ENCB`A@ECRHPOP]?I~@kAVe@V[b@y@,2,,,,,,Diego Galdino
2,Afternoon Run,5565.3,4538,5141,54.6,Run,Run,,Samsung Galaxy Watch Active,3719956188,2020-07-05T20:13:02Z,2020-07-05T17:13:02Z,(GMT-03:00) America/Sao_Paulo,-10800.0,,,,0,3,0,2,0,False,False,False,False,everyone,False,,"[-25.44, -49.3]","[-25.44, -49.3]",1.226,2.5,,,False,,,False,False,939.0,902.4,3972869024.0,3972869024.0,activity_1593979976.tcx,True,0,0,False,20232024,1,a3719956188,h~fzC`k|kHEJ@HKDENg@L[DML?BB@MHMDOEcAj@SASBg@b@]DQJW?YFSPGAGJcA^OHOJPl@Vb@Hf@ZhABVJXBLRj@R^XtAXb@Hd@JLFNJn@Vj@J\?LWZAFGNID[d@QHIVSLATGJK^@|@DLE`@B^E?AjAEJFVARBb@C\?\Kx@FT_@f@WLWj@UVGTc@l@MZ[\Yn@e@h@yAhCKBq@GWB_@ZIBO?KFWT]`@MHIPKJa@XKBc@\YNe@\IDMLMFk@p@q@j@B@A@e@VQDQ?m@IYOm@q@?CMQ}@yAIU?KGQMoAO_@COOa@EWS[]_@SG_@Wc@Q}@w@_@o@EQCs@B_@Ty@@OLg@@OPw@f@qAHe@N]@[Qu@OYg@m@MKuAw@QOQQAOHa@?MG[MSGa@?i@G]Ca@Qo@CYGOVg@BOZYJQDUHQNSPOVI\[^IHGx@BRI^@HCN?r@PNHJVJHZb@HDLLPXBLpArAN^VXJVB@\\PZX\VNh@`@FLZZ^PJFJNXLDFf@ZNZLf@BFFb@T`AP|ALTDVJLN`@XfAFVJZ@JFh@DfAFh@Nx@Ap@FZCdA@d@FHZBPIBGVUZ_@RQFMLSJILWn@k@FYPSVg@HGLURS\i@VUh@cAB{@C_@DuAAm@Dg@Ec@Bo@AwAHm@BCFQPSVc@TQDIV]AGX]LI`@u@RMNWTSLG\w@RKVUH?ZOx@cAR]@o@Xk@X_B\s@?GBKVc@HCHMDCNY?GDK@@@KDGX[Te@`@c@@EPWDO@OKm@OQIg@[y@SWGCE@QBi@VCASDGA,2,,,,,,Diego Galdino
2,Night Ride,8801.5,2304,2342,105.7,Ride,Ride,,Samsung Galaxy Watch Active,3157990134,2020-03-06T01:16:24Z,2020-03-05T22:16:24Z,(GMT-03:00) America/Sao_Paulo,-10800.0,,,,0,2,0,1,0,False,False,False,False,everyone,False,,"[-25.44, -49.36]","[-25.44, -49.3]",3.82,9.7,,,True,120.6,158.0,False,True,963.7,895.4,3374850459.0,3374850459.0,activity_1583457373.tcx,False,0,0,False,20232024,1,a3157990134,zphzCzkglHBNRV@DEd@BpAEfAFrD@vCG|@LvBVlBDj@ADMFm@LQLaD\e\`CqPpA}EZu@?u@G_@K}@e@i@_@iFgE[]QYWy@I_AK{Ay@gIc@kHCwAM}@]oHaBsYq@cOA_AH[CaB?cBBwHDoFDyBDmAA_C@uEDoBNcPAe@J}OLqQB_A@iCHsG?s@CEDeBF{IPaHh@uKFuCCuAOsA_@_C_@{AEo@{AmHMw@MkAG{@A}@Bm@Bg@Hq@TeAd@iBHOf@c@LUVgAh@cB^}@hCuIXo@FGZGn@EtDl@t@FNVNCj@Bv@Kl@Qd@[tBmBRa@PK`A_ADAGKIW_@i@Sm@wAkBk@o@}@sAuBuCKQEc@FWL_@GYFk@DmBAW@aACY?{AES?UNg@P]LIAQFKRILKTYPa@LQBAJANMd@u@XWPYTQd@m@d@_@VENIj@m@JUT]HCFBLSEW?WRoAEW@QL_@Ti@`A}AFO?IPMDIAEKIM[_@iA[iAMcAD]AA,2,76.3,,,False,175.8,Diego Galdino
2,Afternoon Ride,6838.4,1661,1720,146.6,Ride,Ride,,Samsung Galaxy Watch Active,3157989881,2020-03-05T18:31:15Z,2020-03-05T15:31:15Z,(GMT-03:00) America/Sao_Paulo,-10800.0,,,,2,2,0,1,0,False,False,False,False,everyone,False,,"[-25.44, -49.3]","[-25.45, -49.36]",4.117,12.8,,,True,134.5,177.0,False,True,965.4,895.2,3374850215.0,3374850215.0,activity_1583433067.tcx,False,0,0,False,20232024,1,a3157989881,zbgzC|h|kHGHsAn@yBnAMH[^OVKf@A~@IbAKj@UEGMWQWc@ME@HAF^|BF|@d@rBVv@\v@Pp@L\LLRJFDTr@R^Th@pArEHND@A??DEPC^Hf@h@jAn@fCj@xA~@|C^xBHbBF|GEzDFlAZ~@Vh@hBbCd@n@Vb@Tr@Lp@Bn@@v@CxBMlDIr@]bAS\YVYN[LoA\u@VSLa@f@S\Ob@Kb@ElA@h@f@nDFp@@h@Pv@Br@?fBOpAe@vCa@fCcAlFYvBq@`EG~@?x@Dh@ThAL\hAvB\Z^l@n@z@TV\TZ^NLFJJHFTRb@FZTl@D`@Tp@V~@P\@VFV`@fALp@^xAJt@Tv@Xp@t@dCz@fDd@`C`AhJF|@@z@l@xGP`C?j@LvBHx@?TR`AHt@Pt@@ZDPJfA?h@VjCA\ELKRA?AD@lCE`AB~@ZrAR~AD~AHjBPfBd@hC\xAh@xA~@vBTZh@|@f@p@~@`A~@z@hBfAbAf@DZEPoAfBQ`@E\JX^b@RHzB`@~DdAt@N@BA@_@IC@?TGJq@C_CXkBXUNSv@S|B?fC@f@lB@TS,2,114.5,,,False,190.3,Diego Galdino
2,Morning Ride,2331.5,83,6000,8.4,Ride,Ride,,Samsung Galaxy Watch Active,3157989580,2020-02-28T11:45:23Z,2020-02-28T08:45:23Z,(GMT-03:00) America/Sao_Paulo,-10800.0,,,,0,0,0,1,0,False,False,False,False,everyone,False,,"[-29.16, -50.08]","[-29.17, -50.1]",28.09,0.8,,,True,100.5,133.0,False,True,933.4,889.6,3374849936.0,3374849936.0,activity_1582889007.tcx,False,0,0,False,20232024,1,a3157989580,tn~pD`etpHACGr@cBoC}@aBB?h`@`pBEA?Gh@@U?J@GD\l@K\l@a@_Aq@@AvSbE][jHzD?A,2,29.4,,,False,2.4,Diego Galdino
2,Morning Hike,1907.2,28,20899,84.0,Hike,Hike,,Samsung Galaxy Watch Active,3157989118,2020-02-27T11:43:00Z,2020-02-27T08:43:00Z,(GMT-03:00) America/Sao_Paulo,-10800.0,,,,0,1,0,1,0,False,False,False,False,everyone,False,,"[-29.14, -49.95]","[-29.13, -49.97]",68.114,3.5,,,True,94.8,107.0,False,True,305.8,133.3,3374849437.0,3374849437.0,activity_1582803739.tcx,False,0,0,False,20232024,1,a3157989118,t~ypD|n{oHsTdn@\r@eM~TqG|RIER@DDIDCd@?WK\kNnc@~CyL,2,,,,,,Diego Galdino
2,Trilha do Canyon Churriados,8456.4,17623,26900,297.1,Hike,Hike,,Samsung Galaxy Watch Active,3137325328,2020-02-27T11:30:59Z,2020-02-27T08:30:59Z,(GMT-03:00) America/Sao_Paulo,-10800.0,,,,0,0,0,2,0,False,False,False,False,everyone,False,,"[-29.14, -49.95]","[-29.14, -49.96]",0.48,2.5,,,False,,,False,False,372.8,127.0,3351870680.0,3351870680.0,activity_1582803035.tcx,True,0,12,False,20232024,1,a3137325328,x_zpDjg{oHGHDFTI^^K^ICNBINO@ELCh@Q@Mf@Et@{A`AWf@EhA]j@w@Fg@VO`@YRQjANr@KXDf@W\q@bABTU^Sf@Jb@YZCVgAb@@d@a@\J|@ZNN`@PxAITBTg@t@k@lAE^SRSn@Jf@EZLTGBFx@Gh@c@AcBZ@J[TCh@FDSj@i@b@c@x@F\KZm@n@Wp@DDuAr@]j@k@ZHJYZ?RJHGD@JO@G~@KDBFSEFEINHTIIMRWEELHPKG@JBEW^BNq@d@OMg@DSRSMYRIKNC_@RJb@I@GRR?Ah@_@JLGG@FODDKAHXHFIXL@YPATLNM@DFQNLRWb@Cd@ZDZt@Ir@HRICJ^s@^ARI?On@MHF`@YHMAFDKFOd@C\q@La@v@ERHDU\?ZIBLl@Gf@VJ_@l@FLB^WLJ?ELDf@CJUA?NQLBTSRA^g@LQMLFO]JPKAJJG\S?BRl@?Dj@SR@\UFIK@VF\SCMQa@HLHGF]ABF?KSNJFIJLLILLFKJHJGRTd@KAKMHISHBJc@LFPGZYOIPN@IFFAGZKNQ?\NJj@SNIh@QHHJKDBLUTL`@i@Rp@p@EJ[JBP[DIXM?HLCJWZ?\KQw@W\PFVGTHCm@ADAYOBFOBHHOP@LGADDNCMBFHKXM?@X[NKGBJHEIKPPKBSQXNQGQHBMSKELFTMJ\g@?Ko@[Q@t@l@?Ix@UJXNe@JMNFRk@\DTg@K?RUDO@SPB?YNKEId@SEIJBGEHKRCEg@LYYWTQGSHMGINIAQLB?s@FKTJOW?YFKQABLB_@LIKUF@DU?REMLK?LL?K_@VITs@IB?QL??J?m@HIPFIC@UKGP@Tg@VHGQF?AVTBPgAX@Gg@DJFE@_@IAQ^HBQQHk@KTMQFGDWb@KJOCIH?CGJBG]Xq@\GIUAa@Po@KIL?IGNKDKOc@NUOa@Le@?EKIJ@LSBs@LWt@QTUDs@XMA[JI?S\_@f@s@L}@H?OsABQY_@IJE]Fw@VYGe@VS@aAKGCOF?DEGUN?Z{@p@DLQb@DJQ`@Kb@ALJTKMYTGCQBQFEGg@RWMIXGTcCZMz@kAt@KLHBk@Pm@l@a@PuAZOF[f@c@@o@`@cALITLNSbAKHQFeAKKFk@Sg@TMPcARQFa@TYAQN?d@_BCk@YmAq@e@Ms@Xu@dBw@^iAR_A,2,,,,,,Diego Galdino
2,Trilha do Rio do Boi,5208.8,5868,21802,632.6,Hike,Hike,,Samsung Galaxy Watch Active,3137345459,2020-02-24T13:55:38Z,2020-02-24T10:55:38Z,(GMT-03:00) America/Sao_Paulo,-10800.0,,,,0,0,0,2,0,False,False,False,False,everyone,False,,"[-29.2, -50.08]","[-29.2, -50.08]",0.888,4.4,,,False,,,False,False,614.0,292.6,3351893264.0,3351893264.0,activity_1582552524.tcx,True,0,5,False,20232024,1,a3137345459,pwfqDhlspHCGCHJBLMENDBEKALQACKCCCDAMC@KNCNEFDNCJe@@QUFDC@@DCA?DGDK?OVAL?EC?DRKHIh@SPa@FQIOB[CKJ?TIBBAAL[RXj@GICOSD?OI?AKCBC`@IH[e@KHEWICCDMCEDAAIOUYKGE@BDQC?FI?GCKK]EIDg@MQAOFAHJ@SLAEO@?EGAADQFSTU@g@h@QGK@@CKGSFDAIWBIEC]RQBGSG??D@BA_@LC@@ABKBED?CBHFMCG?DKHMBGC?EE?AKGEG@?EKFRQc@CWYQ@GE]@OX[Z@BSHFJ?HCHKBST?DBC?D@GCB@CDN@GS@BGECFNB?ECKABBECEDCEAJOFAKGB@B@GMF?NFTPTEf@BVBAJV?DCABBYRBTG@?CBBQ@AD?CE@CDWOAM@@GDCG@LIDFCCCBCFBLEGBDIEHIKENBRCAB@ABH[ANYHAFVa@GDCACLM?HSEAJYJHLAGPECADMAKJCC[JQGODEG@GGSDDCIaBlB@FLATHg@XQr@GF?FETILAPC@KVSNc@DUAQFSPE@AEC@?DQ@EEM@_@K@DKHS?@FDBE@@ML@OT?BGEALCBCECDEEABSCCC@E@FH?AIE?CMKABGGE@CYAGKGFII_@FEDCC}AXRIBb@J@CE?FGCWSDHBG@@GGHD@EGJFKSHANDCENID@BS?MNALUD?VIBOVDFB?ACLBEBQ?@@?]B@?BIOH@EE?IKFD@BEIEHASE?I@HJFC@F@BEAIIOFBBFCXDDGQJd@D?DEICCGF?MAH@ACH?GACKAJJDAFE?LBQ@?DBEHDDFP|@AEAA?DDAIBALFD@MIe@D?DFMFFGMs@B@MMDTA@AIIGADF?CHF??HEIHEF?GC@JCBAKD?ICD@?IH?I?@GIKQc@E@Ma@ECAU@KSu@Hd@IP^R@FHDI@TFDJGFAL@PDFAJlb@yWF?II@UGBLGBDBILJDd@BCJFHJFM@HRDDLBC@JFCDNPDCAFD?HNNBCFHLAPDLC@EJARSPADKFGLJC?@HHMFBCMBGCCD?FJLOj@BPINB?OLBBCf@V^Mf@^DIN?HOXJFPEABAE?B@EDDB?GB@C@FD@FB?EA@CDFn@RBFj@DFCDGZE\B\EHSLKBWBCAg@Bc@PU@O^BZ[D@NGFSJA?I@CE??H@GE@BBDEAD@?EAEDDIMAFBAKADAC?DGBUIBAADEQFC@LFHAMGCJ\F@E@AOC?`@@,2,,,,,,Diego Galdino
2,Trilha Malacara,4723.0,6582,14183,121.3,Hike,Hike,,Samsung Galaxy Watch Active,3137316929,2020-02-23T13:02:17Z,2020-02-23T10:02:17Z,(GMT-03:00) America/Sao_Paulo,-10800.0,,,,0,0,0,2,0,False,False,False,False,everyone,False,,"[-29.16, -49.98]","[-29.16, -49.98]",0.718,3.1,,,False,,,False,False,224.8,121.4,3351862014.0,3351862014.0,activity_1582462916.tcx,True,0,0,False,20232024,1,a3137316929,jk~pDpt`pH@RG\Qj@Ip@Kf@ORg@ZUVMTi@f@SNGHq@|AGD?FULKTGXSd@?`@KV@HCTGNQNo@SCYEKDQCGOC_@c@^V@FEJCEK@KGYNE?AJULCABLGVi@ZI^o@l@ELWBe@@IDm@D]FEFG?EHy@LIAIHMAUT]JKLAJOHOAWLg@EMJO\a@RO^M@IHGJANGLURCPM^IHK@YPILIDEHE@SVODU`@?VEJ[X_@AAGB?CFE?AHUVERCDYDADDLH@CABKAFC@@CC@?B@AKEEJE?Ma@CACBKKGUSRKBGHI@ONCCBFKAIBCLUPKVKDYGK@?GC@KCIBFLK?ABKCGBCECBCE@AGBAD@@c@MK@ABH?HTEAABFF@CG?@?GH@DF?@PE@BDE@?EKT@DH?HGBDIEAFJ@CAIBBNCP@HHBE@DEDJDAKEBPCH?JEB@HILEXIHUBIHAZTEIBGFB@G@@DOp@I@?FFD@HADKEBFA?HFGCIDI?k@^GABBCR@CKB?BCMA@CGBBGAJBATBABF?C@@ALEDEPPHEDGA@CD@CCGB?BK?IHG?UXCBAFqAf@EFIBOPKBKJALKN@HE@BFEB@@I@FDG@DBGBF@CHBBEG@LIB@FMRC@AEODABFFUDKH@JADG@@ROFDHKHCNG@ANGBFHGBB?BCGA?N?CLJJ@AFBCCAMTBECCWBBEKJMBBPCDAC?JB?`@qAGJAImBnAILHI`@FHBDL]LGJAJMDUG@AGII@CDKOQDCC@@IBCCA@?CECGB@CA@AEODL@KA?KGBHI?FB?BHBCC??IAF@BBAE?ABBCAF?GB?AHDC?BNE@CDFDCJFLEHBLEFH\CAEBCFBHGBKHAA??CFG@KVK@CBA@D@E@DAEBEAEBKLOAKPAHD?EE?EEHQCIJIDSLELSNGBGAKDCBIJELD?MH_@Xc@D@DCBGA??E@DAGGI@SDITWPYNEDKL?FKXA@EAADD@KJC@IDAFOPMJ?BGLG?MHSh@u@^_@CIBAHa@NQDQVYHU@GCGFDPBPKAK@ERKNi@T]VYRo@BCXDXG\UlBi@FO@]CIDMPIL[NOLIj@MROT_@DYTE@KRa@F?TSl@YJU?ODOFE@KRY@IRGPSFMAGHKNI\[^OL?FEX@XQDGj@STOb@?ZS\KXC`@O^Bp@SH?AAH?TUZKBMJSFC@OBAEAGLEE[DPIBBADBKTBG@@KFIRMBECOTOX_@RK`@ClA~A,2,,,,,,Diego Galdino
2,Evening Ride,12507.7,2882,2973,236.5,Ride,Ride,,Samsung Galaxy Watch Active,3029339600,2020-01-20T22:57:39Z,2020-01-20T19:57:39Z,(GMT-03:00) America/Sao_Paulo,-10800.0,,,,52,0,0,2,0,False,False,False,False,everyone,False,,"[-25.44, -49.3]","[-25.44, -49.3]",4.34,12.4,,,True,126.1,140.0,False,True,939.0,894.7,3231150391.0,3231150391.0,activity_1579561054.tcx,False,16,0,False,20232024,1,a3029339600,pbgzCli|kHADGBcCr@w@\g@b@@Ji@Fk@P_@F_@Vi@RCJ`CjKdA~DDXANILa@j@ATHj@d@vBl@zAHZFd@CNu@j@WXoA~@s@p@M?s@lAWZKJM\iBbCc@r@OP_AvAO^wApBo@jAQH}@BmBr@o@j@qAv@wCbCw@`@a@HkACm@Oe@]OU]u@_AgDSm@Wk@_@a@YU}@g@s@c@UUQYIg@Ea@Bk@\cBbAsDFu@Eo@Me@U[mAeAaBiAYQ_@G_@HMFeA|@y@VsAr@aAPw@J]?QEMM_@u@aAiF@k@Bc@KcAFSNEjDT~CHnDUPGJMdAcCZ_@rAq@LEpAIf@Dt@JXLp@x@zA`BX`@`@r@LZT\nBhBh@bATL~@TRNV\\v@d@zBNbBh@vAz@vCF~ATnBJ|BAf@IVORuAh@a@`@iAp@}ClCw@`@UDmA@q@Om@]WUa@eAw@_D_@}@QWe@g@}A{@YUUYO_@Ky@Dq@ToAPm@NeA\sAD[?[EWIa@MSi@i@uB_Bq@c@YIQ@YJ]Tg@f@gA^gAn@i@LuANe@ASO_@w@cAqF?g@D_@ImABMFIrDPbCFb@ArASrAKVGHKR[r@eB`@e@|@c@d@O|AIlALPFLJn@v@~AbB\j@r@tAxBrBh@`AZPz@RXTTZTj@d@vBRnBl@|Ax@vCHvAPhBLdCCl@KXMNkAf@e@b@mAt@}ChCy@b@YDc@@}@Gg@Sa@[k@iAa@mAe@kBYo@k@s@cBaA_@YSUMUI_@Ec@By@b@qBv@wCPaAA_@G[GQOWk@k@_CcBk@]c@GODYLgA`Au@TqAr@a@HqAP]@QCSS]m@_A{ECU?_@Bw@Iw@FUJG|BNvED`DSXMLQx@mBZc@j@_@j@WZIdAGxAN\Jx@bAxAxA\h@`@x@V`@RV|AtAr@dATP|@Pd@d@RZRl@Rx@Nv@TjB`@`A|@hDH|APhABXNjDBHTNp@FV[b@{@vAuB|@yA\c@~@aBZ_@FQCYHo@DiBAMBw@Gc@DaBCMCe@`@eAEQb@[Z_@^u@`@_@NYjBeBLSpAgAhAyAHWAUd@cAHi@Ry@Tm@zAmCdA{A\s@?UOo@]eAS[SIQ@y@XO@,2,117.5,,,False,338.7,Diego Galdino
2,Morning run,5022.4,2400,2400,0.0,Run,Run,3.0,Samsung Galaxy Watch Active,3022256341,2020-01-18T13:54:55Z,2020-01-18T10:54:55Z,(GMT-03:00) America/Sao_Paulo,-10800.0,,,,0,0,0,1,0,True,False,False,False,everyone,False,,[],[],2.093,7.7,,,True,154.6,185.0,False,True,,,3223224016.0,3223224016.0,activity_1579355695.tcx,False,0,0,False,20232024,1,a3022256341,,2,,,,,,Diego Galdino
2,Evening Run,5020.0,1753,1885,72.5,Run,Run,,Samsung Galaxy Watch Active,3009313653,2020-01-13T23:41:53Z,2020-01-13T20:41:53Z,(GMT-03:00) America/Sao_Paulo,-10800.0,,,,2,1,0,1,0,False,False,False,False,everyone,False,,"[-25.44, -49.3]","[-25.43, -49.31]",2.864,11.6,,,True,158.4,179.0,False,True,937.2,894.8,3208738306.0,3208738306.0,activity_1578958896.tcx,False,2,0,False,20232024,1,a3009313653,ldgzCxl|kH\f@[UCMBCWQOQXh@BPAPXpATt@?HMRM\q@~@ITSv@M`@UtAKP_@L[^Uh@[^iB`BwArB]\@Cm@jASXUPU^Wn@EZC~@?~ABhAAx@K`BBb@GPg@r@KFa@p@q@x@k@`Au@`Am@nA[d@KD_@E[@w@Te@\mAjA}Av@k@f@iBrAo@p@a@Pm@?YI_@Og@]MK{@yAYo@AKM_@CEI?IOa@kAg@{@e@e@s@k@gAo@Ui@GQGo@Du@Fa@Tu@LWJa@b@{C@m@Ou@EIo@o@iB{A}@i@YISBOJ}@x@IDg@JsAp@k@N_BVY@SCUW]i@Og@QsAU_AG_ADaAGs@?KFIFClALf@A`@Cf@QPAx@Dd@Pv@Rr@Fl@Ad@OR]JWHMJGN]JEL]RYx@s@\SFCr@KdACZ?b@DJ@TL|BnBjB|Bx@zA`AbAn@l@\f@^RVH`@ZXT\l@`@xARfADr@Jj@Z|@Rz@\~@Rv@DXTbDP~AFbAFDL@^OZSfAaAPW`@w@lAwAjAsBBIHGl@}@rAuCTS,2,,,,,,Diego Galdino
2,Evening Run,5136.9,2089,2099,101.5,Run,Run,,Samsung Galaxy Watch Active,2997412420,2020-01-09T23:55:30Z,2020-01-09T20:55:30Z,(GMT-03:00) America/Sao_Paulo,-10800.0,,,,2,0,0,1,0,False,False,False,False,everyone,False,,"[-25.44, -49.3]","[-25.43, -49.31]",2.459,3.5,,,True,166.7,192.0,False,True,937.2,892.9,3195424589.0,3195424589.0,activity_1578614124.tcx,False,2,0,False,20232024,1,a2997412420,bcgzC`i|kHMLEf@R`@Tp@XfA?\Fj@Ad@E`@IX[j@Ob@c@bASzA@\U`@WROTO\a@h@GD_@BUNk@r@a@^u@bA_@^ULw@nAYTONWp@Kd@@nAAnBBjACbBE^?d@ERu@~@g@z@e@j@w@rAwAtBy@zAUHQEO@WFSL]H]Nk@^[Z_@XOHa@Lc@XmB|AgAhAc@Ve@@MA[MSO}@eAW_@[s@q@yBQ{@Ww@OWSUo@i@m@_@UKc@_@QIMUIc@DsATo@VqANc@TeAZ{@Hi@Cg@K[O[U[w@i@mByA[O]GK@YLa@\e@Z_AVg@b@u@^yAT[BY?GAQO[_@Wk@u@mEEi@Bi@KiA@QBGB?NFREVBVDVAzA]j@CT@^J^Nh@L`AMj@Ol@@JW@MHS?MBSTc@r@w@v@e@NAPBN@|AUVAbBRFDTRT\t@z@fAfAT^b@fAXh@z@x@b@\t@fA|@ZPJZZRX\t@FPLr@Lt@@RD\Px@Vl@d@|@^nAD`@Cv@@Z@PHPVvBJd@FbACd@@DBBb@AVGFEr@w@p@aAp@oAp@cAl@u@r@oA`@g@v@wAh@o@l@mALEZU,2,,,,,,Diego Galdino
2,Night Run,4514.0,1789,1793,94.4,Run,Run,,Samsung Galaxy Watch Active,2991726771,2020-01-08T00:02:10Z,2020-01-07T21:02:10Z,(GMT-03:00) America/Sao_Paulo,-10800.0,,,,3,1,0,1,0,False,False,False,False,everyone,False,,"[-25.44, -49.3]","[-25.43, -49.31]",2.523,4.3,,,True,162.6,183.0,False,True,932.4,892.8,3189006611.0,3189006611.0,activity_1578441722.tcx,False,0,0,False,20232024,1,a2991726771,tbgzClh|kH@DI@CCMBQTSNm@HMZGFgBh@KLALIBYBSF?BON_@LQPWLO\IHAZTlAZfAFb@JT@NX`ABXRp@R~@Z|@Lz@GLo@h@e@l@_@\QT_@Zg@z@MNYR[f@KZC`A@vAAxABf@B|@A`@I~@@VCP_@\g@r@aAbBW\a@r@eA~AQ\o@|@GDm@KQMGgA?q@IoAKy@QsBI_@s@cCg@gAOu@a@yCc@sAc@_@aAg@MOa@q@]a@aBsAWi@Wc@MKc@_AwBmCc@]o@QUEY?wAHe@Jo@`@ODa@b@S\ER[j@[x@AbAHj@FtAHd@X`A?NC`@BNNVd@^f@^`@Rr@l@LNDRF`AAT[p@Sj@[lA[xB?RDVP`@RR?HPLBR|AzABHV\Th@r@rBLr@JXTnAh@rATXZVx@`@T?b@MXU^_@l@[fBmAXURWhA_@nAeAt@S`@c@LCr@ANGVUHKFWNUNSZi@d@k@p@qAh@oAvAaCf@_@\i@^]j@cAFMZ[?@,2,,,,,,Diego Galdino
2,Tentando voltar a ativa,15664.9,5521,8534,301.9,Ride,Ride,12.0,Strava App,2237220401,2019-03-24T11:35:36Z,2019-03-24T08:35:36Z,(GMT-03:00) America/Sao_Paulo,-10800.0,,,,0,3,0,3,0,False,False,False,False,everyone,False,,"[-25.43, -49.44]","[-25.43, -49.44]",2.837,10.4,,,False,,,False,False,1002.1,907.5,2382454515.0,2382454515.0,c43116e0fb59c0443b9f2d00a159ba9e,False,0,2,False,20232024,1,a2237220401,pjfzCduvlHd@_DiFcG_AyNkEhHuEnYeDvAkBbFoHtFk@lC_Dz@kAlEiPlBuMeJgDnAyPS{LtKwTmBeAcDj@eFkAmSkNzGmAiBb@{D{C_HuGeCyIjDeNUoNmH_X~FaJaIwP{D_OpHwEkCxHcDGmMd\oSzLySjFiEhCmMaAeRhBuGvVyGlPvIhYxCvFyBtEuI~HyGv]tJ`Ma@fH~GhMcDlB~LtDxDrOpCjCnLbGzJsAdGjR|Jx@xJa@~SxAbI~EbFOtB,2,71.1,,,False,392.6,Diego Galdino
2,Rainbow mountain,7103.6,8632,11832,389.7,Walk,Walk,,Strava App,2235452080,2019-01-17T14:51:14Z,2019-01-17T09:51:14Z,(GMT-05:00) America/Lima,-18000.0,,,,0,0,0,1,0,False,False,False,False,everyone,False,,"[-13.87, -71.33]","[-13.87, -71.33]",0.823,2.1,,,False,,,False,False,4977.3,4622.6,2380601996.0,2380601996.0,a51b5958a65484e9e52fb4068b1deb53,False,0,1,False,20232024,1,a2235452080,l`tsA~zjrLjCiP_@qPjDa]YeNqDqJjDo[_DoOGwQoHoM\kEuCKnCP]`E`HlL\lS~ClNeDd\jDfJRbSmDbXh@fPsBdHKjMeCt@,2,,,,,,Diego Galdino
2,Montanha Machu Picchu + cidadela,5147.2,5765,19228,527.7,Walk,Walk,,Strava App,2083451857,2019-01-16T14:28:03Z,2019-01-16T09:28:03Z,(GMT-05:00) America/Lima,-18000.0,,,,0,3,0,1,0,False,False,False,False,everyone,False,,"[-13.17, -72.54]","[-13.17, -72.54]",0.893,5.7,,,False,,,False,False,3010.0,2416.8,2225819115.0,2225819115.0,e8285c7af1e6d8828596857229873eba,False,0,0,False,20232024,1,a2083451857,xtjoAnxwyLtMgAzDkDhCb@DgCbHwAzG_GtAcGrAr@?lLEgLqAu@s@tEiRdOsCWkFlDmJ|A_DeBaFfCfA`BkBgBe@dBgD_@aGrEcFM|EyGrGNzBqFrEgB,2,,,,,,Diego Galdino
2,Maratona de Curitiba,10014.1,3416,3426,139.1,Run,Run,1.0,Strava App,1971409380,2018-11-18T09:40:01Z,2018-11-18T07:40:01Z,(GMT-03:00) America/Sao_Paulo,-7200.0,,,,2,3,0,45,0,False,False,False,False,everyone,False,,"[-25.42, -49.27]","[-25.42, -49.27]",2.923,7.0,,,False,,,False,False,936.2,902.2,2108140416.0,2108140416.0,28b198139827a6e0d6a17372a95d9b48,False,0,3,False,20232024,1,a1971409380,f{bzC|sukHfv@~Lf@lCwn@hB_Pq@_KlBwJ}@{JnAgL_DiELOsFyIm@aDd@dDlHis@MyBuA_@}C{HcDsA}D~B_C|DB~AsD~JRfCmChJAV`N{W\?~DhDfBr[BxZ{FzA}AZiGvOUhI{CnVcA`TzDe@jFaG_@,2,,,,,,Diego Galdino
2,Voltinha no Parque Barigui,5176.9,1821,1821,99.3,Run,Run,3.0,Strava App,1969212105,2018-11-17T10:12:39Z,2018-11-17T08:12:39Z,(GMT-03:00) America/Sao_Paulo,-7200.0,,,,4,3,0,2,0,False,False,False,False,everyone,False,,"[-25.43, -49.31]","[-25.43, -49.31]",2.843,4.5,,,False,,,False,False,921.0,883.4,2105828266.0,2105828266.0,3d8e4f1a96dca44c0f11f8cdfc6d2b26,False,2,1,False,20232024,1,a1969212105,|pezCjv~kH{D{JkEoDjBgOuF}EuLxDwAcDPoCgFOyBtFeQfDsNaEbNz@dCgGfEYfC_CzDtC|GH?vCk@uInOFjC}D`Hc@~OjQdDfNl@~KeIzF,2,,,,,,Diego Galdino
2,Corrida matutina,10441.4,3737,3792,140.5,Run,Run,1.0,Strava App,1918193581,2018-10-21T10:04:14Z,2018-10-21T07:04:14Z,(GMT-03:00) America/Sao_Paulo,-10800.0,,,,0,5,0,99,0,False,False,False,False,everyone,False,,"[-25.45, -49.28]","[-25.45, -49.28]",2.754,7.2,,,False,,,False,False,937.5,892.7,2053290190.0,2053290190.0,cee92958b0c3ccff4ae62445f0beea06,False,0,1,False,20232024,1,a1918193581,|hizCjcwkHbDm@hA}C_Quo@dXuK`Rpm@VxWkAhJt[nKwCrMdh@pQtD{IjP{FpJfLmIfEjPnR|KmCtEfOsK`CgOqFsPpBgn@mT_DuCu[sI{Tiy@k@mAoCpA,2,,,,,,Diego Galdino
2,Parque Barigui,5146.8,1950,2201,23.9,Run,Run,3.0,Strava App,1802473823,2018-08-28T08:49:53Z,2018-08-28T05:49:53Z,(GMT-03:00) America/Sao_Paulo,-10800.0,,,,24,3,0,1,0,False,False,False,False,everyone,False,,"[-25.44, -49.3]","[-25.43, -49.31]",2.639,4.5,,,False,,,False,False,939.0,897.0,1933634886.0,1933634886.0,5ed6dacd4b4b24e6ae00c207bcb4c5f8,False,9,0,False,20232024,1,a1802473823,jbgzCxi|kHARG@?FBHHHFf@TfAEP?LDRFLRp@EN@ZEVm@rAKb@s@zCAN@\CHIHEBc@DGFGTQVSP]FMHS^CJUb@MPQ`@S@AGICU`@_@d@UPAEIFI`@GJUNKPSNKPYx@ER@~CCh@F`AIdAIR?PG`@?DJXCNQZOLQTa@p@Wh@k@p@y@tAo@z@[ZQX[v@MHo@EGAGGAGDC@QMw@CoAYeCE}AKg@]_AUcAi@eAE]Cs@CQc@uBWu@]e@USc@K[CIEWk@SUcCyBQ_@e@iAMS_@a@a@[a@c@e@q@WYg@Q}AMm@Bc@JiAh@e@\U^c@bBW`@KHGBQ@[EWAw@N[Ba@Iu@]OCe@F]AKHFBPKKMGAc@HQL]FuBSIBEJ@XJx@ChABd@l@nCPhAZn@VVRDRAt@I|@Qd@S~@i@l@QTKdAiANGTAJBLFZXPNxAz@l@h@l@r@J^?n@G`@Uj@Sv@eAnEGx@D^Xp@JNr@h@f@NJLj@^h@h@PZ`@~Af@zAVbARb@RVf@f@ZRh@Vl@DVEJIp@{@lAmAbBiA|@[X[R[RQPIz@UV]z@?D?LIRc@lAeBRe@Z[JWZc@R_@Z]NM^s@~@kAGMKm@Je@EAAU@QDI,2,,,,,,Diego Galdino
2,Pra fechar a semana com ela 🐶,5727.0,2116,2750,46.9,Run,Run,3.0,Strava App,1793842595,2018-08-24T08:51:27Z,2018-08-24T05:51:27Z,(GMT-03:00) America/Sao_Paulo,-10800.0,,,,19,3,0,1,0,False,False,False,False,everyone,False,,"[-25.44, -49.3]","[-25.44, -49.31]",2.707,7.0,,,False,,,False,False,940.7,897.0,1924745491.0,1924745491.0,522ce1b31466356f333c3b904336eef7,False,11,0,False,20232024,1,a1793842595,hcgzCji|kHADE@APLBYIDB?EE?ERhA~I_@b@MT]|@Wt@QdA?XGPGFC@GJWPOT[Zk@`@]JS^]ZU`@O@EDi@x@y@`AQZBSo@~@a@p@Y~@@hAEhCB`@?|@C\Ml@Fb@EHc@j@SZa@fASb@a@`@i@`Aw@hAg@`Aw@dAWG[AGCEE@g@AeAKwAScB@o@Ci@o@oBIk@k@gAE]EgAa@wAMu@Oc@SY_@[IE{@SGGWm@IEo@q@qAcAQYe@gAUa@y@{@s@o@[_@Q]WUQCe@As@Ia@@a@DQB_A^e@Vc@`@QZo@hBQRQFa@IO?]Be@J]@i@Im@]O?KDi@DOACBAE@ENGSCWBu@N[CU@g@IM@IDEPAZD|@Ib@?h@r@`EXv@Xb@JHJ@\AdCWhB_Ad@OjAcAZONCL@RHbA~@hAx@r@r@R\LX@\CJILQn@GLMj@O^m@|CGj@?VDn@DTJRNTRNx@`@NPb@XHLRNRX^bAT^J\Lp@Fh@DPl@hAT\NHz@TpAHXJBCENEATKNAPId@m@VSbAq@t@o@dAi@`@e@\YjA[LSLIPCf@?LE~@eBdAiAFO\c@dAcBRQXo@T]CABGPQPa@AIDi@A]Ja@Fq@CSKUDKGOCWAi@Bw@Ai@Dg@BGf@oATIHUZ]NI^w@HGn@WNYn@q@\g@FCF@DDBDCO@MFIDAZYp@YLg@PYHULSAO,2,,,,,,Diego Galdino
2,De hj,5634.1,2489,2496,47.6,Run,Run,3.0,Strava App,1791644429,2018-08-23T08:58:55Z,2018-08-23T05:58:55Z,(GMT-03:00) America/Sao_Paulo,-10800.0,,,,2,2,0,1,0,False,False,False,False,everyone,False,,"[-25.44, -49.3]","[-25.44, -49.31]",2.264,4.1,,,False,,,False,False,938.9,897.0,1922487510.0,1922487510.0,c23203e41906175fa441805a8879b6ce,False,0,0,False,20232024,1,a1791644429,vbgzCdj|kHPhAARDFJf@?Z@Ld@nAAXBRAHq@|@Sf@Sv@Ob@ALIf@KN@ZGNCDM@ILQDMFy@fAQLW`@q@x@YHCTu@r@KNUVeA`Ba@Z]t@CBGRA`@BbBAhBBb@GbA?\GJETDb@Ob@i@n@k@nAY^KVW`@_@t@wAjBo@jAEDG@w@Gq@b@g@Pq@b@y@r@y@Zu@p@s@h@gBhBKDKCDCWVO@o@MMGe@Wm@o@u@uAOw@Uw@Yi@g@aCm@]IEE@iAi@QKi@q@M]ESEe@B{@H[Fm@Z{@Hs@VaA@SNe@Jm@Gi@Sc@e@c@{BaBy@e@YEa@JOLW^[VSHQD]LkAr@u@Hu@Na@D[AUQa@o@[uB]sBGo@Dm@IgABOFIN?zATREJGRCN@FF^SRGR?VD~@^j@FTAZI^GdACHCb@k@f@_BZ]ZMb@Yd@QfAKn@Db@?n@LTRn@x@nAfAb@r@x@bB|BvBh@v@PNdAVNJPRXr@\pARdAH~@Jj@b@z@d@dBNb@Jv@FvAL`ABh@Db@Bn@@pAD@|@@FEDEHYP_@j@s@Tc@`@a@b@}@`@o@^_@Vk@z@kALW?GEODo@G]?e@DYDOEcBFiB?q@BW^q@F[z@{@FOBSD@JQROBG?EDEVGLINU^[h@m@FCH?TFJ?Pi@p@y@XUHK`@iAD],2,,,,,,Diego Galdino
2,Corridinha no parque,6033.5,2547,2693,49.0,Run,Run,3.0,Strava App,1786928973,2018-08-21T08:50:20Z,2018-08-21T05:50:20Z,(GMT-03:00) America/Sao_Paulo,-10800.0,,,,16,1,0,1,0,False,False,False,False,everyone,False,,"[-25.44, -49.3]","[-25.44, -49.3]",2.369,8.6,,,False,,,False,False,945.0,897.0,1917656757.0,1917656757.0,3268e3e5a73ab177dcdd3f0754d8d734,False,0,0,False,20232024,1,a1786928973,hdgzCjj|kHi@GISNJOALR@FMXTX`@pABTEL?PPb@HZKZAXq@dA[|@_@lBEj@ERGFKFYJ]FEDi@~@[Vc@p@g@l@MFMCCBAJWVu@|@OR[n@Y^MHG@Yf@WhADf@?rACXBbBGjBIn@@FHLCFc@h@}@zAqAfBs@lA}@pAk@fAMH}@EGCEG@KDCA[KmACq@@WQkACmAE_@U_A]_AOk@a@eAG_@KoAYwA[{@OWCKWUWMk@KQGIMWk@KMe@_@g@g@g@]oAcCi@o@s@q@eAoAYOe@Im@Gg@@cAHODeAh@WVU^m@dBQTOHI@YC[@oAVO@i@MeA_@_@AoAR[JS?}@KY?E@KFGRF|@Eb@Bh@XpBVjAJ|@PP^f@LHP@j@CdB[dAk@~@]jAcARIRAH?NFbAn@h@Xv@j@f@f@NTRl@@^APe@xA}@jECf@FhAFZRd@`@d@jBnAp@t@`AbDFNNl@Xt@PVPHh@`@RHt@Dl@\JJRGb@i@ZWj@m@VOTQv@u@h@KVKdAiANKr@QNGFGR[D?f@DV?N]@IAELKb@y@bAqARg@x@wAX[LWp@_ATKNWBMGIAYB]Ae@@m@@WC{@Dg@AU@aAFa@Ai@BWDQ\y@X]NC^k@?GAC@GHI@MFGb@SBE@GDEZMFG@GDEVKNSTW@GIW?QMa@[s@Iu@I]MUASQg@GYOa@OQAGAYBENIJAZ[?ECKMIM_@KSUUCa@@INO?EXMb@[RCRKTAHKDWJOTMLOLCZE,2,,,,,,Diego Galdino
2,Voltinha no Barigui com o dog,5463.1,1911,2142,66.5,Run,Run,3.0,Strava App,1784813025,2018-08-20T09:26:33Z,2018-08-20T06:26:33Z,(GMT-03:00) America/Sao_Paulo,-10800.0,,,,1,0,0,1,0,False,False,False,False,everyone,False,,"[-25.44, -49.3]","[-25.44, -49.3]",2.859,7.1,,,False,,,False,False,933.2,897.0,1915485277.0,1915485277.0,d0005cb993647f1f29f97b55c634a6e1,False,1,0,False,20232024,1,a1784813025,b{fzC~p|kHs@sALBBDEDD@@GPEWCE@GJMM[CWFU@KKKEQKGCCBGZ@FRx@BV?\X|@LRHT@LRp@Cb@EJAHLZHFFPNVVtAV~@CABGDBJPHXb@n@QLk@VYf@i@j@YVa@l@EB@EEDo@hAa@VOTk@zA?lD?NBB@l@Eh@?pASh@DXAFc@b@s@pAs@hA[\S`@a@p@}ApBYr@M@YEM?a@^WHu@`@gA|@g@XWFw@n@o@^s@l@o@n@c@\QFM?a@KWK}@w@g@q@Um@EWM_@Gg@iAcDKSu@o@u@_@_Ao@WGSa@ADBg@EQAq@F{@\aAHm@`@w@Dc@Pq@Xe@@QEWKa@MYMOmBuA_@SYYAOFk@?SGSQc@QoBWqABQV]l@}ANYd@]bAa@z@I`AAlARPHnAdBj@d@RRx@tAVt@NV|@l@v@t@HJ^t@FDp@Lb@LX`@Zt@`@|AJ|@JnAf@lAJb@N\d@bBFzANrA@h@PxAA|@@LHHH@r@AFEPe@AEFOPOf@y@NOZi@RU^m@Ti@j@m@DSHOd@m@^]JW@GECCO@]H_@A[Bw@Ea@B]Ew@B_@Cc@@WEOA[B[HSZm@BODCPGNQDGJa@NSD?CCB@JIJQBOTK\]`@[V]L[HI@IKUOmAQ_@C_@I[?SKc@MM]SCOBg@E[Bg@BERQ@EMMY[_@Ui@g@BGDAn@@D@FAV[LS`@]JOPO\QHIJWNSTI^IRQ,2,,,,,,Diego Galdino
2,Corridinha de quinta,4744.4,2131,2143,106.0,Run,Run,3.0,Strava App,1775753964,2018-08-16T09:10:25Z,2018-08-16T06:10:25Z,(GMT-03:00) America/Sao_Paulo,-10800.0,,,,0,1,0,1,0,False,False,False,False,everyone,False,,"[-25.44, -49.3]","[-25.44, -49.3]",2.226,6.0,,,False,,,False,False,956.0,916.2,1906128068.0,1906128068.0,ae3fc874e6bd75a54d3a6e4d2da36d92,False,0,0,False,20232024,1,a1775753964,tbgzC`j|kH@EAJ@O?FE?WIQBWFE?MLCASLo@FULG@YGaBfAU?c@TEAGKe@DGAWUQY?UAGKK@GEGCOIQAYm@]DYAKOgAg@sA[u@IKK]c@iAAOD[CYGCOWAKAUO_@Ee@QOEIYeAUQEUBg@ESU_@M_@Ag@KKCOYYIQEGD_@CEUOO]EeAg@m@k@YIS@[I]?M@SFIFY?Ka@e@Ge@IYc@o@JACFFEUWIi@GGCS]gA@aAG_@OOSi@GC[?GC@SMSBa@BQG]OU[YISGYIWJw@MQa@UAEBEEi@EYIY?OCGg@m@CI@OKUUoAIUMKEIc@oAK{@U_ACS@QGS?MCDE@MKOm@KS_@sAKQQm@O[ECBQLOb@MPKJQZIDO?SBQRMJEBMM[GYSc@Qg@SgAKEYAa@J_@PI@YNEDCZ@`@RhANzAHZ@BJDDN?NCN@HVn@`@|ARh@Ln@^`ADTDFTNDHFVHFN`@B`@Hh@Tv@@RVj@Dh@T`@Hl@Pf@DZ^rA@RFJBNJTHXJTDXPd@BXLZF`@Xj@PPNTNhALNJDDFHj@Rl@Lv@JPEZHPV\@^DNZ~@Fd@FPXr@F^FP@PHNDREVR\Xv@JDLX?VDJ?FRXFRBPEj@@RJLVN@X^f@Pd@Nf@Bd@F^NR@Lt@tBNf@B`AVd@Hn@V`@NLPn@?PEJ?DN^BRR^^ZVf@FRAXFb@TVL\HHbAYT@@ICEJEr@Ih@KPAlA],2,,,,,,Diego Galdino
2,1º corridinha de agosto,3964.8,1724,1780,25.9,Run,Run,3.0,Strava App,1773422132,2018-08-15T09:24:26Z,2018-08-15T06:24:26Z,(GMT-03:00) America/Sao_Paulo,-10800.0,,,,0,3,0,1,0,False,False,False,False,everyone,False,,"[-25.44, -49.3]","[-25.43, -49.31]",2.3,4.0,,,False,,,False,False,928.0,897.0,1903726287.0,1903726287.0,62b74dccb74414b043327fcefba8e230,False,0,1,False,20232024,1,a1773422132,p}fzCpk|kHBHiAl@EBAJE@k@DKDM?EBKRG?YOKBEDMBEBH?@NFH?HANBB?DIj@HZ@hARd@DDJBFHCDDDCV@JHZVh@FV?XA\GSADPz@Rr@Jr@FH@FWh@UP]b@_@Zi@r@YXQXER]f@SDGZa@dACb@D^BzACl@Fx@GjA@HFH?FMZ@\CLiAdBMLWh@EFMHWZg@x@ITcBbCi@fAG@w@CUDWZw@Rs@x@c@VK@s@d@e@f@iAz@eA`AORc@ZG@S?e@IOEm@c@m@o@W_@Ue@Gi@c@{AMSSk@Ms@IQe@e@KSmAm@o@a@[_@Qa@EQAY@o@NaA@a@Pk@Ra@@SPs@HO@OVkA@]CSISOYY]}BaBOSCOH[@S[gAQmBGSGc@A]BGVUT{@\u@f@e@dAe@FCl@Cv@A`AN`@DHBNJlAdB^T`@`@\h@Pf@h@fAb@Z\\n@d@VXT`@JLfATRPX^Tj@Nf@Jl@^|C^|@^xAf@dBBZAl@RfB?v@F~@Jz@TPX?TEJQ,2,,,,,,Diego Galdino
2,Morro da Palha - Bar do Paulo,9185.4,5026,11205,357.4,Ride,Ride,10.0,Strava App,1718489497,2018-07-21T14:30:35Z,2018-07-21T11:30:35Z,(GMT-03:00) America/Sao_Paulo,-10800.0,,,,0,3,0,2,0,False,False,False,False,everyone,False,,"[-25.29, -49.47]","[-25.29, -49.47]",1.828,13.9,,,False,,,False,False,1081.7,769.2,1844418005.0,1844418005.0,a1fa4b90b24faf413a5f1ca4a4cb3c0c,False,0,0,False,20232024,1,a1718489497,rwjyCxr|lHgIo@qFbFqCrGqH~BpCu@hAlAqAlG\rE_BzClA~F|LxJtDm@nDbChF_ByE`GvCjC{AhGxCxFfJnBk@wC|GGhKvHxCdFnAqBy@qG~Ct@nB_E}@]`A}@QyCj@Tw@_@hAgC[mGNnJ_BlG~@b@}AfDwDWx@bKoRmP}GP~@jC}Ho@eFqHdB{GyCqBvDuCd@cCwDbBeFuBuDd@qLwJoAiFxAkD_@sEtA{F_AiBlD_BfCaGnF{EfID,2,75.3,,,False,378.7,Diego Galdino
2,Engana trouxa,35460.8,12131,17501,420.0,Ride,Ride,12.0,Strava App,1689252195,2018-07-08T10:19:38Z,2018-07-08T07:19:38Z,(GMT-03:00) America/Sao_Paulo,-10800.0,,,,0,4,0,3,0,False,False,False,False,everyone,False,,"[-25.47, -49.7]","[-25.47, -49.7]",2.923,13.0,,,False,,,False,False,1093.6,831.5,1813451510.0,1813451510.0,55f5169790f24b0ea5001f02d07315b0,False,0,0,False,20232024,1,a1689252195,vfnzClqjnHhDu@i@oEfIhh@pE~FdNfArC_JbIcJbMtA~LyAtC|CxRhGxFdNrXfDlh@dWdd@lFzPxLzg@|QhHL~]d_@bZdRlNdWy@n\|JbZd@nVbMnz@`Sjd@rVnX`IjFjB~GxIjG`iArc@vLlM`JlTn@rL|ExWh@rNzClGyC`VyNjIuCrIeb@`]{DnK`LaPr[gYjBaH`OkHhDyX{CcFg@qNgH{g@eIaRmOqOsaA{^kLmHiD{I}GaEwWkYiKgToGePaMmz@e@uVeFwKkCoLv@{\sNuWkZiRu]{^}HQcg@gQaQkMae@kFyg@iWmXaDyFaNuRmGaCsCqNvAyK{A{HjIiDzJ{NwAiDyEmF}WeDmAcAkE,2,61.2,,,False,742.7,Diego Galdino
2,Pedal sem as meninas,35088.5,9906,11829,599.4,Ride,Ride,12.0,Strava App,1584485606,2018-05-20T11:18:45Z,2018-05-20T08:18:45Z,(GMT-03:00) America/Sao_Paulo,-10800.0,,,,10,1,0,3,0,False,False,False,False,everyone,False,,"[-25.48, -49.52]","[-25.48, -49.52]",3.542,13.5,,,False,,,False,False,972.7,873.7,1703346284.0,1703346284.0,c87b5dd053fbb42e136f0b04c2150558,False,6,1,False,20232024,1,a1584485606,rgozCxrfmHlBgAt^jYrQbJdB{CvEOrMdGvGChNrLBnG}AxGwF~C}EhHQ`KsBzIkK`GgG|NB`CbVwEjKnBxCfEvHpBfGgAjQ~EzGlHzNrF~WaDnNxOFfFeFrLhRlE~JFvE~BfRmFbHtDlQWzL}GrNjChOqBrFvGhJoDbH^jTyRoB}RxE@|LhI`\yAjJyBtE_HzDx@n[wDnKeJjGnB|HcIbIiClNiR`GkNAgCuDKwDiDkGwd@}NY_IkFMsCrEqGoDmPnD{JaD{CgKoY_E}Dy@qZcE}DcCmK_GuJwGmF{Fs@{GyP}@qKmDaH_I_@_E}CgDvAeF}D_PsA`@{MaFaEYyDoDk@aE}FcFBe@yGsJcJeBiKx@eGvF}FzNo@`@eLoPsP}E{KuMaL_M}@oDkDiIvHaUgB_LkJkP|UgHbD}ArEcFwC{K~CiFe@eI|HyBP}CdQjEnG|Dg@hDzEbBE`OvR@fHwCdFsMtG{UnF_[rT}FXyWeKaf@y@eN|BCrGuDtLGzJmNfC{OpIqB~Dg@tFlBtLmClXeDtJdCzLgGxPr@bMmIdM,2,90.8,,,False,899.4,Diego Galdino
2,Morning Ride,35274.0,10077,12378,602.4,Ride,Ride,,Strava App,1584604208,2018-05-20T11:15:31Z,2018-05-20T08:15:31Z,(GMT-03:00) America/Sao_Paulo,-10800.0,,,,0,0,0,3,0,False,False,False,False,everyone,False,,"[-25.48, -49.52]","[-25.48, -49.52]",3.5,14.2,,,False,,,False,False,972.7,873.8,1703470160.0,1703470160.0,de7ea1d4bad8a9c4994d547ff45dd1ab,True,0,0,False,20232024,1,a1584604208,hgozCvrfmHdC_Az]~XvQdJlB{CpFCtLzFlGEtNlL_ArOuMlLm@|LwB|IoJ~EyGzStU{EhL|BjCdEpHlBhHeAzOvEjHnHpNnFzOq@rByBlCDjOjPAnFcF~K`RjElJAhFhC`RqFjHvD`RS~KyGhNdCpOoBjGvGjIqDhJNzR}QsBeSlHl@jK~GhZwAjKgCnEqGzDv@t[wDzJeJzGnB|HeIdIkCzMwQpGyNEmC{D?eDsCuGye@eNKwIyFSaC|EkHqDoNjDkLiCkBaLoZcEuEw@iZqDcDkC_LqFgJ}EyBaAeCiGy@}GyPq@yJ}DcIgIc@iDqCyD`BiFaEkOkAXeNaF_Ee@cEoCWwEmGsENo@cHcKoJuAqJn@cGnFsFlO}@bAgIi@sBiPiPsFwL}LgKiDuA{GRsDiDaIjI_UqB}KiJaQnV_HvCuAhE}EyC{K`DiFc@{I`IyDNbAZcCnP`E~FnEWtCnE`BC`OxRFdHyD~FuMjGuRxDk\jU}Gh@_XgKob@o@qQzBFlG{D|LD`JwNrCcOvHmC|E]tHdBdKyA`Fw@nQ}ChJ~B~LiGbQv@lLiIjM,2,90.6,,,False,912.7,Diego Galdino
2,Voltinha na Represa Piraquara,33363.1,10039,12947,431.5,Ride,Ride,12.0,Strava App,1553766858,2018-05-06T11:08:02Z,2018-05-06T08:08:02Z,(GMT-03:00) America/Sao_Paulo,-10800.0,,,,0,3,0,3,0,False,False,False,False,everyone,False,,"[-25.45, -49.07]","[-25.45, -49.07]",3.323,11.6,,,False,,,False,False,971.7,889.6,1671215010.0,1671215010.0,aa93a1c4e3bdf47e66f9da489a4a8e68,False,0,0,False,20232024,1,a1553766858,|pjzCrdojHzEcDjPsTzHeWqCeHxA{Bx^qRbWvBpHmFtF_@tHw^tNoOvFoBhDwFdDa@nR`G`HgD|AcEjJ{GpF{@dQhCxB{@PsGrBqC@{J`DkTxEmOnDuCdD{QhJNvMkNhCfE|DE`OjKlEiApHsG|Kz@x@eG{Aj@`KuFeNoH`C~@`JuPfLuM\oFeDsRxEgKeBiEvBsG}FgM|M{Xy@gK`EnCNjFdFtC|EExCdDw@zB|Cu@w@|N_DzIhFzH_GjIWrF~@jFnFbEu@dHjAfDsOjOmB`MoD~@_FbG`@zQwCrGiCUxCh@}@|EaHpCiCxDiAbKpDtCgFpFhCtHo@xEeMpFLaB{ApFmFn@y@rGnInCtBnQvCe@tGnB|F{DnE[tGrA~@`GsApEh@zJyDxGbBxBSvEiGxJy@`KyF~GqLh@}EjFD|IqSrJ_FbJlGpKjDzRlItElQtCf@tIiFdOiEjDY`HnC|OaOtT_JxTqPrTaAxGiR`[kMwC{GcE}GwLod@of@sSeP_KL}J~GiNnE{BoDoK}@wGiI{HoBqTcOoT}HqUeDyC}JePiNkQyb@UmBnDaC,2,73.4,,,False,736.9,Diego Galdino
2,Batismo da Marília,28839.8,9464,12852,402.6,Ride,Ride,12.0,Strava App,1539327068,2018-04-29T11:33:52Z,2018-04-29T08:33:52Z,(GMT-03:00) America/Sao_Paulo,-10800.0,,,,0,4,0,5,0,False,False,False,False,everyone,False,,"[-25.57, -49.13]","[-25.57, -49.13]",3.047,15.6,,,False,,,False,False,956.2,881.7,1656395327.0,1656395327.0,dd704d65ef1605d972e98a88ccee004c,False,0,4,False,20232024,1,a1539327068,|x`{Czh{jHLiAfEcAjMw@{@B~RnApV|HfRoCdIpA`FqJrB_Vn[a[bMtL|ObIzHzMlEpChGPvHhGzNsCvDiHfIcGvLtJ~HFf_@cLbOqBtSgJj]iBzM~ClAyAzBmR`DqHbNmKbBm_@dEcDjJ_BkA}GbC}Ij]iFzAkJjE_GxLoA~XaMvYmAzYc_@\yGaN}PuEfDgP{HeNkCcUqLyT`QkHv@kAgDyFlAu@iPuKiZyYcI_DsP}N`JgNjQqBxHaF`DgUp@cZfFmQqG}IbCsV`PuH~H{J~WyLlAmE`HsEfCaGeC{KyMuFT_AqDq_@KWnAfEbGgIHaPnEcAnDLdUoC|F{FxBuE|IsEbDaUnCwKwAwInD_OjQgCvIW|N~AjUmQxhAEdM|@`A,2,68.3,,,False,646.0,Diego Galdino
2,Pedal em campo largo...,24903.0,8415,10986,488.6,Ride,Ride,12.0,Strava App,1496908267,2018-04-08T10:28:14Z,2018-04-08T07:28:14Z,(GMT-03:00) America/Sao_Paulo,-10800.0,,,,0,5,0,3,0,False,False,False,False,everyone,False,,"[-25.43, -49.53]","[-25.43, -49.53]",2.959,12.4,,,False,,,False,False,1003.2,842.1,1612259706.0,1612259706.0,697e833736d775537682cf5398f5c6af,False,0,3,False,20232024,1,a1496908267,|qfzCn|hmHuBvEpBhOmMlGgEfIw@nPsFhFgKRaHbCcOw@wHuDgH_@}}@lA}M}JyBjCiJc@{XjJoHxJwI`FqJM_PaFqVOkJvEaOf@yEpDuL~AgYzAwNwCiMrMsIzDlAlIo@|DkKvHt@vMxFuCvItBlWz]zXbNhHnK`FrAtFsDjJ^~BhAlEpIfAaEnPaFbAaDzS|@?uB|BYj@oGlKqEtFyLG_NpAoCe@{MeSsXy@eE{[{ZxLSjPlF~KJbI{EbHsJbYuJbDmHnFmAZ{AsDgP`SaO|`@yh@pEmM|@mPbLuYlNkWnHgC|Cf@kAsA|O_TtJfx@jLnHh[fGzAbXiBvP,2,75.8,,,False,637.6,Diego Galdino
2,Pedalada vespertina,23382.3,7649,8993,454.6,Ride,Ride,12.0,Strava App,1482423044,2018-03-31T17:46:36Z,2018-03-31T14:46:36Z,(GMT-03:00) America/Sao_Paulo,-10800.0,,,,1,4,0,4,0,False,False,False,False,everyone,False,,"[-25.36, -49.02]","[-25.36, -49.02]",3.057,14.1,,,False,,,False,False,939.7,806.7,1597229538.0,1597229538.0,4339cba68c83f0177e56459bb407b158,False,1,1,False,20232024,1,a1482423044,|twyCdpejHvC_LmCcCoJq\qGkAi@eEoDkBn@wK{@wMaDwFmAcHpCeNeCaNdCwJe@mJkNiQOqWoBcI_G}DgA{C_HWyAmSuDsGViQ~Ha[kAcDsEwCxC{KoFf@fAiG}@cDeDcCtEyAeC_K|HkDjCl@f@cBgNoAeIxF{PUcCnKiPpCiIlLqn@y@qDdHqJhDuJcCaGiF{BV|BkMMwFuJuHwE@{BvLyG`@gDhCz@jD}@`BqFkBkGpA\nHyBtHgF`DyJk@wA`AyCvK~RpIbE`MhDdB_FxIPfCjGvIdA~FhEhD^xG|I|Ie@hHwBvDIzFfKlDzApGzKsCfHbDxBbJmBnEpAnCDbI~NjQxFnF`R~A|HyKwEhHxRx@rXjGrEtFnO}GfI`AfIxIvDBbHfNrHpD`AtB[bJbDjChNnCpIuAfFcEhGZpJz\tCxCuDjN,2,79.9,,,False,610.8,Diego Galdino
2,Afternoon Ride,23414.8,8523,9109,456.3,Ride,Ride,,Strava App,1482421657,2018-03-31T17:44:32Z,2018-03-31T14:44:32Z,(GMT-03:00) America/Sao_Paulo,-10800.0,,,,1,1,0,4,0,False,False,False,False,everyone,False,,"[-25.36, -49.02]","[-25.36, -49.02]",2.747,13.2,,,False,,,False,False,939.7,806.7,1597228127.0,1597228127.0,40224ea393549bd91e54b020ee589acf,True,0,0,False,20232024,1,a1482421657,rtwyChrejH~CeN}CaDyI}[sG_Ac@kEuDyAV{TqGqVjCyM_C}MdCgKi@yIgN}PYkXeBiH}FaEoAaDcH[iA{RuDcHNcQfIsZ{@eDgFmD|CiKeGDbB_FcAwDsD_CrE}AaCmKvHaDlCt@`@mBgKuA_LzFuPU}CdLsOfC_JtLwf@gB_FdAuDfGcIdCeXkIvBaTqIuHeGUkBrLeHj@oDdCI~AtApAm@pAiBVmCqBmGnAJ`HyCpIgEnCcIi@kCfAmCrKtRnIxDjLdDvBoClEs@xFfHtKx@fGlExCH`G`JjIg@bIaCbDE|GrKzDz@jF~L_CjHzClBvIcB|EhAjC@jIvNvPhGrFvPdB`J_LeEvHnSx@`XbHtFfFrMaHbIr@tI`JxDTjH`NfHhDz@rBYbJ`DnCfNxC`JoAjFmEzE\~Jf]zCtCcDfM,2,77.8,,,False,663.1,Diego Galdino
2,Corrida vespertina,2412.8,629,698,28.8,Run,Run,3.0,Strava App,1441407804,2018-03-07T20:46:46Z,2018-03-07T17:46:46Z,(GMT-03:00) America/Sao_Paulo,-10800.0,,,,1,1,0,1,0,False,False,False,False,everyone,False,,"[-25.45, -49.36]","[-25.45, -49.36]",3.836,6.7,,,False,,,False,False,940.8,930.5,1554647224.0,1554647224.0,d13bfc096c5c61f072f1d6b5e3b3aa73,False,1,0,False,20232024,1,a1441407804,hfizCzeglHfO^e@cEcDuAaFzB_Pa@_AjArB`Bv[Xk@gEiDyAcIfCaMc@w@dAv@x@,2,,,,,,Diego Galdino
2,Corrida ao entardecer,2650.2,714,725,33.1,Run,Run,3.0,Strava App,1438114753,2018-03-05T21:07:17Z,2018-03-05T18:07:17Z,(GMT-03:00) America/Sao_Paulo,-10800.0,,,,1,0,0,1,0,False,False,False,False,everyone,False,,"[-25.45, -49.36]","[-25.45, -49.36]",3.712,5.4,,,False,,,False,False,940.8,930.5,1551265393.0,1551265393.0,8ab17894f20cc83b8fc7aa829e9aa1a1,False,1,0,False,20232024,1,a1438114753,lwhzCjeglHb^`Ak@}DgD}AaFrBuOMy@dAj_@nBw@aEaD{A_KnCmK{@@`C,2,,,,,,Diego Galdino
2,Corrida ao entardecer,2593.8,857,1001,31.3,Run,Run,3.0,Strava App,1430496519,2018-02-28T21:10:48Z,2018-02-28T18:10:48Z,(GMT-03:00) America/Sao_Paulo,-10800.0,,,,0,3,0,1,0,False,False,False,False,everyone,False,,"[-25.45, -49.36]","[-25.45, -49.36]",3.027,6.1,,,False,,,False,False,940.8,930.6,1543407796.0,1543407796.0,82768ad22c977eebc0f3cb92a0abd536,False,0,0,False,20232024,1,a1430496519,~~hzCffglHvVn@}@oFcDmA}FnCaO[aAbApCzAlT[vEhA[kEiDwBiIlCwMc@B`C,2,,,,,,Diego Galdino
2,Corrida matutina,6735.4,2124,2227,55.7,Run,Run,1.0,Strava App,1425037799,2018-02-25T10:15:11Z,2018-02-25T07:15:11Z,(GMT-03:00) America/Sao_Paulo,-10800.0,,,,5,4,0,41,0,False,False,False,False,everyone,False,,"[-25.41, -49.27]","[-25.39, -49.27]",3.024,6.8,,,False,,,False,False,927.3,902.0,1537757131.0,1537757131.0,031911002cdebf46ac5a3ba1b0359b7d,False,4,0,False,20232024,1,a1425037799,juazC~nukHPiEvA_@pRZfCeA|Ad@MpBzBhFj}@xOc@xByLaAeU~AC{BcX_Cgf@vCmHeDaSs@ySxA{[?cDmAeB`BwIeFwE}KuRmAOeDJzB,2,,,,,,Diego Galdino
2,Entrando no ritmo,30033.1,9494,10475,485.3,Ride,Ride,12.0,Strava App,1412667950,2018-02-17T18:13:13Z,2018-02-17T16:13:13Z,(GMT-03:00) America/Sao_Paulo,-7200.0,,,,6,1,0,2,0,False,False,False,False,everyone,False,,"[-25.48, -49.52]","[-25.48, -49.52]",3.163,11.8,,,False,,,False,False,964.0,873.8,1524746237.0,1524746237.0,05147b1b269e6c3e135ab4d4ff8c52eb,False,0,11,False,20232024,1,a1412667950,tgozC`sfmHvBmA`^lYzQbJdB_DjEMdNhG|FQ`OhM{@dNcOzNGrJ{BhJaJjEoHhTtVcEvKzBbCvDzHtBfHeAdPxEbHlHzNrFlOs@lByBnCBzIfHzDbHEvDsFnLfRvEvKHnE|BfQiFzHpDvPQhL}GxOdChOqBjGxGjHkDtFj@fFuA~OwPcByOrLg]zIgJh@_N|BkKlE{EbIsC|Q|B`NcEvJc^bUmGxKgOuDkNfD{LeCwA}Kc[cEiE_A{Z_D_CmCqK{F_K{EwB{A{CkNa@wP`Vk_@fD_Fa@qQ_LuDyOX_CfEkEIoDuKqAwPcTwFuXDsGfB{Ew@aMwAuD}K_DgGaIuQdJkRqAoKbGiLtB}JkB}DtF_MjGgVfFg]lU{EIkTsJmf@u@{OhBEfH}DtMJvH_O|CwOnIwBnEc@vFlBpLwCtXyCfJ`CjM{GjS~@xJaItL,2,77.7,,,False,737.8,Diego Galdino
2,Treino longo,36443.3,11724,15480,542.7,Ride,Ride,12.0,Strava App,1390037101,2018-02-03T16:15:08Z,2018-02-03T14:15:08Z,(GMT-03:00) America/Sao_Paulo,-7200.0,,,,11,2,0,2,0,False,False,False,False,everyone,False,,"[-25.44, -49.3]","[-25.43, -49.31]",3.108,12.8,,,False,,,False,False,1016.0,897.0,1500059643.0,1500059643.0,005f3acb3aff4f080e73599fdcca82f2,False,9,5,False,20232024,1,a1390037101,fcgzCxh|kH?JcHvCsAVeAbA`@vBdAbEpBnGcEzD_AxA]NDXQJ_@lAFt@CzJ}IvMeA@aC~@yFpEqA`BAx@aAAQ^[HWz@f@dE?dA[l@y@|DF`@~A|AvAlC\`HDZXELf@tB~Kl@zEQrJGbAQTCzD[bDJjCU|PB`I]`i@YbL]jCJzAElMElJKnAGpI^jAJfBQsBOT@pC^rI?zC^fAZzFdA~Hp@fMAnDr@bHBnGl@hJ{@v@aJ`Ac@f@KfC]b@yCRcIrB}D`@wFe@qQwEeF{By@@c@f@BTjBdAxHpAnOjEjFXj@RGfEa@|ClA`GDvBM~BuAbEQvBWt@s@bAcE~CmAlMMh@m@\wAu@]?gDlFmBpAsCxCqDx@{EdBoC?aDiB{BKYTWxAaA|@m@a@i@^kFKkDd@mA`AmA~AcAd@Qf@Ct@Yj@}A`BsBzGQtAH~BIlAi@z@eEjAa@ZwBlDWfCeBjDuB`CgCjBq@vCYd@iBj@qA`AcBXe@n@Gd@YP}F`@w@p@i@|A[^eBT}Ae@cAJuAhBwEdIoCfDcFxAy@vBgCdCaB~@o@tBJzCU`@eQzIaCt@iDlBwA^o@n@cVzK}BvAo@dC[hFH`CGv@`CvAfAdAtAvB|AtIP^^?pEwC|H}@jD{@tCz@xB?|@|@b@bChDbJfBpGRbCS~Cb@vDdAxAtAz@yAhDMnAZhGAdDd@~BB|ANAK{Am@kCFcE]gFL_AxAiD~DiB~D}@vF}B`CMhDvAtBX~AbCfFrB|CW`Gh@nEnB`JaAhDaEvA}DjAoAlGwEs@aQ?uIfAmNdAmBbBeBfBmAtAwBzB}AjBqBjK_GfC[bBk@fAw@Tu@CwA`@u@|@cAxABXMnAiBXiAh@w@^cBtBuAv@mA~@eD`@q@?uAD`ALFnF}@lAi@`@oApAuBrC`@zFiAlAwCp@}@h@YnJiBbADdRli@nBlKdAzJI\Fv@D_A`AIPt@UiD]aA}AyMu@{CaQ_g@cBkFq@_DcAqGsFog@SoCEwFFaDXwB~A{DhBqB`CeBrEuEbDeCvEwG`A}BhAcE~@qJaAaWYqAu@uPcCe_@iA}REeDqAkSaA_TXc`@GyBf@_[Ia@FyPPsJLg\VgOf@_KHsE]mEo@yBsBgKSwFP_Cn@aCfAwAlBmGtAiFbAgCrAUfF~@VV`BEnB_ArEuEqCeFuFaH@]Sa@^k@G[PiFGeDh@iBb@Qn@cA,2,66.0,,,False,774.0,Diego Galdino
2,Corrida ao entardecer,5007.3,1553,1558,21.3,Run,Run,3.0,Strava App,1383645917,2018-01-30T20:57:08Z,2018-01-30T18:57:08Z,(GMT-03:00) America/Sao_Paulo,-7200.0,,,,14,2,0,1,0,False,False,False,False,everyone,False,,"[-25.44, -49.3]","[-25.43, -49.31]",3.224,5.2,,,False,,,False,False,942.1,897.0,1493449854.0,1493449854.0,62d3a6a43a0360499f18011d552567cc,False,7,0,False,20232024,1,a1383645917,dcgzChh|kHCBELH@FE\E`@Dd@GZ?BD?NVl@Xd@Gd@AFSRELa@\GTo@bAMXMNc@r@iA`DG\GREb@?PSz@oApA]LUb@]b@KFILMFe@h@g@b@OHIPCTIBS^c@ZK@IFCNKHYv@Ix@B~@B^Ad@Fd@@f@M`B?f@Ib@DREBKN_@^IRGHENWZKVe@f@eEbHWCa@?YJWPWFYN_@`@OJk@f@w@`@i@h@aAt@s@p@m@t@e@^]B]EQG[W[g@]]a@u@Ic@OYs@cCG]K_@Sa@c@i@MEi@c@cAm@USQSSk@Gg@?STmAPi@Te@X{@d@oBFa@?SOu@MYm@c@e@c@_@W[Os@i@i@WWA_@Fg@Ve@\ULo@TgAp@g@LI?e@Hs@HUAMKOSIQEOEu@Ga@m@gCEq@?QDWKcA?SFIL?j@Hr@PFAPG^Gl@IT@VBr@Zh@LNEd@AfAYn@CPKFK~@aCFGTKd@Yr@]|@Mh@E`AF^AXPj@dAn@t@FLd@`@T\BHJHb@z@f@r@TTNFJHf@\HT^`@FPTNf@L`@XTZTf@b@vAPz@@z@Hl@Xn@t@lCLh@F|Ad@lCFn@@x@AZBRDDPBb@@DEbAuA`@{@p@}@d@aAV_@VUDK,2,,,,,,Diego Galdino
2,Corrida vespertina,4820.0,1595,1651,26.8,Run,Run,3.0,Strava App,1352192851,2018-01-11T18:55:36Z,2018-01-11T16:55:36Z,(GMT-03:00) America/Sao_Paulo,-7200.0,,,,2,3,0,1,0,False,False,False,False,everyone,False,,"[-25.44, -49.3]","[-25.43, -49.31]",3.022,6.7,,,False,,,False,False,938.8,897.0,1460909536.0,1460909536.0,9fe1df87e096873e76c7cc9f384b58c5,False,2,1,False,20232024,1,a1352192851,rbgzCxi|kHDFD??GCO@UBFEBYDWHo@ZiAT_@`@e@HM?[Ho@Z_@TE?GJe@VODI?I@GDAHTj@J\LbANr@Nh@V`@ADFNFf@@ZER?XHJ^j@j@vBXr@GPQJSR_CtAg@bA[`@UNKJCRSRMZGl@Ax@?vAFn@Lt@SbBAb@EL@ZCFQP}@hAKHwArBGJCJg@z@w@bAQZUp@IJGBKAe@@m@d@G?QJWRm@t@URKFq@N]PcA~@ILe@b@OT_@Vm@h@YL_@B]IYUs@[y@w@]w@Cq@M_AGSG_@Sq@AQIU]g@e@_@m@[GKo@]gAgAD[Cu@Fg@HYLoAR{@Vk@Ng@^cA@QKs@GOgBiB_@Qk@g@WOg@OIAm@FSJw@r@iBv@m@^{BRYC[YYg@K[m@}COa@Gm@Jm@QaA@QHGNA`@@d@Fr@CXKPKv@IT@ZHp@Xl@Hb@Gn@MR@j@CHCRSHMRo@^y@RYPOz@Y^Ud@Iv@AlAD`@HPPh@v@h@l@f@ZhAlBNd@\`@NLRJ\Zd@h@?FDHD@VTDNHLFB\D^Lb@`@RZj@jBJn@P~BVr@Lb@f@jAVhARrBHnBEJJhA?r@@BHB,2,,,,,,Diego Galdino
2,Pedalada vespertina,10201.0,4248,4762,164.8,Ride,Ride,12.0,Strava App,1340968127,2018-01-04T18:58:55Z,2018-01-04T16:58:55Z,(GMT-03:00) America/Sao_Paulo,-7200.0,,,,3,1,0,1,0,False,False,False,False,everyone,False,,"[-25.44, -49.3]","[-25.44, -49.3]",2.401,8.1,,,False,,,False,False,951.0,898.5,1449170683.0,1449170683.0,a77eda3d345aae16ec6f9a37be1bbe55,False,0,0,False,20232024,1,a1340968127,fcgzCth|kHDGf@Ib@OZQh@IvBu@l@]JMd@GlBu@FGXqAVw@DQ?OZk@b@mALUp@q@h@WPYf@e@NGj@i@LENQTKf@g@@OYkAUi@AUSy@?W]oA_@kBYy@_@uASe@Km@Uo@CS]_ACI@OOUe@uAOw@cAaDU{@AMu@yCWk@WcAqA_EEg@@GW_@i@mBa@gAGa@KM?OKUEWM_@E_@Z[LSJGb@g@RM`@k@BI?S@Kx@u@l@u@FSNSb@]l@w@\UjA_B~@s@b@o@|@y@L[JK^MZCn@U@E`@OJNDAz@g@~@]LOEA`AOt@Uz@Ix@UFCl@aAOe@Q[IYw@uD_@aAQeAOg@Ug@E_@M_@Q}@_@kAa@kBQq@_AqC_@{A_@aAAKOWm@cB_@{@YqAOaBaAoDo@sBEc@~@a@|Ay@vAg@TBRCDIx@c@r@WzAs@d@Qb@Gj@Yj@Qh@WZGl@[pAc@BEr@_@TEhBo@t@_@PETAtAq@dC}@lDaBREl@W\IJEDKZKVSl@GLKZKf@KAGUPQDMFDACEEA@JKFu@JCH@LFVRl@Fd@b@lAh@CXI\DrBk@F?HL\tAR`@Fb@Rd@BNAHn@~BRz@Vf@BTVf@Lh@D^Lp@VbAVl@Hd@r@nBh@dBd@|BHRJJPdAn@rB?HSNqAZs@XGDO`@WVk@Lq@ZqC`A_@HADEAKFSB}@d@SFM?i@TON_@NqAZcAb@e@HqBt@SDa@V{@`@[ReAPSLe@FUFADAFZrANdBTp@?LWJAD@DMBALVp@DFH@N\^lB`BjFJx@z@fCLd@Jx@|@~CRz@@RZb@DAIE?FNt@Hh@Jf@Vr@D^Tl@D\PTRf@RZ@t@PfAJPJd@BR]HOLIRg@XmA^_@ACTs@`@mA\S?WHOEQBE@IJs@PWLKNGL]To@T]XcATkAn@eAVg@\s@VMPa@RI^@LXfBALJj@L\RhAKV?`@P|@J`AR|@JXj@dA@DRTTj@DFLDDNc@R]VSHy@L_@LOJ{@Lo@\SDCZSXSRMVKF?EQPE@GTeAlAe@Xg@PeBXaCx@m@b@mCvB_@d@iAx@[\_AtBI`@s@`COVSPcAd@{@PKHqDzAq@PoAf@KI@GMv@@O,2,58.8,,,False,249.7,Diego Galdino
2,Pedalada vespertina,13833.5,4656,5029,242.9,Ride,Ride,12.0,Strava App,1326993134,2017-12-25T18:05:46Z,2017-12-25T16:05:46Z,(GMT-03:00) America/Sao_Paulo,-7200.0,,,,22,1,0,1,0,False,False,False,False,everyone,False,,"[-25.44, -49.3]","[-25.44, -49.3]",2.971,12.5,,,False,,,False,False,963.0,895.0,1434682197.0,1434682197.0,c142a94a7076773330b528f756a037f7,False,0,1,False,20232024,1,a1326993134,bcgzCbi|kHeD|AgDjAm@^OPg@LEF\x@bAvDb@hB?Tt@pBHh@Dv@LVTXt@tBVj@Vx@VzARh@@DLCDDANKNAL@RJd@d@v@Hf@Pn@t@jBXj@h@nAVz@VlAJlAAlF@x@JjA?lDDdAF^L^b@|@tCvDT`@Xv@JhAEzDIhDMVKn@Uj@_@j@uAr@SPs@`@UJYEc@Hk@~@SREPOfBAh@J`Ad@~BDx@L`@Hd@Dl@?h@EfAIr@@ZGn@GVKTOh@k@xDI|BU|@Kv@W|@_@lCAl@[bCBpATbAf@v@PPn@rArAxAP^X|@p@p@NTVNVn@v@dCXdBVt@H`@HPZ~AfAlDJn@r@lBjAhFPlBJhBFNTxB?h@\fBPbCp@nGLbCZnCBr@?Z^nCFjA?dAf@nCLTNBJNAd@FnBKlANv@@`@Eh@Sf@MjCLzBZvCTzA\xAt@nBBRTV^x@Nj@xBpCXRx@v@d@\j@T`BbAr@XlAXpC^lBFt@El@OfD_C|@[pAUpBBp@EdADJFFJCRMJUD_CBg@Iw@]{@G_@FcAh@I?cBrAaAXg@FeB?mDc@mAYq@_@w@WmBgA}@u@WGcAoAOa@gA_Bq@iA{A}De@aCIs@?q@WoEF]p@}AJu@UaE@}AGa@c@UUk@E[GwAG}@KeAKSOkBJ[@OSgB?SMmBYoCGQSOMm@GqA@]k@_FW_DBo@Oo@EkAK{@S_Ac@yAc@}Ba@oAIi@MWKgAMa@Ec@I_@w@yBKc@iA{Ci@wCiAcC_AiAq@k@s@aAy@aBo@qBW}AA{@NmCTmA\g@FYJkB^_BB}@XgA^sB?s@Dm@Ly@N_@Jk@@eBCk@e@qBEs@WgBM_B?{@Be@He@JY?Iv@s@fEwAh@]^g@Xq@Jg@NmHImCSy@c@}@cCaDi@oAUu@Iq@Ai@BkBAiFE[OYAQPuBGo@IY@[E]Ww@c@{@YaAIc@[{@S[]uAe@oAWcA@LIMOIm@DaAR}@l@_@ZGK?Me@sASiAIQKQYGQKGWOGIQ?MHUPMrAwA@GZWp@{@RI@ECQO]b@\^LLKl@q@NAPKLYD]HIEc@@Uh@iCDSZk@d@u@@ICYDMJMJYHECDfCaEvAgBLEJMTETUx@cBEO]AcE|AyC~@o@XE@CM,2,64.0,,,False,297.9,Diego Galdino
2,Pedalada ao entardecer,12128.8,1699,5122,128.8,Ride,Ride,12.0,Strava App,1302304555,2017-12-04T20:20:39Z,2017-12-04T18:20:39Z,(GMT-03:00) America/Sao_Paulo,-7200.0,,,,11,4,0,2,0,False,False,False,False,everyone,False,,"[-25.44, -49.3]","[-25.44, -49.3]",7.139,13.2,,,False,,,False,False,963.0,894.0,1409314358.0,1409314358.0,ae17bf00f5abca2350e292f0e0c3620a,False,1,1,False,20232024,1,a1302304555,fcgzCjh|kHj{@jsI@EYqAGAc@Hq@]WIS@IAWKWAWC]QIAUKi@m@GEk@MOMa@OGKFQR_@f@m@L}@FKLIV]AEkA]UMYIqAuAe@_@]SOU_BqAk@_AUq@[k@}@oBO_@}@gF@IIk@AiBGe@Cy@Fk@Bk@Z_AEg@L_BGe@AYLoAIs@IU[WIU?YGaAWo@KyA?_@Y_DOqAEkAKsAU{AE}@u@mFOu@S_CImA?QKi@A]OmAKsBQaBWqAQq@Uu@QY_@qCCi@O_@s@wAg@yAW{AaA_EoAsD[m@Wc@k@m@cAmAmBcDWaAKm@GwA?k@Lu@Bc@d@aC@_BDe@Jo@^_BDe@LYTUVaBX{@EUEG?MHa@?MFi@JYAm@Bk@Ja@GaA?o@Qs@Q}BYmAMgA?iBJ_@b@u@X]ZY|@k@r@]nA[PI^]LQHSTy@BS@eAGcABkDAoAK_AUu@a@u@a@k@m@o@c@o@g@i@]_AGgABqBFs@CcA@g@C_@Ay@Dc@MYFqAMgAIQCQIOKAGu@@]M[IMIk@Qm@ISGa@QSm@qASm@Ki@_@eAYc@I[DKf@PDD`@Ef@a@V[l@g@^Un@UVOzA_@RKDG@OCSa@iAk@kAK[?WCODOGc@GQASS[Si@_@wBYw@a@eBMQEAIa@?EPYLc@LSDG\o@X[E]C_AG]QYSe@SCg@B_A^QBEABOR\E??E,2,69.2,,,False,117.5,Diego Galdino
2,Corrida matutina,10067.1,2801,2801,117.2,Run,Run,1.0,Strava App,1290923068,2017-11-26T09:00:35Z,2017-11-26T07:00:35Z,(GMT-03:00) America/Sao_Paulo,-7200.0,,,,13,3,0,12,0,False,False,False,False,followers_only,False,,"[-25.43, -49.22]","[-25.43, -49.22]",3.594,5.7,,,False,,,False,False,940.0,893.9,1397687176.0,1397687176.0,418b578932abbb32440cb7763d28c9d5,False,12,0,False,20232024,1,a1290923068,vsezCralkHr@}C{LbcCd@xLeQzCiXoPoNlFiQsj@vEqUpHg@l@fLaAlEbCTtGwBuA_QzLo@lE`P_FbC@fAvJr^hQkFlBvEbD{@rLa_CoBvI,2,,,,,,Diego Galdino
2,Pedalada matutina,6968.6,1571,1617,134.3,Ride,Ride,12.0,Strava App,1273520775,2017-11-13T12:21:28Z,2017-11-13T10:21:28Z,(GMT-03:00) America/Sao_Paulo,-7200.0,,,,1,1,0,1,0,False,False,False,False,everyone,False,,"[-25.44, -49.3]","[-25.44, -49.36]",4.436,11.8,,,False,,,False,False,964.8,895.0,1380198006.0,1380198006.0,72e353a1c075466856700d394ef0a09c,False,1,0,False,20232024,1,a1273520775,zagzCni|kHy@Co@`@OLEHi@\KLE?WMo@Je@NcB|@FH?LEv@Hb@PNn@v@VlALxAPbA^dBh@fBCL@LPRZNT^b@dALb@Hl@Xx@Lj@Vp@DR@^\`Af@hAJ`@JbAr@tBRt@\z@F^NZR~@VhB?`AIdBGdFBfBNjBh@pAvClDRb@Zv@Nl@FdBKxBD^AROl@C`@Bb@Gz@Kh@Yp@m@j@U@q@VW?KJG?GAIDO?_@ZWFGPOLG@_@d@]v@@DQn@CX@ZFP?NPhATh@@d@FXDz@BJPZH^?h@Fp@CtAQd@OlAK\In@X`@?PGJ_@PQ|@QxAO^On@g@dEOzB]|AG`A@d@d@zCLf@HPHFZr@PRNJJNHBFFFj@HHVn@LJl@TTRPT@HLRBNLZRTAh@Lv@Zd@`@b@VHPRXv@JLDTCl@Hp@Kj@Bj@JPHb@`@n@FP`@jBBFJJ@N^hAFb@HLPjAJ`@Bl@NtAE`@@RRrAR`@f@z@Rj@ZdCFvAChCB~@E^?d@FvAF\\b@Jt@JHFNFf@EpAFXNf@B\EdDBh@Av@@PZfBETM\?d@DRAZBXSrAWdAF`@@^\`APVp@h@FL@ZE^C`ARlD\zCf@`BRbAZv@Vd@|@t@n@`Aj@h@r@l@n@\bBnAtAj@N@@ZE\}@`Be@n@ERDVND\XNDPLhCf@XLv@Pj@Pt@LPFHNEHI@]?_@Cs@@oANg@BSDs@COIYGQHO\a@vEAh@FxBJTDFFBlAERG,2,112.6,,,False,177.0,Diego Galdino
2,Quase 10 km,9036.8,3248,3330,175.0,Run,Run,3.0,Strava App,1238613226,2017-10-20T08:01:38Z,2017-10-20T06:01:38Z,(GMT-03:00) America/Sao_Paulo,-7200.0,,,,0,2,0,1,0,False,True,False,False,everyone,False,,"[-25.44, -49.3]","[-25.4, -49.24]",2.782,5.7,,,False,,,False,False,955.7,899.0,1344949772.0,1344949772.0,db5afa99c56149e5d36937ecc75788da,False,0,0,False,20232024,1,a1238613226,hdgzCzh|kHGBIEG@K?OS_AVe@PUHOJe@Rm@`@{@^QD]^}@`@WDK?IEIEEMg@_@McC@OGAEEMqBWo@SGEOIEM[Ou@MUAK@OGOAk@a@_AMKEGSm@AQB[Ge@e@eAYaB_@[b@c@KGI@QQQe@EWUe@GWWyA]a@YMCGi@mAAGFy@EICS]o@O_AaAwBB[KEEI@GG@CKBESOYm@Og@Mq@MW[_AMaACKGMOaAEe@a@}AEc@Mm@UYO_@CQo@sB?OMWKi@Ui@Ie@Ym@E_@s@oAASBg@H[L_Ad@aBBqAJgBLiCTcBLsB?_@F{@He@VgCRkA^aADU^s@b@cAJ]h@kAJa@AgAKc@Eg@EU[m@So@SoAa@aACo@My@IYC]AI]_@YmAMWQU?GQi@C_@Jq@@UAUKg@a@s@Ik@Mi@Oi@MOAEd@_@RI~Ae@h@STGf@URCHm@C_@Me@Q_@A{@CM[UOIa@k@KGYq@Hm@?]COI_@EuAUeAWg@QMoA]]EQMSCOFG?]]_@IIIKEAEOA[@eAUSKY?ECE?SBKDQB_@?SHa@AEDSBYIOMGSCCq@BYKIWVcAASEQqAc@k@c@QISUKUIS?WCESSKESQOY{AcBUa@u@u@[c@UMe@e@QISQK[?O][s@_@YKc@IOI]KgAk@kASYIMIMWw@g@WWa@q@a@[GM]YqAwAuAcAUM_C{CQGWAg@KUIWSg@SOM?WOQKWMEOM{@eAkAi@iAcBs@m@_Ao@o@}@OQoBmA]k@W[]U]i@]YU[UOS[m@[q@q@q@g@UWm@k@KWWWSe@Yc@QGGG[Mk@g@q@c@iAaASGKIm@u@MWYYMS_@Ww@QYOs@u@a@e@GCW@]QQOSg@SCkAyAm@g@Q[g@i@_Ao@AI@Y@C?SWW]s@[a@_@Wu@}@[Qy@FSEMIKOYYUOYIwAyA[]aAo@e@c@_@g@eAy@WQc@_@EIa@[eAaAs@_@OCIIMGe@i@w@i@u@u@EI[QEOYk@c@i@m@k@a@m@qA{@Y_@YOg@i@MS{AoADQR]r@{@HQRa@Jm@x@wAbCqCdAu@`@a@DKNQXQRWTK`Aq@RSl@]LUDSK_@Ic@M[YYYk@U[EMOS,2,,,,,,Diego Galdino
2,Vamos que vamos,6804.5,2037,2045,85.8,Run,Run,3.0,Strava App,1237325620,2017-10-19T10:24:12Z,2017-10-19T08:24:12Z,(GMT-03:00) America/Sao_Paulo,-7200.0,,,,4,4,0,1,0,False,True,False,False,everyone,False,,"[-25.4, -49.24]","[-25.4, -49.24]",3.34,5.6,,,False,,,False,False,942.1,899.9,1343652940.0,1343652940.0,e36afc192150bfd5718ff5f12c42707d,False,2,0,False,20232024,1,a1237325620,fj`zC`kpkHRd@^l@H`@NN\v@PRBHDFFAFGJARKh@[j@e@LQxEmCRSLWTGPIHMTQHMv@i@\_@XMTUTKd@_@XOp@i@|@m@TMJMz@o@LOVQFKNKFGxA_AFIh@c@BWISQUUy@c@_Ac@s@BG\c@n@c@VWjA{@Xa@XOhAaAnA}@fA_ARMVMXUFOBOAM?g@K}@IO?UBIh@k@NMlAm@VGPO^Op@e@tBiAd@]HIDUA[Sy@o@sBi@yACOQ]Os@_@{@G[KSIe@]eAWgAI[MUE[i@aBESE?ES[u@Ka@IM[oAm@gBEWe@sAe@iBc@iAMOSEy@@w@EOHW@_AAeCBKCKBo@BmCMkECUEKKIe@?yADqABKA]F{BGm@?YB{ACE]Ws@U][]o@cAuCU[QQe@e@WKq@Oy@Gs@D}@L}Ar@q@NcAHi@Am@CsAOS?e@HWLYTUVMR_@`Aa@h@]P}@TSLUXm@lAg@tAi@dAM\MTM\KLy@zBW\w@dBSPaDjF]T]l@STg@Z_A^aDpBaAr@UXeAl@o@h@GDATO\CTDZDJx@`B`@j@JXl@~@JVZ\DHp@bAd@`APVNXz@fATb@\~@p@tAlAnB\n@PTV^x@hBp@fA\d@NZbAfBFRVZz@bB~@tABHHJtAbCj@jAl@z@z@~Af@dAtA|B~@dBx@rAPP~@~AN^~@vAF@DA@EH?,2,,,,,,Diego Galdino
2,Tfm e trollado pelo celular  8km/37min,7764.5,1539,2626,58.9,Run,Run,3.0,Strava App,1235842564,2017-10-18T10:20:02Z,2017-10-18T08:20:02Z,(GMT-03:00) America/Sao_Paulo,-7200.0,,,,19,2,0,1,0,False,True,False,False,everyone,False,,"[-25.4, -49.24]","[-25.4, -49.24]",5.045,5.2,,,False,,,False,False,942.1,892.1,1342160677.0,1342160677.0,f74ab3c75f82cbe5390401568d97a390,False,15,0,False,20232024,1,a1235842564,jj`zCxjpkHBDngCfl@?KnBrAXH\VNDf@FRFR?TKt[rCHNXTFTFFVBFFNNHVHFHPFHl@^HRl@RHFfAZd@XT@z@Pd@TDJFABGCEQK_AYcBUmB}@KMs@i@[]{AoBE@m@i@_@QEG?IEEc@Sq@IkAIa@@}AQwCMSCiAA{@IS@kAKaAEe@?YBUKm@IG?YIMA_A[}CkB{@m@MEwA{@KAo@]uA_AsC{Bc@m@CIq@i@_BcBaBsAs@u@sAaAg@WCEa@Oa@GeA]mBa@qAa@yAQeBi@a@E]Ga@SqA[u@Wm@IYM[IoAi@kAs@QEs@a@s@c@u@]YUYMYI}@E{@De@Jo@T[FSHG?yA\I?UIi@ASBqBb@g@T{B`@u@Fk@Ay@Bm@D{@Ps@b@m@p@M^GHCJGFGVc@hAC\BJ?ZKHk@hAa@ZgAn@g@`@}@`AaC|BAYSm@BSI@U]i@y@]y@mAqBSa@MIWYEM?GBEMOs@yAgBiCO]yAgCQe@e@{@CKBYK[EAAE,2,,,,,,Diego Galdino
2,Tfm,5600.0,1951,1951,0.0,Run,Run,0.0,,1235114766,2017-10-17T10:30:29Z,2017-10-17T08:30:29Z,(GMT-03:00) America/Sao_Paulo,-7200.0,,,,0,2,0,1,0,False,False,True,False,everyone,False,,[],[],2.87,0.0,,,False,,,False,False,,,,,,False,0,0,False,20232024,1,a1235114766,,2,,,,,,Diego Galdino
2,Corrida matutina,6816.6,2124,2130,84.7,Run,Run,3.0,Strava App,1232842126,2017-10-16T10:15:16Z,2017-10-16T08:15:16Z,(GMT-03:00) America/Sao_Paulo,-7200.0,,,,4,4,0,1,0,False,True,False,False,everyone,False,,"[-25.4, -49.24]","[-25.4, -49.24]",3.209,4.5,,,False,,,False,False,942.1,899.9,1339129138.0,1339129138.0,b57367665d9746fe8d9ca6e96c04fcc1,False,2,0,False,20232024,1,a1232842126,hj`zCtjpkH?HBTJNBPP^bArA\v@B@JCZOTGNIXYz@i@`Ay@~@s@bAm@PQZQVUVM~@aAb@Oh@YDENYb@]j@a@NCXSTKhDmCTWFAj@i@d@[hA}@NEZWZMPShAaARU@GL?XMv@s@b@U`As@^]XQRYB_@Is@@c@Cc@?YIe@SmCGQ?[AS@WCU?OF_@\YXMJKrAu@l@c@d@WlAi@\Wv@m@F_@Io@Sc@Mm@Qc@Mi@[y@a@_BSm@MQIYc@mBe@mAQo@KQEYg@mAOk@KOCUOk@O[_@kAOu@Qe@cAuDSk@KQGE_@_BUIy@Ew@?GB{BEiCFmDImAGW@wBCQECKIm@?GDIIwAAa@D[?c@EaADyA?sAGo@IMe@Oa@YSOOSQ[}@iCSe@g@k@a@Wq@UeAMo@@i@NQF_Ah@g@Vg@Hi@B_@CmBSaA?WBUFm@\a@b@c@fAYf@k@Ra@Je@FOFY^Of@e@dAeAzCU^IVKNa@lAa@t@_@~@U`@y@v@WPE?IFm@jAQNGP_@d@GDa@f@QLQROFOJOTUNILk@h@EBG?]^s@f@OPu@h@_Aj@u@l@g@j@_@RQR]VEB?F`@dAt@bARr@RTVn@d@n@JJVn@d@v@JLb@p@j@tAf@x@DLNZhAvA\f@@JPRRn@j@v@p@zA|A`C~@`Bb@n@BJFHVh@PVVr@R`@rAvBRVb@t@Vl@r@dAZt@Hb@^x@hAfAv@tAb@j@FT|@pAhBlDNb@f@x@FRJLb@~@FFD@J_@AY,2,,,,,,Diego Galdino
2,Corrida matutina,5087.6,2099,2133,39.5,Run,Run,3.0,Strava App,1225207101,2017-10-11T11:32:31Z,2017-10-11T08:32:31Z,(GMT-03:00) America/Sao_Paulo,-10800.0,,,,5,1,0,1,0,False,True,False,False,everyone,False,,"[-25.4, -49.24]","[-25.4, -49.24]",2.424,4.7,,,False,,,False,False,942.5,911.2,1331385552.0,1331385552.0,f7d4f3565048f87d96c5ee953fae7ff2,False,0,0,False,20232024,1,a1225207101,dj`zCdkpkHBRJZDb@NXTXz@`BLBf@l@\bAJN?PX|@T`@RPT\NJRd@NTRh@TP\n@JHRf@b@f@HV?HPJN\HJHVJRDXF?LEt@i@l@{@ZQPQb@Y^e@b@a@v@YJMVQTk@RS@IP_@BCJm@H[AS^sAFO`@c@FQNEVQZGPMLCf@IdADh@KX?^CvBe@HCDE`@Mj@GjAc@`@GZ@RFVBzAY^QD@\Kr@I^BfA@FDL?PDvAl@rAt@~@`@t@n@|Al@BFbBXrBh@f@d@DBPA|@Fl@Nl@RlBVwBc@i@SMGk@Io@W]EQOo@Gs@WcAUo@W_@Kk@WMOm@Qo@c@YOSEg@We@_@YKUQUIWE]Ky@Ci@De@LKDQ@_A\k@Hg@La@BQIUCk@Dw@TWB]JQ?cA\]Dy@RY@YA_A@qAHc@FUH_@TKJOVe@l@KXMLUjAMdAGPGDEPQ`@ORk@b@a@d@]Tg@f@KH_@Ni@`@m@z@EBCF_@XOPGBCIAWMU?IIUBKW[KUU[[o@g@y@QOIWKMUg@e@c@Q_@ASDBMOECUUo@sAUYSk@MSKIAUOUOE?GISYa@k@iAk@_AESGGDWAIM[CCEOOULINSJILCVPXLHBN@VCZMDGVEL@^FH?DFf@FTAXBF?DSXy@B_AG[ECWAa@IYe@Y[Qg@S_@AI[c@G?OH{@x@,2,,,,,,Diego Galdino
2,Corridinha pra voltar ao ritmo,5409.7,1843,2221,13.5,Run,Run,3.0,Strava App,1223714048,2017-10-10T11:26:05Z,2017-10-10T08:26:05Z,(GMT-03:00) America/Sao_Paulo,-10800.0,,,,13,2,0,1,0,False,False,False,False,everyone,False,,"[-25.43, -49.31]","[-25.43, -49.31]",2.935,4.4,,,False,,,False,False,902.0,897.0,1329883739.0,1329883739.0,0cfa8533619004b6be66290163d722c5,False,3,1,False,20232024,1,a1223714048,zdfzChl~kHqPtJ_G{LmEuDpBoK[wCyFuDcHbDsDi@gAqKxOElDqErFI|OdPdE`QV|IyMhK{DqB}B_IsEyDjBeL]gC}FqDsG`DiDAoBkMnLR`EgC,2,,,,,,Diego Galdino
2,Corrida matutina,5129.1,1371,1414,61.2,Run,Run,1.0,Strava App,1210007332,2017-10-01T10:00:47Z,2017-10-01T07:00:47Z,(GMT-03:00) America/Sao_Paulo,-10800.0,,,,7,3,0,7,0,False,False,False,False,everyone,False,,"[-25.43, -49.22]","[-25.43, -49.22]",3.627,5.9,,,False,,,False,False,932.6,894.0,1316005947.0,1316005947.0,dc0ff2fe2ba52d916062a1d2c028a209,False,0,0,False,20232024,1,a1210007332,jpezC~plkHbAi@`@lA}GdqAgUfIcIkYvPmFhChHdI|B~@{@jHa|AqAtSaEd@,2,,,,,,Diego Galdino
2,Pedalada matutina,9543.3,2349,2487,170.4,Ride,Ride,12.0,Strava App,1205436872,2017-09-28T09:16:58Z,2017-09-28T06:16:58Z,(GMT-03:00) America/Sao_Paulo,-10800.0,,,,0,3,0,1,0,False,True,False,False,everyone,False,,"[-25.44, -49.3]","[-25.4, -49.24]",4.063,13.9,,,False,,,False,False,955.7,899.0,1311363606.0,1311363606.0,8f453e9f3dfe4c3bc05bb0f6bc3c76ae,False,0,0,False,20232024,1,a1205436872,xcgzCpi|kHCC?CMDCL}BTgAVk@X}Aj@mAv@GHOFODSIFICgATeCoBaDaAeCMQm@{AKOIGWaAy@yBGe@Uk@U}@J{A_@s@MEw@eAKIUm@?UHWOiEGIQ?MSECEMQS]UQk@Se@Dk@w@{BAa@K]OCGc@B[CQKWc@m@e@{Aq@gCOa@UmAo@mBYuC_@}@q@}CW{@O[Qi@DoAJ_AF{@NqAV{AHw@FQDe@FSA}@F_@@w@PkBC[Po@RoAL_ADw@Fg@d@wAbBiEJ_@AODOCW@c@Qg@IMGMYeBc@kA[oAKmAG[S]C_@a@kBO[EUO_@GSE]Jw@Ss@Y{AO_@Ou@KUMw@?[`D{@dBu@FISw@CQY_A?Gu@_BEa@O_@B{@Ce@M_@Uc@Ms@@KCQs@eA[KMCe@QWAq@QcBI{@M]AKCOAyAa@o@Ky@Wi@@YEk@?]EIMEe@Hw@Bg@EIGCQAWEe@OUMKMMSWWIMCQKMMKa@Qa@[c@k@g@g@Wc@]e@QKMQ_@OS_@U_Ag@}@IIG[SSOISGeBw@mAWo@Ak@Mi@U]]OWQOWi@[W[Qe@e@IOK_@IMg@_@i@i@UMUIw@g@e@i@QMqAaB_@Q_@MEEOIsA[a@GIU?UUk@KMO]IKSIGCS@EEmDcEMKQIaAqAKu@OIS?AFI?i@g@e@Og@a@a@Mm@_@KOTEMBBAOC@MCE?IG?IEy@q@QAEMc@q@}A}@[Ym@}@Ok@g@cAISKGUIc@Gm@q@O[SOm@WYUEG@IK?MKG@EAa@c@YQQUg@YW_@OIc@GWM{@{@Sc@oEkFu@Sc@GKKIM^BCY@ODK?a@KSSs@ISKMu@Mq@o@GA]Ba@[G@GECIE@KLe@VKCSU[m@g@i@i@YyBuB[Yk@]_CcCqAgA{@k@aCqBq@u@KWOUOa@aAm@m@k@{@m@S]uAmAsBqA}@s@c@o@]q@CO@K~@k@h@c@j@k@Xe@HWJMR]f@a@DQ`BiBNGHO~@_Ap@g@DGBSJRD@IBW?KC@EV_@p@[h@S^_@ZWT[@i@[aAOUUMGMm@q@SYAENFHGCQk@{A?IJ]f@[`@Od@UHIXeA\u@FYFILIHUGG]MOLSB,2,100.5,,,False,236.1,Diego Galdino
2,Pedalada ao entardecer,14778.2,3104,3484,176.5,Ride,Ride,12.0,Strava App,1176334252,2017-09-09T21:00:32Z,2017-09-09T18:00:32Z,(GMT-03:00) America/Sao_Paulo,-10800.0,,,,0,3,0,1,0,False,False,False,False,everyone,False,,"[-28.13, -49.48]","[-28.05, -49.49]",4.761,16.5,,,False,,,False,False,1791.0,1041.7,1281849998.0,1281849998.0,b19b9b31af17efaeba77f6baa383f982,False,0,3,False,20232024,1,a1176334252,pstjD~e_mHBzEaBfBkSs^sJ`GuAgBcDNcBtJaHdKfJj]J|UcLfRoCrRmDzJwLbEkLcFcEJ}LhFeZ`WcNTkOpHsUAiGbIqJjFkQrBqKaEoUqAkEx@cKnHgKlAyDfCmI~c@{JcUaPaAqTeIuF}EmJkT{H{K_Lce@gRmVg[}VIqAhCaCxDr@YuEyJgCkOgPmIv@}DlD}AbJZxEvBtAyAfEzAt@r@iAT|A,2,85.1,,,False,264.0,Diego Galdino
2,Pedalada matutina,3322.0,1178,1297,79.1,Ride,Ride,12.0,Strava App,1166737862,2017-09-03T13:18:40Z,2017-09-03T10:18:40Z,(GMT-03:00) America/Sao_Paulo,-10800.0,,,,1,2,0,2,0,False,False,False,False,everyone,False,,"[-25.44, -49.3]","[-25.43, -49.28]",2.82,10.4,,,False,,,False,False,955.8,906.4,1272129917.0,1272129917.0,62fc99cfd33b46b49c541220abea54c4,False,1,0,False,20232024,1,a1166737862,rcgzCvj|kHGKDGAQ[WQJEJg@RaAj@gATQHK?UESB]P]Vk@Vk@HU?ECG]M_@Ko@?y@Ki@m@wAIi@GQAQKQAQQk@I_@Ss@Qa@[_AYc@u@oCc@_AU}@GK_@YEIK}@DY?Q[g@G_@KSQ[MMc@wAO_@ESAk@Qk@Mw@c@kBSYIq@g@eAGg@Mk@Ua@a@sAIK?EYc@EO@SMSCOKW{@_DIi@Dk@AMK{@GOm@_ASe@I[IKGq@_@_Ai@eCO]]m@Gc@?o@Le@VwAFqA\aCPqBAaAN]Ps@BcAPcBAm@CKWw@Ke@Um@]oAGIIYI_@Oa@?MK_@Ga@Yi@Us@Mg@CWSi@CQSk@Me@CQMOY}@S[W_AGm@WkAMYGk@Se@WQKSAMESKIKDSRGJSN_@\ULSX[PGAIM_@FQEj@C?L@EEIECK?BFLA,2,75.7,,,False,89.1,Diego Galdino
2,Pedalada matutina,9409.0,2432,2474,174.4,Ride,Ride,12.0,Strava App,1162630130,2017-09-01T09:29:49Z,2017-09-01T06:29:49Z,(GMT-03:00) America/Sao_Paulo,-10800.0,,,,2,1,0,1,0,False,True,False,False,everyone,False,,"[-25.44, -49.3]","[-25.4, -49.24]",3.869,15.7,,,False,,,False,False,962.0,899.0,1267957601.0,1267957601.0,57b67c53f009672202b3ec8c763eedb9,False,0,0,False,20232024,1,a1162630130,`cgzCrh|kHALa@T]L_AEk@Zq@p@k@P_@Di@NUEWLQ?ED@VGHe@HGGCcCKo@w@cA[eACQS_@Og@Ig@CeAg@}@Gu@mAyBk@gBc@q@?QDw@KYBq@aAmAOe@IE?IKUKu@BQXS?Gg@e@a@[Sc@aAqA?KSw@GIUOIMAKBG_@_AWwAM[I_@Ea@Dq@Ey@Ua@c@c@SgADUAMOYS{@a@aD]o@YiBY}@KKKk@?a@COUq@O{@i@mBGq@AgBRwBBy@Cc@LcAL{BLoAPm@LcAD{@`@gBDgCLq@?g@nAkC\_Bb@mAAe@Bw@GQAQGIAe@GOMm@KUIo@a@gAe@_ACUg@}B?[Qy@MuAa@cBOgAUm@[cCSw@@OZQpA[r@UrAq@FME[Me@UqB]m@K[C_@O]CSBq@c@}AMu@]s@G]GKUO{AYm@a@{A@iAc@[EQKSG_BF[IYYSGoACeAG]KIS?WRiAAUiAUg@Uu@gAKUAOoAo@q@s@_@s@Qa@GWYg@MM_@Sk@OaAs@Os@AUDMKUiAe@g@Yw@IiA]IIAM@WLKEES?k@HOA_@Qe@c@k@U[g@e@a@kAyAi@]m@m@YOaA}@OQI[k@[y@{@c@YQUUIY?IDGCO]IIYUkAk@W]{@iBk@e@_@Ge@S]Wo@_A[q@g@a@i@m@Om@WYy@o@QCa@So@g@_@i@k@YOMQEq@g@i@Yq@s@OUK[UKuAqAI_@e@c@MS}@i@c@SaAu@a@m@KG[[a@s@[UO_@[a@gCqAq@o@k@_@c@_@c@W_B{Ak@]u@m@a@c@MUVi@AKMWw@y@g@o@g@c@_@c@IE]BQJWDWMo@aAg@m@oAeAQYcBcAi@g@iAy@yA{A[e@s@UYc@UKIOa@[k@w@}@}@SEUQ[e@Qe@cAcAqBkA]i@cAs@w@y@_BaAGI?Mh@cA~A{AXc@\[f@y@Nc@h@eA`@m@REd@[V_@jAgA?DDBEIXMr@g@TU`Ao@HKFYMs@a@}@e@c@]w@]m@DA?DDAFMMc@SWM]DKDEt@UZSVUJODML}@Nq@LMBe@Tg@?GOCDs@CEKZId@CD,2,97.1,,,False,236.2,Diego Galdino
2,Pedalada vespertina,8679.9,1741,2007,151.1,Ride,Ride,12.0,Strava App,1162021351,2017-08-31T20:20:24Z,2017-08-31T17:20:24Z,(GMT-03:00) America/Sao_Paulo,-10800.0,,,,5,1,0,1,0,False,True,False,False,everyone,False,,"[-25.4, -49.24]","[-25.44, -49.3]",4.986,12.8,,,False,,,False,False,955.9,899.0,1267344297.0,1267344297.0,ecbe86bddafbb55f7fb8cdea4ed26d6b,False,2,0,False,20232024,1,a1162021351,tk`zC|npkHRLDHFDHN?HFLNJBLLFHF@Te@RQD[JMBGBEJWLe@f@W`@_A~@u@n@e@l@g@\QXsAbBq@lAEFG?YNML}@pAm@lAATNRzB~Af@d@f@z@JLRNh@VvCjCrCbDZh@dBlAt@Z|Ax@b@Zl@j@X^nArAt@fAbBbBf@ZLPb@\@DALLb@Cn@BJZ^f@ZvAdAVd@JLNFNBLEVQHBfBrAj@v@PHn@j@n@ZPLRXHTf@^LPXNZXHJVT`@v@\^NHrAhAf@\z@\xAhAr@v@^p@TN\`@n@p@j@b@X\HHXLn@f@LBVPz@dA~@n@f@d@`AtAP@ZRRRdAt@d@b@R\z@~@NJXFVN`AfAVf@\R`@DJHjAvAtCrChEdDVV\h@l@t@dAz@r@x@HB`@\~@j@b@ZZL^FZHdAd@lAb@xAl@`Af@LJJNj@rAd@t@Vl@NJVFx@x@`@Z`@d@t@ZVFBHDx@R\TLdA\x@HZJOf@AXIX?FTZVLf@P`@Hh@PlAPl@LN?l@Jp@R~@BJDPPb@p@N`AB`BNp@HN`@`B?ZF`@I~BPpAGb@DXTv@Jr@Pr@RlAz@jDRlAVx@j@pCZlAF`AL~@T\l@`B@H?V`@`BNRNn@?PGR_@r@]pA[f@g@rAQXOf@Ar@CP@XARSrBEFCp@UbAEb@HbAAPDJJR?PCNe@Hq@\CHKz@?~@Bp@DbBg@tB?XKjADhBf@nAJLLj@LZNNPf@Cl@F\?VD\\x@JPXv@Jp@J^NPFNJDRTPb@JNPb@BRA|ALr@Vf@Nj@DZCz@|@dDd@p@z@~CJl@Cv@J|@NXXV`@x@`@b@BHj@hBRz@d@fBH~@CPVKAh@Ld@Bd@j@zAJPHZF`@\~@`@pAhBfEPLFJHn@Vt@@J?HQf@?\`@rAj@`BZ~AJZJDVSTIf@k@,2,141.5,,,False,246.4,Diego Galdino
2,Pedalada matutina,9347.6,2523,2643,179.0,Ride,Ride,12.0,Strava App,1161293009,2017-08-31T12:10:27Z,2017-08-31T09:10:27Z,(GMT-03:00) America/Sao_Paulo,-10800.0,,,,1,1,0,1,0,False,True,False,False,everyone,False,,"[-25.44, -49.3]","[-25.4, -49.24]",3.705,15.4,,,False,,,False,False,962.0,899.0,1266610037.0,1266610037.0,783294872647238b2a485074350146ca,False,1,0,False,20232024,1,a1161293009,pcgzCrg|kHk@p@ADRD@FCMAHCDU@g@Jc@X{@?u@TONWHuCr@k@?EEAM@m@IeAIW?e@I]q@wAOaA?[Gw@IMMe@i@s@QMm@u@i@mAO{@_@aBOiA_@sAG{@o@cBCIA]Ww@Q[Qc@QkAKi@KOW[QYKWAQCISUK_@Ko@m@cAk@gCE{@Ms@IO]cAOUc@kASy@Im@C]Km@MQOm@w@iBGSSsAg@}Ba@eA]mACi@D}@J}@?i@Bk@AaAHm@KIDKJs@Pu@ZcBDe@?mAHw@DcADk@h@gCFu@P_AP_@P}@z@gCFU`@{@F_@?k@O]K]?OQy@I}AAEOSM[Ii@@]CQWkACa@M_@a@y@CYI]GKGSGa@EaA[kAAe@Me@Is@IYWi@UiA?ODEt@]zCm@JEROFOBQ?QOc@Ig@Ss@Ms@Ag@EKc@e@Wk@Gu@BYGg@Ok@Kk@GKSo@AOIKoBc@[CYY[?s@IeAS{@[_@Ec@MqACg@Km@UWAk@Q[CO?CCGQVmAGU[Ow@?e@KCEEKWa@Yo@Qo@IGYKc@[uAsA[w@DWEQy@cAWQ][_AwAWMe@Gu@c@sB}@SGyAU_@UWWk@_Ag@c@IAUKy@y@O[EUEIw@]aAu@w@q@a@g@iAk@OMOYSSQ[wDkCa@e@GYDQGGOAG@ADEA][]UaAgA_@i@_Ay@_Am@a@MY[EAGD@MHEAIcDaCg@s@KE{@eASEk@[i@g@Yi@KK{@g@gAeA[k@{A_B{@k@a@c@UK_A_AOESi@{@_Ao@g@sAu@s@q@?GGK]Yi@[o@g@k@s@mAoAo@k@s@w@C[@[CUSa@UUm@e@kAs@c@m@MEQBe@^QEyAoB[Oy@u@k@UMSs@s@g@]Y]yBgBOSaBgAW[a@a@Q[s@s@g@{@OKe@Oi@e@{@uAcAi@WYQIKKUa@WSg@Sa@c@k@YOUk@k@YWk@[EWDIhDqDXi@DQ^Y|AsBb@WhA{@t@cAp@e@XI^[JQt@g@LSFa@m@}@s@_B_@m@EO@GHFDABGm@s@KSAQBGLM@WSN?DNHNEn@s@r@m@Fu@DQf@gA@OCOEEPGIs@K@,2,93.5,,,False,236.0,Diego Galdino
2,Pedalada no almoço,8803.7,2140,2422,165.7,Ride,Ride,12.0,Strava App,1151557969,2017-08-25T15:56:07Z,2017-08-25T12:56:07Z,(GMT-03:00) America/Sao_Paulo,-10800.0,,,,0,1,0,1,0,False,True,False,False,everyone,False,,"[-25.4, -49.24]","[-25.44, -49.3]",4.114,13.6,,,False,,,False,False,956.0,899.0,1256769467.0,1256769467.0,89f9029034dca2afa232308f717e11aa,False,0,0,False,20232024,1,a1151557969,zk`zCjnpkHPFBJDFRFPV@`@Cl@_@`@_@Z_Aj@]Jm@v@]Rc@j@e@TONyAhBg@x@]b@QPQZ_@b@MZ]f@g@`As@x@@LBLb@h@XXd@ZdA`AVd@NFp@p@dDrCp@p@~ArAxAv@f@b@^j@lAvAp@l@l@b@f@f@XPf@r@VTNZTJp@n@RFxA|AbAj@Rh@ADIFQ\AHBHdAp@~AvAJBPAD@Xl@FBP@f@W\FNH^\Xj@RRZ@j@RZh@LZPVz@x@PBRRh@\HBJLPb@VZNH`@\LDHFBPFn@NX`@Xj@n@lA`Ar@n@JN|@h@d@`@~@bAh@Zr@z@NDp@Nh@bAPPJRNJVHX\l@JJLP^V`@fBtAp@^ZVp@`@Zh@l@b@^b@XNX`@f@TbAhAd@`@d@r@RRr@|@RJTNH@h@z@ZH`BGTDTHDFj@rAPVHZd@j@PNVp@BJXRx@t@R\ZPXb@TNPD\PJNf@^pAVvAd@fBr@l@R^Nh@d@d@f@t@tAHVFd@Ah@`@ZNRd@`@|@n@lAh@T@DD?JIZBTbAb@fANRHRAVEa@G@DAVAz@BPLR^Jd@V|@^f@Hp@f@LBBDLFp@FrAWH?f@PZBJFHAD@FHX|@DRG`AHl@V`ARh@\vA?HCFJz@Dh@CpB@XThBRr@Jt@L`@Db@@t@R~@HXJPXfAPlAP|@^z@F`@HhAdApE\jANZZz@^rA@NE\c@pBO^k@fAOLQd@O`@Mr@Wr@If@Ij@@TEp@BP?rA_@pB@`@Mt@Q|@KTSdAOd@CCEBPd@Db@Gt@?h@Mb@S`B@TEn@CDG|@A`@Hb@BLJPNt@lAnBAf@Jz@|@fBHVD\E|ABRDFCB@Fv@p@LZGR@HADD@BFLf@P`@?TJ\`@n@J`@Dd@h@hCXx@d@bBp@tBJb@LdAHTJ|@n@dBj@nAPp@N\Fj@VfAZv@v@~A`AlCFDF?d@YTEb@@JCx@Wl@Mh@UNMNCV[TK|@YNBX^BLQj@DTb@hAp@pAR`AZ|@z@zCLhAJHr@MFC,2,114.7,,,False,245.4,Diego Galdino
2,Pedalada matutina,9207.5,2299,2329,169.8,Ride,Ride,12.0,Strava App,1151035063,2017-08-25T09:04:21Z,2017-08-25T06:04:21Z,(GMT-03:00) America/Sao_Paulo,-10800.0,,,,1,1,0,1,0,False,True,False,False,everyone,False,,"[-25.44, -49.3]","[-25.4, -49.24]",4.005,13.5,,,False,,,False,False,955.9,899.0,1256240285.0,1256240285.0,1b5379881eda8a14744af71c94f9187f,False,1,0,False,20232024,1,a1151035063,fdgzCvi|kHIEGDMAKKGOGNGBq@Hc@JUFwAn@uAZi@T}@Ho@^GCK}AKi@Sm@Km@?OCWEIEYUy@KOKe@AMYeAISWYKi@Qq@s@aBa@qAQYYOGOEYBc@CYIQ[uAc@mAMq@MYA]Km@GOU]_@kAKw@BQAESe@U[Q]q@kCIMGUa@e@Ec@QaAK{@[eAGa@Q_@ESS[Ue@Y{@g@}@Om@q@_Be@sAESIaBMy@[sAg@iBKo@?KDKJo@TcB@g@AYLwAH_A?e@Hu@P{@J}BF_@Bi@HYBCLmA\oBBu@FW@_@L_At@iBJMVe@L{@\eA?k@De@Gk@M][k@U_ACe@Sc@Ei@UgA?m@ESi@sAG[Qe@OaAEEUeAGM?UIe@m@{BA[G]G_AOq@?GFEz@[d@EZI|As@DE?g@AIBUAWMe@WgBISKe@O]Gm@O[DYAYK]Ow@CO@UI]U_@OKMQ{@_@UEa@ASMa@?{@Ww@IMEw@Eg@Os@A{Bs@kAE}@OUKDe@Nu@?Qa@S{@Qe@[]a@M_@AUCGECk@Sm@a@cBeCYo@u@cASQU[_@k@i@q@CGsCoAk@Mg@U_AU}@a@a@Ym@o@k@]i@g@ECGWMGaAaAWY]WSWs@g@_@e@UOa@g@[Wq@a@a@EGEISGYGKOIe@a@w@SKKKKw@uAq@s@y@aAsAcA]_@w@m@i@o@w@q@m@_@e@]gBiBc@]UKq@i@UO_@]S[a@c@aA{@o@g@y@cACOeAs@}@w@e@]aAaAQ_@GGa@SuAmAiA{@c@a@c@k@_AaAk@]q@q@{@q@OQWOWUy@{@Ye@YYEI@MAMCOIKg@[u@m@e@w@MM_@_@KEc@NO@UQe@o@_@YQe@EG{@]KQYSQS{AaAsBoBw@m@qAkAIESUSc@mAq@_Au@{@cA_@m@QIe@k@]Oy@k@i@e@O[_@[e@S[e@g@[a@]CEE[IIUI_@a@IM?GVq@h@mA@OBKvBoCpAuAhD}CxBcBpA{@FGB]CGa@{@oAoBYk@BM@DDCAQM[_@g@EOXMb@a@r@g@T_@FSHq@LUPOJUISKI@GTW?WBEDDHRN@PID@,2,99.6,,,False,228.9,Diego Galdino
2,Pedalada vespertina,8733.7,1972,2374,155.9,Ride,Ride,12.0,Strava App,1150411603,2017-08-24T20:30:32Z,2017-08-24T17:30:32Z,(GMT-03:00) America/Sao_Paulo,-10800.0,,,,3,2,0,1,0,False,True,False,False,everyone,False,,"[-25.4, -49.24]","[-25.44, -49.3]",4.429,13.5,,,False,,,False,False,956.0,899.0,1255607281.0,1255607281.0,cdc3d6f6fcc186999e843ff43660feb4,False,0,0,False,20232024,1,a1150411603,dm`zC|ppkH`@h@TF@Jc@P]\sBtAg@`@eEbEQXEVMPeAhAmBhCm@n@a@x@AVB^HJ^ZTHz@l@TLb@^v@~@p@`@h@^p@t@d@l@PJbC`Cr@j@hBbBp@t@z@v@t@t@d@`@RFd@ZhAdANRjA~@h@n@b@b@z@n@@FE`BFPRPlBfAJLx@l@n@LJ?PIPOFDHLb@d@`@`@d@TZVTJJFxAfBj@r@TPTT\f@^\p@`Az@p@ZNl@^t@r@r@b@|@|@n@`@|@x@lBvAd@p@ZRRZd@ZHJl@\Xf@PRzBbCjCbBZ`@Zf@n@p@^\p@\NFTPb@d@VRNRTRr@t@`@F^Zf@p@r@n@\N~ApBt@`@j@`@x@v@r@lAb@f@h@f@LHl@h@d@f@|AhAz@`ANJJDJBd@BbCx@vAl@xAv@NJn@p@`ApAP\JJT^JHh@t@|@tANH\LZDLb@h@n@RLZLXDZALB\BND@FC^GRIN?RKZANZX~@d@bATr@A~@HvAPVJL?b@RTD\VRZDb@HNRhAn@~BT~AFNFbAPp@Kh@Gt@DzAF`@Bb@Z`ALl@l@bDXdAHx@R|@Lf@f@nA?RLv@BVZ~AT`BZ~@P`@\lAZz@Jf@ARGPe@jAKJ[|@KbAg@n@EPQ`AS~BUbAE`@Cp@EX?`@Ot@Eb@BDDb@EVMTGl@_@p@Kl@?`AHd@CPI|ASjAGn@Ad@GbAH~@Pj@Jh@^dABPPt@?f@JVALJV@TH^Fx@T^XEFDLd@@`ANj@l@hARh@PHFHDb@@hAFb@Jb@@f@Hn@b@bBdA|BJd@j@zARx@BZG\?RT`Al@|@Tr@^v@MuAAFTv@?l@P|ATr@f@zAd@~@|@zBPT^|@DBLAb@Sz@Yj@_@TE@GZWfAe@dA[d@EVKDNBXDLFr@N^Nj@d@fAb@dBn@xBr@nCJFJBb@KDY,2,137.1,,,False,270.4,Diego Galdino
2,Pedalada matutina,9348.4,2378,3254,172.2,Ride,Ride,12.0,Strava App,1149397351,2017-08-24T09:06:50Z,2017-08-24T06:06:50Z,(GMT-03:00) America/Sao_Paulo,-10800.0,,,,2,1,0,1,0,False,True,False,False,everyone,False,,"[-25.44, -49.3]","[-25.4, -49.24]",3.931,14.1,,,False,,,False,False,955.8,899.0,1254581793.0,1254581793.0,56c6f7b81b62c94f9b0c349b38efc888,False,1,0,False,20232024,1,a1149397351,`cgzCvi|kHGACCc@FaAGSF_@`@]CMDo@b@DDKXBSQTe@Nc@?_AHg@Re@F[WAEDE@q@Gw@@c@e@{AC[GE@OCe@IG?[SoAAQESa@y@Me@s@}Aq@eCIMYUQe@cA_FUu@IIKUKiAq@qBa@eBa@SMSSe@Qy@]aAMeASm@?c@_@gAGa@Ke@?IAKIQOs@MWCO@g@I_@g@aAY]g@aAWaA[_AWkAc@uASsAOo@M_@a@}@Mc@A_@Dk@PmAJoABk@Aa@X}ADeAVcCE[DaALiANq@T{A?s@BSj@mCXg@Tk@F[JWLs@L[DYl@}A@KG[@e@CSQYCKAOYu@I_AI]]g@Eq@Qy@GeAOk@OWKi@KO_@oBQm@CY@MEm@_@{BWgAUe@Qe@JUVOj@Or@Gv@Wx@QRQFI@M?Ki@kC]qBK[[e@CIAWDM@OC[EOWi@Ok@Ku@[o@SUOKo@QiAQOMg@E_@Ke@GYIm@Ew@WYCQK]I]SeAMQDGCuAGg@BGCCU`@kBIQQMkAKSEQIa@_@MQIQBYCEOKe@Qg@g@g@k@QMe@o@WcAOYgA}@aAoA_@o@iEeB]Cm@OuAs@{AcBeAm@g@y@i@i@_@]k@_@k@c@c@e@]UQYSSq@YSOMSKIKQIWIMi@_@GM_Ae@GW][]QI][]k@_@][gAs@OSM?KGw@iAe@Y_AoA_Ae@WQSSU]UMSYa@]_Ao@WUKCMWs@_AWKOSg@Wq@k@QS_@Y_@e@ESMQ[Qq@k@wByAc@_@MEYe@g@_@]u@UU_@Si@c@[OQUgAaAqAu@k@m@Oc@[c@CGsBkAa@m@[[CQEkAQKUYU?o@R]Ck@eAGo@SYKCQ@SLUM}@cAm@_@mAkAc@k@}@}@_@Ug@k@_As@q@a@SOe@o@y@o@{@}@KUOWe@_@aAg@oAcB[[IKe@WUEYQa@k@Ug@QOu@]o@k@WEa@Ua@g@m@i@CO@Oj@{@fAoAl@gAHIJe@JQ`A_Aj@c@x@aAzAaAh@k@@ECCG?BGp@Sv@o@`@c@ZSHKDQCa@AGeA_Bq@uAGMLE@Gi@w@GOAM@KHK`@OlA_ALa@Fm@N_@PYBWI[POBEIWDJP?HDRCR?KM,2,100.3,,,False,238.5,Diego Galdino
2,Pedalada no almoço,11198.2,2751,6459,117.6,Ride,Ride,12.0,Strava App,1128457641,2017-08-11T15:16:34Z,2017-08-11T12:16:34Z,(GMT-03:00) America/Sao_Paulo,-10800.0,,,,1,2,0,1,0,False,True,False,False,everyone,False,,"[-25.4, -49.24]","[-25.44, -49.3]",4.071,10.9,,,False,,,False,False,949.0,892.0,1233267064.0,1233267064.0,10455db2999ae2882899b579afee0a75,False,0,0,False,20232024,1,a1128457641,hj`zClipkHKDWKLG\ZD@DE@HK\?XHTHl@Pf@~ArBDPNPDj@f@t@f@~@t@t@f@`AJb@NVfB~BVj@p@fAHVJHJ|@HFH?l@k@ZOrA{AdA}@X_@vAcAPWDQJODUHQPkAJWBSR]LODOZe@f@g@ZQVUPKjAG~CG^It@GvAi@\Gn@W^IlAD~Bc@fAWjBKZ@|@`@f@l@~Bv@hB`AzAh@~Ax@nDx@rBZhAl@`@FZ?JG?LD@TRj@FTJt@P`AFtAd@ZDzA~@XZvArA~ApA^b@Zj@j@n@bBzAb@b@^f@ZN^Hn@j@zDdBNJNT|@f@VTLNjAj@l@LdCR`CD`ATd@Dt@?n@HPAx@L^AjAFXC|@JbA?~AV`@`@bAj@l@`AbBhBXf@ZTvA`@hARrBh@t@Z|@Bt@C^Hl@XZHxBrAr@Tj@l@jAfCj@~AC`@FVC\KZKt@E~@FnAH`@HdAH\AHIFsAl@UN[HaAd@M?AFFJNCg@PYA?FSHKP?PJl@n@~BEXOJAJJ^b@|@Bd@PbAj@tAHh@FRJj@^x@Xv@Jp@v@hBHF\FBJBBBdBHz@NTF`@\~@^fBz@rBHhA`@rAVv@Rd@PVHZLVF`@?TDJCVF^^vAXf@XdBTx@d@zAr@j@EBFKE?BF?h@cA`@w@R}@`@e@JyCnAc@VyBx@oBh@aARuAz@m@JMHCp@Bd@BJR^LXBrBf@\d@h@HPTfACJe@`@a@f@w@rAKHGIO\oBlBYn@[Zk@t@ZEJGVs@L@HD_@Q@QvG]CHSPCIQJCNBFGLl@TlAl@@PSLAJ~@VJX@HGT?PGL}I~Hs@h@I?OLKJCLQDIAOHKNu@VGJG?AFHTBP\x@Lr@R\RpAVd@?Hb@p@Rn@LdARl@Jh@Vp@T^Vn@VdACEAD@Zh@vAdAzDd@nA^v@TxAd@fBJP^lABPPTADE@FADHCl@FZt@pBl@bCz@lB?NL`@@PPl@^~@TdAV|@@LDBDCHP|@jDLZHl@^|Ab@v@^~Ax@jCHj@l@rAh@bB?PCFFFL`@NTlBzGt@fBPt@Hr@\dANr@Zt@Nn@`@p@@^JXDZCPUZs@b@]d@U`Ag@bAe@lAK\O`AGNML]PiGlB{CjA,2,94.0,,,False,258.5,Diego Galdino
2,Pedalada matutina,9228.8,2243,2361,174.1,Ride,Ride,12.0,Strava App,1128457682,2017-08-11T09:51:26Z,2017-08-11T06:51:26Z,(GMT-03:00) America/Sao_Paulo,-10800.0,,,,1,2,0,1,0,False,True,False,False,everyone,False,,"[-25.44, -49.3]","[-25.4, -49.24]",4.114,15.1,,,False,,,False,False,955.8,899.0,1233267096.0,1233267096.0,646fc714c21c5bd83d074ba23b2c3fa5,False,0,0,False,20232024,1,a1128457682,pcgzC`i|kHCMI?CCQRs@Zs@L}@\kCn@gAf@YF_@NMBKECc@FS@[De@CUGOKGWa@IW[yAa@}@AG?WDQ?KYs@AYMWOs@y@yA_@{@CUBi@KYi@{@_@q@GQOs@ASI_@MYK[Cg@GYWq@QQaAsBYgB]{@I]?a@CMSYk@iAQu@MmAKe@U]Ca@EKC_@[u@Mm@OYAUW]CK_@yAQiBk@qAaAaEm@uB{@aCKcAAy@?YZaDJkBh@iEP_CNeATo@@M?u@Dm@NcANq@?KDUH[Xo@XeAFONs@Vm@Ji@\o@BSKOG[@]Ca@Gc@I]q@{AOe@Eg@?WIUYuBe@cAIg@Ws@Q}@?c@Oq@Eq@]kAC[Om@Gs@YsAFY\]~A]t@Ej@KZOHU]oAOyAi@w@IGQa@G_@Qi@CMDg@AQEOi@gDMUSSgASMMs@UUEWAy@Uc@Cm@S]Ec@SE?CDOB_AOWIUOeAUm@BS?a@FKa@J{AGMIIo@MSKWG_@Uq@w@EOAOIOsAu@CEAGMIq@w@S[S]Ic@Ug@aAkA_@]y@gAMIq@SUMUQs@WYQkA[OI_A]g@]k@m@uBkACCCKaBsBUOSWy@o@UMiAqAa@][]IQKKMGSS[SQIc@]a@Sk@w@_@SEGAKU]YYs@g@[Wg@Yg@m@SQ[O]e@KKa@S]a@oAeA}CuCEG_@[m@Yo@w@g@c@]QKMcAy@aAiAg@a@IMOa@]_@kA}@cAq@MCCG[]]u@e@_@k@]USe@Ue@]aAiASOGCIW]i@qC{BgD_DCG@SGSQ]c@k@SK_AaAa@Ua@GYJYIa@_@_AqAcA_AgBqAw@w@e@YeAy@_@c@e@_@]_@MEUOc@i@i@_@Q[k@k@y@k@QIa@]Y[c@_@Wa@_@a@q@o@m@WQQMUUQWe@U[CMYa@s@i@UG[USI]YCIAIBGJM`@s@n@u@ZSpAcBZe@LWp@w@N]f@o@x@g@rCeC`@U^[r@[?IK[A[GSqAmBa@w@CK@IDG?Ga@kAAQBIPOh@Un@i@~@{C?II]FIPEBEKQADDDJDD?RADCBO,2,100.5,,,False,225.3,Diego Galdino
2,Pedalada vespertina,8733.6,1842,2099,156.7,Ride,Ride,12.0,Strava App,1125691023,2017-08-09T20:14:08Z,2017-08-09T17:14:08Z,(GMT-03:00) America/Sao_Paulo,-10800.0,,,,0,1,0,1,0,False,True,False,False,everyone,False,,"[-25.4, -49.24]","[-25.44, -49.3]",4.741,13.2,,,False,,,False,False,956.0,899.0,1230457013.0,1230457013.0,ac49841555b5cab33f1e6242a1a42996,False,0,0,False,20232024,1,a1125691023,fl`zC`npkHDBTXPd@LF@JPH?TPHHPs@X_@Te@NYPQDcAdAiAz@]^k@`@g@h@yAdBiAfBMHMD[Xs@hAWl@[d@EHANHVHL`B~Aj@\PPN`@R`@TT~Ax@hAdApBzAxBhBjAlAfAbAfAz@|A~AnClBT\f@\NLPRh@|@XX\NXZHXAn@FVJXt@x@`@ZjApAZPVCNUNKHEHBDBNTLJHNn@ZV`@b@NRLh@j@J^X`@P`@TX|@b@`Aj@LJP`@RXRLjAbAX\z@d@h@`@ZV`AjA\ZdBrAr@f@`@R^Zd@n@^Vj@h@`@h@h@`@^b@ZV`@R^b@f@^PXv@n@f@h@b@XRXVRd@t@d@h@p@l@b@TXVdAlAj@XTTZPlArAd@b@~Ax@PRh@^lAfAZPv@fAl@l@NJp@ZFDFN\p@V`@PRZTl@l@r@\VJh@L`A`@f@FZNd@LX@x@d@x@p@d@n@b@d@nApBt@z@TZJV^`@h@b@`@HVJBf@NXLNv@Zp@DL?PDXALD@FSNILOdA?J@HhAl@bAJh@Nt@NT?HGDAjBZP?^GXD^JX`@Nx@Fj@DpCRp@FNCB@DNXFZ@TFJDf@HZHfDF|@\rCl@jDRv@Ph@Nj@Hv@Tr@Vp@Nh@ATZxARn@Nn@@R`ApDJl@HjAPz@AJYr@Ml@[x@Oh@g@hA_@~AQh@Ch@Ih@IvAYjA@~ACf@Gn@GTEp@YdBOn@GdBK~@Oj@Cn@If@?`@Gf@@\CNFf@Z`BZl@H\`@x@CF@RZn@Nv@Vd@`@jAR\Xz@BPAP@H`@fAJj@Nd@?LCD?FLr@NZV`@Dj@Nf@Vh@f@lAv@jCPb@l@bDv@zBt@lFf@xA\r@D`@VfAXt@j@xCHVRTdBu@^CXIZOFKJINGnAu@h@QLAh@QH@PTJP^lBTn@\l@Nt@h@~ANjAp@zCDJHHj@Y,2,137.7,,,False,253.6,Diego Galdino
2,Pedalada vespertina,8703.5,1939,2169,163.6,Ride,Ride,12.0,Strava App,1122443160,2017-08-07T20:36:49Z,2017-08-07T17:36:49Z,(GMT-03:00) America/Sao_Paulo,-10800.0,,,,1,0,0,1,0,False,True,False,False,everyone,False,,"[-25.4, -49.24]","[-25.44, -49.3]",4.489,14.8,,,False,,,False,False,955.9,899.0,1227160394.0,1227160394.0,6ce0cfdaa60ac7e1c5b5fc12fdb349ea,False,0,0,False,20232024,1,a1122443160,|k`zClnpkHDF@JLFFCALN\FTAFL`@GTML[LCJu@h@cB~AmAdBuC|Cm@~@i@p@IREFK?MHo@t@Q`@i@n@QZHTDFj@b@`A|@|@p@F@PAADHEF?FPHJ`@^d@ZdBpBzApAd@f@jA`A`@XJLJ\d@\PJJN\VRZ`@\Xh@^^ZT|BjA\Xd@v@`@\|AjB\Zn@^H\?^Cn@Zx@ZTd@Td@\RBDEFUPTNHNBn@IR?ZHNLJNN\DTNLXNTT\VNPTLFNVR~@dAT\JJNFVXd@ZVd@`@`@NXTVb@PrAvAhBhALLXd@xApAlBpAj@`@~@j@vAbBRRHJr@d@DHVH^j@`AfATNh@j@b@^NJb@`@l@Vj@`@^b@FLZT~AxAl@t@XFPHNNp@n@JRv@t@l@x@h@`@\b@lAjAfAx@x@`A~@z@FLv@n@z@dA~@n@NV`@XTHvBn@nBb@t@Tr@X`AXRJd@\tA`Bd@jALNFRp@z@n@hAl@^b@NDDBRBl@BDZX\PPF`@Bj@NXDFD@NCHOz@@JHJJVH\DFl@DLJv@Zt@LbAB`@Fr@BZFz@EPHV`@L^BRDtAJv@h@xAPn@PbAPj@Af@I~@LvAFbBHf@l@nCJx@XfAVtAL\Nl@NdAPn@Hj@~@|DFt@JZn@zDJTRv@AVWp@Kp@MTg@|AG`@GLSRILS`BKlA]fB@`@GZEb@CNOVKh@Ax@O|@GtAETOLKxA?VCR@NAt@IjA?h@Gr@KhBDfAZfAT|ALb@Rf@Nj@HLHVXrBJZ@N\XT^j@zA@\DNPTRf@BLCL^`@NZ@PERM`@BJFDBJD`AEX@LLTLL\x@`@hBHp@Zn@fAvCj@v@BPR\Jb@Tf@XvALPL^D~@XbA`@tBLz@NVNf@h@~@Dt@LBj@ERGn@UZ@XGXOJ[XYfBqALGVEb@ETXJj@Rb@FTFLn@x@z@hDx@pELv@DFTW,2,134.8,,,False,261.4,Diego Galdino
2,Pedalada no almoço,9252.5,2326,2517,172.2,Ride,Ride,12.0,Strava App,1121890084,2017-08-07T15:05:41Z,2017-08-07T12:05:41Z,(GMT-03:00) America/Sao_Paulo,-10800.0,,,,19,0,0,1,0,False,True,False,False,everyone,False,,"[-25.44, -49.3]","[-25.4, -49.24]",3.978,14.2,,,False,,,False,False,955.9,899.0,1226599519.0,1226599519.0,89c9c2535a07501289101ab42bf8fd65,False,0,0,False,20232024,1,a1121890084,rbgzC~i|kHBCCDBUBDIE}@\{AX_Bf@k@J_AV{@h@ICOOIQOo@@URg@C_@M[e@s@Um@E_@S]G_@]_@Uq@OSCO?YCi@Ka@q@uAa@a@GKw@wCIe@GSEi@I_@[m@Sk@c@w@Ka@IaAK]_@u@g@}Ba@[Cg@@WCs@CWQg@c@o@M]O[K]Iu@k@wAOQQc@GWa@yAk@mBUi@uAmGc@wA]gBo@uBQ_@Ca@J{@HiBReBFiAFUPoAR{BJmELc@FIJWLk@FeANoAF_@Fo@P]Rw@Z{@D]^_AJw@J]@WHWEi@m@qBUoAY_AAc@Mi@@SAYS_AEOc@y@I_@]kA?IGQ?c@SkAIYQsAe@kBCy@Ko@JMpBg@tBs@H?@UEOM_AIUIi@Sg@OOq@aBEY@m@K{@?y@Q}@AWKe@IOMG}@SUQ]GOQIEkAQU?[C{@WgASw@WgAWa@?WI_@@qAOUGi@WGGHg@I[OOs@SKI[cA]k@AI?YEG}@UQKoBaCc@gAUYGMq@s@UW[W]m@[MI?QG}@o@k@[iA[{AYw@c@m@u@UQi@m@s@]]c@g@{@KIm@e@g@g@yA_A{@gA_Am@WWUK]a@[SeBgBc@y@W][Sm@c@UM]WWKQO{@cA{@s@wBoC_@]c@i@IEo@OaAm@w@y@_Am@cA_Aa@k@y@{@i@a@UW[i@YMo@c@s@]QQMIQSi@aA]e@a@c@KCw@m@S[e@g@{@e@q@i@gAm@cAs@SWUi@SWcA}@g@m@a@WKMIMESAo@e@_Ae@q@_CoAQ@]PK@YUm@o@mAo@c@]a@k@aA_AOIMSm@k@SIm@w@e@_@QW]Yg@s@uAiAe@e@a@m@Sc@gAuAs@?UCWMc@i@iAu@KQa@e@Ug@QCe@SOMU]w@e@Ua@{@o@KU]_@AGP[j@w@LIb@ONQf@e@^Wn@y@vA}A`A{@BE?QHMb@SV_@`@UXa@^MXY\SRIV_@`@UHKBOCOKUcA_B]g@[o@CK@QE?HICSOUGMGU?QB]FM\M|@Ob@_@BMTa@@QAe@BWEQGINURAH]KMUFCC,2,106.0,,,False,246.6,Diego Galdino
2,Corrida noturna,4771.7,2016,2029,90.8,Run,Run,2.0,Strava App,1106282500,2017-07-29T01:12:54Z,2017-07-28T22:12:54Z,(GMT-03:00) America/Sao_Paulo,-10800.0,,,,0,1,0,45,0,False,False,False,False,everyone,False,,"[-25.4, -49.24]","[-25.4, -49.24]",2.367,4.7,,,False,,,False,False,940.1,919.0,1210717883.0,1210717883.0,23b176a3b2c9362c3fdb4be66ca115b0,False,0,0,False,20232024,1,a1106282500,pd`zCvnokH_@SJXDDDRJHBLRb@HDh@n@DNJJZf@Vt@BRIP[VaAf@GBIAIEMM_@i@a@s@Qc@EAEBQNAF@DX^BJDD`@bAb@p@Tf@Xb@Bb@UV_@VWHSGMOAKYc@[s@Ya@]w@yBuDQ_@sCkEm@qA]i@e@}@]c@{@oBY[w@yAS[Uw@L[j@cA@KHWf@}@\aAXUj@IFCLIx@eBb@kA\eAn@yAPEJ?VPDCXHTNdANr@D\F`@@VH^DbAVp@Fh@N`@FTCVMJOTm@R]DCn@MVDV?l@HjA\TDRLHLL^@PNb@NbAPVLDz@Ul@Uz@e@p@Sx@_@z@WnAo@d@KpAi@h@MzAi@r@Mv@Sr@]dBs@hA[dAM`@Mr@a@ZEj@@d@FLL@NGPUDe@LuAl@s@Xq@PiAb@a@R_@JGGMBg@Ve@\[He@Xa@JUBm@Vi@NgBn@m@Xi@RWDg@Pa@HoAr@M@o@Pe@PiAXk@TgB`@]Pk@NMHi@R]RS@_@LoAl@c@X}@VKJKFgEvAmBdAEDCH@TLd@Tp@?b@JTPr@LXTZf@`A\f@JJ,2,,,,,,Diego Galdino
2,Pedalada vespertina,8663.4,1817,2114,157.0,Ride,Ride,12.0,Strava App,1078931697,2017-07-11T20:20:51Z,2017-07-11T17:20:51Z,(GMT-03:00) America/Sao_Paulo,-10800.0,,,,4,0,0,1,0,False,True,False,False,everyone,False,,"[-25.4, -49.24]","[-25.44, -49.3]",4.768,14.9,,,False,,,False,False,956.3,899.0,1182968628.0,1182968628.0,44e2d44d28bfdface8fceb3a61992b04,False,0,0,False,20232024,1,a1078931697,~i`zChlpkHNCLN?Hb@^NVNHVVLXFRIBS`AINw@h@kB|ASTy@x@UXc@\g@h@a@\oA~Ay@hAICEBo@rAe@f@[d@GTHVFHb@f@h@`@NP\XfAdAlAbA~CtC`CxBx@|@dA`AvAdAhBfBh@`@~CnCLXv@l@d@r@vAdA@HANJd@@NIPAL?LFPj@r@tA~@XZb@ZF@HETYXQPBd@Zp@r@JRf@p@x@p@xB`Ch@`@v@~@b@l@zAnAh@j@pCpBtDbCvA|Aj@XpA`Az@nAZ\^@j@XRZl@r@h@v@b@d@bAv@z@dAd@\t@t@d@DRHx@l@z@x@JLb@lATPX`@j@dAZ\fCxBjAj@vAx@hEhDVVLRXt@l@l@dAr@vExAlCpANLrBxCpArBv@|@~@t@z@NFBBBJb@x@`Az@NRNb@BRHEPMlAD`@h@^`@LXBt@T|ARZCbANf@?f@PR?TPNXHd@Nd@FlARt@JVJj@Rp@N|@JTDj@JT@JAp@]vABj@d@~Bt@bEv@tDFb@\lA\`AHf@Pd@TfAJz@L|@tAxEVn@Fp@]|@Kh@a@`Ao@nBUXIZG\IrAG\?\Kf@MlACDI^Cp@Mz@AVENEp@]zB?l@CnAi@jD[~DLdAJ^D\TdAHl@Tn@BPRXFPDb@A^DZJd@N\JNJp@?Pb@p@Tn@LRHFLXRr@H`@Fp@Rj@Bb@XnAJTV`@`@xADj@ElA@RRx@d@pAf@hAd@xAf@bATR^d@ZvBDLj@|@DLf@lCl@nAH^Xf@Rf@^Zp@Yh@Ed@OjBgAfAi@XIXCL?HDJn@`@x@JZFZNRHVTVTl@pBdIBFH?PEDE,2,137.7,,,False,250.1,Diego Galdino
2,Pedalada matutina,9177.1,2251,2332,182.7,Ride,Ride,12.0,Strava App,1078025226,2017-07-11T09:47:02Z,2017-07-11T06:47:02Z,(GMT-03:00) America/Sao_Paulo,-10800.0,,,,6,1,0,1,0,False,True,False,False,everyone,False,,"[-25.44, -49.3]","[-25.4, -49.24]",4.077,12.4,,,False,,,False,False,955.9,899.0,1182044944.0,1182044944.0,30f9a84bb655e749b9b75ce1318d09db,False,2,0,False,20232024,1,a1078025226,dcgzCth|kHAEYRk@XyAh@aC`AsAn@[LIFi@NEEYcAKcBIg@eAwCKQHkAKo@Y_Ac@o@m@yA}@{Ca@y@Uw@MYOc@C]K[AMBOMq@[cAUa@SgAq@yBMSSUOSCY@WCOYm@[gACUe@w@Uk@k@wB_@k@Ga@EOFm@Q{@ISg@u@KWYcAGa@g@gBQy@Y_ACQo@gCe@kA_@kAIMAKOc@AWBQJyBR]BKNaA\aDLyBAm@B[Cm@Na@Hg@HQ\yDNkABeCR_@Ja@N[r@eADYL]Ls@Z_@@GIwAUy@GKCOGOCMWa@CKUiAAk@_@cBGg@CGOICGQ}@?MOSI]a@wDA_@e@yA[kB[wA?Il@OfEaBHGLSCa@[w@QoA_@uAUeAAU@w@Og@Is@WgAGG_@s@QMeB_@g@EQSc@E_@M_AAUIw@M[Kq@EsAa@OEY?_@Cg@U[Ia@?UE?GPmA@IEIw@Mi@USOi@y@Qe@ASKKo@KWIs@o@k@q@Wc@O_@U[g@o@_Ay@q@cAY[EK]Wi@Q_@EYI]QgCk@UKo@a@U][]S_@mAiAiAmAs@k@o@m@q@_@q@s@s@g@w@eAYWc@YuAsASMQYGSKM_Aw@aAs@w@a@KMWi@OS}@u@]Q_@[aA{@{@o@]]g@o@a@]m@w@qBqBw@k@IBEAk@a@a@SUOeAeAe@k@m@e@c@e@WQOY_AgAkAs@]e@u@e@{@_Aa@WiBeBc@i@y@k@YW]e@a@WU_@s@m@qAwAIS@[Mc@u@aA_Aq@W][YYMWRI@EAgCiCu@m@[Qa@_@uAgAeEqDg@y@mAm@Y[y@o@EEKUa@a@MUw@w@a@Y{@_AcAs@QSk@a@m@_@u@m@QQ_@YU[aAeAO[AG@GnAaBHCDSdAoAN[^g@x@_AT_@XWPY^]^g@jAkAp@a@h@e@pAy@BQMYEg@]e@_AyBCM@OHIK??DJAMKQa@Ka@?M\[ZQp@e@NQDIToAPSFO@SEULQJ?@IGUDB,2,104.8,,,False,235.9,Diego Galdino
2,Pedalada vespertina,9072.3,2102,2399,163.1,Ride,Ride,12.0,Strava App,1077415347,2017-07-10T20:48:21Z,2017-07-10T17:48:21Z,(GMT-03:00) America/Sao_Paulo,-10800.0,,,,3,0,0,1,0,False,True,False,False,everyone,False,,"[-25.4, -49.24]","[-25.44, -49.3]",4.316,13.7,,,False,,,False,False,955.9,899.0,1181391686.0,1181391686.0,7e60816127a6a12e1b5adf0dfbca9789,False,3,0,False,20232024,1,a1077415347,dn`zCd}okH?HIDc@Ji@XIJGR@HRj@Vj@JP?\_@`@mAj@EDGPD`@DNT^H@?LKL?FDJP`@JHb@r@HRt@dACHHLBLHDDDEC?GDKFDSHOLELECIBw@j@}@v@[Pc@`@yAbAMR_@XuCdEIFIZKNCDG@KNQNiA|AWRCXFZ~AdBhB`Bz@|@`H~Fd@l@XXVb@PNPXRTHF^FpBrAr@r@^j@b@f@`@VRT|ArAjAhAv@d@`@\DFBNGXHXA\JZ`@p@\ZtAzADFL@^QZU~@b@^\\RP^LP|AxA|@dA|@t@PT\VNXx@p@NVRPP\Z\VRp@Zh@`@\PdBjA|AnAdB`BFJt@^n@j@XZZd@nAlAd@PP\|@z@PXz@x@NHPPFDdBfBl@d@VH\PPN`@n@^RNDZ`Ad@\d@Tf@^b@l@Jh@FJhCvBn@`@lAj@`@XjAlAxAvAl@p@n@b@X`@lAhAl@d@|A\h@PrDtAb@R`@VtBzCPZ?JX\ZVp@r@RVZn@t@b@LDVAJTCJ@Rd@XDFtAn@|@NFDMT?NKj@BXd@XHJx@Xb@RVR\Jl@DLFNEBBH@VAf@@RF\Dj@KHDJNj@bAHZJjA\nBJr@J`@J`AB^`@xAALJbBChABn@H`ARz@Pd@Np@Db@P`AVtAv@nD@JCPj@hBTh@\dBLZRr@Jp@Nj@?LDTb@nADVEVa@|Ac@hAKPg@nA[jAMx@Aj@_@zBGn@BJETGLUxACv@BTEVAf@EDCT?^CNOf@MXCPBb@K`@o@pHA^Dp@Tz@@NADFFHFBFP~@f@t@HDBp@FRBTJLRn@RlAHFFT@HA\H^Vd@d@vAT`@@NJ`@Bh@TfA@VHHH\FJ@j@Jl@LZz@xA|@xCx@tDh@bAJZb@|AjAxFPd@`@x@Jl@Zj@BZ@bAFd@DHTV\HRO^Q\GHIRGLQ`@SPAr@W|Aq@b@UD?VFFFBLAZFAPDhAvATl@^fB^vAVnAXdANfAPFXQBI,2,128.9,,,False,270.9,Diego Galdino
2,Corrida matutina,10179.0,3103,3157,91.9,Run,Run,2.0,Strava App,1076795718,2017-07-10T13:16:28Z,2017-07-10T10:16:28Z,(GMT-03:00) America/Sao_Paulo,-10800.0,,,,25,1,0,1,0,False,True,False,False,everyone,False,,"[-25.4, -49.24]","[-25.4, -49.24]",3.28,6.0,,,False,,,False,False,942.1,892.0,1180765308.0,1180765308.0,ea7a4bd3a1c5946f49097211d0042bea,False,10,0,False,20232024,1,a1076795718,jj`zCtipkHE\BP|@vAd@bAn@hAn@pBxA~BPN`@l@Vj@@RNXv@~@\b@R`@p@|@RNVrABX@FD@NCdAaAh@s@f@i@f@a@b@i@`@WNCl@q@LSf@o@JS\yAFUHe@Ri@p@}@p@c@^O\Ix@E\Dx@Gv@?RIL?ZIv@[lBc@lAa@z@LT@p@QnAKdA[`@EL?THn@E~@HtBfAdAx@j@P|@j@`@LvAn@hAV`AJLJ\L`BVp@PvAf@lAPXNPATDVJn@LPH\D~B|@FAPPpAt@TT\RbAt@d@j@^\NRNZf@n@v@p@LFRXf@^l@n@`At@d@X`@`@tAl@j@ZZX~BfAl@d@z@b@rA`@`ALr@BbBTjCHn@FnA?n@JBEz@J|@?d@Dh@A\HbBRRHPNb@Nx@^hAfBr@z@v@h@HLVFDDpAh@nB\p@VTPRHZDzA@h@NVNnAd@d@F\P^`@`@T|@dAr@pA\bA?lBLnBMRCv@RxBAf@Fd@CJy@^[\uAt@UBOFu@d@WFED@Pd@xAP|@FH~@QVIVC|@c@v@AJI@GAgAC[BcEIaAFgA?WCG@[?SHUBg@Gk@Ew@CG?s@CKQk@w@aBi@q@iAmAeAq@{@_@OB_@UaBe@oBMw@]kCi@o@Sa@SUGUOMQoAqAeBwBw@i@OSWKeC[sCG}@KU?e@C{@@YBm@AsDa@]AiBO}Aa@k@YYUMCiAi@m@g@gDiBa@]sAo@q@m@y@{@u@i@_A{@Y_@QGm@u@a@a@y@w@c@Y_AaA_@Uc@[eAk@}@Oi@[e@Ki@S}@GSMq@MaAIq@UGGOGkAQm@Qi@YKMu@OeAGa@Ky@_@MC]SIKe@QOM}Aq@sAy@eAg@s@Qu@AsANaDt@]B]GUB]LI?m@Pm@H]LcARgAXYBmBCk@B{@Nq@V[RQR]XOTQ\Qp@Wd@K\INIj@IVo@fAm@j@y@h@w@x@}@h@_@`@U^c@h@Ma@a@gAs@eAEOU[IS_@g@Um@MOEM][Yu@COCBc@aAa@e@e@aAGEM[MIYq@WYi@gAi@s@e@{@GIIS@MBC,2,,,,,,Diego Galdino
2,Pedalada matutina,9193.8,2281,2328,173.5,Ride,Ride,12.0,Strava App,1076567469,2017-07-10T09:56:02Z,2017-07-10T06:56:02Z,(GMT-03:00) America/Sao_Paulo,-10800.0,,,,3,1,0,1,0,False,True,False,False,everyone,False,,"[-25.44, -49.3]","[-25.4, -49.24]",4.031,13.0,,,False,,,False,False,956.0,899.0,1180534858.0,1180534858.0,fe2ed0c3e7a68a6e18177057427d1193,False,3,0,False,20232024,1,a1076567469,hcgzCrh|kH@GF@]RONEHyEbBsAr@SNQFg@JSHYaAKWWc@MYEY@a@CI[y@Qw@OSEc@FQBYCw@[w@Uq@UWWq@a@w@Uq@_@_BK}@WcAQ]Mq@S_@IYOUKk@_@s@Ma@m@qAOkB[u@k@gAq@_BGc@W]O[Sy@c@yAUi@{@sDk@_BUiA{AgGc@{Bk@iBk@wBC]DeABaAh@yEX{DH]Fk@N{@DOD_@AEJiBVkCRo@@OFUBs@BQ^u@Na@N_Av@uBFUDWEODe@AO@MEM?MKk@IYIKESWg@M_@MeA?OGO?q@Gm@KYUWK[Kk@o@aCCSMc@E]OOGc@g@oBA]@u@Gg@Qk@DQJMhBs@|Ay@TGJI?IS}@MeAO}@Ma@EKMu@Ma@?[DKAUM_@Gs@Um@O}@GCUYi@Ys@Kg@QcAKo@S}@M_@SOEQM]QMAm@JIAeAS]Sg@GM@g@EUD]EIEIORsAAIQSwAUQYUU[e@KQAYKMSEo@c@m@s@m@i@WYSa@_@i@W[qAqAWa@EAGYQQOGu@Q[CkAc@]Ie@U]I[Ug@WmAcA{AsAw@}@aBsA_BwAc@e@eAaAk@s@KGMQw@i@[Oy@k@EEKa@Ce@MC}@i@wBeBgAwA{AsAq@s@cAm@wAiAWWQ]c@c@WOc@c@u@[WWKCKQk@m@EMAYEEc@_@OIe@k@[UYa@]a@i@][_@s@m@YOSQEKm@g@OOUQc@c@q@c@s@i@}@s@MQ{@w@OUu@u@}@y@y@}@eDcDIQCg@We@_@a@a@Us@q@_@i@WMG?_@\MEmBmBy@s@MG_@Ym@q@cA{@w@{@_BiA}@}@_@WYk@q@a@OE[]WKQQg@o@g@c@SWUQYMWQc@q@s@[_@YoAsAmBaBIQ_@_@_A}@OY@KNKn@eAZ[l@}@LKH[Za@`A{@`@g@xBwBx@s@R[N?^U@G\M~@w@f@i@Ae@UWk@cAQWYu@Ua@A]?NJG@ECOEOEEGWU[BOLOh@e@VM\a@Pa@Nq@Zu@AEMKAELOFANMIIAKHI@DDC,2,104.3,,,False,237.9,Diego Galdino
2,Pedalada no almoço,8360.0,1875,2061,155.1,Ride,Ride,12.0,Strava App,1072077951,2017-07-07T15:37:06Z,2017-07-07T12:37:06Z,(GMT-03:00) America/Sao_Paulo,-10800.0,,,,4,1,0,1,0,False,True,False,False,everyone,False,,"[-25.4, -49.25]","[-25.44, -49.3]",4.459,12.8,,,False,,,False,False,955.7,899.0,1175973433.0,1175973433.0,ecfe35c16212738a0bb1e45f91ff5e83,False,4,0,False,20232024,1,a1072077951,`|`zC`eqkHCJBVHZ?HBVNp@AFKFoAZqAJ]CQMWEw@Cq@Gy@@[J[N_@Tw@x@Ud@G@KJQJALCBUBYJs@Hm@PcAh@ELBHTJ~@nAn@n@rAhAlCxCZXvAv@v@j@rBnBl@h@t@d@R\z@n@X`@^TfB`B@JEJLb@Gt@HR`@b@bAx@p@n@V\TNP@DGL[DGLENBTT~@n@HLv@x@b@\\f@z@h@TTPHr@|@bAbAr@bAxAlAr@d@j@j@nEvDlDhDrAn@^^j@r@dB`BlAz@RRj@Zn@j@rBfCdAn@F?DDt@dAZXLd@ZZHHH@HEJMF@`@^h@r@HTDTLXj@b@t@x@bAr@hD`DzCfBxAnADZDFXPVX|@r@zG~Bb@P`@VtAfBr@t@t@|@`AxAv@`Av@l@h@PDF@ZDLXLXTXDb@RXFLHF?BLANDL?FIL?b@HVj@`@ZNpATt@TRBTNh@D`AN`@?TD^BNFVPL^PvA^lB^vAd@nA?bABd@Cj@S|ALfAPf@@VTpADb@Jj@Vz@^rBPf@\`B\jBXx@VbAV`BRj@VnAH~@ZtAJ^F\A^CP{@pBSvAOd@U`@Qn@G`A?TGd@Gx@IVOtAYbBEx@B\Kr@S`@a@dBGx@KpCS`AKpBAtADj@j@~AN|@Tf@Ll@HRDj@^d@p@tBBDDCRbBNj@HR@PRd@`@jAZbBFPHHPCBT?TERCj@D^Zz@RdARl@^j@r@hBn@dDLXFf@BFVVJ\h@fAVjAXp@ZhAd@bAT`AHP\fBd@zAHJF?XIR@pA[p@a@rBaAn@W^KJJFNx@nCLPZXLVZ`AlBdHXJXOCO,2,134.7,,,False,252.6,Diego Galdino
2,Pedalada matutina,9368.9,2423,3023,175.5,Ride,Ride,12.0,Strava App,1071709691,2017-07-07T09:53:56Z,2017-07-07T06:53:56Z,(GMT-03:00) America/Sao_Paulo,-10800.0,,,,3,2,0,1,0,False,True,False,False,everyone,False,,"[-25.44, -49.3]","[-25.4, -49.24]",3.867,14.5,,,False,,,False,False,959.8,899.0,1175602557.0,1175602557.0,af5b17004705e659f59ea8a4ff3f5d8a,False,1,0,False,20232024,1,a1071709691,fcgzCdi|kHAKId@HQSIKHWJiAVgBf@yAn@qA`@i@V[AECIICWBg@?YY}A@{@CM_@y@]k@M_@DO?k@GUSc@YeA]_Ai@{@_A}BIc@]eAk@_BEa@g@gBAoAIOQOMISc@IWh@IPGP]CI@OIWCYsAmBOO_Aq@e@m@CQU_@I]SUISIe@Cs@K[EYSk@IKSe@Oq@Um@Mo@Uk@g@_BqAaFq@mBW}@o@cBQw@Ga@?[PaADo@Ho@XgEJo@TiANmB@wABYR_A@ULa@d@_EJUHo@Je@Zc@d@_B\{BR]BM@UAW@O?UEUW}@?OIMG][w@CQFMI]?[Go@GOOQGQC_@?IOk@O[Me@Q]k@gBOqAL{@MUE_@_@}@c@aC?GHMPM~B}@l@[VGPUAy@S_AAa@EQEGG@KGQ]S{@ASM{@BQAYOw@SeBWiAQOGCs@I{A_@a@CiASuA[iAa@UBWEe@@oA[m@Iq@C]BYCKEIM?KTw@Jk@?UcB]u@s@KQK[AQIKmAk@s@e@[][k@GE@E[a@CG[]c@q@k@m@Ua@SQGCDC@EKMy@]{C}@s@[QEe@S_@W[M]UoE{EiAq@aB}AqAuAeBsAcAeAi@WYKcAqAmAaAc@e@MWi@m@c@q@_@UiBgBm@]o@k@i@]SW{@w@k@c@o@o@cByAmAuAcAm@}@u@_@i@}A}A][iAw@}@_AW_@[Ya@W][aAw@yDwDeD}Cw@o@Y[OU?KBm@CMSYg@]kAcAo@s@OIECGBUR[DEAKKQK{@_A]US_@]Yq@_@WOWUy@c@QWs@m@OW{@w@_@[aAo@}@y@YQe@i@c@{@i@e@kAuA_BeAKQY[w@g@_As@O]s@k@QUYWe@q@}@eAEOAIPOHQdAaA\k@|@_Al@cA`AkAFWVYDMPKt@u@LC`@UzB_BHKBKn@c@Z[AKm@_AOw@EQU]Uk@OQ?WHKYg@KKAS@E^YZYl@a@LMj@yBLWIWMWAGBM^GAMB@FGXBHCHKBBCCAGBOAFBCNDEACBEACC@ECDBBCC,2,102.4,,,False,248.0,Diego Galdino
2,Corrida matutina,5447.5,1992,2103,44.9,Run,Run,3.0,Strava App,1070407714,2017-07-06T13:20:58Z,2017-07-06T10:20:58Z,(GMT-03:00) America/Sao_Paulo,-10800.0,,,,11,1,0,1,0,False,True,False,False,everyone,False,,"[-25.4, -49.24]","[-25.4, -49.24]",2.735,4.8,,,False,,,False,False,942.1,910.0,1174288213.0,1174288213.0,7688b66c6cc209f1fd2cb47e6d856574,False,0,0,False,20232024,1,a1070407714,pj`zCdjpkH?G?FGN@Nv@rANPTh@X`@d@|@Zb@Nf@Td@H^HXx@dADKDFr@`BNr@VVLV^ZPX`@v@\d@FDD?DHRdAHj@LAh@]dAkAZW\c@n@k@JORMt@YPORYTWl@oAb@gCXo@LWjAcA\OvBYJ@bA?b@ElASh@Qt@In@Il@W^KXCRBPFP?n@IPG^C^O\AXEXOZE`A?f@DDDp@Xj@Zj@NXJ`Av@f@Ph@`@rAj@`AXV@LFp@JTNd@H^X`@@NAPDNJTCF@xAj@~@Pj@HHDXHP?lA\RB\L|@b@f@FXJpAx@lA|@f@j@ZNNJXZRZfAnAQQYk@sAoAi@i@OWi@_@u@q@WSiAk@mBk@UCsAc@i@GCGGEg@Ce@M}@MI?[Ou@Ue@Ea@Ie@Sc@IMIe@Qe@Kc@GiAc@YIMC_@Ow@c@s@a@EIOKk@SKIqAq@MEM?YSIAkAEgALsBd@c@H]L]Ba@M]@iA\sB\uBl@ECe@?ME]?MF_@Go@AMJm@RKHSHIHWH]TKb@KLSh@Yf@Of@ANCFAh@EJGBCFa@z@[LOHMV]ZQLMBa@ZYf@cD`DGOYqAY]k@_AOe@e@w@Wk@QWYSc@{@K_@k@cAMSICAGYg@i@i@Ue@CWw@}A{AaCGS?QHKN@,2,,,,,,Diego Galdino
2,Pedalada vespertina,9071.1,2069,2328,161.5,Ride,Ride,12.0,Strava App,1069495565,2017-07-05T20:21:13Z,2017-07-05T17:21:13Z,(GMT-03:00) America/Sao_Paulo,-10800.0,,,,0,0,0,1,0,False,True,False,False,everyone,False,,"[-25.4, -49.24]","[-25.44, -49.3]",4.384,12.5,,,False,,,False,False,955.9,899.0,1173362451.0,1173362451.0,93d1fdf36fa4dbb8978edf5f01733ac1,False,0,0,False,20232024,1,a1069495565,nl`zCv_pkHP_@DCD@VXAJKHWb@CPDHQf@[R[d@y@v@?HFN`@v@GNE?AD?DGP?J`@`@HVHDJ`@VVNXDTVZFLJHDGP?TJCDGAAFOF_@FWLMRqCtBiB~A{@bAwAzAk@n@]f@gAjBmA|ACTVl@|AlAjBtBhFpEjBnBjArA|@t@nBrAtBjBr@f@x@r@tBlBd@l@d@`@f@\ZL@DGHKZ@JHJ?F?FI`@FNf@Zz@|@vAtAP@HAp@c@HEF@`A~@~@bAVn@JNlAfAr@x@`CrBj@x@b@V`Av@dBpA`BbAtAfAvAjA|@`Av@n@hBvBf@TLJVFVPRVl@b@lAzAnA|@p@p@d@n@h@~@n@f@p@\^VNXJl@f@l@l@j@z@n@b@b@RLLDDD`@N`@f@tAvAtBjAp@h@bA`AnBbBx@`BxA`AZL|Bx@pAV`Bf@n@Tp@b@JH|@`Bv@fAPf@l@`AhAvAx@Zf@HRLHR@V\f@l@Lh@@VBl@VAT[dBBHRL\f@LHPFdAVTAf@DhA?RBp@Ad@FTAVBPHFFL^TZDTBV?rAJv@ZtA@N\pA?FJ^DzAAXUjB?JD`@\b@Pf@ThAb@nCPt@X~@ZbBp@fCNtARfAd@rAF^N\FTB^n@xBJTRx@?RMn@Qf@U^Ol@[~Ai@rAEZGPGb@Eh@In@ARI`@OvASvASv@MtAY`BCpAHn@C`@]bBQp@KxBEN?VE`@?NHh@ZvABh@F`@DJ^\FNBNFRTd@Zx@BXJ^NNBXDF?\Dd@TjA`@hARb@DVJPx@tCJj@ATZt@@TbAxEj@rA`AbDTh@BTZr@Jb@?b@F`@`@vAVp@P|@Ht@^nAZl@d@jAR`A@LALDFLDjCu@NKl@WHIv@Yl@YrAe@REF?DFHTFHHd@Xt@^ZH@HR?Nh@jClAvELf@FLF?`@MBY,2,126.4,,,False,261.4,Diego Galdino
2,Corrida vespertina,5580.7,2063,2092,57.1,Run,Run,3.0,Strava App,1069296949,2017-07-05T18:39:31Z,2017-07-05T15:39:31Z,(GMT-03:00) America/Sao_Paulo,-10800.0,,,,10,0,0,1,0,False,True,False,False,everyone,False,,"[-25.4, -49.24]","[-25.4, -49.24]",2.705,4.2,,,False,,,False,False,948.6,903.7,1173162410.0,1173162410.0,e5e4ddf012053c16f48e3c48003d73c4,False,0,0,False,20232024,1,a1069296949,li`zCljpkHDDO@GFKVk@t@{@h@QD_Az@O@i@ZYJgAx@SJg@f@]P_@^c@XM@o@s@cByAKQo@e@aCyBi@a@a@e@y@w@MU]WMOUMGO_@YOSWSWMUQi@s@e@YIOKISKAI_@a@gAm@]e@u@m@e@i@q@i@[[_@g@c@a@CIy@o@k@Yk@q@q@k@{@}@IGQCGCMSMGo@k@[m@MK]Qo@i@U_@]]eBsAYYGMk@_@e@g@OKe@e@WIW]e@a@GCEBGAi@BMFQXo@hBKRKJSB[OK[ASBc@R[`@c@z@uANYPe@^o@ZkAf@kAjAaEZq@FCN?b@RdAzAPJH?PCFCj@{@^YXGVCp@DNBDBP?JGDITeABi@Cs@L_AD_@?m@_@iAk@sBUi@[Ui@NMROv@c@rAeAnDYrACf@Ld@Tb@`@hASn@ANLpADRTb@h@l@j@|@NJVJl@v@~@hBV^h@j@NCh@W^c@NMDGPIPAHM@Ev@k@RYf@]VK^CFBBb@FPZZX\x@pADLT\Xl@LZb@d@^j@Vj@`@d@Vl@JJ^`ALJb@v@h@nAp@~@Xp@T^`AtAHLDR\l@@LTLNVNXFT~@pA`@r@T`@l@vADB`@r@FX\h@d@f@Xh@n@z@L^z@zAPf@NPFPXZT^RPPDZK`@]HMd@U^a@TSh@YnA_AVKPMRSJELa@HF,2,,,,,,Diego Galdino
2,Circuito das estações,5011.4,1257,1257,57.6,Run,Run,1.0,Strava App,1063661213,2017-07-02T10:02:05Z,2017-07-02T07:02:05Z,(GMT-03:00) America/Sao_Paulo,-10800.0,,,,7,3,0,11,0,False,False,False,False,everyone,False,,"[-25.43, -49.22]","[-25.43, -49.22]",3.987,5.7,,,False,,,False,False,932.6,893.9,1167455714.0,1167455714.0,f37f58ffeb3946c99b988c10b3a06a12,False,6,0,False,20232024,1,a1063661213,pqezCjplkH|@e@PfAqHlqAeUnI}GgYpOoFhCzG|JjBzHm~AqAxTsB|@,2,,,,,,Diego Galdino
2,Pedalada no almoço,9037.6,2009,2162,169.1,Ride,Ride,12.0,Strava App,1061062681,2017-06-30T15:21:12Z,2017-06-30T12:21:12Z,(GMT-03:00) America/Sao_Paulo,-10800.0,,,,2,0,0,1,0,False,True,False,False,everyone,False,,"[-25.4, -49.24]","[-25.44, -49.3]",4.499,12.6,,,False,,,False,False,955.7,899.0,1164807168.0,1164807168.0,ff476104a7bb4e1b94bf90c7c71017be,False,0,0,False,20232024,1,a1061062681,zo`zC`|okHc@XMBWRQFWV[LIFGN@F`@t@\x@EHUJa@f@OJKRSPMRBJTRVb@I@DNCF@HlAnBBPDh@Xp@HZo@b@UHMRw@l@a@d@Ub@kBdBIN{@x@cAnAYXg@r@q@v@i@v@}A~AEP@Jf@j@`A|@l@n@XRb@l@THx@~@fGrF`AfAd@\JD|BdBtArAfBxAz@x@vAxA\ZX^zBfB@LP^G`@FL`@b@FNTVJRj@b@P\^^\DHCZUNCJ?DDTZh@d@p@v@RFBJd@VFLXRx@|@tA~@h@j@Xd@PPV\Rd@X`@d@Zl@t@\T~An@d@ThA|@x@|@x@v@z@l@f@b@V\d@b@RZ^ZZb@XZNFXD\TvAxALF|@n@HHNVf@f@zAfAX`@ZTp@p@`@ZZd@J\^\PTn@`@d@Tp@b@\XRJbAtAh@d@l@p@tA`At@n@`@b@f@r@tAbATVXf@f@f@r@f@j@f@`EjArDxAxChDj@dAZ^d@`@|@nARNf@RN@DHAFLRBPRXj@VL@VAd@Lr@DUtC@FZZXTPF^AfADx@LhADXDPDXBx@TTBJP`@ZFVHj@FtAHn@p@nCRdBCLDv@Eb@Ol@@d@BX~AzGPdADj@PdATz@\|@Rt@VtARh@Lr@Df@Nt@f@bBHb@d@tAZrADd@Gd@KXARWf@K`@e@hAQ|@m@zBMr@YfDIPGZIn@?Z@j@O~@Eb@?ZM\MHKPK\@`@EZFRDv@Oz@g@dFI`@@bAd@|A`@x@Hz@^`AZzA\z@Nj@\x@Hb@B^Nh@Lj@^n@HR\lBRt@LXDN?d@Tv@x@nBh@lBp@bBd@~Bh@xALn@J|@Vv@Lj@JXZl@H\Vn@Tz@f@tAH\FfAVf@DTJDTRD@DAf@ULAXOVGF?r@U|@g@pB}@b@IVXZpA`@^Td@JF?N^nBb@lAf@rBj@~ADBXKLo@,2,125.5,,,False,252.0,Diego Galdino
2,Pedalada matutina,9222.7,2200,2347,172.2,Ride,Ride,12.0,Strava App,1060706020,2017-06-30T09:45:06Z,2017-06-30T06:45:06Z,(GMT-03:00) America/Sao_Paulo,-10800.0,,,,6,2,0,1,0,False,True,False,False,everyone,False,,"[-25.44, -49.3]","[-25.4, -49.24]",4.192,14.1,,,False,,,False,False,955.8,899.0,1164446122.0,1164446122.0,ea701d937a31cecd5a3136b793e405fa,False,0,0,False,20232024,1,a1060706020,hbgzC|i|kHDEF@@CqA`@qAPkAn@eAZqAn@u@f@QWc@iA?QN{@Ae@O_@KIs@aA]_ACOHYAWDC@GICMu@q@qBAMIQE]Uw@Yk@Ia@Uw@m@kAc@uA?e@EU@c@CQ]}@Ke@Ya@Cs@CKGIWGw@yBo@sAG[M[EYW}@Mo@k@yAGa@Ug@_@mCEIMIGUS[CK]q@e@yAc@yB]yAWuAWeA_BeEMe@SaA?}@\kBPoCFmBR}@Fy@PcAl@}GR{ADQN_BJo@\oAjAsCBQ^gADk@A_@Ea@a@eA?[G]Wy@W_@Gk@EOAIHFC_@GYOgASo@MQYs@AWM]ESAQ@OIU?UOe@U{AoAeFDSPUFEfC}@b@Uj@MHIQsAc@aBIe@CKUa@Ws@Gk@GO@KMq@Ag@E[[uA[g@SGMM]OoAWi@A[KQKw@EKEMAQIM?]GUO[C]IYKSASKg@@_@GeADw@CKE?GHi@JeA?YCEU@GA_AY_AaAW{@CCi@GUGQKm@k@eAwAYg@e@s@e@i@KWKIc@s@OO?IGQWMg@KKGSGIEOEIGQ?c@Mq@Y]S}Ai@q@e@i@g@u@_Ae@e@[g@y@aAMK[KeAk@c@]w@}@WQOYWWIKKo@G@UQa@Qk@a@Q]UKQQ{@k@{@cAe@e@YQQW_@]_AkAg@a@o@_@IM_@YeBoA}A}Ag@]g@i@{@q@WYg@a@aAu@q@u@u@m@aAm@yAoAkCcCIQEUGOu@u@i@]wAu@s@g@USe@o@k@m@{@q@aAaAk@[_Ay@y@y@W]K[Fg@Q_@Ya@k@i@OW_@Yq@w@KEUESLK@c@k@o@s@{@k@{BkBo@_@kAkAqC}Bc@a@_@_@Q[UMQUSK]WkBoBIMKGU]aBmAgAaAQWUUEOUM_BkAo@Y}@aAYYCOJ]h@m@f@q@N]p@w@t@u@Zg@XWl@q@VQNYTY|A{AvDgDBG?s@yAyCWa@AMHMAMe@aA?I@GVSr@k@\QNWRk@Lw@RO?ICIKI@GPSVK@IESECDBNB,2,108.3,,,False,238.2,Diego Galdino
2,Orientação,9299.7,6279,6356,381.2,Run,Run,2.0,Strava App,1059789172,2017-06-29T12:41:01Z,2017-06-29T09:41:01Z,(GMT-03:00) America/Sao_Paulo,-10800.0,,,,0,0,0,1,0,False,False,False,False,everyone,False,,"[-25.34, -48.95]","[-25.34, -48.95]",1.481,4.7,,,False,,,False,False,919.4,833.3,1163523293.0,1163523293.0,0bca9cc451ea2babd1e443179dabd2ba,False,0,0,False,20232024,1,a1059789172,hutyCvvviHgBtEzGlFrBfIxB`BcCbAcA~CzK~BIeEp@`Bs@hAdDdGaAnAfAoBkCoC|CnBmAjCoJXuAdDuCy@tCqAuKlAqA}BbBqLhFkKaCsGmFrAeBkH~@kIwCwFReE}An@}AcDqBfB_@qDcCg@hBTg@bDxAHpBpE_B{Dl@nAm@xAwA@eB`DkI_CqHrKpEVfDhC[nGkCjBrN`Cj@`CoC|AvBb@bDkBo@rApBXZdDhHpBlB_@^mBwGoJpCf@nBgCcBdCcBAi@cG~IyO,2,,,,,,Diego Galdino
2,Pedalada vespertina,9029.7,1933,2259,160.7,Ride,Ride,12.0,Strava App,1057200839,2017-06-27T20:13:56Z,2017-06-27T17:13:56Z,(GMT-03:00) America/Sao_Paulo,-10800.0,,,,0,0,0,1,0,False,True,False,False,everyone,False,,"[-25.4, -49.24]","[-25.44, -49.3]",4.671,14.0,,,False,,,False,False,955.7,899.0,1160907059.0,1160907059.0,72c6b39a9a478f8d9b7604fd329d97eb,False,0,0,False,20232024,1,a1057200839,do`zCr|okHM?FQG?MHcA|@c@b@CLDV\d@Td@DPIRc@b@iAn@GH@VDLV`@HHCBDB@DCRH`@`AdBJd@j@lAETKJe@`@g@Zi@b@IDiB`Bk@`@uAzAeBtBo@dA{BxCKR?\zA~A^l@~@r@l@p@bGnFxBxBpB|AZPvCnCjA|@pAxAtCfC^d@ZVHJBd@BPCZBTd@Xh@j@d@n@XRVf@`@b@JB^]N[JEFBd@ZHHPHLNNZf@f@hAn@pChCfAlANV\^nBhAl@v@f@`@tAvAj@b@pE`Eh@j@BHLFp@f@V\PPLHZd@ZPl@R~AvAjAx@t@|@`@`AX\PHPFd@RVNFHJTx@x@NX`@b@TPd@F\Vd@Tp@jAN`@\`@f@XXV^Nf@Xx@r@r@f@dAhAh@d@Xb@Z^d@ZxAnAHLn@p@v@j@l@ZjExA`Bt@p@d@fArAv@xAx@n@t@vAx@`ARR^LZD@NRXTPLDJRXRZNd@HLFXHBDCVKTEt@JVd@HNH^DfAV|@p@r@Jh@Bl@Aj@ENH\F^V\`AJr@Dr@R~AZvAX|@Dz@@`@C|@Q`BFh@XrATr@Lf@l@nDRv@XdBj@hCVd@Rv@Hf@VhA@\DJTPRl@^nCLp@LPJd@BXQbAMb@Wb@]jAMj@g@vAYrAMhAEz@Kf@OnAQxBKXOr@C`@SxAG~AWlDQbBCf@KhA@b@Z|@BVZ`@A`@Pr@Pd@^d@Rl@Hl@`@v@?^PXJXFv@J^Hf@BH`@p@N\HTFf@FHFXDd@PRJDNdAPZVDFFLl@DJDd@Jb@XlAXtBXfAVr@BZF\HP^RDRBn@Lr@BHNP`@xAVl@BZFFh@~BRl@Pt@JdA`@t@Tx@DBLOPGz@GTKb@[pAa@XGpAm@PMXEdAfAD\VdADBL`@L\p@lCtA|ERLRE?YJQDE,2,147.1,,,False,284.3,Diego Galdino
2,Corrida vespertina,4695.2,1524,1544,59.4,Run,Run,3.0,Strava App,1056993896,2017-06-27T18:27:37Z,2017-06-27T15:27:37Z,(GMT-03:00) America/Sao_Paulo,-10800.0,,,,0,0,0,1,0,False,False,False,False,everyone,False,,"[-25.4, -49.24]","[-25.4, -49.24]",3.081,5.0,,,False,,,False,False,948.7,903.6,1160699628.0,1160699628.0,68b8f3abc3cb95889fcc18dca7b534e4,False,0,0,False,20232024,1,a1056993896,zi`zCnjpkHBQ?FBFQTy@b@UTg@X]JWNSVyBfBMFM@Uc@UUWg@c@k@aAmBIKO_@OSa@aAcAyAK_@]c@Qi@Y]]o@y@cAe@_AOa@i@aA_@}@m@u@o@oAWYiAmB[_A[_@i@}@IQUe@[a@]s@eAyAs@}Aa@u@e@c@m@_AWq@IK]]OCG?MJ]J]Rk@f@QTc@VQ?a@Rg@d@a@TQL[]Q_@{@mAg@cAQQUIYS]_@Wc@UWYo@Gi@GWaBmCIIe@UQAGBQZgAtCIJMXKb@a@nAOv@Sl@gArBu@~@UNOPE\BZDXNTPJD@LGHMl@uAj@{@JGf@CFBNTd@b@NVn@x@bAv@XZt@n@`@TdA~@XRhBdBp@d@rA|ATLj@j@h@^lAjAnA~@NNb@X\XZ`@j@h@`@VbA|@|A|ATNLNF?DBXn@`@b@\V^^h@VTPb@`@V\XZXRZ\fA~@JDdC~BXNPVh@l@dBpAHLFLJLLFZDRAZILQTOXKRQRWh@_@~@aApA}@ZYHAz@s@|A}@RSB?@S,2,,,,,,Diego Galdino
2,Pedalada matutina,9252.8,2566,2640,177.2,Ride,Ride,12.0,Strava App,1056302984,2017-06-27T09:48:54Z,2017-06-27T06:48:54Z,(GMT-03:00) America/Sao_Paulo,-10800.0,,,,0,1,0,1,0,False,True,False,False,everyone,False,,"[-25.44, -49.3]","[-25.4, -49.24]",3.606,11.8,,,False,,,False,False,955.6,899.0,1159999308.0,1159999308.0,8d9756b337af1cbcbd7ed53322be0e24,False,0,0,False,20232024,1,a1056302984,ragzCxh|kHb@?F@BFOLKDEJ[LKLQF[Bm@d@_@D[AWDw@X}@r@[NSDIFI?KYKc@Ic@AU[aBSo@OSQg@CQQy@Wo@Gw@]}AYq@M_@QW_@y@c@uBUi@QUEOGk@M]Ic@Ok@CUg@iBSk@Ku@u@cBUgAe@}A[g@c@kA_@w@O{@OgAK[Kw@GOCOIGOa@Mo@u@mAUi@qCeJ_@eB_BwFCSFo@L_ARs@Fu@B}BHw@Na@?YFy@RwBHo@Jc@ZyBLgBHaBLoADW`@e@Vg@Js@^uA`@kAHi@EODWAUUk@Q_BGQMQAQMSOe@Ee@]iACQ?SKeAGOSUO{AISGo@WiAAm@Qo@Yi@Aa@SoAOu@Oe@@IFGf@Y\IlCeAb@MFE@IUcAMu@Mk@e@aBYg@GWIq@?YGMAOKSSwBU_@[]}@WO?u@W_@?c@Sg@Mo@I[Oc@A[MKKs@?KEm@EgA[MGU@MAWK[Cc@MEGFUB{@?GCEWEYOm@OsA}AEKEUwAu@s@k@i@w@EU]s@k@w@}A_BM]MOu@c@i@GeAa@oBo@aAUIGeB_BgAkAg@q@aCmBkBaBe@e@[g@m@m@wAkAW]_@Mo@i@e@o@oBqBg@a@m@m@UOc@QgAy@w@_A]Y}AeBkDyCW_@]WUWQYyAaAyAmA[SMOqB}Ao@w@m@m@Wg@u@q@a@WcBsAUKg@Mq@e@c@{@Y[cEsDsAuAg@}@EU?MEM]USUe@k@e@w@o@s@MB_@RO?OGy@{AOQSMWEw@_@cCeBaA{@OYy@q@W]c@[aAgAm@i@YEQ_@sAcAQYg@e@[_@UMe@Ii@_@QUcCwBS_@SIGISKUe@e@[SUe@]GMSQa@e@GW?MFQd@_@^k@XQR[X[^c@Vo@NSn@i@`@m@j@_AD?RONE^e@JEh@g@~@o@z@q@TMd@c@PMDI@WGW_AoB{@uAAG@GEEDGe@cAIw@Q]OQ[g@CGBKt@u@lAo@d@[tAkABFB@?DCDK?,2,96.3,,,False,247.0,Diego Galdino
2,Pedalada matutina,9270.6,2489,2545,172.5,Ride,Ride,12.0,Strava App,1054770230,2017-06-26T09:50:34Z,2017-06-26T06:50:34Z,(GMT-03:00) America/Sao_Paulo,-10800.0,,,,0,1,0,1,0,False,True,False,False,everyone,False,,"[-25.44, -49.3]","[-25.4, -49.24]",3.725,13.8,,,False,,,False,False,955.9,899.0,1158437855.0,1158437855.0,8ee3c7a24248e464ae95bdba2e19f745,False,0,0,False,20232024,1,a1054770230,fcgzC~h|kH@DE@_@JQHI@OJWDMXc@Zi@Pg@He@PQB]AGBICMb@MBOLYF[B]m@Uu@@_@Gm@S{@Gq@Um@UYWc@OKGOMg@?MI_@Ge@Ce@Ke@c@iAQm@O]c@cBiA{BYaBUs@A[Ea@Qc@Ie@yA{CaAoDKWCUOi@M_@MQCQSa@M_@Ac@COMe@Io@Qs@Gm@GUKK@MBEFA?GIOMKK[c@i@}@eCUw@UeAs@iBqA{Da@qAa@}ADgCFyAPeAFo@`AgE?UNk@JiBJgAPw@BSAa@NsAF]JoABSTg@V{@F]\kAJk@Tu@BMFK@GKO?EDEJCDG@]AQGSIOK_@a@w@E]As@Qw@@YMa@?SDQAQWo@SYG]OYIc@_@aAIa@Gw@Mk@COBSIi@YuAMYg@iC@GHOTQrBw@bAe@RERABIW_B_@eBQc@o@gAMo@Eu@OkAMa@Es@Yu@_@]MEq@U]EMGm@CYM[QaAScAIs@Q_@@o@OU@sAUQA}ASGMT}A?GEGa@Gq@SGCGK]SSc@U]Oc@u@Ya@YKMk@m@gAyAaBcBQYKY_@i@_@YCIGG}DaB_DcA}@k@IICGQIKOYOk@i@g@u@sBeBsCsCq@o@KCMQEKa@s@w@m@G@]]GKi@e@_@i@u@k@q@m@iB}Bc@SYQ[[W[]Ya@a@oAcAYMm@m@WKKCIBW_@qAsAKOYUc@e@IOSUaAk@o@k@Ua@g@_@{A}AYSe@We@_@a@c@c@o@y@y@wA_Aq@o@y@g@e@_@yA_Bc@m@wAkA}@_AeA}@]e@GOEQBYEQgAiAm@i@w@cASMOB]RM@_@a@S_@[_@]W[MoAu@mCoB[c@g@c@a@g@KIeAg@s@{@_@YKOQMGIe@]OYs@o@c@w@YYa@_@c@OWO[Wi@]IMUO]UWWEK[_@_@[UIq@o@a@i@oAoAAGH[FCPWh@}@TUBOFE?FD?XWVc@Za@Tc@LERWLYV[@KBGl@u@LEHMHCt@w@F?LIJQf@g@F@l@Yl@g@`@Un@k@@a@Ok@kAwB[}@?IEA@IYa@IO]sAQ[MEEGYi@p@u@PMTGNKf@UDENYPGJOt@m@LG@FPBKCI@AF,2,100.3,,,False,249.7,Diego Galdino
2,#MyMile,5261.8,1325,1325,36.4,Run,Run,3.0,Strava App,1053076895,2017-06-25T10:20:58Z,2017-06-25T07:20:58Z,(GMT-03:00) America/Sao_Paulo,-10800.0,,,,6,6,0,51,0,False,False,False,False,everyone,False,,"[-25.44, -49.27]","[-25.44, -49.26]",3.971,11.6,,,False,,,False,False,904.7,890.3,1156692020.0,1156692020.0,2e8ddb956e1ec03a71826443e0672c5e,False,6,0,False,20232024,1,a1053076895,vchzC|bukHnAi@wPak@gV}]@mRrDkOjARbExO_FtBVlDeCmJ}AXElT|FvGjPd@xWv`AwFvB{AuF,2,,,,,,Diego Galdino
2,Pedalada vespertina,8731.7,1998,2443,146.3,Ride,Ride,12.0,Strava App,1044759658,2017-06-19T20:11:14Z,2017-06-19T17:11:14Z,(GMT-03:00) America/Sao_Paulo,-10800.0,,,,0,1,0,1,0,False,True,False,False,everyone,False,,"[-25.4, -49.24]","[-25.44, -49.3]",4.37,11.7,,,False,,,False,False,955.8,899.0,1148163248.0,1148163248.0,dc75fa61cfe6decd2eaaa0b04e5638e2,False,0,0,False,20232024,1,a1044759658,dk`zChjpkHOAIGFBANL`@b@~@nAjBB^CVGH[TWXq@d@WV[RYXkA`Aa@f@cA`Ai@n@c@TUPY`@k@hAo@z@yA~BKPDLv@~@`A~@j@`@PXvGpFnBjBpAnABBNCnBvBhA`A~@~@PZ^X^NV\x@h@zBpB`BtABVC`@@NGV@DT`@BNJLhB|Ad@b@TJFAZYHCZ?l@Vn@`@PLV\\XPFTTn@f@p@p@x@p@VXFPHDNXp@l@\TRVdAv@p@v@nAjAjC`C~@r@`AbAl@d@LPBLrAl@~@fAL@DBLPbBfB^VZXLR@TFJTNj@h@j@^`A`A~ArAf@Z\b@Jb@Vh@HFDFz@^PNxA~@~@~@^h@|D~CjAhAd@^bA|@n@n@h@`@|@`Av@p@d@Z~Ap@hC|@zAn@n@^jAxAt@hABJ\TRZ|@tAb@h@NPf@\j@TBBER@FJNVDLLZNx@Rh@HLH@TQl@G`@?fABR\JtAGbABzBZn@LN?d@Lr@DLHRVH?BCGj@FbATn@J~@Hf@b@v@Nh@JNGDJJJPAHHn@Iz@a@tBTnAB^Vz@h@tCVt@Px@^tAp@bD@n@X`@@FLp@B^ZzAZ`A@Lp@nBXlATd@Hx@CLgAvCWx@y@rBMp@c@tDGfAMFENKlAKxB@PIfAKz@Qj@Gb@GnA]rCIjASz@B^DNE`@@NRf@\nAb@fAXhALTHb@Ff@f@rARpAX\J\HJBLJXBPPv@?FF^t@bCXl@Rt@Vl@`@xA`@zBh@pBl@bBPr@N\l@hBRj@JLRr@d@hAv@nCRf@VlAp@fCFDNDt@OZKx@g@FAR?TU~@_@XQd@G`A_@D@FDJRLfAPb@Fh@FZTTVn@jAjDn@dCHPLJHBXE,2,122.8,,,False,245.4,Diego Galdino
2,Pedalada matutina,9282.7,2306,2408,167.0,Ride,Ride,12.0,Strava App,1043942631,2017-06-19T09:56:47Z,2017-06-19T06:56:47Z,(GMT-03:00) America/Sao_Paulo,-10800.0,,,,1,1,0,1,0,False,True,False,False,everyone,False,,"[-25.44, -49.3]","[-25.4, -49.24]",4.025,13.5,,,False,,,False,False,955.5,899.0,1147321096.0,1147321096.0,da7dca6d8524138eea0317b9fa3b4479,False,0,0,False,20232024,1,a1043942631,regzCxk|kHa@QGQSWc@MSBe@?UHw@b@gAb@aBf@k@J]Pc@LMA[Uc@w@Oc@_@iBa@{@_@yAGo@[aACYi@sBm@oAS_AEe@Qq@{@yBU{@OgASe@a@uAOYI[Mu@_@o@Ce@Ie@Ui@a@wAYm@CS]e@ScAUYQ]UsAUy@Gm@Wm@U_A[w@Og@]oBuA_Fg@yAw@}CQgA]qA@k@Re@PqAHiALy@F{@Ka@@IJEN{ATkAn@qF@e@DQH}@?yAFm@XcAd@eAt@cC^{@La@D_ADQAK[y@o@kCMSSm@GYCa@GWUk@KKSa@@aAC]O_@Ms@i@{B?c@CQQ{@Sq@OoA[gAD[HMJE`Du@t@]NQGa@Oq@YgBe@wAAi@Um@SgASk@Ou@Ky@Sg@[SqAc@a@Ik@Cm@OM?_@IUMQSKEu@AMGCGQKUAWIa@?YCYMo@@]Bm@KYCWKCCAIRaA@QYQy@IWIKO]QMa@[g@?WKO}@Me@Yq@iAm@s@[i@}AwA[_@i@cAGWGMYQs@Qe@Wa@GsC{@m@W[SU_@s@w@_@_@o@i@cAiAwA_AoAsA}@u@iAsAi@{@MIGAkB_Bi@]IK{AqA}@o@q@_Ak@k@w@i@c@WMWQm@IIeBcAKAk@o@mAcA_A}@mA}@mAoA}B_BKO_@[c@m@cAy@_@m@kAeAy@eAYe@EAWEYUME_@_@y@e@mAgAeBiB_G{FIOAIAKDc@EMi@c@eAmAc@_@i@k@MIe@^MBMCQIMM_@c@i@g@}@c@SOu@w@MUUWUIQKaBqAkAuAQKeA_Ac@m@_BmAeAyAg@a@i@Ya@MaAs@[_@}@w@OUGMSWgAw@YOq@_Ai@a@m@m@AK@_@JWzAsATa@l@q@`AwAj@s@rAqAVIf@m@dAaANWXSJGF@v@c@`@a@PMLQDMCWw@gB{@{AMa@BCAEe@_AIc@]i@Mc@Yg@BIHEX[BIJCTYp@[\YxA}@JCJJ?EBC@MYH,2,102.9,,,False,237.3,Diego Galdino
2,Pedalada matutina,9055.0,1969,2040,162.7,Ride,Ride,12.0,Strava App,1042549419,2017-06-18T12:26:32Z,2017-06-18T09:26:32Z,(GMT-03:00) America/Sao_Paulo,-10800.0,,,,3,0,0,1,0,False,True,False,False,everyone,False,,"[-25.4, -49.24]","[-25.44, -49.3]",4.599,13.4,,,False,,,False,False,955.9,899.0,1145876558.0,1145876558.0,7a7b4a2f6522d4c66fae55d38e665a25,False,0,0,False,20232024,1,a1042549419,jn`zCz|okHDEIAEFo@TONWNSTADB^`@j@\n@ALy@n@QT[P[FMH@HHFDLZZLHVGBFAPKP?HLRAPZ~@\|@x@vA@LWT_@f@m@\c@^KJSHe@j@]T}@`A_@XMT}A|AOTWVINg@t@a@d@[T_ApAQ\CVT^pBtBn@`Ar@^jDtChAfArExEtDrCzBpBrAbAlAlAjC~B?\Gh@F\h@p@vBpBVb@TJx@i@NRzAzA\b@NFHFTZHP~@l@tArAl@\XLVXl@tA\^RLZLb@Zj@b@PRd@\TVv@^`@XdAx@^`@tFnERR`AvA^b@pDzClBrBfAdAbAr@XXx@n@\fAHBR?PB|@f@h@h@Vp@hAnAn@f@x@h@z@d@jBtApAjAHPRVlAbAR\f@h@^f@PDn@h@HDZFHDv@Nt@TzClAbAf@zApBh@hARn@HHVFBB`@v@j@p@HPNL|Ad@DHKl@LP\VfBVr@BPFCb@QbA?NJRl@Th@^p@FVH~Cb@fADp@H^^R\Dd@FbBRlAXhAVvADh@A^@n@CZ@`@Cr@Fj@VjAh@vBXvAd@rCNl@N^d@rBl@jEv@zC\|@p@bDHd@Er@Q`AGR_@t@UdAUZS`@CZMp@If@QxBUfBK`@Ip@A`AEh@O`@ERILSLIPAjCC\?\IjAMnAQ~@QtA?d@L`APb@BTNZ\jADP@LFNDTL\HFF^CJLf@BTAJBRTn@RXPb@BJPL@HANTf@DLJJ?LHLBNBDFb@Zr@H`@FHDVBh@^jAN~@~@pCTVTd@\dABPBDER@NDNL|@HfANnAx@hBPt@f@rAz@fBt@`Cn@bCNXRb@H?BDH?JK^QJKPKdAWfCiAb@KLQ\KFHR^Hf@V^Pj@JHDX\d@h@xBfAbD^hATXH?LI?W,2,130.1,,,False,256.1,Diego Galdino
2,Pedalada matutina,9216.0,2304,2350,173.4,Ride,Ride,12.0,Strava App,1040537706,2017-06-17T09:56:27Z,2017-06-17T06:56:27Z,(GMT-03:00) America/Sao_Paulo,-10800.0,,,,1,0,0,1,0,False,True,False,False,everyone,False,,"[-25.44, -49.3]","[-25.4, -49.24]",4.0,11.3,,,False,,,False,False,955.9,899.0,1143788147.0,1143788147.0,a19d02b19f1b2a664a150acc5d6ed61d,False,1,0,False,20232024,1,a1040537706,tbgzC~h|kHDRHFg@Ai@Le@^k@RM?QDIH_@RGHu@L]NMNMDYVu@HWMMQKQAQQs@CQ@i@COGKEOSYGMMw@_@{@AWs@uAGe@I]IUAI{@kCQ_@g@qBM[K_@a@cAKe@IcAIOCSg@uAG_@Um@YsAMkAa@iAGGCAE]a@cACQOi@AYGUa@w@[[Kk@ISMi@Qg@IKIC@KBGBIEcAYq@cBaFCK@OGS[q@e@oAMm@Ec@a@uBa@}Ao@aBAUBy@DUDo@J}@DkAJwAR_ATuADU?W\kCJ{A@kABi@f@wEBQn@wA~@qCb@cADWAgAMe@CSGMO_ASg@Ee@IYAKMQGQGm@I[MYSw@Gc@@OKo@EKQcAm@_CCk@Uu@CYGWIaAQeAUq@?IHQROf@U`DeAPOFU?KOs@q@gB_@gAI]K{@@y@AU]uAIaAe@u@cA[kBWUAqA]WCm@QS?c@Em@YQQa@IYM{@EWIW@UGi@?[IJe@Dg@?KGSSK[AeAMEK]Wq@{@C]u@i@qA}ASMS_@M@g@{@CMMSUYg@g@g@o@]g@a@]mBy@c@MsAg@QAu@SIIUYm@]USg@o@i@g@SWa@Yq@o@SIg@a@uA_AOUi@c@u@_A]WEQKOQ]ECMAE@IEKMUMs@k@OS[k@WWEM[]m@a@eBeBcAm@UUy@c@c@c@c@w@QGKAoAoAsCcC_CcCoAy@[W]_@]WQUICSUcAw@OWY[kA}@q@}@w@sAo@c@UU}BiAm@a@YWq@}@iBiB{CeCo@y@CMAg@KUu@w@SOOW[U]i@CGOSEAIASJ_@DKAk@k@w@cAQMw@g@}@q@UI]Qa@_@kA{@sCsCw@k@[i@qA}@c@e@{@u@o@{@SOc@k@u@[_@UeA}@k@m@]e@UQm@Y]Wu@iA]]CGBQRm@n@}@Xk@XWbB_CxBgC~AaBr@m@`@Qv@g@n@c@b@_@FGA]K_@gBkDCO@EEGBC@KUe@Su@KMKW[g@Uq@NUNMLE|@w@VE`@]hAg@LO@ED@CGMJ,2,101.7,,,False,234.3,Diego Galdino
2,Pedalada vespertina,9048.7,1970,2286,159.5,Ride,Ride,12.0,Strava App,1036884365,2017-06-14T20:14:54Z,2017-06-14T17:14:54Z,(GMT-03:00) America/Sao_Paulo,-10800.0,,,,6,0,0,1,0,False,True,False,False,everyone,False,,"[-25.4, -49.24]","[-25.44, -49.3]",4.593,13.5,,,False,,,False,False,955.9,899.0,1140034356.0,1140034356.0,f1625cfdcb12a41dc08e97c4ee39156b,False,0,0,False,20232024,1,a1036884365,pn`zCx|okHAGKDEFSFUNw@l@EZDRBRXd@PPFL@LCJCBQNYLa@^OTIBCJNf@T^HF@FCFALBHNZHJl@vAd@t@L\BDLAJVADDI@Dk@Tc@\E@{@h@aCvBm@d@qAjAqApAAFgA~AAD@FKLKTsB`CIX?TBJx@|@LRNLv@|@n@n@x@j@bFzE`BxAj@n@tCjCd@\p@t@`An@lB~Az@~@b@n@j@f@lAjAVRPHDn@Kb@DFdAr@b@h@lAnA\VPB`@a@Zc@XPX\Tn@RZp@j@t@x@dA|@^VRJ\f@RRZ^~AlAV\HXJRz@`A`@\tBnArCxBnCfCtB|AXVX\^l@d@P~ArA`@f@`AbA^X`@`@dAv@JFXFNLPVr@r@`@h@VVLVHLHVJLD@V?NDjAlA`@h@h@v@JJ`BfAp@p@lBxAr@v@d@Zt@p@d@l@z@~@lAv@h@f@^RjA`@fCp@jBr@NJ`ArA|@xA~@lBt@`Ap@r@NLXJLBXABF@NH\JJ^NTV`@Lb@FLFZ@VHBFGh@JZ@JMb@DLHJtAl@z@Hh@NN@j@\pBETSJBVFJDJNHTLJHVd@hDdAjEH|BExBDh@BzA~@rDLrATfAh@`Bj@tBLp@|@~DFl@X~@@PEZJ\Dd@L`@@Nh@pABd@CTMn@O^U^GRMROv@]hAS~@YxBKjAOl@Mz@WlDUzAGz@@DOz@ONFN?RSx@UzAAlABt@CHAv@Gh@L~@Pz@Ln@ZbABL@`@P`@RTLTd@pA`@jBFb@f@tA`@z@XxA\jAjAzETz@Rd@Pj@R~@h@hBh@|AXvAJVb@|AHr@Bb@Nf@DLj@v@f@rAR`ARp@Jz@VrAPH\JLAXK`@?XCn@Wb@_@NK|C{A\CL?RNLTLp@XhAJRGJHFVd@d@~AdA|C^fBHHNHRA,2,142.7,,,False,281.0,Diego Galdino
2,Corrida matutina,6448.6,3520,3612,163.8,Run,Run,2.0,Strava App,1036164046,2017-06-14T11:23:31Z,2017-06-14T08:23:31Z,(GMT-03:00) America/Sao_Paulo,-10800.0,,,,0,0,0,1,0,False,False,False,False,everyone,False,,"[-25.3, -48.93]","[-25.3, -48.93]",1.832,9.9,,,False,,,False,False,888.9,830.3,1139297386.0,1139297386.0,00155df2c59b98fb58116a4d57822ba5,False,0,0,False,20232024,1,a1036164046,`blyCfzsiHx@e@m@fDnCbIo@d@hHq@qChBrE~Gx@|HcDtKn@aDbAv@zIkGPcA_HsE~BXT{B}DhAqHqLwAY{D`CmDhHgBj@p@m@oD{A{GiJhC`AwBcCe@qEnFiC^}IoEkA@{AmDgEu@oHqLuBzDsDaAkAzH~Jn@bHdDjHdMvBj@kBjAhGsAFhJxB,2,,,,,,Diego Galdino
2,Pedalada vespertina,9024.4,2340,3285,162.6,Ride,Ride,10.0,Strava App,1033693013,2017-06-12T20:09:16Z,2017-06-12T17:09:16Z,(GMT-03:00) America/Sao_Paulo,-10800.0,,,,0,0,0,1,0,False,True,False,False,everyone,False,,"[-25.4, -49.24]","[-25.44, -49.3]",3.857,15.4,,,False,,,False,False,955.1,899.0,1136773833.0,1136773833.0,d6f54a081bdbeefd37e62451632d5ab8,False,0,0,False,20232024,1,a1033693013,hn`zCp|okHER?LCDE@OCYVSHU\AH@NFRRd@V\AZW\_@\e@XKDGHAL`@lAEF?HDPV`@HTV`@JVDVHNh@t@`@XADWJq@d@?FSRo@d@UTs@b@w@r@o@r@y@r@KRwAnBeAnAkAdAkA~AKT?J@JNXp@j@^^FJv@n@`@h@fAt@f@^vBnBvCpCxA|Ax@v@bAv@^`@t@j@t@n@rDtCvDnDHPITDX?FIJ?Nn@lALNhAt@p@l@^PTBHCFET[DAF@JDVZ`Az@Z^VJNRf@\j@j@VNXXt@dARb@Zf@\Xv@~@RP~@`@^XtApAfBfAhCjBjBjB\Rh@h@FP^`@RZLHJD`@^PJp@j@r@bA`@XTT\RVXz@f@^^VRh@l@dAt@n@j@d@f@NTLXHn@VLV@PFp@`@VVPXhBvBrDfCpBvBzBdBlArA`@^x@j@\NjF`B|@`@p@^X\\z@hA|Aj@lAl@z@r@j@h@VtAb@TXDPNXDPPPnA^b@HLJCF@FAFSXAF?XGX@DHJrDdAr@Jl@BVDv@BdATT?JFPTn@jADP?p@Dd@Nl@ZzAB^^xB?VFh@?NMn@Gn@Pt@\~@Nt@`@`BHr@PjAHb@Pb@Jd@ZhBDl@NZCj@JPVnARl@RfALb@\`ALn@z@rCFb@AXYt@Id@AZg@xAMrAe@rAQn@YpCKf@I~@S`A@\IbAETC`@In@OXI^OzA?Hi@lEEz@S|ADz@Tx@n@nDx@fCLb@BRDND\Pf@BTj@xANVZz@`@hCd@z@DJANHPLNFl@J`@~@`Ct@dCJp@@VZhAl@rCNf@HJVf@Nb@\`B^z@Jh@\~@F\LfAVl@FXb@b@TjANFDLD@VUn@QLGd@@PEPGNWRUjBs@t@QF@RAJLT^X|@Pl@FHf@v@pBlG\lAFJXXTIDG@KCc@,2,122.7,,,False,287.1,Diego Galdino
2,Pedalada matutina,9330.0,2563,2707,174.2,Ride,Ride,12.0,Strava App,1032900291,2017-06-12T10:08:10Z,2017-06-12T07:08:10Z,(GMT-03:00) America/Sao_Paulo,-10800.0,,,,0,0,0,1,0,False,True,False,False,everyone,False,,"[-25.44, -49.3]","[-25.4, -49.24]",3.64,14.8,,,False,,,False,False,956.0,899.0,1135966351.0,1135966351.0,f61f0cb875ea5757991dceadc9a25aa8,False,0,0,False,20232024,1,a1032900291,~bgzCvi|kHBCEQCAEJONs@Xm@Bm@J}Bt@aAl@a@De@PWKIYS[M_@Ie@Ca@i@mBIi@CWMYI]AQM][kA]c@Si@YiA_@eAc@iBQe@Qq@Oc@OSGQYeBa@s@CY?MOs@?UW{@Ye@i@kCUq@Q]MSEe@Ke@e@{@U_A_A_CIe@M[?EDDAI[k@Kk@@[E[YgBMc@kAmDw@kCu@aBGSWgBg@cB?UHwBZ_C^yDJg@PuA?e@RuCBs@NaABa@?cAHy@N{@Fi@j@aAJ_@Hk@HMb@qAHa@V_@RDAS@i@C_@KSKg@KUGYOUq@iB@MEYD[Ic@Mi@Ws@Gk@S{@Sg@c@cBQg@Ks@Bu@AQIQMe@G_@Ck@g@iBNQNGxAUv@Yn@_@b@QLYS}Ae@o@GYQMMa@c@yBBk@UaBk@wBU[SKy@O]OOCUOu@?{@_@WSWIQAsADm@EUGm@c@u@ES@SEa@AQKAg@G]?SK[QMeB_@_@_@MGKWSWQe@MOYM]W}A_BQKEGMAa@w@aBkBSk@OUGOi@u@s@Qe@Eu@k@{@EiBi@YSg@i@CKSQAKEGSSGO_@Um@o@{@q@c@i@u@k@}@a@c@c@[OIISa@COY[g@aASQm@S_@UUUW[a@w@WQ_@e@qAu@SEm@YUSg@s@WUi@a@a@MOKe@w@qAaA]]k@s@}@i@IMy@o@SU]g@u@g@_@_@y@e@o@_AgAo@e@y@q@k@MQe@_@]Ke@a@KOCOMOg@{@[GgAa@m@a@k@s@YSW_@iBiBc@q@g@k@sA_Ay@y@e@[e@e@GYDk@E[]m@_AgA}AqAQKMD[VMFIBOEqAwAo@y@cAm@eBqAm@k@}BcBq@c@W_@CIg@a@Mi@GK}@g@m@s@U_@]WMQUMc@g@OKk@QcBeAm@y@G_@IMi@a@UGGKi@e@Y_@aBsACE@Y\i@Na@fAu@RU^w@TYDAlAeB^}@JCh@i@j@WVGx@k@NWCMBKMMDL?ELIPCz@c@h@m@^QPM?[Ui@a@k@_@s@[YUa@GS@IJIBK?Io@mAUo@Ua@GYO]?GFMZONUl@UDGTGTOXk@v@k@HGHFBREGCBSME?MF,2,93.7,,,False,240.2,Diego Galdino
2,Pedalada vespertina,3088.6,937,1183,67.8,Ride,Ride,12.0,Strava App,1031981408,2017-06-11T17:05:15Z,2017-06-11T14:05:15Z,(GMT-03:00) America/Sao_Paulo,-10800.0,,,,0,0,0,2,0,False,False,False,False,everyone,False,,"[-25.43, -49.28]","[-25.44, -49.3]",3.296,13.7,,,False,,,False,False,955.9,906.3,1135013570.0,1135013570.0,07d37c6bbfccfbeaa1da0f975cb0c9b6,False,0,0,False,20232024,1,a1031981408,zdezClwwkHbDI]n@@FC@GIBEDDJh@Vr@V|ARl@HLP^l@xC\z@d@~AVn@Jf@Tl@RvANXXz@VdAN|@H@c@jDU`ACXM\I\@PDFH@BBCJAPId@Sb@Ah@G`@CjA[dDEJAt@P|@z@pCL|@b@|AN|@LRBP^v@FZX~@@NR`@Nj@AFHPFB^`AR`ARlA\fA?NHX@\v@xAZr@x@fDn@xBb@hBJRPPHVHh@N`@Jf@Pp@PLJPh@vCl@vBHh@`@h@HTHJHHTDH?ZEN?DCDBVKVQLCNCNBDAXUnB{@ZIXCRDNXJh@\r@H^XLFN~@bD`@fBx@xBHJXBHAFEMq@FM,2,103.9,,,False,97.3,Diego Galdino
2,Pedalada matutina,3280.5,1181,1324,76.6,Ride,Ride,12.0,Strava App,1031567786,2017-06-11T13:42:01Z,2017-06-11T10:42:01Z,(GMT-03:00) America/Sao_Paulo,-10800.0,,,,0,0,0,2,0,False,False,False,False,everyone,False,,"[-25.44, -49.3]","[-25.43, -49.28]",2.778,12.1,,,False,,,False,False,955.8,906.3,1134585086.0,1134585086.0,066a3103ecd83e63dba5d74cbb89c3f5,False,0,0,False,20232024,1,a1031567786,bbgzCre|kHAPXpAIFi@Zg@T_AX}CjAQB_@B_@LGDQZIBSQKa@IOWy@Uk@Qw@K[OOIUWiBUg@KMEIOuAU_A}@yBeAaDYm@c@}Bc@wAKg@[y@MMYoAWe@UoAYgAw@_CIq@Sa@i@yB[}@My@Ys@c@mAKg@DJO[yAsFm@eBe@qB}@kCg@qBMcA@_@\qCX{CT}A@i@l@_GPmBMO?IBQO]EYGK]qAo@iC[aAIi@O_@Oi@Wm@YeAGUKw@g@iAI]e@uAKe@Gq@u@eB[kAWq@Om@BEEAc@VIPgA`A]b@YCGIWAL?HDBA,2,84.9,,,False,100.3,Diego Galdino
2,Pedalada vespertina,16156.0,4238,8599,242.8,Ride,Ride,12.0,Strava App,1030210565,2017-06-10T16:16:16Z,2017-06-10T13:16:16Z,(GMT-03:00) America/Sao_Paulo,-10800.0,,,,19,0,0,1,0,False,False,False,False,everyone,False,,"[-25.43, -49.3]","[-25.44, -49.3]",3.812,13.2,,,False,,,False,False,965.7,895.0,1133201100.0,1133201100.0,a79e4b8e9a2060ac42ef0a81b591d621,False,2,0,False,20232024,1,a1030210565,zsfzC~l|kHPh@?b@FERRNd@Ff@CbBLt@Z`@ZbALHNVVVL^Nr@n@hBB\R`@L`@N|@~A`FNj@DFBAJDAJOXJ`AHb@r@bBZfAr@~AxAtENv@H`BKjDFzHJpAn@pA|C`Eb@lANz@B^E`D?nBGbAObAKX_@r@q@f@kAb@eAT[N]Xq@x@MVUz@Ev@Hz@CDAPFVNxAJTL|@N`@Pz@@XM|A_@lC?j@G`@El@e@xBM\UrCeBzJEdBBtAEX@RNTBTXd@GRDRz@n@fAhAX`@Xx@JFN\TTVt@PTr@h@j@bB?IDAGj@c@hAAGBEBSHM@OGGNKN?@VNp@@f@Fh@Tp@l@~@V`AD\nBrGb@rBd@`BD\?`@J^?\ETTt@VrA@XGXBVb@rCNpAHvB^jCAn@HXPfB@fAJxAVpAPjCIvADp@N^J|@\h@DRIT_@^DdAEhBDj@Rf@?b@Ld@PtBBb@?lDDdAThBb@fBFH@TJ\R~@|A`DnBfChB~A^t@rAp@dANNNCFDRKZ{AnCC^DJJJN?jAd@lDl@~A^hAZHNEH[BaBEcATmBRgAAQLCHa@vDC|B@bCOj@Pb@?lADDjC@PXrA@FDFVJGiGdDCFGEEFEJBb@ClBDp@GX?\DjBNxA@tAEH_@HUVi@PoAF}ATcA?o@JoFf@qA?aBLm@JmAFm@J{EVoANgRrAkB?{@OgB{@{FsEk@q@[mASgCc@_Ea@}EIiBKmAIgB@g@Og@_AuSaAqOc@cJK{CH{@EyCDmEF}C?kHFqC@qDRgWBy@Le@LaA?EGAOfAAc@TsR@kGDoBAsFDqEBuHJ{CBmFNgFj@qLBoCGiAWcBcAuE]{BeAmFIs@EiA@oBTkBl@aCN[b@YNU\wAn@oBVSBG?SH]B_@t@mCRUAQNQEMLKDUZo@RW`@SZEdB`@hBZZBRPnAAl@G\Mx@i@tAoA\Qj@w@~@s@BUiAcBGUe@m@a@u@e@e@mDiEa@k@CG@MBCC[QSOGKB@DVGHBOEED?DJDVMf@u@^u@PMN_@t@aARKlAcAHQ`Ak@LMh@YdAMhAe@RAn@MZYVOXGCGFMPCdAa@`@G|Ag@JGJS?S}@{DYy@Qy@Ug@O_Au@wBMk@Uk@]oAJc@nAoBJYA[K[?KIKK_@Ig@UYmBTKGE@BFBCCG,2,91.9,,,False,389.7,Diego Galdino
2,Pedalada no almoço,11486.7,3284,5552,131.6,Ride,Ride,12.0,Strava App,1028407293,2017-06-09T15:22:22Z,2017-06-09T12:22:22Z,(GMT-03:00) America/Sao_Paulo,-10800.0,,,,10,0,0,1,0,False,True,False,False,everyone,False,,"[-25.4, -49.24]","[-25.44, -49.3]",3.498,10.8,,,False,,,False,False,951.2,890.5,1131375072.0,1131375072.0,52eb73f9e9e0b2bb360da85bb289a107,False,3,0,False,20232024,1,a1028407293,~n`zC||okHOQIBM\KHMPIF_@LSPFZRVb@bABXCD[VQRyAv@CD?Nh@jAF^VZr@bB\l@NJBJj@z@APBP`@p@DR|@`BX\J?BED@LRBVJVh@bAb@b@Xh@TXz@fBRRECAKJ?DZPf@Lv@H@BCHQ^[h@i@jAyAlCkBr@q@^aAVqBl@cBd@m@nAs@f@OhEMv@KdDs@ZOz@UPA^HpFq@pA@h@HnBr@zA|@RB~Al@h@T^V|@ZdATxCbA|APbA^|Bd@PA`@PhCf@dAZtAn@pBzAzA~ArChC~@pA`CvBr@f@hBx@jAp@fBrAjAj@d@d@l@\j@Lx@F`@J|DHtBX~@GVDr@A`@HvAEn@D\Hb@?p@P`ADLH\`@l@LZP~@lAfAlARZb@XRHBJDDb@Wd@Tz@n@b@RhAXl@\nBLnANd@Xf@l@b@H|Av@n@f@T\Rf@^rAJTFFHT?HEtAJXP~ACb@Dd@@dDNr@IdCKnACB_ANWLCN@D]f@FCZm@PO^CVGV?`@IFFDTE|AHbBAT@`AM~B@v@EdBJb@Bb@Gn@Ct@DhBAt@Df@XhAl@tAd@vB^x@\bBx@fCLl@x@zCRdAd@zAVn@^xAZb@J\j@~CX|@NZj@vBZhB|@bDt@xBPt@Tl@Ld@Xt@f@dBXh@Pp@BRHEZd@IICWGOG_@@GCEYFc@OMCWDeAUUBYRhAJJK@INKb@KRDRl@PjAJVVfA\d@NZVx@Hj@d@nABT\hA^bA|@pBH^AHEJZvATj@T|@HRj@zCVz@BZHVNjAb@bA\dBXj@Jb@Xp@p@dCJhAH^CLCCAGBFDV\dAbAxBx@vBJh@Rj@AZDXl@lBjAdDFXB^Tt@`@bBL\Fl@Pj@@\CVBRNf@R`@ZbAE\b@dAb@f@@FJCRJBNA^@LNXJ~@X`A`@~@J`@?NFXIHUH_APq@dACTILCROHA`@IT]VQ`@MBc@?KBMH[f@m@f@SJQRRrANn@EP@HTl@JNFTVX\h@Lf@FJIH{An@_Bj@m@Jq@V_@ZUXk@|@_At@g@j@eB|@y@Rw@^kALKAmBnAc@f@iAv@k@l@o@f@WZy@tBMh@{@pCONgAd@k@NaBt@wFnBk@{@CGBI?G,2,88.9,,,False,291.9,Diego Galdino
2,Pedalada matutina,9301.5,2344,2413,178.8,Ride,Ride,12.0,Strava App,1027973221,2017-06-09T09:55:19Z,2017-06-09T06:55:19Z,(GMT-03:00) America/Sao_Paulo,-10800.0,,,,1,0,0,1,0,False,True,False,False,everyone,False,,"[-25.44, -49.3]","[-25.4, -49.24]",3.968,11.9,,,False,,,False,False,955.7,899.0,1130934005.0,1130934005.0,f9f4cafdd89f4212e8459d141cc997a8,False,1,0,False,20232024,1,a1027973221,xbgzCvh|kHDAAF[FIFY@uA`@w@f@w@ROTGB}@PU?kAb@E?CEISAQ@_@AWIa@IQIc@s@}AUaAKWUy@]y@Ow@YgAQe@QWa@{@M}@Wi@Ss@Oy@?WCWKg@KSOQMc@c@_Ac@eBk@mAOk@WaBe@kAG_@?[Os@Cc@CQu@}AMo@[u@Ka@CQBIe@w@m@gBWmAa@}@k@uCk@kBEy@IUQWOa@o@}CW}@Io@BS@gAHeAHeC`@uCD}AViBLoBZ_@BIJs@@a@Cs@LcBR{@Xm@j@eB\oAR_@Ps@FMD{@CYMYEWIMQq@C]KWC]Mi@Q_@A[YgAA[k@eBQ}@IUIo@Wo@Ic@C[?_@Ia@GMU}@CSKKEi@i@mB?IDOJIj@MlAMXKz@c@VQB_@GSGgAKc@O_AUk@Ym@Qk@?YDq@Im@A[UgAOQ?GQg@IKgAm@qAY]?yAa@k@IYKi@WSGo@PuALWI{@a@cAKYOOKAGLgBGWEKIIUGw@E[Ya@i@M_@CYEIKIy@Oo@i@o@u@OWQOQ[a@WgAqAq@aAk@q@u@i@}@WiAi@s@Iy@W_@a@a@[]c@IYAg@SBC_@]Km@Gc@QMMIQMIg@UkAw@m@[k@y@[Sc@u@Se@OUq@g@WOu@q@CAMDICg@e@Wa@Oo@GSQUiBiAeAqA[Ii@Wy@y@s@eAk@k@iBwAi@m@MWMLIAw@[g@o@M]MO}@y@[UIMUu@IIm@UaBmAW_@USEUUSc@Wm@Ms@q@UGSMEW@Mc@i@QK_@a@a@Yc@W[I}AcAEICOK][_@}D_DiBkBOUK}@[k@]c@MAUKEQm@e@W_@CK_@Da@PI@{@wAa@a@qEqC}AgAe@a@e@k@QQ}@kAa@[Wg@iAw@q@{@eAaAe@o@m@i@_Ae@]_@m@]SQISSUm@a@wAcBk@]cAy@ACAUBKf@c@FSVi@FGNILOZMLIPYRe@|@aAb@k@d@c@Xg@NS~@i@f@g@t@i@z@w@zA_AFICQQ[GYM][i@Yq@[_@GOEW@EE@DA?QKo@c@y@W{@Yc@O_@@IJGdAu@lAm@^Mh@[\WD?OGQLADKD,2,103.1,,,False,241.5,Diego Galdino
2,Pedalada vespertina,2329.3,542,577,38.0,Ride,Ride,12.0,Strava App,1027193201,2017-06-08T18:40:36Z,2017-06-08T15:40:36Z,(GMT-03:00) America/Sao_Paulo,-10800.0,,,,0,0,0,1,0,False,True,False,False,everyone,False,,"[-25.44, -49.29]","[-25.43, -49.3]",4.298,12.5,,,False,,,False,False,952.0,920.3,1130150277.0,1130150277.0,99e6e363ccb80cd07deaefe2e9d03ade,False,0,0,False,20232024,1,a1027193201,pqgzCxvykHNCCAMPEEMASN[Ni@Jw@`@CDALEAGGCBO?c@Re@ZWTo@TUPo@TOHg@NgA^WDeA\OJe@Fe@L_@Rk@TOHg@h@a@rAGAO@IAi@WQEI@QCKBg@Zo@XG@EAaAZGDUFc@X_@NUBSJYB[JEFSFYTUHSJQ@IF{@Tk@^y@PSNGLB`@Jd@Zp@Z`Af@nBL`A\dBTdAd@zAD`@hAfBTl@Db@DRRTp@lAh@p@L^RrBFnAXr@PhAVVd@|@Nx@DtAP~@\jAd@lAfAvB^hAXlAFn@JZ,2,124.6,,,False,67.5,Diego Galdino
2,Pedalada vespertina,8824.3,2247,2671,111.4,Ride,Ride,12.0,Strava App,1027061749,2017-06-08T17:17:30Z,2017-06-08T14:17:30Z,(GMT-03:00) America/Sao_Paulo,-10800.0,,,,11,0,0,1,0,False,True,False,False,everyone,False,,"[-25.4, -49.24]","[-25.44, -49.29]",3.927,9.1,,,False,,,False,False,950.2,890.5,1130018409.0,1130018409.0,e607cb3f1e318bf82d78bdc38fc0bdcc,False,4,0,False,20232024,1,a1027061749,nj`zCdkpkHADDBRp@d@^TF^r@Nb@Db@NZ`@tAf@t@\`@V`@f@d@J\^~@BRHTNDFFXb@XTDRNNJVhAhBJ\Fj@NCf@c@h@[nCoCzAcAVSf@_AJYXsBZmAXg@l@c@~@_@j@IrBM|@@l@IzBo@bAQ~@c@HAb@C`@Jd@ChAQr@IhAYfAAlARp@ZNBTJn@`@RRpBlA~@d@bBr@d@HnBPt@Xp@N^Br@Xt@PrAPR?FBFJf@P~ErA|@h@rA|@b@b@HNbBpAZNXXLVnAfAp@bAPNbAp@VZh@h@p@b@l@b@xClA`@\^RtAp@pA|@^Jr@Ah@BvANx@Fb@Hr@?lALV?~@DJATFp@Bz@JVAJBl@?v@@l@FvAVF@HLLFJJd@VXRxBnCrApAADD?AEEACDFDFBLEvAT`Bd@d@Pn@^JB|@JhAFjA\lAn@\Vf@XfB`Bv@pAPp@DDNZDf@J`@H|@A`AK~@DvCNnAGhA@rCDHZHDDI|AJ~AAv@B~@KxABbAF\AzA@b@?FI@@HEp@?|@H~@EJILARBRb@~AFp@FXBDLDGUE[CALJFVFp@^|@@PJXXbBNp@h@lA`@jAh@zBZdAr@zCp@`BLp@@XD\v@bBHt@Vl@F^P`@BZ\x@d@~AJd@EAVn@z@|Cv@`CVj@B`@NZCV@PVp@NPPj@Rz@Lb@HJHC?XVrATl@Lv@h@`BN`ARh@n@bCl@bBJZD\v@lCDXFHEGZlATh@ZdAZvAXz@Fj@?NBJ`@fAHb@Zx@Nj@d@fATp@XpAFlBJDBDRr@FJd@hBRp@Tb@Jr@Px@HP?FIN{@h@y@Rk@Hc@RaATy@^yA`@yAj@G?GEG?KDGLo@n@W^c@j@KT]d@wAbBeA~@Yf@Y\WVi@p@KFMPGVV~@OTCV@FE@Gh@F?KI,2,97.7,,,False,219.4,Diego Galdino
2,Corrida matutina,8776.6,8330,8441,258.2,Run,Run,3.0,Strava App,1026806375,2017-06-08T12:35:54Z,2017-06-08T09:35:54Z,(GMT-03:00) America/Sao_Paulo,-10800.0,,,,0,0,0,1,0,False,False,False,False,everyone,False,,"[-25.34, -49.01]","[-25.34, -49.01]",1.054,4.9,,,False,,,False,False,937.5,871.3,1129760414.0,1129760414.0,30085ff9ac4e754e8dcd2a80719117cb,False,0,0,False,20232024,1,a1026806375,trsyChrbjHeRpHxAzBjEv@yJhGZlEcJxAxB~Nq@bB`DjHoCAlKFpXdK|D_EaEqHEfEnBcBiAyDVzFlHxBUv@pCdB~CoB[uHnA{BnDnAd@jE`@q@mAaGpA_@DkBeAbCfD[~@nFtCc@`BgCbBrCwCaQhCe@tB|AZcEpCmEgDyLqAn@ZuAcB}BgDUmNlIcI`BgNiMBwDqBuDaCB,2,,,,,,Diego Galdino
2,Pedalada matutina,9297.4,2457,2482,173.3,Ride,Ride,12.0,Strava App,1026506140,2017-06-08T09:57:10Z,2017-06-08T06:57:10Z,(GMT-03:00) America/Sao_Paulo,-10800.0,,,,5,0,0,1,0,False,True,False,False,everyone,False,,"[-25.44, -49.3]","[-25.4, -49.24]",3.784,14.3,,,False,,,False,False,955.7,899.0,1129455499.0,1129455499.0,6ab93a94addc05ba72b93b2bee658bbc,False,0,0,False,20232024,1,a1026506140,pcgzCji|kHEG@ICDGEm@VaAVwCvAiC~@k@LKCWw@@s@Wy@@c@Us@OSOmAMi@KO]uAQa@S[S}@cAkCO}@Oc@Yg@UuASg@Gc@iAqCOg@IeAYs@OSg@}AYo@Ma@K_@K}@]k@c@wAOm@S{AWoAWs@Mc@AKc@}@Ya@i@sASs@SmASs@{@uEk@eBUw@Is@UkAAk@?kADgAN_BDqAHYJ}@f@gFToAH}ABWFSHe@XoCF]JYf@u@Zu@@SJi@LUFi@Po@BSBw@Sy@EWUw@E_@I[Ag@Su@Ca@U{A[s@IUKOIUEW?[m@qBIa@Mc@ASBQE[Wc@GUAWDWSqAOi@Sc@?E`@URGl@G`@ItB}@Ho@Kg@K{@ScAY_@Oo@O]Ii@IoAIWGa@Q_ASq@Ca@EOIKaAQO?c@IYKY@SCo@Uk@ESM]AUIe@CQEGE]H_AMa@?c@I_@SyA[IIIYEk@F]JUEKk@CaAS{@k@SWCIBc@M_@o@WSQaAgAMIMSMIo@wASMGK[QOYe@]m@aA?GcAq@SCc@Wu@UcAa@uA]WQMOg@a@g@w@i@[KKw@i@i@m@_@[}@m@IKSQQWEKw@o@MQQO_@o@OOKCUOIUUIMBSU[QIKQ?ULKAMIe@i@MWOg@Kk@o@y@a@]_@Sw@cAiAo@s@g@[a@m@m@Ya@a@Uc@_@e@[WWg@s@I_@i@Uw@y@y@o@cAk@e@UY]][y@eAMESSQYQKi@m@QKa@]EGGQOM_@Og@i@OUq@i@IOQSwAs@o@a@IIy@_@m@m@s@w@U[M[_@_@GKe@WaAkAgB}AKWi@yBSc@MOYQQG]a@GAIJK?OLKF]@OIk@m@w@q@kA{AcBkAy@{@}AmA_@i@c@SOUKa@W]oAs@UG}@m@OMs@kAQQc@[Y]a@YMC_@QIMOKIMe@GQSUa@c@c@CMHG?Ek@]W_@g@[c@a@a@O[YYo@?Y`AkA\YLWLI`@_@HODMXe@z@aA\g@fAaAfAg@Xc@h@g@Xi@r@e@h@i@RMb@MFEBUMi@q@iAy@gAS[AOF[U}@g@mA}@uAFOVUp@[x@UJSr@e@f@e@DCL@FQ,2,101.3,,,False,248.8,Diego Galdino
2,Pedalada vespertina,6115.8,1606,2175,111.9,Ride,Ride,10.0,Strava App,1021556980,2017-06-04T20:26:41Z,2017-06-04T17:26:41Z,(GMT-03:00) America/Sao_Paulo,-10800.0,,,,0,1,0,2,0,False,False,False,False,everyone,False,,"[-25.4, -49.28]","[-25.44, -49.3]",3.808,12.3,,,False,,,False,False,989.7,914.0,1124423382.0,1124423382.0,87906bdf5904ee3d795c85effaf4b23e,False,0,1,False,20232024,1,a1021556980,|s_zCf~xkH@l@DVCr@BTEZQf@e@d@}@dB_@Za@H_AA]XOX_@jAEZCFD?NJVIHWNENBBB@FAR?VBFr@ZVDJ@hAGNBRCPIFF@LFD^?XEXBv@It@DdAABDbASZOlBk@|@q@ZYd@k@F@`A|@b@l@rAxA\f@\X`AhAhBhC|@bAx@v@jDdC`BfAvBlAzAdAnAp@|Ap@h@D\CHCtAaAx@g@Z]T]RKF?x@^pAb@`@F~AJpA\bG_Bz@YRK~BmBzB_Br@u@d@w@RMFAzCZjB`@`APxATrANxEx@~@L~AXxA\fALNFRAv@Rn@Ft@T|@F`@LxATVFTLN?HPXJPPn@x@d@dATx@^z@x@xA|@pBpAdBlBtCrAtBP\Rr@^fBnArB^~@NjAFfAPnAF~@Hr@~@|CJLH@ZAv@W\G`@@`Ex@t@V`AT`@BzAe@vKkEZKD?JJ@HNVJ`@Vj@T|@bCdIjAtCb@t@RtAFHVF^GRIx@SLIl@u@ZUHAp@@NHJAb@Wd@M\k@PIVAXKXEr@UPGNQLIPEJOJER?NI,2,107.6,,,False,172.9,Diego Galdino
2,Pedalada vespertina,6326.8,1966,2593,135.7,Ride,Ride,12.0,Strava App,1021429407,2017-06-04T18:50:54Z,2017-06-04T15:50:54Z,(GMT-03:00) America/Sao_Paulo,-10800.0,,,,0,0,0,2,0,False,False,False,False,everyone,False,,"[-25.44, -49.3]","[-25.4, -49.28]",3.218,11.8,,,False,,,False,False,953.9,916.1,1124292198.0,1124292198.0,2877126d36f38cbd16ef9c4b964ccf35,False,0,0,False,20232024,1,a1021429407,`cgzClh|kHQR_@Rq@Xw@TeCfA}AZo@d@SACCIq@_@cAI}@Qa@OWGa@Oq@O_@Gc@a@{@SeA[_A@[CKWm@w@kAKYK{@Oc@IKMWOi@M}AG]c@u@IIOa@I_@Eq@Ia@KS_@a@M_@KOM}@I_@O]OSKk@a@oAOy@AWQm@SSQm@AO[o@CsAC[KAOBs@ZKHs@r@i@n@Ud@c@`@k@Xg@DsDGQEg@Am@EsAAm@Ea@Is@]}A{A{@s@q@q@MSM]c@oBm@eBk@mBGMQIKe@MYKg@u@iCGYM]aCiIs@kBYcBMg@_@aA]qA_@s@Ca@Ic@U[a@M_AOcB[gDe@oB_@{F}A{AWgAMyFgAe@AiB_@SAG@MCUAgAScBSe@SoBWGI[@wFaA[AiDm@}@S[KQ@YAe@G_AUIQKGq@Da@EyMyBc@MYE_@IkBYSIWg@oAwDMe@MQA]EOSIeAUy@I]G_@M[CMEo@IME[Ce@ImBc@oAQMGw@Qc@GKI?_@I]Bq@CCGEo@?[IiD@]@{@ZaCfAsAv@aAx@oDhDa@x@Kh@B^BTHNJx@DJBZLX\xADh@?p@XjAGPi@f@_@l@CHDNLG,2,108.8,,,False,214.0,Diego Galdino
2,Pedalada no almoço,6488.2,1427,1551,114.7,Ride,Ride,12.0,Strava App,1019284745,2017-06-03T15:41:42Z,2017-06-03T12:41:42Z,(GMT-03:00) America/Sao_Paulo,-10800.0,,,,27,1,0,1,0,False,False,False,False,everyone,False,,"[-25.45, -49.36]","[-25.44, -49.3]",4.547,11.4,,,False,,,False,False,963.7,895.0,1122074655.0,1122074655.0,24004cead65bcb53e23c876d1228d1f1,False,1,0,False,20232024,1,a1019284745,`_izCpyflHBDGAAPGEBTKOECWSsAUc@][AQG]Wo@Y_@GQAQ?UJEASQc@UCOBYj@gADSh@_A?OBMCKWS}@a@g@]CEGQUWs@i@s@c@m@k@m@s@g@u@o@kAe@iAa@oAGc@m@oCWcCEoAB{@Js@BcAFo@Hk@Ak@Di@A_@B_A?eAGa@Cg@EWi@WAEGa@O_B[}AWoBGy@MmDw@{Ja@yDEgAKk@CgAOaCCQMUG]IcAK[G]G_AGYKw@I[Qe@[eAYqAoAaFSgAe@yAWaAWy@y@uDe@mAYWy@eAaBeBIQW}@g@c@U_@[o@c@gBG_BTkBFa@`@gAJk@Fk@AUJo@?aAN_@Hw@BKNSRKTg@Ha@GYAi@j@aC@YCQ?WP{@Hw@Fy@AWKu@_@cAi@gDOkB?ODi@BMTo@j@s@t@i@n@UhBg@b@Q\_@X_@V{@N_A@oEFeCA[Gi@Mg@M[_@q@cAgAs@_A}@wAOg@Ko@AaAHaECo@@_@_@uAO{@?QNaBAeAKg@A_@Qk@[{Ak@aB[i@GYGq@[k@a@qAYu@DOHMHGhA_@v@Mx@c@z@UpAc@\IPGAIBEFACC@Wy@eCI[?MCMSe@Wu@EWOa@Ig@Yq@IYSkAS[Oa@Oe@Qu@?ON]@UFSr@kAHY?OIW]o@[cAQKI?]@y@PCC@E,2,125.6,,,False,179.3,Diego Galdino
2,Pedalada matutina,6898.3,1537,1597,130.1,Ride,Ride,12.0,Strava App,1018754709,2017-06-03T10:31:57Z,2017-06-03T07:31:57Z,(GMT-03:00) America/Sao_Paulo,-10800.0,,,,32,1,0,1,0,False,False,False,False,everyone,False,,"[-25.44, -49.3]","[-25.45, -49.36]",4.488,11.7,,,False,,,False,False,963.0,895.0,1121530137.0,1121530137.0,15ab1d11816c6b165382c5a8410d4c33,False,1,0,False,20232024,1,a1018754709,vcgzCdl|kHASGCF_@AKEE[AkAVaA\o@Lc@LuAn@a@Tm@b@[LILA\DTf@|Ad@bB`@z@`AbDZlBr@hA^~@Pd@XxAj@vANn@RFJHM\AZ@LDLDBBJHZNTJH?FNr@|@vC\hBRj@f@vBDb@TlABRBdBI|AHbC?fDHhAN^b@~@vAfBt@lA\p@L\F\J`BEzE@l@EnAAJ[|@KP_@`@WTe@RSLMN_ATa@FGDg@RQ@MF[d@GRKPIVA`BRdABV?^Lz@F^JRNf@Lx@BZ@|BEf@O|@Qf@AXGl@Wp@w@fDIl@AdACRg@zD_@jACp@QlBCdBFbAXz@TVd@z@VRl@v@p@lAXXHRNx@DHHNVNNLr@dALT^hAT\h@xBDZJb@@T^pAHl@^lARz@Xt@Rv@J~@^dBFb@r@nCHfBv@fHPpB\hCHvAVxCDNDv@PhAPhBLt@FTFh@B`@?jBT|ARxBEPWXAD?`ACd@AxAGt@?LBXp@fDBV@zCJhBRdBP`At@vBbAbC|@pA~@vA`AbAb@Zd@t@HH~@n@zAn@NNF\i@jAw@nAAXDTXRdA`@~AZbBf@|@R\Df@J@DEFODo@Bg@JwAHuANaARUNKVUxCIvACt@@d@FJX@bAOLCHIH_@L?,2,115.2,,,False,177.0,Diego Galdino
2,Pedalada no almoço,11209.6,2908,4230,138.4,Ride,Ride,12.0,Strava App,1017744972,2017-06-02T15:39:10Z,2017-06-02T12:39:10Z,(GMT-03:00) America/Sao_Paulo,-10800.0,,,,37,0,0,1,0,False,True,False,False,everyone,False,,"[-25.4, -49.24]","[-25.44, -49.3]",3.855,9.7,,,False,,,False,False,953.0,892.0,1120487870.0,1120487870.0,d566a1c7bd50de9f31ed35d6b0918ffa,False,21,0,False,20232024,1,a1017744972,~n`zCbrpkH?FJVXh@Fj@PD^j@Tl@JBVV@DD?JEJMRIfBsAf@WJM^Kp@g@VW|@c@tDqCxAkAbBiAbAy@nBsAnPuLN?XVlAtAl@bARRPLTZTQzAk@zBs@rI{CbEiB^GLJH\l@|AjArDfAbEDXX\NJFJNb@Jr@Pn@?GKs@KXFr@JRBNCTFd@Bd@I\@nA[nHEPnCj@hA\HFp@N`Ad@zAjAdCzBd@h@bB|Al@f@XR|@bAZf@RPbAf@x@j@fAh@l@b@bB|@dD~Bz@Jh@?rBTx@DdCTr@LtBFzA?VCzADd@Bl@L`ADPF`@\jAn@dAtAnAtAb@\HNHB@FrAf@tAXrARdAb@p@BdC^NHBFFDPB`A^x@d@XTx@z@d@~@n@`BLn@Ab@JzBAj@DlABpDAH]XWJe@ZURa@LW?]JGBU\IAk@f@?HLh@L`AV`ABZKL?Hb@zBADGOE@?DD?LD?TXz@d@fB@LANLFHVAl@L\Tb@F^Rn@L~@N\HVJICUBIKOV`A~@`Ff@hBVf@H^Bl@bA`CPf@`@hBLz@Rb@@XBLx@rBPl@Hb@Vv@Zv@Fj@Nd@\v@L|@Xh@Th@DXZ`ALj@Lb@DZNl@Zz@`@hBHP@`@Lj@L`@Jh@LTn@|A^dAFZNZFd@Rf@Nl@@XJd@@PDNXT@X\x@P`AFNAJ@LN^J|@Vt@Th@VbAHLH^Rj@TbA\jANz@T~@l@`BJl@Rf@BZHb@`@v@`@dAFZA^BJVb@Pf@|A~Ff@`AD`@Ph@RdARd@v@xCLNLj@Vr@?RFJFRP|@`@`AF\T`@Lb@Z~AFRDd@Xh@X~@Hj@B`@CVDHd@Tx@j@HLBTIf@@Nb@pABTR\L~@P|@?JBP?V^lA`@l@Pr@DXVd@Hh@WTc@X[XkAl@W^GTOZ?`@CFy@b@WZAPODMLc@d@y@r@IL?JJb@IPATRlA\r@j@n@FRFDP`@LPi@RGDEJMHkA`@MHq@LcAX[PkBxB]Xo@b@gA|@OFg@Jk@P}Cp@IHcAh@a@\UX_Av@QXs@h@UJa@^Wj@W|@_AbEQZkBr@cFtBq@Rk@X]HSIEQ\YFHJXHNOCEG?YEKJC,2,96.7,,,False,281.1,Diego Galdino
2,Pedalada matutina,9430.5,2440,4399,182.2,Ride,Ride,12.0,Strava App,1017340470,2017-06-02T09:55:11Z,2017-06-02T06:55:11Z,(GMT-03:00) America/Sao_Paulo,-10800.0,,,,4,0,0,1,0,False,True,False,False,everyone,False,,"[-25.44, -49.3]","[-25.4, -49.24]",3.865,14.8,,,False,,,False,False,959.6,899.0,1120073030.0,1120073030.0,ac22c42ba7ada861cdeb4ecd53786244,False,2,0,False,20232024,1,a1017340470,lcgzCfi|kHDN[YFABDEDS?EDo@FOEkCrAaCr@]@u@NMHCFBGMcAAi@@q@Ms@Wi@M_@G[QU_@w@OcBOc@[m@COSYYQi@iAa@eBBKCIo@eBUiA?e@Q}@GSAYGWQm@S[ESc@c@U]_AaEc@eAI[Ae@CO_@o@]{@Gw@Kc@Ak@Q_AIQY[_@iAAORe@Ig@Wy@o@eB}@eBcAwBJw@E_@o@yBGOi@q@Qk@C_@Ju@DaANKNg@CeAQ}@Lk@Cm@@a@@GRQB{@`@qEBgA`@yBLcANwBNm@f@{@j@eBb@yAN_AAgAUe@SyAWy@Ci@Oa@E]O]M{AWi@Ke@IQIs@Oo@QyAMUG_@Su@C]Su@Gk@IUG][aAF[VUZKt@EfBq@RMN[S{@E]Ws@e@kCU{@CQ?aAM]_@gCKYIKk@YuBc@kACa@SQAWIoAY}@AgABm@S}AIc@KQMa@OOOMWPs@N_@BKEKaBa@e@a@[c@GQ?QFYAESMi@EWMg@a@q@}@a@m@Oc@s@i@o@y@Sc@QQQYOc@MIq@Ss@Oo@SKGc@IsBw@_@_@GOQKMQm@c@GOSMKQ]QSQIQk@Ui@s@MEw@m@SW[WMOo@k@q@}@QM_AmAOIO?]KMI}@s@Ui@_A_AEQiAw@}A}Ao@a@{@_@o@q@OW{@cAo@g@e@u@y@g@EUIIE?Y]]Q[[eAw@Y]}BcBUKWSq@{@k@_AcAi@GEMWgAm@[e@[WISo@aAu@i@e@SQWe@a@MQo@]c@g@q@e@_A{@}AmBs@q@QIg@c@Se@Gg@Q_@g@m@WQg@c@q@{@e@MG@SRQD[KyAiBmB}AIKe@Uq@e@i@O_Ai@u@o@SW[MIIWm@m@w@Yg@i@Mc@SgAyAkAaAO]U_@eAk@g@c@U]c@G[s@s@Yc@c@a@Wy@mAq@w@ESFY`AuANMHUT@JELMnA{BhAaBPKLUd@UzAkAp@u@WNI?DEd@Uf@a@hAo@LUZW?K[{@GGAID_@]g@i@e@e@o@CEFEAEFADECWi@}@EUGMKa@OW_@_@EODMVYPGbAo@b@e@z@a@j@g@CCJ@BEAOGBW\e@N,2,102.3,,,False,249.5,Diego Galdino
2,Corrida matutina,11089.1,8526,8849,326.6,Run,Run,3.0,Strava App,1016210407,2017-06-01T12:34:10Z,2017-06-01T09:34:10Z,(GMT-03:00) America/Sao_Paulo,-10800.0,,,,0,1,0,1,0,False,False,False,False,everyone,False,,"[-25.34, -49.01]","[-25.34, -49.01]",1.301,5.3,,,False,,,False,False,931.0,873.0,1118915518.0,1118915518.0,7e66bafc6568cdd1de89d628e48cc93f,False,0,0,False,20232024,1,a1016210407,nrsyCrqbjHyCrCVfQcE~H`@hAfGtA?xA@cB_Fu@u@_BxBHxCrEmEwJhBmDKgR|BmB_D`Du@bSaA@jCsEp@{Ho@oCbCiC}BlCZzPx@oFN~A]}Kx@aDjCPbClEjExBnAqAcAKY|@pABwAz@c@qBqBIuGoGnKdIe@xFlA~DqA~HlAyKnAh@o@`Ap@bAuAE|AM{BkA[wBn@iIqDuAqCiEyBAeDjDs@hSiDbMk@}BfAhA|FwM]}QhCeCeIPkE`CdF|AfBeDnEgBwIhD{F`QgCWnCJ~ImQzEwB,2,,,,,,Diego Galdino
2,Pedalada matutina,9321.7,2473,2569,183.9,Ride,Ride,12.0,Strava App,1016210340,2017-05-31T09:46:36Z,2017-05-31T06:46:36Z,(GMT-03:00) America/Sao_Paulo,-10800.0,,,,1,0,0,1,0,False,True,False,False,everyone,False,,"[-25.44, -49.3]","[-25.4, -49.24]",3.769,12.5,,,False,,,False,False,956.0,899.0,1118915452.0,1118915452.0,6b7525a75b7bfd8024c67095e1da79da,False,1,0,False,20232024,1,a1016210340,zcgzC~h|kHMPOIBDEHcAPcDdAiA\aANy@XQBG?CECELMBIM[E}@@WQYUUSi@Oq@Si@EQMSKUEQCe@Su@Wu@Kk@K[Oo@Ms@[cAQYFKCGCEe@mAIo@SeAWq@MKMYMo@Wm@Gq@i@aB_@_AES@YIi@BGMS[kAUYY}@c@o@O[Ie@A[CSe@uBQe@UWMc@AMMi@_@k@Om@m@iBg@cCi@eB?Gc@oAQo@qAsDKa@E[D_AVkAXmBTyBFUJ{@RcG\{BRu@Bm@FQ@SDWBw@Je@Jo@LUZaAHOj@aB`@eAH_@AQBWE]Oc@EUWu@?MEe@OYASUi@KOEOEg@Qo@QgBIMUKKSAOIS?a@CIAWSq@COHa@Oo@Ey@OoAUo@a@kBKW@GLMXO|DkALIDIWcC[uAO[Ma@Im@KYC[Fu@Ei@Oq@AMI[SW[m@{@e@kAI[KUCm@?gBg@a@FSAc@Qa@[m@FyA_@q@M]L[ESa@Ba@?cAIWKEsAKq@W_A_AB[CSKOu@WUQU[WWo@{@_@_@qAcBYUg@k@YMOOCUWQSSa@U_@KMK_@KKIq@O{@YWSOGe@i@g@Yo@s@IOq@k@o@u@SMm@i@}@c@g@[w@y@KIO[i@_@[g@Qc@OMa@O_@]OEQ?QKm@oA]i@q@KECMOYMOWc@a@S[WSm@s@QEIBIA]S[a@g@s@[]{AgAMSMYi@k@_@QSQ_@g@a@SMKOQIW}@y@OSU?MQMGK?OQg@c@IM[OEUQQ_@m@a@kAKEQSOAsBm@m@iAMGk@w@Ys@s@g@q@u@WEi@k@q@WUQ_Ag@qAuAg@o@s@_@u@m@Y[S_@YyAQ]o@}@USSIOOa@m@KGg@?SPILMDMAYa@k@k@GMMKg@Y[]WQk@o@]IQUa@WMS{AcAm@u@s@u@S]{@eAWQa@a@UMqAsAo@k@u@a@aBwAMOCGa@a@c@y@W]SOSGa@[g@Uk@m@_Aq@UWEQAMN]RQ\g@\WpAiBb@c@DITOr@_ALWd@e@JSp@c@Z[pAaAHKNI^a@l@k@d@YLOFUGs@_AkBMKOEW]EUBSCGq@kAU_AOc@We@?I@Ez@c@f@a@ZMHIJY^S|@s@LCKBING@FGEI,2,101.0,,,False,249.8,Diego Galdino
2,Pedalada vespertina,8981.7,2054,2392,157.8,Ride,Ride,12.0,Strava App,1013488031,2017-05-30T20:40:23Z,2017-05-30T17:40:23Z,(GMT-03:00) America/Sao_Paulo,-10800.0,,,,1,0,0,1,0,False,True,False,False,everyone,False,,"[-25.4, -49.24]","[-25.44, -49.3]",4.373,13.8,,,False,,,False,False,954.9,899.0,1116113744.0,1116113744.0,680bba34dc9848de0f58dda2ecd07eca,False,0,0,False,20232024,1,a1013488031,hn`zCz}okHI@SCSBm@\IJCTD`@BFJFBDLJRd@BRER{@j@_@\G?MLCJVr@PZGJAJJFFP^h@L`@`@p@NNTb@NPVN?HEBGAGHk@Xo@h@eCjBiBfBqBxBWR{BxC{AzBOXBLHJTZ|@t@d@f@V\DNNRpAlA|EzDvDrDlBpAhAz@nApApAfA|CrCt@jAx@v@Jt@E`@Nh@l@n@JRNNtBzAR@LG\e@FCHBRPPZ`@\^l@VV`@TbAbAr@b@f@h@ZRTV\THNPRd@`@NJbAbARLTRnBtAzCnCvE|Dr@v@PJ\n@X\XVTJd@f@lAfA~@dArA`An@l@PXv@h@`@b@d@^\N\JDHH^|@hA^VNF`@\nAxARJ^`@ND\PbAhAhAz@v@v@r@^`@j@bCvBb@n@bBvAl@^z@\f@PhAXhBp@|@h@t@`A|A~BZn@Xd@v@dAb@d@f@\r@HBFDXDFPPLDb@^ZLNAd@NNH^AH@BDBFWvA?`@xAl@|@HXJjAPTBDIlA^r@Hh@LLJDZD?HFDPPdBT`BZ|@Np@Vf@HVLt@J\?VS|BNfC\~AHRj@rCTl@Nl@h@lCJ~@`@zAJ~@d@zAF^NZLp@`@`BXt@PvAId@_@r@]~@Ox@?\EZc@jA[tAS~Ba@fCEbA?d@KtAIR?l@EXQj@I\}@hICd@C~@@j@D\Nh@Xl@@f@DXLX?\D\N\JLh@vBLTZx@Lb@?f@BLFH`@hANPNd@Dn@AZDV`@rAHR\~Ab@dA\fAdAvBpBhGF^HRTZJZVpA?TFj@Px@HfBD\J\p@lAN`@XjAVb@B@\Jb@Cv@M|@_@RCj@[`Bs@j@[VCD@RLJTD^LPXj@N^RPjCpKHNHDh@M,2,129.3,,,False,265.6,Diego Galdino
2,Pedalada matutina,9339.3,2553,2687,172.5,Ride,Ride,12.0,Strava App,1012614652,2017-05-30T09:44:49Z,2017-05-30T06:44:49Z,(GMT-03:00) America/Sao_Paulo,-10800.0,,,,2,0,0,1,0,False,True,False,False,everyone,False,,"[-25.44, -49.3]","[-25.4, -49.24]",3.658,13.4,,,False,,,False,False,956.0,899.0,1115219361.0,1115219361.0,382d7c3df2e5e5d12a9da3827de58dcf,False,0,0,False,20232024,1,a1012614652,vbgzCzh|kHL@IHOFi@NmAd@kCx@c@VYFi@h@e@VGBMCKOAYKo@?q@OiAGM]g@AGCEO?Ua@GWC[GaBI]KSKk@o@{AQYQi@Wi@G_@Aa@Oe@We@G_@?IIOSGIKO{@G}@KSC][q@U}@O{@IUa@WIOMk@?g@C]Kc@MYWgAEOe@m@IW?KOq@MOCKK]C_@k@sB[y@MKKSYmAMYSWYw@u@_Dm@aDoBmGOq@a@qAFu@Ns@HaA@a@Li@V_CPoAN_BLg@HoA?mA@{@JmANi@Hg@VeCNo@rA}DXaARg@?ECOCw@g@qBAc@GSE]U_@Gq@@MKU?_@IeAQs@IQGa@M_@CSWm@a@mAGcAWcCc@cB]eADU~D{Ab@IFEDOCeAU}AMk@Ws@YqACMCaAQq@McAQw@KU]a@MCa@QyA[YK[AgASYC{Bg@a@@a@Gw@WKCQIe@AQDO@SCgAWGKAIR{A?KCKi@C}@KWIGE_AgACQPQ?ISIc@Im@]w@oAQQe@c@M[i@u@{@w@Uq@OIKOEAc@g@s@c@M?[K_@KkAi@YG]KUOkAi@m@q@a@_@MYIKOE{BuBQMc@Oe@_@W[KWk@u@eAkAi@u@UMMEQJE?]WS[KGG@IEq@_Ac@y@YUSWwA}@Ye@OOM[g@YWIKIS[iDgCu@u@o@i@S]]WKQSMkAmASQc@So@k@[SMQg@]i@u@eAiA]Ye@i@USw@]IOOMQ[IEs@aAGWOYMa@]]gAy@WMu@Sg@UoDqC_@a@GO?M_@g@]]m@g@k@i@Q_@Ei@GYi@e@{@e@u@w@QWQMy@f@G@EASMaA{Ac@a@{@i@U_@WUk@a@y@o@WOOQMGs@s@W]w@m@Ye@UW]i@WKc@U_A_AUa@[]aAw@o@]w@s@MEEGGOYWaBcACIUO]g@_@a@[e@o@c@OQc@_@IYBOHMt@w@NWPOBKAEQDGDG?DGb@YZ[^i@h@k@j@aA`@]DKZY@KFGVKTEr@e@lAoAv@i@jAoALUGOE[MOK[CIBWAEiAiBGQ@EDA@EESEO]o@CS?O_@o@]]KUAIL[d@]bAg@PAjBwAHED?CCF?FCAM_@T,2,93.0,,,False,237.5,Diego Galdino
2,Pedalada vespertina,9781.2,2361,2886,144.0,Ride,Ride,12.0,Strava App,1011971268,2017-05-29T20:23:43Z,2017-05-29T17:23:43Z,(GMT-03:00) America/Sao_Paulo,-10800.0,,,,2,0,0,1,0,False,True,False,False,everyone,False,,"[-25.4, -49.24]","[-25.43, -49.31]",4.143,11.8,,,False,,,False,False,956.0,899.0,1114557589.0,1114557589.0,aa6366f23addc2067a6d0a370868d909,False,0,0,False,20232024,1,a1011971268,tl`zCvopkH~@v@@FGBTBFDQT_@HCEFe@CS_@{@e@s@o@oA?SLBBGAEEEC@KUU]EMBILQFUVSPUZUNW?MI]GOa@q@COHM`@]JFBEw@XCXJVl@dABH?DcApAc@^MNF\P^?HBCPBH?i@VPMFHGJFR@Jb@v@b@p@Pb@RZ@HLTJHF@DLK@_@J_Ar@EPuA`AeBxA{BdCaBlBo@`Aa@^{@lAMXUTCTLR|@n@R\v@|@d@x@VVjB|ApHdHfA~@fAr@n@f@\Z`@f@x@r@X`@z@p@Zb@z@v@\Vh@p@ZVdAt@Jl@KV@HR`@xBvBLVd@p@LBRERQRUZFf@b@l@b@`@x@DD^NlAv@tAlAd@Rd@l@bAnBv@~@tAz@`@Xp@l@lGdFrApA\p@^Xt@x@VNJBTVVNhCxB\\ZT^\bBvB`@VZFTJ`@V\ZJFh@r@Zl@d@\VLZXn@t@Xl@TPRHTPLDtBjB^PhAbAl@b@tAxAZVf@h@\Xd@t@RV`BtAVPn@RvEnArAl@p@b@\\X`@|ChFl@v@HPv@`@T@JDDZTHb@p@JHRHf@JPJd@?JFBFAPK\Gf@DZFJ~@VfARRFTL`@Jf@FPD^C^D^?^N\?RDPJNb@JHH\PzBJ`@LTJ`@R`AL`AZ~@FX?f@Mn@ApBDfAX`BL^Nz@Pv@b@xAd@dCTx@L|@?PDXj@zBPdBv@tBf@zA\|@Hl@G^Q`@Il@[v@G`@a@xAQVQf@_@hBKz@M`@Cd@@l@St@YrB@T]hAId@BZ@h@YlCWzDGXO|AAf@B`@Hb@X`ADd@P^Fj@Hb@DSBB?l@^tA^hBLb@^d@HVNt@ARRzAVx@t@hAVXFh@LTPd@ATD`@Bh@d@hCfApCT^\jAPdATl@JFXhALNFPJj@,2,111.5,,,False,263.3,Diego Galdino
2,Pedalada matutina,9363.4,2382,2482,177.6,Ride,Ride,12.0,Strava App,1011087774,2017-05-29T09:46:49Z,2017-05-29T06:46:49Z,(GMT-03:00) America/Sao_Paulo,-10800.0,,,,0,0,0,1,0,False,True,False,False,everyone,False,,"[-25.44, -49.3]","[-25.4, -49.24]",3.931,12.6,,,False,,,False,False,955.9,899.0,1113649044.0,1113649044.0,51115f06b527fe972143ea474aea24bc,False,0,0,False,20232024,1,a1011087774,xbgzCti|kH?UIDKNo@NcDjAyBl@ULc@D]NI@MGCGAUHs@Eo@B[AQEIOQYM?q@O[Kc@MQE[GOScACc@CM]s@Oe@Ua@Wq@[m@Uw@Wk@Wa@Wq@M_A@[DYAe@KUGUKUOOi@eAUcAKM_@[S_@S{@?UFi@g@u@IWi@mAYcBGIQCKIKUGSCq@Gg@Ac@@[GUGEOMi@SEc@@WCm@Ga@_@mAKm@s@qCcAgDo@aBgAmFEe@?e@FsAb@cDFqANmABw@^{E@MFMBOHC@ICQPuBXwBDo@Lo@j@_ARi@VmAd@_BHSFc@?W?GMU_AmCKy@K]Fe@]gCKYWYk@iBKe@GOC[a@}AF[?GScAGk@Uu@g@yB?KDIHEv@[zCcAJGRY@[u@gDKK[}@QQIe@DgAKy@e@kBMM]k@uAa@o@KQIU?c@KOGIMIAO@i@GKIi@[UGECO?WLYDWC_A_@c@ESKi@Aq@KW?GIAQPk@@QCc@UIwAOKOYSk@w@EQC[m@[QO[e@y@_AcA}AYQQOm@w@{@}@IOCQGA@ECEYGiA]{@_@SEWKc@ScCw@k@w@[]MIOEW[EK_@Ya@s@e@g@m@_@mEiD]e@OKOUICm@s@[QWQQ?CEIm@GQYm@WYq@_@aCwBu@k@UCc@OYS_AoA_@SwA}AeBsA_@SIASQaAqA_@O_@YaAcAo@i@i@o@a@Wo@w@Uk@[UcAc@g@a@CGOQUg@{@{@Sg@EE]Yu@]uA_A}@y@Y[_BoAo@k@_@_@Yk@m@c@aB}A@_@AMM[Y_@i@_@iBsBMII@c@TWBWO]c@Yc@ESIKw@YcAm@m@e@aD{Ci@u@m@c@c@e@[Qc@e@kAq@o@o@EMc@m@a@_@Y[e@_@]_@YSU]kAm@iAs@?KGAI]g@k@g@[c@]cAgAOYN[TYN]LOP]BOEWCOGIq@g@[a@yAmAKUDIBYIi@BGbAw@lBmArAgA|@i@pAgAj@_@HADGh@]b@c@RMf@a@NID?PFADDIGk@@ELGIIM[GIO]Ga@aA_BAQBGLKNEXShAo@l@o@\Uf@a@FADBD??GIAEB,2,99.2,,,False,236.3,Diego Galdino
2,Pedalada no almoço,11044.1,2907,4129,125.7,Ride,Ride,12.0,Strava App,1006734133,2017-05-26T15:51:15Z,2017-05-26T12:51:15Z,(GMT-03:00) America/Sao_Paulo,-10800.0,,,,42,1,0,1,0,False,True,False,False,everyone,False,,"[-25.4, -49.24]","[-25.44, -49.3]",3.799,11.7,,,False,,,False,False,959.0,892.0,1109147378.0,1109147378.0,9f18edb24aabf6dfd43e36c01ce2b961,False,0,0,False,20232024,1,a1006734133,rj`zCbjpkHg@?N?VLKDJP?JTVn@vAv@dAZp@VpAPJbBxB`@`A@Hr@n@Hp@n@`Bz@v@Hb@LTVKJT@^L`@?`@DHR?RIbAqAv@u@fAqA~@g@r@k@p@_BD]VcAb@sA`@e@JYxAaAPGRHvA?d@M`AC~@[rEmA`AGXHb@MvAM|Bg@tBJ|@TnA~@|@d@~@p@tA`@`Bv@tB`@hAb@h@FtCv@nBZd@VdBb@fBv@~@J|@\r@t@v@h@f@j@dCfBT^rAzAvA`AVd@hA`Av@^ZXFR\\^VjA^fAt@lAl@XVfBl@nCFrEj@x@@XKE@b@L~ACvBRt@GtAHlATd@h@v@b@?GRDfBxBf@~@hAfA`A\lDh@\Xd@RfB?rALTHHNRNhCl@PJd@f@`AjCTdALfANdCHjBGpCBd@IXyAZy@b@{@n@?KLAELBLWID@BEF?UBa@Tq@LZlAf@dALf@ARF\M@MRNbBPd@h@j@\hAPZL`@Hh@Ar@h@`ANn@ZhBLRVvAVp@?f@H`@Th@h@l@p@b@Tb@Eb@FNAPRl@@\Pz@NnABr@h@tALDJ`@B\IPHz@HHFV^\l@xA^rA@z@Zl@Bh@L^?Nr@z@H?DTFHb@ZEh@@f@Xx@`@rB?LNR^fC^lAVTDRPRf@`ADR]LB^VVD|@Th@DVJT^b@VdBl@vBNXLn@HLJ`@@^Tn@l@jANt@`@fA?TRNHVLd@Hp@Bn@Nn@BZ\l@PPj@pBt@lAB`@VVVn@Bd@^t@Cj@d@zA`@dCJdAZ~@j@v@PdA@Vb@dBd@~@Rt@j@VNVFb@OjAD\L\Br@^dA\^f@JXr@F`@Cf@BXV|BHJB`@^~@IVMPY|@?x@Pz@p@t@Zr@\^l@RHNBLP`B@ZVl@pAl@`@b@Zp@IpAMRi@VaA@iAp@IVSP@j@i@h@OVUJ?LHDwA`Aq@Vu@l@?z@Ln@VT^|@x@`AZx@RRw@\WT{EhBu@p@{@l@qArASLY^q@^kD|@mAl@{AfAc@PIRs@t@yBjAy@bCMn@WjBUb@k@t@yA\{Ad@eEbBa@HAO,2,94.1,,,False,273.5,Diego Galdino
2,Pedalada matutina,9331.2,2270,2325,178.8,Ride,Ride,12.0,Strava App,1006269135,2017-05-26T09:52:09Z,2017-05-26T06:52:09Z,(GMT-03:00) America/Sao_Paulo,-10800.0,,,,12,2,0,1,0,False,True,False,False,everyone,False,,"[-25.44, -49.3]","[-25.4, -49.24]",4.111,14.1,,,False,,,False,False,956.0,899.0,1108669701.0,1108669701.0,aaecb0bc14a1635fda8a0c1c1a17cbca,False,6,0,False,20232024,1,a1006269135,bcgzCpi|kH_@KLELB@FKFQASLeA^SN_A^mAPQLi@PULS@GDg@XQESm@AcAGm@IQSYCIKg@MqAWa@Ge@Mg@Um@GW[e@Ie@Wu@m@eASSGQGUAe@K_@]gAS{BI[M[Gq@Y_AYm@Oe@IOOKUYWm@YuACYo@oA[aAK[QqAQWc@yA[oBAMEKKk@K[m@mAOc@cAkDmA}EWcBWaAGc@WoAKUYa@AKCK?k@Fk@DkAN_BJUHu@?WJe@VwDBuADy@XmCJm@FoAT{Bb@gAVi@r@aBn@{BC_@@SEc@[iAIKK]C[IY?ISk@I[?a@Mk@Go@Do@AYO[U]Uq@Q[O_@Mu@@]IkAM_@Se@WaASqAUcA?O@GHClBq@h@Kd@Of@_@?cAU}AEs@Uk@WgAM]EYCw@Mi@AWMo@Ys@Uc@a@YQAmBi@y@Ig@O]G]CIKo@QUMGEo@IQIS?EOUMKCg@Co@RsBAMO?KFe@Ps@SWaBc@k@m@GSKOAK?QIO]Su@Sc@Wo@u@Qc@KGWq@w@{@KYW_@QIIKIUYa@q@e@WCa@U]GMIi@Mw@]YImAg@k@QSQCIgAiAMS_@[e@k@k@i@qAgAQUe@a@o@c@o@w@{B_C_@YUY[EGCMQKWIIMAKKQi@MQGCSSc@Sw@g@a@_@}@kAmAk@aAkA{AiAy@w@sBeBS[m@k@IM{@m@qAgAKKGOGCu@s@UOIIs@iAQMm@m@o@a@MEKOq@a@Wk@UUWMYe@uAcA_@Sw@q@o@]_@YaC}Be@s@_@c@cCeBYi@CMPm@CGg@}@e@i@MWUQq@WQSICKAI@a@TMBM?}AeBqE}CuCoC_@U_BkBIg@MQ_Ae@_@_@YUi@m@_Au@IMwAw@k@m@[UOUgAy@EEG_@q@g@a@g@IEIQOMYMy@u@Oc@Bc@LA`@S`@g@RKPSDCJ?VGFINi@`@u@Za@JWT_@NQTMLQ@Ur@a@TGr@_@JW\i@tAeAf@e@b@WHO@SC_@c@u@SUkAqBESRM_@{@OUGi@EEK_@MSGSWUESBGb@Wl@i@NGN?h@OHKt@o@HCZU?GED?JBCCEEAMLM@CD,2,106.6,,,False,241.9,Diego Galdino
2,Pedalada vespertina,9476.9,2178,2483,137.7,Ride,Ride,12.0,Strava App,1002506569,2017-05-23T20:18:46Z,2017-05-23T17:18:46Z,(GMT-03:00) America/Sao_Paulo,-10800.0,,,,1,0,0,1,0,False,True,False,False,everyone,False,,"[-25.4, -49.24]","[-25.44, -49.3]",4.351,14.7,,,False,,,False,False,955.7,899.0,1104807509.0,1104807509.0,b5009e2bf2341553a307123249a7fca4,False,0,0,False,20232024,1,a1002506569,do`zCz|okHOUE@GMI??FEJWTa@j@SNC`@JJFPRp@L\?Nc@^SJYZIFO@GDQRAJRPJRDND@K@Mc@I_@@UUm@AQWQWa@@EGACF?F@FD?DA?EDJCDLJILE?DCNRADIDCJRbARVJHVv@HJBDJBBDh@hAZh@H^f@x@HFRDFJBE@EM?MFI@_@TKBi@^uCbCcAfAe@`@w@|@yAjB{AxBeBzBGL?JHT\RNPv@h@l@l@x@fA~CnCfI`IpAfAbB~@r@f@n@h@l@~@p@j@b@f@r@`@Rh@PX\X|@h@FJ?NSZCHAFBDdAzAz@n@j@l@Xj@RL\DRGf@[DAJB`@^^Vj@n@NTRNVb@^\nBrAdArATTd@z@ZVPTVRRTxAz@vAbAfAl@hAt@z@|@f@p@|AbBv@t@b@j@jA|@VBHBj@`@d@j@h@~@b@Rt@x@x@`Ah@h@fAr@v@Pz@h@\XFFAz@`@RRVPHTTl@v@d@`@TL~@z@PPn@z@t@t@lBbA^XHFDJ@VJPjAn@r@h@JLHPTVdA~@HBf@f@HF`@PxA^tAf@dAd@pAb@`@VPPn@z@\t@Jb@l@nATDd@j@~@t@z@b@b@LPPJL@VDJRXTRd@Rd@LHFh@DFDIZ[f@AX@VBFHJRJtB^xA^z@Hz@Nt@F^Jr@JHBRNNVBRAt@Dv@VzAJZH|@Jh@HNFd@Ct@LdAChBGf@x@~CbAzETrAdAtD?f@HTNXf@zCX`@FXJd@RvBLRd@hB?LY~@Kb@m@vAu@nCWvAO~ACLEd@Gb@ITKd@INK^OpBFT?JKzAQf@OtAIZ@JIj@MpBa@hEHdAT`ADVLZBVh@tAPjAFTXd@Pr@j@pALj@`@t@ThAHTHl@ZvAP\@JEJ@D?NADCDAFBFLNF^Pt@^pBdBnFd@dAT^T`ALjAXrA?LXx@Jj@r@rBZr@z@vBVvAJ\NTBJ\KZQf@Kd@C~@[f@Ez@g@`@Sf@Qh@YJEJ@JFHV?VDj@Jh@FNZXJ\PVJ`@Pf@p@~CbAnDFDRUDa@FIBN,2,139.2,,,False,303.2,Diego Galdino
2,Pedalada matutina,9335.3,2400,2539,152.0,Ride,Ride,12.0,Strava App,1001553584,2017-05-23T10:06:24Z,2017-05-23T07:06:24Z,(GMT-03:00) America/Sao_Paulo,-10800.0,,,,3,1,0,1,0,False,True,False,False,everyone,False,,"[-25.44, -49.3]","[-25.4, -49.24]",3.89,14.1,,,False,,,False,False,955.8,899.0,1103828784.0,1103828784.0,6f29508db3d51f13e516db72553ea03e,False,2,0,False,20232024,1,a1001553584,ndgzCtf|kHQv@M?KXQLq@NyDnA}Bn@a@Xc@RAKGUAS?}@S}@IOWYYQMYKcA[gACO@MCk@_@oBg@}@Se@_@iAGg@IO[SGGSGCEAc@Km@AUUoBi@_BWcAKo@Q_@UUWOMSIWKy@A]GUIg@g@iAe@uAOk@MYIm@BKCcAYiAOYYOSg@U_@GQE[q@qAc@oAYgB_AaEm@yBMw@c@aBg@mA?MHqAh@{EFUBmAN_AJkAVgBLmCHQF_ATeAHgAHm@?SPeAtBcGD]?WDYBCDMEUISGi@MUAOGMMi@Yu@Q_A?QKa@?_AMc@AQO_@g@w@WgAWq@WuA?[G}@E[YiAIm@WiAKU@OLOZG|@a@fCaABQMiCMcAMe@c@{@Qi@G]IiAMc@Q{AKKU]WM]G_@Y[Ia@SSOsAIQGKKYEY@_AAe@Sy@Ga@Mo@Au@KMGMA[Om@GGMDYFa@Rk@AKIEUAoAOGC[[o@w@EMCQEG_Aa@a@]qAkB]YaA{Ac@c@KUW[O[CEMCEOQSiAQ[M[Sa@OQAk@QMCs@WIEKSSSKGSQWO_@Qw@{@q@g@oBoBc@Uq@g@[a@u@u@W]{@m@MQIWS[CG@MGGi@c@GC[@{@gAKW[WAEKAKIcAi@uAaAYWa@m@c@_@SWOIOY][[Uk@o@SO{@w@oA}@}@{@s@eAwByAs@k@e@Y_AcA[_@_EmD[a@COKQMOm@_AoAg@s@SWMaAeAyBmBi@q@[Ya@Ws@q@QK]YOQ_@i@Q_@AEDKXSBECMY]s@m@MUQQs@]}@w@g@NMBOAi@m@g@c@e@S_Ak@IS][g@Wg@[mBeBWWCKW]i@[iAaAm@u@cAg@e@[U_@U{@KOyA}@[_@{AcAw@}@e@[E@ESQW]YiAm@[a@g@_@a@c@ISD_@v@c@h@}@^SGMBKNKJMFWr@}@Na@xA{ALSb@]f@Uv@e@Zg@^WlAqA`Aw@?GKWs@sACg@EMM[[e@EK@SF?FMo@iA?Os@qAWm@@UTM^[j@[NENBTQJSh@g@j@_@JDCCEAEBCA,2,100.0,,,False,240.0,Diego Galdino
2,Corrida vespertina,10123.8,3006,3040,11.2,Run,Run,2.0,Strava App,995928717,2017-05-19T19:30:20Z,2017-05-19T16:30:20Z,(GMT-03:00) America/Sao_Paulo,-10800.0,,,,56,1,0,1,0,False,False,False,False,everyone,False,,"[-25.44, -49.3]","[-25.43, -49.31]",3.368,5.4,,,False,,,False,False,928.0,896.9,1098045508.0,1098045508.0,55c8d0484d051a3a76d5489057475357,False,29,0,False,20232024,1,a995928717,r_gzCxj|kHMCYBe@XQFGVYDWVQDK@g@Re@Vq@VKLALHh@Zr@\dB^tAx@jC?REXBRF\Vf@FZGNY^qBlBa@V{@dA[XMRWp@Kr@BxAAtBFh@@fAAXIn@?\CHk@p@k@x@GPqAhB{@dBuAzBID]Ea@?MD[V]Ji@`@a@b@k@d@w@Vs@p@s@f@wBpBMHUFO?iAg@s@m@OSg@aAu@yCm@{AOSc@c@a@]s@c@g@c@SSO[Kk@A_@BQRgAjAmEPy@?c@CWKg@OW]_@gCkB_Aa@I?S@WJgAz@gA^y@d@m@PqAPa@BWEQOS_@M[_@wBUeAIc@AU@YD[Iq@?_@LG`@AvALZQhAQn@Fx@Xp@HP?jAQX@LENQ\[p@aBJOHIr@[bA]tAOtALPDRJfArAfAdARZbArBPRh@Zv@t@TVf@v@TLh@L\RNPb@~@ZpAZjC^~@Pv@Xr@V`AHjBNpADdADZARHj@CREROZOHg@R_@^_Ar@eAb@_BnAmBrBg@VS@_AQOIq@s@i@w@Wq@]aBM]c@yAO_@o@u@_@[e@U}@o@Wa@GQGq@@m@Nw@j@{BLeAXeAF]Cg@Ia@k@w@m@i@gBqA]SKCY@a@HOJy@x@WJg@L{@d@c@PuBV[Ac@a@Ys@G[@[D]Ni@@[Ec@MSKM[Oe@GgBJcBBQMk@q@i@a@mAm@]IUNg@v@_Av@KDC@s@Ea@@a@EW?QF_@b@O`@_@pAQbAOd@YX_@Pc@Fg@CgB_@_AW]GiBk@e@SM?SNOd@?NTVXJh@XjCh@~Ad@pB`@|@@ZErAYbA_@z@Uh@Kb@CxA@PCr@OdBm@NINOd@q@bAs@FGAKEUWu@@GbB@bAEh@JNFLHDJDVCh@Mn@K@EQGc@[sAAs@Da@KgADQHCH?v@N`@DL?b@M`AMb@AbAZ|@NTCjAYVBRI`@Wb@{@Ro@T[xAm@b@U~@Gb@?nAPXLpA|A|@x@V`@v@~ARVb@Z`A|@X^Xf@PJfA\\^LTRh@VdAPpADf@Jh@\v@j@fBV`AB^B`ATbBBt@@n@BNAbAJNDBDAj@@LEx@oAHGHKZk@V]Rg@,2,,,,,,Diego Galdino
2,Pedalada vespertina,8817.9,2015,2344,125.1,Ride,Ride,12.0,Strava App,994504797,2017-05-18T17:53:54Z,2017-05-18T14:53:54Z,(GMT-03:00) America/Sao_Paulo,-10800.0,,,,0,2,0,1,0,False,True,False,False,everyone,False,,"[-25.4, -49.24]","[-25.44, -49.3]",4.376,12.6,,,False,,,False,False,956.0,899.0,1096599064.0,1096599064.0,f846482ab63c4b2a10a08811bbfc48ab,False,0,0,False,20232024,1,a994504797,`k`zCxjpkHDBBd@FPAXJVBBN?HFRZ\b@LX@HT^CL[F}@b@c@NKFk@d@{@l@o@x@m@h@OF[XINIBOJO`@s@v@UPg@t@i@l@GL}@r@MXONO^_@h@CJBFJHRXl@h@l@^RXpAtAT^d@f@jBlA`BvAtBtBf@n@f@f@t@j@~@j@nAbAtAjARXp@^\b@lB|AVXn@lAZ^`@X@JEHXd@?FGVBJFJfCnC\R^?JCXWLCNBVRz@z@v@`AVRHBLL\XVLb@`@^h@FJ@LFJLLZLb@b@XTn@bART`Ad@ZZ`GdElDjDp@b@^\l@b@Td@^f@f@XTDFD|ElEd@v@`@h@~@z@tBz@^^LHV^Tf@NRR?RJx@r@bAt@LZPVT^t@j@jAbAxCnClAxAx@t@RTTf@b@b@lAt@\NrDlAvAn@tAj@\TZ`@dAbBPPh@dADLd@v@LLL\RH`@b@VPXJ\BPDLXD^j@d@p@PrANBPAHKNATW|@@LJLzC|@t@DPAtAJh@@`BRLRd@f@NlANtBPh@n@xCD?CEE@Lr@DdAOvA?d@BTrBlJFf@\bAr@hDJ\D\p@lDLlAdBdGHn@AJQj@Kj@a@bAM^U\[p@Ij@?RQz@OnB@ZKd@M`AGZGf@Al@Ez@QnAUp@MFS^CPC\BXET?nAOvBOfAM|BH|@ZtAD`AZlAb@lA@JNd@DVXl@Jf@EXDV^r@d@r@Jd@P\Lj@\z@RnANh@CVD\^hAXdAj@dA\nBr@jB`@rAPnBF\\|@`@^T`@v@xBPlAd@vBj@nALj@Hh@Zt@DFXwAJBHJ\PHIXGZOf@Q|@c@pBk@LOPG\THLTbA^|@B^JPLN^bBr@fBb@zA\xANTH@VOJMAU,2,128.5,,,False,259.0,Diego Galdino
2,Pedalada matutina,9321.7,2496,2631,154.9,Ride,Ride,12.0,Strava App,993888850,2017-05-18T10:01:06Z,2017-05-18T07:01:06Z,(GMT-03:00) America/Sao_Paulo,-10800.0,,,,2,1,0,1,0,False,True,False,False,everyone,False,,"[-25.44, -49.3]","[-25.4, -49.24]",3.735,14.1,,,False,,,False,False,959.1,899.0,1095970720.0,1095970720.0,99264ed1acf8d898b393db91b0afd8ca,False,0,0,False,20232024,1,a993888850,vbgzCth|kHBLCDIFg@NcAd@[?e@ZOD]Bq@Re@TYDQH_@VSA_@JGCKOUu@@QNs@@QMMAGKO_AwAUe@ESFQ?IEg@@]ES?o@Ua@Kc@MW}@yAi@kAIg@Wu@[kA]c@G{@K]]w@GWE}@I[Io@Se@EGOKOQUgAOc@Ic@Oc@MUS{@uAcDc@iBAy@a@iBCu@Kc@Ba@AQOYi@i@a@{@i@gB_@{@e@oBEc@Sc@COWs@y@aDUi@Cc@?s@LoAHyAZ{BL{@Ja@Jq@Fq@AWDs@Jy@No@Fg@FW?YPq@EY?y@B]AYF_@Ri@DYZq@D[t@kCn@wAL]IeAGUKs@IUAQGYUa@GWCUESA[K_@KgAAm@Ma@S_@[sAS_@a@_AOi@GUAUDs@AGIa@IUGg@WaAS_AMa@?ODMFGp@SlDuAJKBKAk@G[[mA?WEg@s@sBo@uDIWKUEQIMEUIMOKkCo@]?aA]s@E{@Mu@Ye@IMB[Mw@EcBQs@SOGEM@INkAQ]qAWu@_@q@_A?UBUq@UcAo@g@i@W[i@gAa@g@GSe@m@MUSU?ESYISa@Wg@My@YMGm@MK?e@Qi@Ii@Wc@K]UOU]YW]_@]aAk@KSOMMS{@_Ac@WI?Y[Sa@mAuAWWUK][w@_AYYa@Q}AkB_Aq@a@a@i@a@QSSm@QYg@q@[GI@]Sm@k@g@]QUa@YSU]S_A}@o@g@SSMWc@E{@s@MSWU?K[WQW}AkAuAmAc@Q]o@Y[UUmCsBEGQc@Oi@IMUUy@i@y@]aCoBaAcAcAw@SU_CeBa@_@g@k@MWAKDWJMH[AIa@MW?_@UQGi@m@c@m@USQc@IEI@e@VS@UUU]UOc@OUMWUo@_@cA{@]UgCcCKG[q@kB_BQUMWGGwBsAMU]_@M_@USi@[QQeBgA]]GQW[AISUwAs@AGk@k@]c@_BuAMSFSXWR_@`@i@PIDGWHBGAEp@m@X[^k@|@_AN[JGX]`@o@RMt@Yd@_@JEn@m@DKASTIlA}@b@UZ[@GUg@Qs@Sc@a@aAe@s@BUEADEKa@MWSaAKUi@m@M[AM@Eb@_@n@Yr@Q^c@v@g@VWDA?DF?BHIOK@,2,93.2,,,False,232.7,Diego Galdino
2,Pedalada vespertina,8785.3,1949,2464,124.7,Ride,Ride,12.0,Strava App,993168739,2017-05-17T20:25:30Z,2017-05-17T17:25:30Z,(GMT-03:00) America/Sao_Paulo,-10800.0,,,,0,1,0,1,0,False,True,False,False,everyone,False,,"[-25.4, -49.24]","[-25.44, -49.3]",4.508,13.4,,,False,,,False,False,956.0,899.0,1095232932.0,1095232932.0,23c100b4a638eb62645d4d5c3a8f890d,False,0,0,False,20232024,1,a993168739,dj`zCfkpkHD??FZf@XTJVPVRf@RTb@p@]TEVg@Tq@j@a@VQRg@R_@^{@l@_A|@WZEJa@^i@r@CBE?i@`Ae@h@M`@g@b@k@r@Q\YXEPLPbBlBvFbFtFdFnCtBvAjAbAdAhDvC`A|@fAjAJT\`@p@`@@FKVJZ?JEf@f@j@x@l@pAjAHJTJH?FCLO^YH@PHFFFNtAvA\l@\TTTTNJ@^XNNHNlChC^x@JJx@l@j@NRJ|@x@tBzApBbBhBjBlAbA~@`AVf@DF`At@TB@F|A|Av@`AGKAEBGH@n@t@v@r@TLxAvAnAdAZd@h@b@dAtAnAbA`@d@bAz@RXvB`Bt@d@~ArAbAhAxBjB\\b@p@l@f@d@Zp@ZbFdB~Ar@n@`@fA~Ah@fAX^Xr@LPfAz@r@v@NFXBNDPNDNz@rApAR\@JHDHCZETUl@Ed@BFR?h@Jx@DZNRDz@^Z@\FTAPB\C\Jt@D`@J^VPn@Fd@Bz@Fr@~@pDJTDX?\KxA_@`C`@h@Tl@l@|B\nBPj@Z~BRhAl@|BJ|@\jAXtAL`@Pz@Rh@Pr@Xz@\xAI`@Wt@Kh@e@hAEd@c@hAk@hCM|AK\OLKd@A\@TGt@EzBOb@Ep@Qz@Cr@Mr@GlAUvA]~E?^B\XbAJNAj@@JVp@RRJ\Ff@LNLZNxACXb@b@BHDh@l@dBDZDF?JFRFn@TVHPBLEDBHLRDLFFDNFJ?LDDAJDB?JFJFh@DLx@pBb@v@Np@FnAf@~Ar@jB`@f@Vd@LZDn@L\F^x@xCZx@`@vCJ^NzANn@DHFJ^Jj@Wx@QNIRG\]JWrBYx@[XSJATTTz@R`@^l@HJH@N\l@pC`AdD\vAFLh@QDEGW,2,137.3,,,False,267.5,Diego Galdino
2,Pedalada matutina,9317.9,2427,2605,159.6,Ride,Ride,12.0,Strava App,991859776,2017-05-17T09:51:37Z,2017-05-17T06:51:37Z,(GMT-03:00) America/Sao_Paulo,-10800.0,,,,0,1,0,1,0,False,True,False,False,everyone,False,,"[-25.44, -49.3]","[-25.4, -49.24]",3.839,12.1,,,False,,,False,False,955.9,899.0,1094061751.0,1094061751.0,a3c7dba4127392c96e7763dc733fed21,False,0,0,False,20232024,1,a991859776,`cgzCvi|kHCGC?EGO?WDQ?o@LQJwD|A]FSJYDi@j@OCIGGYAQO_AY{@M{@o@qBLKII?GCGGu@ESISg@{@Me@Q]q@oCU[Ui@oAaF_AwBWu@Kg@IQKu@Uk@IgAGUMy@IUKKSkAWg@CKO]QOGK}@}CIe@GU@GGc@U{@O[g@gB{@}B_@sAqA{CASBs@ASOg@]eAOo@a@iAIg@A[J[@]Ly@JkA?QF}@FmAHg@LcCRoANeBPu@Eg@Fa@Nc@?a@BM@[ToBPgAr@}ARiANMFYBQAYDc@JWFeAMs@?S[}Ai@_BE]EQ@[SeAASKSCc@UaAMSMa@Q{@MOCMKs@Cg@Da@So@KQCMOa@[_BE[Mc@@c@jAYTKr@U`AUVMNOBOAOQ{@s@cC[u@QaCOc@AO_@kAc@cAE_@YGiBq@]@{@Y{@Ag@KOEk@[YIO@YEg@Q}@Dm@?k@HUCi@QOAOIEIBUVqAA]EIGGg@Mu@G[Iw@k@GKHc@AQYIs@e@eBcC]o@USk@{@YU{@aAEYU]c@WUAkA]e@WSAi@Oa@YWE_@Oa@Kc@m@UOc@S[c@IGKSYUMUk@k@w@e@Y[cA{@SWkAgAQKa@]y@cASI_Am@IKWQM[S]KWKIS]SWsAy@aAcASKm@c@WYy@u@m@u@w@_@e@]_Ay@u@g@g@e@[a@[_@w@s@WOm@m@}@q@SUg@[i@e@_@SQa@k@o@w@c@OMOWQMg@Ug@cA]WSi@OM}@YeAm@m@o@q@i@MIOCIEAGW[MMKMo@o@c@]wAoBmAgAa@u@Is@GQgAeBc@Wk@c@G@EECMOIKCMHKLKFEAKQcA}@eBaAoA{@OQKG_Ay@wAmAa@a@y@o@Sc@W]Q_@m@UYU_Aw@IGW[}AaBa@SMKiAq@i@g@_@WmA{AOWy@m@m@y@qAeAES@ULOVEt@k@Vw@FGRKZc@Te@r@k@d@k@JUR]\[BG?QHG`AYxAyAP[`@c@VORS`@QZ]D_@AS]y@i@{@u@wAAM@EHED@BBCKMS[s@O_@Mi@OUWUQU?GHUFGJENOXMb@]v@Uh@]Z[TQD@BC?GELSDCBCLMBIJEEE@,2,97.7,,,False,237.1,Diego Galdino
2,Pedalada ao entardecer,8729.7,1920,2089,110.3,Ride,Ride,12.0,Strava App,990665217,2017-05-16T21:26:47Z,2017-05-16T18:26:47Z,(GMT-03:00) America/Sao_Paulo,-10800.0,,,,0,1,0,1,0,False,True,False,False,everyone,False,,"[-25.4, -49.24]","[-25.44, -49.3]",4.547,14.2,,,False,,,False,False,956.0,899.0,1093179793.0,1093179793.0,02585199dde4555dafb750b3cff0eca6,False,0,0,False,20232024,1,a990665217,vh`zC`lpkHTQBBJGJDHTTPP^PJNV?FNFJLBRTf@?H_@d@MDe@ZoAhAeBrA[Zg@`@[LWXQTaA|AWRSXGTIL]\CNDJELIBWXa@l@[j@[\CF@HHNVXr@j@jChCr@f@bA~@rF|EpAvAdAz@h@n@z@\`BrAJRP@FDpAnAb@h@`A`AXh@\b@hAdALX?RHL?RC^BLRHT\PHjAnAf@p@DBT@V]`@]P@FFx@v@FNx@jAdAdAjAp@h@`@VDN?H@Xb@N\r@pAb@j@d@f@`GrEZ^bBxAlCjC~@n@f@n@l@n@`@Rx@r@x@f@v@t@pA|Az@p@v@x@~@r@VL^JNN^TZT^f@p@fAp@t@nAbBx@p@z@f@r@p@hA|@fAr@Zn@PRj@b@bAh@p@|@`CjBlBx@xBn@rAh@p@^pAfBd@r@Vv@p@x@d@v@\b@|@p@^LZ?HD@Fj@dATR`@JpALJDDREb@@NYf@CNDL^V`@Lh@FnAd@\@tALv@Lh@F`@?h@JJDZ`@FTFj@BnAr@jDD|@J`@Ft@@f@En@?zARh@RjBz@bEN`@TbAHn@Rn@VxAf@`BFp@P`AD^JXJh@Rj@^hBL^^j@N|@BFDRC`@WpAW`AY`@Yx@a@~@Mb@Qz@IxAAv@]tAEr@Mx@GbAYbBCTCFG@GTKbB@XInAIbAMd@Gh@MbD?b@EJLb@FJNp@JdAVhA\t@?HHZDDFXHNNb@LPDLFl@Pl@Pz@HXFt@@b@F^Zr@Jb@x@~@Rl@JRHVAr@JZl@rAtAdEn@dBZj@f@vBHHHBBDRj@NlA@l@NlBLhANd@\d@P^b@zANP^JHLHBx@Qh@?PBt@KL@DALSLIr@[x@Wf@UVEPDd@f@HPDT\r@`AfBJzANz@z@zDPTNFH?LGDEDMAG,2,131.5,,,False,252.5,Diego Galdino
2,Pedalada matutina,9447.6,2519,2693,151.1,Ride,Ride,12.0,Strava App,989142694,2017-05-16T09:58:08Z,2017-05-16T06:58:08Z,(GMT-03:00) America/Sao_Paulo,-10800.0,,,,5,1,0,1,0,False,True,False,False,everyone,False,,"[-25.44, -49.3]","[-25.4, -49.24]",3.751,12.8,,,False,,,False,False,955.8,899.0,1091985475.0,1091985475.0,2eec16a2c30583bb6b59afe7168a14a0,False,2,0,False,20232024,1,a989142694,pbgzC|i|kH@D@EYa@KNKDg@J}CtA}@d@]JSLSBWJYTGAKQC_@Su@IeAIWC]Y_@_@iAA[M]@i@A[u@wAU}@WYg@mAWoAQo@Cc@WMGMKm@A[ISKm@[mAQg@u@_Cw@cBQy@Ww@CUc@uBMUs@uBKUKy@_@mAEc@O_@Kk@Mq@@MAYMi@u@yAy@yCi@u@w@gB]cBIs@O{@Og@QYM{@K]AUPsA@w@PaBJqB\iBFs@FYByAD_@VoADo@PkBF{@Aa@@Sf@oCJ_@Ta@`@sBTe@Pm@LSASJ]My@?YG_@c@yAUcAUk@BsAO_AUm@U[EMO[a@yAImA?Se@mBQeA[aA[aB?Q@C`Cy@lAm@RCLIDWi@cDa@oAKu@Oe@E[BSAMQaA]aAMSUcAQMa@Oq@K_@@SEQBSCs@c@w@WUMUEm@QWQQRW?gAUQCYBOAa@SMASBEA]Q]EIEEIH{@Eg@SKgAUWQOSc@y@GM@UEGiAo@OM}@cA][GAEEAKWg@UUc@m@_@]Q[SQM_@KEKQGC[a@KGcAKWMq@OmBw@o@[QCQIGQBQJYdAw@N?EOKEO?]Fq@?g@EcASa@S}@}@a@S]WiByAOSc@a@KYMiABSJUsAHMDg@U]]i@{@s@i@w@y@YUUKw@i@aBcBOKe@Oi@[k@i@Uc@o@_A{AyAe@Ye@_@e@My@mAc@c@SMg@g@mA{@g@g@WSWM[SYi@cAkAwBaBe@k@OMWq@c@i@q@e@GIQI_@IaAi@mCaCu@y@a@g@_A{@{@s@u@y@GOE[?_@KYII{@mAUWm@_@QGYY]Km@b@I@SMg@u@a@c@cAw@}CuBUWu@m@IUSUs@m@sAuAuAoAIEa@g@sAeAu@gAk@a@mAq@q@k@i@i@AMKEgBiBg@_@Yi@e@a@s@k@KU@Ox@q@Z_@JY@K?SBG?DEJ?DP@LG~AyBRQN[VUHOh@g@DUZYh@W\YTGHM^WFOJKz@k@h@i@\UHM@GCa@BQOa@Ic@W_@YYe@iAAYFI@IQSMYGS?WQYKWq@u@IMAOr@m@REd@SXI^]v@i@R]FEJ@DCEAALMF,2,102.2,,,False,257.3,Diego Galdino
2,Corrida ao entardecer,3470.8,1763,1858,0.0,Run,Run,3.0,Strava App,988057090,2017-05-15T21:44:08Z,2017-05-15T18:44:08Z,(GMT-03:00) America/Sao_Paulo,-10800.0,,,,0,1,0,2,0,False,False,False,False,everyone,False,,"[-25.43, -49.31]","[-25.43, -49.31]",1.969,5.4,,,False,,,False,False,902.0,897.0,1091258310.0,1091258310.0,522acc5d666dd54c493527113c62b9d0,False,0,0,False,20232024,1,a988057090,~dfzCbl~kH}M`L{AKuFoMqEyDrAePaGgDoLtDoBaN|LP~Bg@dC_EbGEtOjPnDxNt@~K`C}@,2,,,,,,Diego Galdino
2,Pedalada vespertina,9112.0,2027,2441,130.3,Ride,Ride,12.0,Strava App,987972748,2017-05-15T20:31:13Z,2017-05-15T17:31:13Z,(GMT-03:00) America/Sao_Paulo,-10800.0,,,,5,1,0,1,0,False,True,False,False,everyone,False,,"[-25.4, -49.24]","[-25.44, -49.3]",4.495,14.9,,,False,,,False,False,956.0,899.0,1091154126.0,1091154126.0,7959d17ac18a63408058650980ec4b68,False,0,0,False,20232024,1,a987972748,nm`zC`|okHRD@BANE?IJQFMPOFUTKPDXR`@Z|@@HCRi@Zc@N_@XOTDNJLVf@NP@FMPH\P^NR\n@Th@Zj@L\VDDF?GGEMJMFUTOHIL[Nq@h@iB`Bo@d@yAxAoApAW\O\m@r@i@v@kBdCKR@FNNbAr@ZZTNfAlAxAhAh@j@`Az@bA`Av@jAbA|@f@x@LNjAh@`Af@\TxApAb@b@HNRJ~@bAn@`@tAlA\`@^n@\Xf@ZBFAf@H\AVJRrBhBVXl@`@`@f@H?FETWNGjAx@d@p@tCpC`AfAZNTRPZh@l@Tn@x@z@hE`C\VjB|A|@~@nBlBTLl@j@PJj@p@d@X^b@LH@LVPHN`Al@x@~@n@b@t@p@ZZJRZd@x@h@`B|@ZTVf@TTJX^d@h@b@h@h@jAhBPR`@L`@RnA~@zAt@p@b@p@dA`@^n@^j@b@NNj@`ArAdAn@l@ZNb@LdCp@jAd@tAr@LLx@nAd@dAL`@Zj@X\d@^X^lAdAZHf@DFl@BFf@Vd@d@LFTB`@Lf@FFDBD[rA@RJTz@VZN\B|A`@l@FTA~BF`APJLR^H~@DdAF\?Zh@~BTj@R`@Fz@@LE\?\CPc@`C?FZ|@V~@N`@`ArDRbANf@PdAP|@\jALv@f@|BPr@LVTr@VdAHx@VdAFJLf@@JCZc@~@Sx@O^Mt@c@zASVWhA_@|DCb@DVId@@XETAp@EZ@XEZQn@ITIHGLEp@GTGrBa@`DIV@b@MfB?hALj@HT@RCRJZC^?NBNFP?d@HL^XXd@NZ@J?LEP?JFNt@z@RZ@PLTRbAFNDd@l@zA@l@HZAZ\bB`A~CP\Tp@\zAp@fBPx@DdAFXf@jAt@zBd@fARv@b@dA\vAf@bAXbAP`@Lp@NCXQNEj@CVCRMNARITE`@Qp@Ql@Wh@e@b@GPAHBRj@B^APF`@N`@PVPDT^RlADt@DZn@jBj@hCXEp@S,2,139.1,,,False,282.0,Diego Galdino
2,Pedalada matutina,9363.7,2420,2508,143.5,Ride,Ride,12.0,Strava App,987173458,2017-05-15T09:55:02Z,2017-05-15T06:55:02Z,(GMT-03:00) America/Sao_Paulo,-10800.0,,,,4,1,0,1,0,False,True,False,False,everyone,False,,"[-25.44, -49.3]","[-25.4, -49.24]",3.869,12.4,,,False,,,False,False,955.7,899.0,1090233142.0,1090233142.0,e1f720708292a337290b812bc52856ae,False,1,0,False,20232024,1,a987173458,dcgzCbi|kHIFAq@BC@TDTM@EDMGkANUFkClAGLg@Ng@H_@TYJe@JMGSw@AgAGc@Ww@[u@Ie@U[MwAM]A_@Q{@MOm@qAMMYy@Yq@Sw@CUWy@IMCa@I[g@oAQ}@A]O[YmAy@_B]mAKm@OYEMAIISCW_@{@Me@_@aA[q@YyAEm@Qg@_@s@[cAKeAwAmFa@oBMc@Q}@Yw@Wg@a@_Bs@_C@_@JsARcBJk@N_BHqBPgBAc@RkB?MHe@?YDWBw@PiB@a@T}@JkAd@eAhBcFBQ?UHM?GCSY_AAWKk@e@_B_@_AE{AEWQq@EWQWEm@{@oCIm@_@uBQi@MiAi@{BPUl@[|CkAXQRWAUq@cC_@w@_@_AMq@?o@]cC[w@G[a@]{Bi@SKe@Em@Qc@Cw@]MAk@WSEO?a@G[O_AOi@@u@UWFQAYGCIRgBcB]OE_@We@q@Og@EKc@U][QGgAkA[_@e@u@_AkAY[KGUWQ_@AKS]UOo@]o@M[KwB{@m@]w@SOIWWm@a@cAiAa@Sq@}@eDeDm@e@}@}@UYm@c@W_@AD[c@UQw@_AsBiBcBkAq@o@eAg@OM[_@Ua@Oq@EAMOa@UkA}@oC{Bo@u@Q[[Qa@QUSEMMMk@a@OESUoA}@MMWi@mAcAWWGOg@SMUOQEOc@a@[e@_@}@[i@GCQCSKa@IUKe@]MWu@i@QQ?GSQWQQCGC}@s@w@{@{B{Ba@e@I_@Es@MKkBuAk@m@CIIGOEGQGEOCORWLIBIEo@cAo@m@g@c@YM_@_@YO}@q@q@}@qCuB{@y@]_@IOe@Y[[c@k@iB}Ao@{@SIIGWe@[[oAw@U[u@k@eAaAmB{A}@}@CY@MZc@v@u@@KCQGUU[c@c@]UOQKAKYQ[[[EI@u@EODUPUbAw@nAy@d@_@fAo@RQnCqBLYVAHCjCaBD?D@JLDEOo@?GDABEBKAIi@kAGe@EQSMS[QQCc@FIh@[REr@YrB_BJSFBSZ,2,109.1,,,False,264.1,Diego Galdino
2,Pedalada no almoço,9446.7,4949,6289,128.0,Ride,Ride,12.0,Strava App,983020468,2017-05-12T16:01:01Z,2017-05-12T13:01:01Z,(GMT-03:00) America/Sao_Paulo,-10800.0,,,,0,1,0,1,0,False,True,False,False,everyone,False,,"[-25.4, -49.24]","[-25.44, -49.3]",1.909,15.0,,,False,,,False,False,956.0,899.0,1085251147.0,1085251147.0,acb937c6dea87b0885921f0e7cac7375,False,0,0,False,20232024,1,a983020468,bz_zCrbpkHi@ZADYPe@h@KPGXWZq@\{@n@WT]RIJYNINWBYNOVi@d@IX_@Za@`@AD@DLDb@`@|@jALH?b@CLGFCTk@n@AFOLEL@HTRPT`@THF@Ff@b@FLPTRRTFDH\TX^Jd@HPjA`@h@n@d@TJBRCEBl@x@r@n@PHXXPH^h@b@Xb@d@pAdALTn@d@h@t@XTHPZTFHb@PFLTFN^l@r@|@b@NTBCAGALHDVZRJn@v@f@VdA~@n@^n@n@D@\d@x@h@Zd@x@x@HH^J\h@h@b@VJNE^YJBBHTRN^r@f@Rb@j@j@T\NNDJCLGH@FXRPVh@`@H\JFJNXn@z@TBLd@Vn@d@JNX@PJNVTLNXd@h@FPZV`@f@ZT?DLHX@JDJPz@v@VJRRP?FBVt@NPTHn@j@f@JVb@`@f@JDHJL^BRXVRZJFHPHDJT\BPFj@j@bAn@PTVLPBJVp@h@d@f@l@hA`@Td@TJVPHR\d@\D@h@f@JDVANH^n@JNHBJNZnABb@JX?L^@\KPAb@^b@PPRL\F?PN\h@JDJQD@r@fAb@JPHbAv@r@v@h@Z^^LRnAbA\f@r@d@DHLJT\f@^PVNHTT`Ab@xAXd@VPTVNl@DvAn@x@jAZXPVJ\NTFXRXRRj@Z|AvBHHZBVL@BGBIPFZl@j@f@\`Bb@R@BD@PAZGZGHEJ[PI`@q@CQOG?HKKB?GIAI?@FXKTYSz@BCBFBACDEC`APp@EvBb@~@NtB@bBTh@N\SB`@CF?PBNCX?RJfAPpAd@hBRh@PXHTDVHfBQrBDv@T`Bl@hBDf@Nh@Hn@\lBh@lBTl@Lt@?TGP@XNv@Nh@Xn@l@\ED?NNx@Rp@FlAn@rB?RId@_AjCKJKVg@xBO|@UrCWv@UjCOp@KdBc@r@UTELAXLlAG`@EvA?dBMzAUx@?f@vAbGLZXZB^IN@RJl@V`@Rh@@XVp@TfAt@fBLfALd@@RV`@Hj@Rn@ZdC`@jAHj@DpAlAjAFLTjAd@nBr@dA@HG^Vr@j@xCNd@Jj@~@hBDPJx@b@jAt@?\IrAGj@IXGJMRG|Ae@XC^Kb@AD@LXKDPp@Nd@p@bAZvAvB|GT\JFLCROBM,2,51.1,,,False,252.7,Diego Galdino
2,Pedalada matutina,9449.1,2522,2669,156.8,Ride,Ride,12.0,Strava App,982550000,2017-05-12T10:03:29Z,2017-05-12T07:03:29Z,(GMT-03:00) America/Sao_Paulo,-10800.0,,,,0,2,0,1,0,False,True,False,False,everyone,False,,"[-25.44, -49.3]","[-25.4, -49.24]",3.747,14.6,,,False,,,False,False,955.9,899.0,1084696715.0,1084696715.0,772ac521b1883d9917df86e50ff68d5a,False,0,0,False,20232024,1,a982550000,vbgzC|i|kHBJJYCEBGQGaBr@e@JuAt@mCx@e@RY@]MYCCGEIA_AB{@C[i@y@[aAc@o@AI@k@Ig@AUKe@e@eAYuAg@cBUY[w@Ua@KaAy@cCUk@?a@CSYkAIMMc@[i@Yu@Mm@?SY_A_BwEIe@Wy@EUQU[aAMsADeAI_@Q_@k@oBUeA[u@aAmBISe@eBk@gBWiAS]_@iAEY?[Tw@RcAFg@La@@sALq@TkC\wCJoAAc@LWHa@AQDs@Jq@@e@Jo@?[He@@Q`@}@Ry@^w@ZcAF]Ry@@]JSUeASq@g@_CIg@?QCCIASa@CI@ICc@?GEEG[Cg@EKCMKYGi@EWq@{BOkA?q@Og@Ow@_@cAa@iB?QBIHOLGNEdAIj@KtAk@HEHOUc@Mc@Ak@CUS_@Mk@C_@Sq@Se@Cu@Oo@GOGgAMs@[o@MKg@Oa@E[Oc@KMKYIQA]Ki@Am@]Q?_@EcA_@QCe@@WEYAWGw@BWHG?_@OSAIGIQRcA@k@IIo@QsAU_Ay@Y]?GBECa@_@ISM_A{@i@q@Yg@[]KUYYq@cAKUWa@EWEIQMy@UQIe@Ee@Q[Y]KSQ_@MS?IC[Ye@I]UEKKMKCMOQKYg@o@a@[Yi@s@y@y@o@c@w@_@QM{@eAK]q@q@QKUUk@Yk@e@e@k@EQu@kAoD{CW_@YSgAa@e@c@q@_AmAs@oAiASW{@KAUKQ{A_BqDoCkAeASYMe@Yc@SQ[MiAk@g@SQUOe@CO_@i@MYOQm@U{@m@q@OQM[I]W_@g@aAq@O_@a@i@e@_Am@i@w@_AiAcAGMAMJ]BUmA}@{A_Aw@}@UIe@XOEYYk@{@e@[i@Qo@]c@[W[oBwAm@i@W]SMy@y@QMoAsAS[[SWYm@w@gAm@][Ua@MMk@Ye@a@}@g@EIMKGM_@e@_@Yg@w@i@g@]e@sBkBGKBIzA}AJQFWMe@U[a@_@gAu@[]OIES@QKg@BWvBcB~@e@v@u@t@k@LId@OrAiAZIHUd@WnAgA\OF?JRB?FIEQEg@DCHMGEc@{@Ki@a@cAGKUMAE@WDKROn@[\]XMb@]JMDCRWF?^OPJHESEQBCB,2,97.0,,,False,244.6,Diego Galdino
2,Pedalada vespertina,8689.0,1946,2090,113.9,Ride,Ride,12.0,Strava App,981920371,2017-05-11T20:18:34Z,2017-05-11T17:18:34Z,(GMT-03:00) America/Sao_Paulo,-10800.0,,,,10,1,0,1,0,False,True,False,False,everyone,False,,"[-25.4, -49.24]","[-25.44, -49.3]",4.465,13.3,,,False,,,False,False,955.9,899.0,1083922855.0,1083922855.0,bc714424d178435a906e7ea54c332434,False,7,0,False,20232024,1,a981920371,fj`zCrjpkHOd@LMP^XTNFFHTd@p@dA@HObAMPu@p@E@SN}CzBkBjByAjBGPYVa@l@OXEDW^a@b@q@bAQXGVBHFHTHRLn@t@tBzBhFnE`EtD|BbBrAhAdAfAD?RLRTTb@h@j@vApAp@f@l@l@v@n@NP@d@LX?`@BD|@~@^h@`@b@LHTh@TX?JDBNI^i@TKlAx@ZZp@`Ad@^^b@nAx@p@r@Z^LH\^BJp@p@h@|@j@j@d@TfAp@pAfAzB~ArEhEf@Z^b@Zj@t@j@b@Vd@b@h@^h@j@PLVZfB~ATX@FRP|@n@|@b@f@^nAtBxApAf@n@p@b@l@p@dB~A\XfAl@jAz@bEhD~@nAz@p@x@b@zDvAtB|@`@TdArA~BtDv@x@p@x@ZP|@^@ZFJ~@fAZJv@@`@RD?BDGV@TERAT?TFT^PhB`@TNv@Tb@@PCnALx@N`@?XBBF@L`@z@@HRdCZbAJd@Bf@?ZCFFN?FJNZhABRKjAE|@TlBZbBPlAr@vD`@bBLXNp@^pABd@TtAXt@Lt@DFb@~AJn@r@hBLl@AV[lAGh@Uf@c@j@]r@a@lBWbCCh@YzA?r@Kp@KhBEZ]dAKj@YxFCRQf@Cd@Kh@?FDRQtAA`@BVb@`B^bAFVRl@DVf@dABNT^d@rADRB\N~@Ph@Hb@b@pA`@`Bf@rANv@LXPvAZz@XpAFJVz@RfAPt@Xx@\l@Ff@J^Xp@RTTt@FLDV@XTp@^n@z@dAHVRdB?REZBh@V|@\ZDHJDfA]j@MHGZIBKNA|Ak@n@Qp@_@H?Z\JBHTDZRl@@RL^b@z@dAdDx@bDNb@DDHANGPM,2,94.9,,,False,184.6,Diego Galdino
2,Pedalada matutina,10544.5,2923,8558,138.7,Ride,Ride,12.0,Strava App,981213254,2017-05-11T10:08:11Z,2017-05-11T07:08:11Z,(GMT-03:00) America/Sao_Paulo,-10800.0,,,,4,1,0,1,0,False,True,False,False,everyone,False,,"[-25.44, -49.3]","[-25.4, -49.24]",3.607,10.0,,,False,,,False,False,951.0,899.0,1083106997.0,1083106997.0,11bb50330a77b3eb721da975c3aafa1c,False,4,0,False,20232024,1,a981213254,pbgzC~i|kHFFAYNSTMHKf@GZQ`@EfAk@fBo@NSb@IfBs@HGRg@`@_BBY^{@Rq@Ve@r@q@`Ac@@K@DDA~@cAlByALUGc@_@eAMq@a@iAS{@SsAWo@k@aCO]s@kCO_@CO@UCWuAsEEWKOa@uAIIO_AWy@Ym@?GWo@uBoH?KLQtA_@tAg@JLc@HNBNIADa@DIJ_BX{@`@o@Jy@Vs@^c@H{Ad@G?sBx@q@PI?GEEUYu@Q}@UcAUs@UiAAEOGW?GCJSSm@}@eCG[KIGQEO@EOYI_@OUc@iAKe@_@GWJ[Rw@NS@]TOB[NeAJ}@\uAp@SIYe@]_Bm@gBU_AWu@[[GCOBcA`@u@NsAd@K@IEg@uB?WVwBLa@Hk@RaDXgB\u@v@sCRc@ZiAHo@Ce@Qi@CSUw@Qs@CYW}@W[k@eB?O[qADCCe@[g@So@Io@OUIm@GSCu@KMIm@As@Qi@_@gBDKZ[jBi@~@c@l@QHK?GQy@KO_@kAEu@m@kBG[F[@UEk@i@wCOg@OUQOy@Qk@EmASe@Ag@U]EcA]aAMKG_AKq@O]?YH[Gi@?QGIWLsAESq@[kASg@[Y_@EMFm@EQOQe@Q_@UsBwB[a@[Y{AwBa@[@QCGWKWC]MeBu@sAa@a@CcA[UMqEsEw@gAyAgA{AwAwA_Be@q@YG_@[a@k@{@aAiAaAmCwCwBwAyAcBkCkB_Au@aA{@u@}@u@g@Y[?EoBsA}@}@eAy@c@c@y@q@g@o@eA{@kAgAm@w@Wg@s@g@i@McAm@a@i@i@c@iAmA}@kAoBkB]g@AMJk@AMGMe@a@q@_Ao@]c@e@YKM@a@TO@SGi@c@QS{AeAkAaAGKaAo@s@y@sAiAcBgBw@m@U[]Uk@s@o@_@o@i@MUw@u@e@m@{@o@a@O{AqAYMO[UOm@w@gBcBc@k@We@q@i@KSOOk@YEGO_@QUAOb@k@Vg@PQLCCCIBCD\u@BQ?QM_@BIrAeAfBkAHARRF?EGNOFOjA{@f@s@`Aq@RGT]PKZGz@q@^St@s@BUCADK?OGUa@i@]kAi@aAEWRUj@QjAq@f@g@\Op@c@EA,2,64.9,,,False,189.7,Diego Galdino
2,Pedalada vespertina,8758.7,2021,2268,109.6,Ride,Ride,12.0,Strava App,980416459,2017-05-10T20:16:03Z,2017-05-10T17:16:03Z,(GMT-03:00) America/Sao_Paulo,-10800.0,,,,0,1,0,1,0,False,True,False,False,everyone,False,,"[-25.4, -49.24]","[-25.44, -49.3]",4.334,13.2,,,False,,,False,False,955.9,899.0,1082152131.0,1082152131.0,97c9fb83e8e8906fdbc6ec1140836d8c,False,0,0,False,20232024,1,a980416459,fj`zCxkpkHCFXKCB?JD@AHXb@Rh@VVDPZ\HNNLDN?Dy@b@IHWLIFI^eAh@i@d@eBlAs@r@u@~@_@\@PCJq@|@i@|@u@n@[b@EJMPKHE?q@v@DPb@d@f@XJJpB~B^\`C`B`FxE`BpAhBnAjA~@x@x@b@Xj@n@dEvDhApAb@`@BTCP@JMTBRJPZ\l@^n@t@p@n@^XVBF?DC\a@JED@r@\h@l@FNLJl@x@dAz@n@t@nAfA|@f@d@f@\X|@bAJZ`@d@b@^fBrAdD|CpAz@z@z@FPPBz@l@XZZVh@f@\l@NENNLHt@nAb@b@BPDHHFf@LTLLJv@`Av@h@h@X`@\fAt@\n@PR`@Zl@r@PLTXv@r@V\HFDNFHBJTAf@FVZr@n@\d@jAv@x@~@hBhBrAx@TRPHDDN^NP`AbAn@d@~@^bAThA`@~Ax@`@X\b@tAvAv@fA^t@Z^b@\j@f@v@`@DD\r@BNFHDPNRd@\n@Hz@DBDRF@FAHUh@IXCZ@JFDTLPDP@`@J~@N\Ll@LdDZXFNGLABOFAJHTh@RdCXpBTx@\|@A`@Dh@JVDX@n@Sr@@z@Cd@@j@Xn@h@bCZx@Fh@X~@Hh@\bBLTFT|@bF|@`D^pBd@tBHJHb@CPGTMPM^G^c@zA?PWr@GZWn@GZIN[lBAVOf@GbAAf@OrACv@Il@UdA_@xCAlAC^UjAGjAIJOf@In@Bj@DZ@^PbAN\PTJTNdA@ZHX?^JRJFn@zAJd@R`@DT\tA@PT^P\^nANPH^@`@HT@TXl@TTDPHNHj@Dh@@^D\ZrAFd@x@lCP~@Ld@Xn@Pp@DHVRFLZfAFb@ZhAPf@z@pB`@lBZlAT`@Tv@RTHBD@REb@QzA_@LIJAFKLMXIl@]f@Of@UNCB@NRJb@Bj@p@dALHRT|ArFn@|CJHFBd@O,2,87.9,,,False,177.6,Diego Galdino
2,Pedalada matutina,9348.8,2272,2354,152.5,Ride,Ride,12.0,Strava App,979492887,2017-05-10T10:03:57Z,2017-05-10T07:03:57Z,(GMT-03:00) America/Sao_Paulo,-10800.0,,,,0,1,0,1,0,False,True,False,False,everyone,False,,"[-25.44, -49.3]","[-25.4, -49.24]",4.115,12.8,,,False,,,False,False,955.6,899.0,1081109938.0,1081109938.0,c357021899dfd0183bbc614674e2ab82,False,0,0,False,20232024,1,a979492887,vcgzCni|kHQK_@LEAg@VSBa@XQDQJcATMMUHc@FWNSFUPYHe@XGBGIAOWeAi@mAI[e@m@u@w@AIJgA?k@AGe@e@AGMg@YuBc@iAm@qCg@kAUc@Qg@u@eES[_@aAKOc@cAUy@U[GQC]MYCOi@{@Qw@OkBAE]_@IOOmAS{@Ai@W]Eq@IYCYg@kAs@wB_A{Bc@oAa@sAg@wAUy@i@iCAQBMJg@Da@Jc@@u@Dg@P}@@YLy@Rm@?UHWDs@A{@Fa@PuBR{@F_ALu@ZuEF[`@s@JSJu@Le@Fa@Rk@XeA@k@HWAWMi@GK]qBQm@G[OWYkBLYAQq@yAEWC_@[aAOw@Oe@]kBGm@Ia@Qa@]{AM]DYZKh@ItD{ANQ@M?YEOa@eAMg@E_@S[G[AQ]cAGs@UeBCa@Q}@M_@]We@S}@MWIUMa@Ck@M_AKu@Sq@GeCk@a@CUCMGU?_@KkAMF_AJi@CMSOS@_ASYOk@q@GKAWEGQQWKa@[u@w@w@cAm@e@y@aAsBqCWSu@_@sAo@}@_@}@UoAk@c@w@}AcBa@WiA_Au@q@w@o@q@w@iA}@uA_Bi@e@WWs@c@k@u@YQOOUM_A_Ac@Y}@y@aAw@e@[m@q@q@y@u@s@u@k@o@m@}BgBi@s@US[Se@e@sAaAYK]Sw@_AM]k@_Ai@a@_Ai@{@y@u@eAUg@u@i@c@Qi@[[a@a@Ke@YkAkAa@YqAsAsAaAaAy@_@e@Sc@C]L]?QS_@OQ]U]_@q@e@]e@]OM@QNQJQ@SQYi@W[WSg@OeAu@oAy@iAaAm@k@c@i@{@y@UMeA_AOYMO]_@w@m@_@k@eBgAcAwAw@e@EIy@o@y@{@YQ@IHGSW_@_@[QSSS[{AmAOQGK@IxAeBDOAOU_@cD_DCE@YAIOq@BGFI`@Ut@k@b@Wt@[nAu@b@a@n@a@NSrAeATMGIDCDAb@HDA`@_@d@[b@_@LGVEJWF_@SQQk@SWCI_@m@]kAGOFQZ]x@a@f@MZe@hAq@HKJ@BBCEGAEB,2,80.1,,,False,181.9,Diego Galdino
2,Pedalada vespertina,8773.5,1891,2138,113.5,Ride,Ride,12.0,Strava App,978802944,2017-05-09T20:27:44Z,2017-05-09T17:27:44Z,(GMT-03:00) America/Sao_Paulo,-10800.0,,,,1,2,0,1,0,False,True,False,False,everyone,False,,"[-25.4, -49.24]","[-25.44, -49.3]",4.64,12.9,,,False,,,False,False,955.8,899.0,1080245887.0,1080245887.0,1e8c66e70dd20f7953071a3916e5a3f5,False,0,0,False,20232024,1,a978802944,hj`zCxhpkHIQDH@`@ANIJAFBFr@~@Xf@Tp@`@r@HTRLDLEDSFg@\SRWPG@GH[VUL}AvAo@t@cCfC?FqB`Cg@b@WXUZ]n@[XEHARzAtAt@x@pDnCnCfCNJdDjDvAhAVNn@p@|@t@dAfAfAv@~@z@`@d@j@f@v@~@xAlANVCPDZCl@PP^h@fAjAHTRJR?b@Cl@QRFz@n@|@x@JP\TRVJHHRtA~@XXf@ZX^\\TRl@lAF\Rh@FVRJ^DXJvBjA^V|@r@`An@l@f@h@j@h@p@RNHNTTLT|@f@dBlBHDD?RLPTdAz@x@|@pAhAxA~A`BhAt@`@`@\TXN\NTj@n@PFh@d@j@`@xAdB~AlAn@h@t@f@NT\ZdDpCXVLVt@|@lAbAr@\hEbB|@^p@^x@\j@l@X`@t@nAf@hArApAJPZVRHd@Nd@DJTP~@Lf@PJlAT^@RFJX@LYbAAP@FNJj@RpAZLFVTn@NFDRFJA\IRQL@n@Jj@R`@FXRVJDHJj@NjBJh@HX`@zB?NHZHjA@d@QzB@LJZDZXnAPdAJx@Lp@Tz@Rh@L~@Xz@l@pCBNPb@Fj@Rz@PlANn@h@zA^bB^fAFZ?LCLSd@Kd@Ed@S^Sv@GFSp@c@`AMz@Or@ARS|AMzAUpACj@IfAIj@[nAK~ABb@a@lCEz@ObAQh@GZF\@d@Dd@J\@^Nb@RZTl@\t@Hj@Nb@Ff@H\FT^n@Zz@Ld@@VRp@HLDXJTBXLVNlAfAnCZpBlAjFh@hBR^Nv@^t@ZbAJh@NZd@fB`@fBRd@TPVLJN`@dBJt@VbADd@HL@HJFLAl@SRE\A^KROBKTQ~By@n@g@T?RTR`@Dl@HT^n@XZTb@~@tDf@bCRr@LJh@GFOEQ,2,88.8,,,False,168.0,Diego Galdino
2,Corrida matutina,10287.9,3334,3435,96.8,Run,Run,2.0,Strava App,977989262,2017-05-09T11:14:37Z,2017-05-09T08:14:37Z,(GMT-03:00) America/Sao_Paulo,-10800.0,,,,4,0,0,1,0,False,False,False,False,everyone,False,,"[-25.4, -49.24]","[-25.4, -49.24]",3.086,5.3,,,False,,,False,False,959.0,921.3,1079401232.0,1079401232.0,cc5bc3120d842e87ef3480ab16af2451,False,3,0,False,20232024,1,a977989262,hj`zClkpkHPd@RZDLJJn@z@P^TZZt@`@`@t@bBRTXl@PTt@~Aj@v@`B~CLNBLNJVhAMv@IRMHi@Li@Dm@AsDc@_AHg@Ru@h@OPIZ[`@SPMT}C~@]Fe@V[VUf@Qt@Yh@Ur@g@tA[p@W`@}A|CQp@Yv@M`B@XEd@?r@OvAMZCbAk@vAUfA_@dAUZ]^[d@Lv@Id@DFe@dAg@z@qAnAKP{CpC]Li@Dq@Nm@XoAfAi@l@o@h@UXm@d@sAzAO`@]j@KJAFm@v@UfAQb@]l@STa@z@QRIPOLe@RyB?gAKi@MSH[Am@Uk@Cc@LMJWf@K^CREFw@lC[|@YhAG\_@dAAXe@dBUhA[f@ITo@rCOZo@fCo@x@GZOTe@LU?GEKYEEOESBYVOAa@c@WSg@Sa@Iu@EcABcC[c@Me@_@YMc@IeAEkAh@w@TU?g@Ew@_@c@_@w@e@k@O[FMT@lBORc@\OTC\B^BDHHb@HNFLLr@dANNRHRB`B@~@Hp@AfAJj@PrALp@AzAMrA?xDw@TMX_@\q@@SJK^Oh@NJ?z@O\[\{AHM`@iAJg@Vm@Jc@^mAHe@Pc@RWVgA~A}ENu@X}@Ls@Re@ReAXcAPQf@AZGzBZ`AEd@H`B@x@Qb@a@rAoCn@eAV{@jAaCRYtBoBR[t@q@PUlA{@Z[PMb@QzAY`@O~@y@rB_CVMz@aAh@kAZ}@p@uALc@Fc@l@eBf@s@^aA@MEQD[Uy@D{AC[D{@Fq@VcBNi@`@i@d@iAj@w@Vg@X{@N[DWPi@AISUcA{@CEBMAIGOn@}@@QEMT]HW?QI[m@o@]e@_@WmAiAM]?GSOCGk@i@iBuAKU?GjAuAVg@DCAFBDNJBCAa@FY@OOm@DIl@m@ZWTKTU|@m@`@]hAk@ZW~@aAlAw@jA}@n@]d@a@RYd@g@PCpBuANEPAn@R`@Fl@APMHa@Fm@BEGi@ISc@Mc@_@a@o@_AmBEAQHYRoAr@a@\qAx@s@p@EHAPZx@b@p@LFXA^QRC`A\ZCx@UlB\h@?JCDGJa@Fe@?WC[GIg@UcA_BSe@k@w@OOI@kAbA,2,,,,,,Diego Galdino
2,Pedalada matutina,9444.5,2122,2215,160.3,Ride,Ride,12.0,Strava App,977871686,2017-05-09T09:55:44Z,2017-05-09T06:55:44Z,(GMT-03:00) America/Sao_Paulo,-10800.0,,,,12,0,0,1,0,False,True,False,False,everyone,False,,"[-25.44, -49.3]","[-25.4, -49.24]",4.451,12.2,,,False,,,False,False,955.8,899.0,1079282801.0,1079282801.0,8889bdd29fb864dd8ccbb709e4ecee58,False,7,0,False,20232024,1,a977871686,nbgzCzh|kHJLD@@GJI@DG@GEQ@OFKHi@FmA^i@Vg@h@_@Lo@Jk@?s@\KJ]HW@UEMGc@a@?_@Nq@Jw@CYUy@k@{@_@oACcAYyAcDqK_@cAIa@A[g@wAAc@IEAUUm@KEEG@IKe@II[s@]kAAWK[e@iAGW?OEUK[Ua@CeAOo@Qe@Y_@M[M]Km@IWIi@_@i@]wBGy@Sk@CU[_@Oc@SaAIm@A[JSAOKY_AcAk@aAAk@Q_AMWSUb@}EJo@Lg@Ae@NYAs@N_@Jo@PoFB[JYN}@TkCHq@V_AZk@X{Ar@oBZyAF_@JYAIISS]Qu@IQIm@Om@Co@I[Gc@QYKg@?[CQY{@K{@_@}@Qs@Si@G_@BUEk@OKIKC]GUSaBOc@WeAF[DEjAa@pA[XMp@OVKPOOk@u@cBe@wBY}@UmCOy@?m@M_@EGUG_@SqBe@SIi@GeBk@UC_@IiASmAI[Io@EmAQc@C{@Q]KCEPc@X]_@c@[UQG_@Um@m@EGCMEc@EEs@]m@i@gAuAe@_AYc@_@]IOg@a@a@g@KSG_@mA_@wBgAe@SQEiAo@{@YUU]WSIk@e@IKYUs@u@c@YmA_AiAcA_@e@y@w@i@_AU[Ye@EBIOKOQKSESQ}@m@i@q@GCUYa@_@]UsBqBaC_BaAmAcBsA[_@y@u@c@[c@a@e@YYa@MOeAw@k@]c@_@yAeBWk@CMQUc@[e@e@c@Qa@IYU_@QSSQa@CKYc@ISSU{@g@g@e@m@Sg@_@g@YcCcCaAs@m@u@}@{@a@c@OYCMTg@@KIOOGeBaBsAgAE?SPMFYA[O}@yAWYw@i@uAs@mA{@gAaAiAuAu@o@[a@c@]SUs@i@g@q@[Wm@u@SSm@WU[GUII_Ak@_Aa@k@e@KQa@a@SMgAaAi@s@m@i@IM_@]]e@_Au@_@c@kA_A]w@\g@v@aALERCZc@?QMi@@KLOnAeAj@]lA_ABGl@]\WtAu@n@m@LCNIbDyBDGDOIWJQi@iAYgAMUKMQYES?Gd@m@x@k@j@g@rAy@TGBJHH?DEBGIEA,2,86.7,,,False,184.0,Diego Galdino
2,Pedalada vespertina,8758.9,1876,2091,109.5,Ride,Ride,12.0,Strava App,977226984,2017-05-08T20:13:59Z,2017-05-08T17:13:59Z,(GMT-03:00) America/Sao_Paulo,-10800.0,,,,7,0,0,1,0,False,True,False,False,everyone,False,,"[-25.4, -49.24]","[-25.44, -49.3]",4.669,14.6,,,False,,,False,False,955.8,899.0,1078646075.0,1078646075.0,9efa11aea8d6058112023151e3167872,False,0,0,False,20232024,1,a977226984,vi`zC~jpkHNC@ILf@ADBJ\PHLFBRZd@f@\jAJd@ADEBOAKDk@d@_@LwAz@aErD_BtB_@Za@d@[h@KFCFE@FJH@?Da@Zq@x@]J[\ENANDNJNlAdAPJn@d@V\hAnAt@^f@ZvB`CzB~AbAfA~@x@nAhA^`@|@v@j@\f@b@n@t@hAdAhAz@lBnBd@`@@RGbA@HHVh@j@~@r@Z\d@\NL\RJ@NCVONFF?f@RRR^X\f@x@h@`AdA\PrA|@v@b@FDJRt@`APh@\ZHTRZn@f@tAn@tA`Aj@n@Vb@h@h@pAv@PNZb@v@d@\V`@b@d@r@LNl@`@NN\j@VRlAlAdAr@n@h@pA~ARDl@^xAhAd@j@Xb@RR`@N\b@h@`@rAxAXl@h@f@`Av@v@`@hB|Ad@h@bBjAr@n@T^b@f@hAz@p@`@^NtAr@lBj@^Fr@Z\X\f@^^pAxATb@^t@dAvAn@f@j@XJ@FCRZDPPb@PLn@X|@Jh@NAFMPSdA?FHZNPd@Zr@PNLhB^nBFtA?JHd@HNFb@h@FV@n@b@tCNzAPp@DRJZHx@AnABjAB\Cd@D`@HVFd@Nn@PbANjAPp@Hd@Tt@RbAZ|@TfADHELJn@L^Jz@d@hBp@`BXtA@\Xz@Lz@?LWf@_@jAYl@WhAo@dBMx@OjACZMf@GvAENEh@Mz@?PKz@]dBKhAGLEX?f@EROhDUlAKbA?l@Gh@EFBJLb@\p@Hx@Ll@JTRTBJBPG\BLZv@j@jAJd@Zl@j@|Ad@|@FZ?l@\hA@T^x@LRHXALDN\j@TnA`@zAf@zAn@fBLd@Hf@XXTh@HZDHXPBFLl@DdAb@pBd@jAl@`A@p@Ld@ThBXl@Nd@zBQz@Y`@Y`B{@v@O^CJHBJJLCn@`@bA`@HNLFLhAjDn@bD^bANJTAFCBKAI,2,92.1,,,False,172.7,Diego Galdino
2,Pedalada matutina,9517.0,2464,2619,145.3,Ride,Ride,12.0,Strava App,976453030,2017-05-08T09:58:28Z,2017-05-08T06:58:28Z,(GMT-03:00) America/Sao_Paulo,-10800.0,,,,0,0,0,1,0,False,True,False,False,everyone,False,,"[-25.44, -49.3]","[-25.4, -49.24]",3.862,14.2,,,False,,,False,False,955.8,899.0,1077843415.0,1077843415.0,04fe0167c2d5e1d78ff651db726b30b8,False,0,0,False,20232024,1,a976453030,zbgzCbi|kHTHBQCDI?IKFDEB[DWJw@JeAf@k@\a@Py@Vi@HqAf@Q@]a@[oAK_AaAyCTGHy@GB]Sw@yB?EKa@Ui@BGCIECCKSO{@yBCe@DOGE?Wm@gDKDQ@IEJYsAcCc@aBFG@IECISUsAQg@Wc@CQ@UWm@i@aBYkA]gACS[aAKg@m@mA@GOw@iA}Cw@eBmA_EMw@?EDEBSCMq@uBa@aA[uACS@ILc@Je@LmAHqC\{BNw@Hq@JqAHcBXgC?g@F_AZgCX_ARYh@_B`@cBXy@Da@J]WaAIw@K[AOIG[_AUkC[yAc@uAe@cCWeAO]AQ@WCMs@}CIw@Os@?]FMh@UbBc@rAk@Nk@AWOm@Se@W_@CSYcAUg@Mw@@_@KaAUiAE_@AYQ[SSi@Se@Mg@CMEWOg@GeA_@]G[S}@IWBMAc@QiAYQIKAaABUCmAYm@EWGk@YQOSg@LSRIr@FAKa@SUSg@k@GOAc@MCuA}@W]o@q@k@_Ae@e@MYqA{Aa@s@QMQWSOo@SaAe@QCuBo@YQSSm@_@i@c@_@QUSa@Oo@{@uBkBu@k@eAgAc@[Oe@]m@WY{AaAWGECUUMWW_@y@o@WKi@c@OOEMSOg@q@SKoA_A]MWOWKOUa@}@cB{Ag@w@u@o@y@g@{@w@o@u@UGIIQI_BkAc@e@s@q@GYEIm@q@gA}@y@e@g@i@g@s@KC[U_@c@c@o@YUu@_@u@i@c@i@i@g@U[eCcBs@_AeBeBYc@?MDS?OEM]c@uBqBUe@UAWPWFa@AEEUYg@cAOOwAw@YYgAo@eA{@m@]_AcAu@o@mByBg@WM[Y]uAiAs@g@e@k@YQMOe@]K?g@g@]SW[uAiAOKo@aA_CmBMQGMUKw@w@MGMOYUm@a@Sa@@GLS`BgBDA@DHF@GAWD[@SG]AWB[HK~@o@VIZQj@QnAcANEp@e@b@Sr@q@HOPUAQFJHE`@ATQl@m@^Wf@YD?DBHCBq@@GU[M[G_@HUAMSa@SS[e@EOAGFK~@i@RWJAL@JCl@q@t@]ZUCDB@E@MKIC,2,74.2,,,False,182.8,Diego Galdino
2,Pedalada no almoço,9269.8,2265,2551,126.8,Ride,Ride,12.0,Strava App,972151394,2017-05-05T15:29:13Z,2017-05-05T12:29:13Z,(GMT-03:00) America/Sao_Paulo,-10800.0,,,,0,0,0,1,0,False,True,False,False,everyone,False,,"[-25.4, -49.24]","[-25.44, -49.3]",4.093,13.6,,,False,,,False,False,955.9,898.7,1073362544.0,1073362544.0,794eda1f26419544b43f66c3977d1cca,False,0,0,False,20232024,1,a972151394,zn`zCx|okHGAHPCGQ?[FQNKDGJWPGPAH@JNf@h@`@VZEXa@Tm@h@q@TIHAJHZ\d@C^D\FFP^XbAJJN^VXNFPZNBDNOLK@OHURYb@QNq@b@MXKHe@R}@n@c@TyBtBq@dAYRIJi@jAETg@d@_Aj@a@d@K`@HVt@Tf@f@`@XjDjDf@b@l@v@xArAvAzAlBbBxB|AxArAz@bAjAx@VT|AfAv@r@JNbAv@f@l@Ah@Kv@FXbAbA\b@n@p@n@j@TCDCPURON@ZN`A~@\x@JNj@XRVRN^L\`@NVXPJ?LPJTLLZLNJ`@h@LZT`@RRl@d@f@XnA~@d@`@vAz@tC~BlAjAt@hA^VRJxAdBh@Lr@BPDh@Tp@b@DFHvATV^TPRHLJT@NFJz@b@d@j@h@d@t@^nA|@NH^l@LD|@d@|@v@^d@F`A|@Jb@b@X^|@d@pA~ApAfAf@\\\v@n@\\T`@x@t@\\b@RnBf@r@^ZLrAn@p@d@fAn@l@j@hA~Bh@x@RLTb@T\j@f@T^^TPFFH\H~@\lANVXTJLLGb@Sf@Mx@AZHLRJL@TNn@EZBf@NNA`@KnAHRAv@H^HR?RDH?NRRj@?b@TzA@`@Lv@Ph@PZ^dBRfADh@Gh@Gb@Ax@JNBVCH@RDl@l@tB?\PhATfA\pABZRbANf@\zAFl@j@nBHf@FJThALXL`@l@tCRn@F`@APq@tBKr@a@zA_@n@EPOv@Ql@MdAYlAM\ANBRBj@Al@Ft@Nl@?PIh@o@t@Uf@OtAM\?ZE\C`@EPWxBBXGnADf@Ef@Hd@LZF^\p@FXFp@MDDKCAEGHBHFVf@D^C^DL@LFLJlANRH^LVBBBCDFL`@B^BHFDV^BHFn@`@p@TX?x@FXJHBXFLEADJPXFV?RGT@HCLFV?RNt@Pl@T\ZbAb@v@Pb@PfAXbAD\j@lBjAbBLjATl@BxAnA`DH`@Nf@R^f@lA\D`@[NKj@Ux@k@j@Q~@_@RMLCTQLSFERCPRR^b@lAV`APNP`@l@tBp@pCX~@HNLl@BBL?ZMFM?_@,2,80.0,,,False,181.2,Diego Galdino
2,Pedalada matutina,10744.6,3216,8033,141.7,Ride,Ride,12.0,Strava App,970540830,2017-05-04T10:55:40Z,2017-05-04T07:55:40Z,(GMT-03:00) America/Sao_Paulo,-10800.0,,,,3,0,0,2,0,False,True,False,False,everyone,False,,"[-25.44, -49.3]","[-25.4, -49.24]",3.341,9.3,,,False,,,False,False,951.0,899.0,1071720224.0,1071720224.0,d3a5344f5f1d1443e3c0ae17a51ffe58,False,0,0,False,20232024,1,a970540830,dcgzCth|kHILH[BHNNROJO^MLKz@WrAo@pAa@JMXCnB_AR]DYLQNe@NYBQAIH[FELa@He@Re@^[pA}@JOPMDOtAiA~@o@FIa@eBWy@k@}BOSB]Ig@Ue@e@iBQUGg@o@sBMs@IQQMVOMYWeAw@_CEq@Sy@k@qA[iAMg@B[CKKOs@uBYm@q@_CCg@JQ\WxA[p@YHHL\@XG?CKAFDBG?Ne@IIK@DMM?ILUJBLsA`BIAbBaCm@T]ZYBa@P[??FCBCEDACEEAKOc@kBy@cAy@sCGI@Ey@{B_@yAQ}@[aAKKWBuDdAa@MQUa@eAU_ACc@I_@q@yA]sAGy@QYM?eCz@u@LWTgC|@e@TaAVqBr@Q?]PaAREJ?JEFOAgAh@kAb@O?ISKCyA^GYCu@Kg@?Sb@uDV}CVs@@gALa@z@uBtAaF?GYi@Q_Ag@cB?UIu@GMa@oBKOCWIS@Ei@}AWaAQqA?ISeA?MBMCUa@oA?GCCH@CKWe@IYUwADQNMbCo@rAi@TOUs@c@eCQWi@{BE_@Bg@A]_@mBEk@Wm@QQkAY_@Uk@Kw@@]MU?o@I]?g@[S]gABi@Mw@HWOuA[[SFmAAUOOg@C}@YGSUWm@aAKe@k@QeA}@{@_A}@uAu@u@]i@cAiA]QKQQKyAa@k@Ku@]UUyAs@[WqA_AaCcCeAm@gB}AmAuAEO_@YSa@iA_Aa@UUWm@aAOOw@g@E@m@]sAaBq@k@{@k@u@q@gAuAWMKA{AuAu@k@q@y@AOUMkAgA_@Q{@u@cBoA}@{@c@Wi@e@}@kAu@k@IMu@o@a@g@S]][s@}@y@i@o@EeAiA_@WQWeCgC_Ay@yAiA]c@EMF_AuAeBgAiAYUYGk@`@U@k@k@g@a@}@eAMEcB}A{CeCe@g@s@k@m@s@m@a@iAcAs@}@qByAk@u@aCeBs@}@Yg@s@i@IO_@UQOKQ}AsACE@M]Kw@q@cCqCEU`@i@P_@\a@FER@BK?MJ[C[I]@UlAm@rAy@b@c@`BiAx@w@`Aq@PU@MHMVAl@MvAeAb@SB]FUM]OSY}@m@eAQa@AG^_@lB_Az@k@r@m@DEAKIIQ^ML,2,55.8,,,False,179.4,Diego Galdino
2,Pedalada vespertina,8986.2,2250,2516,126.6,Ride,Ride,12.0,Strava App,969721805,2017-05-03T20:05:41Z,2017-05-03T17:05:41Z,(GMT-03:00) America/Sao_Paulo,-10800.0,,,,0,0,0,1,0,False,True,False,False,everyone,False,,"[-25.4, -49.24]","[-25.44, -49.3]",3.994,12.5,,,False,,,False,False,956.0,899.0,1070898183.0,1070898183.0,d88f30d3ca2c0f009a80a1fb326dcf8e,False,0,0,False,20232024,1,a969721805,|n`zC||okHKFCF[Vg@NUPODCD@f@DJHNPH\l@@GCCE??XCLa@b@GPAFINGTEDKCKFGHH^FHJXIHCJFZt@jAVd@NL\l@L\?FDDAJG?KJ}@l@aClBq@n@[NeB`BkBxBiAdBGTm@d@O\OL_@p@CJDRhA|@~@jAt@r@h@n@~D~DnC~BhB`BpCrB\\V\`@b@zDzCjApAj@v@jAt@BF@f@DXEZ?Dz@bAbB~AJXLTFBN@DC\]LGH?VHXPfBhBP`@TJv@t@pA|@v@v@ZTh@r@^Rn@f@l@r@~EdEdD|CvAlA|@p@LJTJX\Zb@tAnAt@v@nCpB~@`AVRVZd@^f@n@f@V~@z@NHx@`Ax@j@h@f@HLJ\JPf@b@`@h@XXf@b@p@b@p@l@fBrAh@h@ZLzAbAjBrBzAtAl@XtBp@bC|@`@P^TnA~A`AzABDATh@x@|@|@l@b@j@^n@XLNBXHR`@Tj@RPJRFd@@TB@HAHEFE?EDAH?XCJ@n@pAh@l@Lz@b@h@P^@b@PV?r@Hh@?h@DRHRPHNNh@J~@Nl@Dt@N|@h@tBFt@Hb@Cl@OxADr@hAbGFNBVLh@FZNb@Fj@f@~B@f@X~@Hr@h@xAf@bBb@fBL~@r@bCCVGZANM^SfAg@lAc@tAYfAKbAQx@@X?PIZOjAA^QzAAl@B`@IXMn@GJEROTGVCb@?VJh@Ql@KjAKl@A~@Gx@Y|A?j@D`@\~@JNJp@Th@HZBFJF@^DJJz@N`@PXZdAt@tBd@lBf@|AZ~Aj@dBf@jC`@|@hBtFjAzEXl@Lj@FLHh@\Zv@dBJ\HZRdBNz@`@t@D\L\JHHCRMLEp@Gb@[pBo@hB{@TCL@PRPf@@NAPXb@Nf@PFHJZv@tAnE`@~ALr@LATE,2,77.9,,,False,175.4,Diego Galdino
2,Corrida matutina,13982.4,12280,12851,313.0,Run,Run,2.0,Strava App,969240933,2017-05-03T12:29:29Z,2017-05-03T09:29:29Z,(GMT-03:00) America/Sao_Paulo,-10800.0,,,,1,0,0,1,0,False,True,False,False,everyone,False,,"[-25.35, -49.01]","[-25.35, -49.01]",1.139,5.4,,,False,,,False,False,935.8,884.0,1070402499.0,1070402499.0,20f06093df37056b88447872e325f1ea,False,0,0,False,20232024,1,a969240933,dquyC|ncjHJ|BsAvBiLrA|BrKeDhG{DxAeAkBPbBNcDhCnCiDdC_C_AItBw@wGp@jEjEB?vAcCJaB{HvD}@IaIhAaAsAdAnDxBr@zHfFyEgBwJpCg@vDj@G~ChAb@}AxDz@jAk@_Cr@uAoBB}BgJoDNbDpPsAzFhAj@wGa@yNfGaA[|GwAyKdAaD}PqHq@dCzB_BbD`DiBtEz@z@hB}@hClBsOvGkA_@wAzAyGmHoAiAiBn@zAbJtBxNd@xDsAiB}GpB|HqFb@d@p@xDuBe@iGmCm@{FnBjBuHImGeAh@oAuAl@}AeAoCyF{CqHp@yDhCx@xCeBF~Cm@|CbJJfDaDVyGoEn@{EfDhCpBxGbMmArGdHpDgDtCx@d@dGfCuAp@cD,2,,,,,,Diego Galdino
2,Pedalada matutina,9403.5,2654,2759,151.6,Ride,Ride,12.0,Strava App,968868000,2017-05-03T09:59:47Z,2017-05-03T06:59:47Z,(GMT-03:00) America/Sao_Paulo,-10800.0,,,,0,0,0,1,0,False,True,False,False,everyone,False,,"[-25.44, -49.3]","[-25.4, -49.24]",3.543,11.3,,,False,,,False,False,956.0,899.0,1070026958.0,1070026958.0,c0d5574e34cf81b664e56c713e9f5ff8,False,0,0,False,20232024,1,a968868000,|bgzC~g|kH?HD@]^MBKCMPSH_C~@m@Rm@Hk@j@_@DcARGCWeA[w@A]Q_@ESa@kAAQE]Ys@Uc@Us@KUc@eC]k@_@g@Qe@Ks@Si@]kACM@kAMg@Oa@_@a@u@wAg@i@IQQaAWy@CKDME]Eo@]sAGc@Sw@CU@Qi@qAUkA[u@SqACEUIESWIIGMUOa@WYe@q@[aBKuAKu@GUUk@]{AKS@a@AYe@eAQ_A[mAI{@DcAPiALoAD}@JiA?_@Nu@Jy@HoD\cCHYF}@F[N]Fe@DY@q@PkANg@Vg@Vs@v@{CPg@HK?UDIAOQk@UcAGO[oA_@cAAQAy@CSUa@SiAIUQSC[a@iAGc@UcA_@uBGq@O}@Eq@W}A@O\YVMd@Ih@QjAWXOLMCWS}@Wi@KEGKAa@EMSgB]}@DQCSM]Sy@Eu@I]EOKKSq@IKOG}@Ko@Q_@?UIOMQGuCc@_@QOJKBWEe@?IESEm@]o@G[Gc@Ec@KGGAI?I^oA@OEKq@C_AKEGw@kAEW?_@}@MGCIGOUQg@U[m@k@SIGGeAwAIE{@aAs@kAUOgBu@_@U]Ga@Se@MIKAKe@Em@QWMcA_Au@aAgAu@yBgB_BeBYUOWOOi@[IOOa@KOOKQEECAGOI]KQOa@Si@i@_@QWQOQCKSYe@e@q@cASSMWk@Y_Aq@e@WW]m@e@q@w@WMQQUOW_@gAmAEKe@KoAuAIEWGSMcAqA[Y_@Qu@o@Q_@Ya@u@_@uBiB}@oAa@_@m@_@k@o@eAm@c@c@]OOUa@s@uBkBcAm@U[WYwAeAe@u@?_AM]c@c@e@]k@w@UQQWICOC[VQ@MAMGOKu@iAOO_Ak@k@e@YMIA}@o@YW_CgC][a@U_A_AOWm@c@_@]a@k@SOq@_Aq@a@MMMEUUUKi@k@]UYWm@o@YKSOc@g@K[k@g@MI]e@w@i@m@m@SYa@Y{@{@sAgAGQAKFWNYVOj@q@ZQDFFGD]?MCQQ_@CYDGhAy@^Qb@Yf@Q\_@p@g@RCb@c@HCJSHGTMJMb@_@VI?KFMXBJMRGp@g@FCXURKDBHO@c@HE@EESOWQg@Mq@Ue@IGIMUO@SPSNEpBeADO^YNSd@e@JGDBJTCEMD,2,66.4,,,False,176.1,Diego Galdino
2,Pedalada vespertina,8593.3,2003,2189,114.2,Ride,Ride,12.0,Strava App,968143700,2017-05-02T20:12:23Z,2017-05-02T17:12:23Z,(GMT-03:00) America/Sao_Paulo,-10800.0,,,,0,0,0,1,0,False,True,False,False,everyone,False,,"[-25.4, -49.24]","[-25.44, -49.3]",4.29,13.5,,,False,,,False,False,956.0,899.0,1069307766.0,1069307766.0,2d5e0de730dee5c7df704ecf2ef29885,False,0,0,False,20232024,1,a968143700,fl`zC~opkHJJP@LHL@HLBPP\BHq@X_@VMN_@Vi@`@{@z@e@^u@x@qBnBaAlAO\QTQZkAtAg@x@UVIP@FlAdArA`BpApAfA`A`CjBrAhAbC~BpD|Cz@|@nAdAdAdA\h@rAdA|BvB@BA`@@`@EDEXAFBDPRrAv@d@h@b@^R`@h@VLIVg@RKr@d@TPd@r@j@p@XXf@\f@l@nAfARZFN\`@Tb@\Vj@VxAdANPpB|A|EpE`BtAXRPTx@t@p@t@p@b@`@\HJLF~@|@`@X^`@rAjAhCnCV^XN`Az@\d@RNLN\NTN\Nl@n@n@b@Z^PXfBfB|@t@zAtAhBvA`@b@l@`@z@|@\h@d@b@d@Zf@T|EdBzBhAj@p@d@r@lA|AZn@L\`@f@f@\j@l@b@Vj@NNNBP`@r@VVZFn@Rl@FAFOHIt@@h@HPZTXJp@LnAb@`@H`@Bb@CdAJ\Jv@@TFj@n@Z~AH~@P`@V~@Lr@Pv@@TPz@Bl@QhAIp@Jj@HtATzAhAdF?TF`@Z`At@tCLt@ZjAL`AJT@LZbA^jB`@z@@HAVR\D\?H]jAOx@}@|Ci@~AI\E^Cp@ER@X]hAItAQrACl@Mf@AXQd@?x@IRMbAEt@?f@Et@K|@Cl@YfCAjAJXHd@FPF^HRBZT^`@hAJHFRBb@JPXrAFb@ANf@dARn@RVJ`@P`@d@|Bb@rABTHZLPFP@NAn@Jf@^z@ZhAz@xBVdAV`@Lb@Tb@PbAd@|@PXJJLZBNBb@FTJT^lAXh@J\D~@Pp@H`APj@^t@VXD?|@Q\Cv@[NCh@WRGb@Uf@]\ONQR?RRJr@@`@\d@Rf@LJh@lAv@pB\lA`@jBJ^F@^GBQ,2,89.3,,,False,178.9,Diego Galdino
2,Pedalada matutina,9440.3,2350,2448,152.5,Ride,Ride,12.0,Strava App,966902938,2017-05-01T09:45:58Z,2017-05-01T06:45:58Z,(GMT-03:00) America/Sao_Paulo,-10800.0,,,,1,0,0,1,0,False,True,False,False,everyone,False,,"[-25.44, -49.3]","[-25.4, -49.24]",4.017,13.5,,,False,,,False,False,956.0,899.0,1068041518.0,1068041518.0,e1d0cec2f84b87583aa07ca24744115e,False,0,0,False,20232024,1,a966902938,dbgzC~j|kHLa@?GKA]Lc@FQFUJUXe@VsA\Q?OIKBIBCNWJKLSb@{@RQCO[@QQk@A]UeA?eAUc@OQCIBOAQCKBi@Fe@AIOSa@UOQEQA_ACKUUOi@QOa@YMO[kAs@kBQs@AQCW?y@GSGKOMCUiAuBGQMm@a@w@M_AAu@g@iAS[g@mACUSi@OiAMWK_@KeAUg@?KQq@Y[AGFQBQ?IES_Ay@Yw@Ma@g@kCOe@c@iBgAcDOm@[_AMg@Cg@Kg@Ak@Bo@XuBHeBHs@RsA\mBDq@PoAN}A?]Di@NwAHkAFM^}Bf@eBx@yB\yANe@@OaA_EIa@M]EUKQ?e@QcA?YKi@g@}@Ss@IOCQEIAOK[Ki@I{@Sw@?UGq@Qk@Ia@Ci@YoA?IBIPS|Ag@tBy@JEHU@MCOUm@I[Ic@Um@?WOu@WYEOISCqAQmACaAq@cAs@]WIgAQg@@g@UiC_@_AWgAMQEYAu@O_@@k@My@_@CGBWL}@CQ[S[Em@A_@[c@y@ISAMGK}@c@oAcAe@i@_@u@aCcDUUIEk@i@cAu@MGSC_@Oy@U{@]_AWe@[g@g@w@k@ICYc@OMQGy@eAuAgAg@e@q@y@}@m@oAyAkAaAOSi@[QSUMm@i@MGQWkBgB_AiAYO_@Wm@m@_@c@y@k@u@s@c@i@aCyBiBqAi@c@c@UMSqAkAsBcCy@i@_@_@YKs@s@YGU]Qa@OUUQqAkAm@_@W]_@YGC_@WSGKIy@aAu@k@o@s@aAs@kB_BQSUc@CMCODe@AQg@k@oAkAo@{@OISD]NU?SIo@e@Y[g@_@[_@mBiBgBqAuBsBsCcCs@e@]_@uAqBWYc@Y_Au@[Ok@c@WOMMSOWYM[Y_@_Au@_@SOCUQK]u@u@y@aAuAaAcAgACG?[?IDIZSXg@X]LCRD@SHOBUG]O[?IHGHA^]RKl@e@vAs@\Mp@k@b@SJMZm@HIdBkAzA}@tAaAB]D@ABDAFOAEKOQMW[Gk@U_@Ys@U]?Mr@g@T[PKd@e@NK|@s@NITEHIDDDLK?YLCDMBML,2,77.5,,,False,182.2,Diego Galdino
2,Pedalada ao entardecer,7610.2,1644,2123,83.4,Ride,Ride,12.0,Strava App,962048843,2017-04-28T23:35:02Z,2017-04-28T20:35:02Z,(GMT-03:00) America/Sao_Paulo,-10800.0,,,,27,0,0,1,0,False,True,False,False,everyone,False,,"[-25.44, -49.36]","[-25.44, -49.3]",4.629,11.2,,,False,,,False,False,968.0,897.0,1062979264.0,1062979264.0,a55a5b5d23bd1454570b76f8699bc0b1,False,0,0,False,20232024,1,a962048843,j|fzCxphlHeAPs@FKDs@I_ATOGi@Cg@KsBgA]a@c@_@UYgAaAaAs@WWSa@Su@E_AWeA[_CUqAKyAAo@WyCSsDIi@Aw@EY?o@Ee@EwCGcAE}CO}A@{@MsBEaB?s@My@Ai@Eq@EUa@kE@]WwBMkBImCH[Dm@?g@GyANeECIDa@C_@@m@C]@gBCUAi@DwCDm@EW@gBHy@DyDE}@@WEm@DmECiCFgBNgB@y@DqAG{BBaBEkFFs@BkDFiCC{@JsE@GA[DWFmBGwDJ}C@mCEq@NkHAmCHkDPwANgDDgBBe@@mAAqAB{@Ai@Ig@c@uBa@aBcBsIKy@KmACuBHgBFa@P}@^sAVs@f@e@Vi@Dg@Jk@f@cBXa@BUZkAb@oAJa@HSJi@HMXu@^q@t@A|@Rh@BbALXCd@HJHFJT?p@FT?z@YrBqBl@e@VY~@o@PSXMGe@GKa@c@UOWe@WOU_@[[IUSWMIQ_@EGGAa@m@Sc@[c@Yq@c@k@EO?GR_@LMDMEMQMGMHw@II?GF_@Dw@Iw@BkBCe@GSDQLMBGPi@Fc@VUNUZSLMf@D@J?Y\YFMGABWTYv@u@Zi@DM?SNSKISiAi@cB?OI]_@uAIc@[q@Eo@m@iC?UGE~@HLMXLh@GDSHKMGJ[XIHKd@?~A_@PK^QLOFAF@j@QKDDB@g@MM?EE??N,2,65.4,,,False,107.5,Diego Galdino
2,Pedalada vespertina,7400.1,1724,1853,83.3,Ride,Ride,12.0,Strava App,961744644,2017-04-28T17:31:29Z,2017-04-28T14:31:29Z,(GMT-03:00) America/Sao_Paulo,-10800.0,,,,70,0,0,1,0,False,False,False,False,everyone,False,b10767637,"[-25.44, -49.3]","[-25.45, -49.36]",4.292,14.4,,,False,,,False,False,963.0,895.0,1062666660.0,1062666660.0,b243e36b3b776d979b1081651d8b233b,False,2,0,False,20232024,1,a961744644,ncgzCnh|kHOJHRBCAFEQM@IFq@NWBWHk@TKRa@XaBj@a@V]Ru@PCF@zA|@lDVh@TZLj@HJZ~@Dj@Pb@Zt@GFPBDDVtATf@Jp@nAjEDVG`@N`ANX\`A`@j@LT^jAh@pAl@hBp@bDNvBCl@Q`BEnABpAJrABxAJfABN\t@|ArBLFpAjBTb@Nh@Hv@?h@BVKvAEPGrA?XHbA@n@Cf@GRSXy@l@eCz@c@TiAVKJg@VGFK\KRGXAZEFJb@@j@JfAJz@Pv@XdDTJELCRCx@@PYn@CPEH?ZOnACz@]rEi@xA@VKRuAbIO??JS|@NM@VEp@@XH\BNANDTh@~Af@h@X`@jAhAf@~@VPNRJXLh@HPf@h@f@t@HTTTR^Hn@j@vBTV\PZh@?JQz@?`@v@tCJ`AR`@ZtAz@pC@j@PbBd@pCDb@Aj@@dBD~@x@|ELjAPj@B^NfABvCHt@Pz@Hn@FxBF`@FlAHb@HpABLJNBXB`BIjCBbAIl@ER\fC@h@NlBNnCZxCDRz@xBZhBJ^Vv@Vn@PZZVHNl@n@ZRtAnAf@Zb@`@l@b@XNn@RDDBd@AD}@zA]d@INAP@HFHn@V`@Jb@VPD`Ab@~CbAZHNEPK\ED?HNCREDcADwACsCf@o@DWHULQVKZCtAIhAAtA@p@LPD@l@Dp@ADSN_@BCP@`@EDBx@CFF@LEhAC?Hc@Bq@HKn@CVGNKLAJG`@IJBJDV`@PFBDJ~@LBL?HG,2,71.1,,,False,122.5,Diego Galdino
2,Pedalada no almoço,8488.9,1885,2365,114.1,Ride,Ride,12.0,Strava App,961580651,2017-04-28T15:27:02Z,2017-04-28T12:27:02Z,(GMT-03:00) America/Sao_Paulo,-10800.0,,,,3,0,0,1,0,False,True,False,False,everyone,False,,"[-25.4, -49.24]","[-25.44, -49.3]",4.503,12.5,,,False,,,False,False,956.0,899.0,1062497184.0,1062497184.0,22653ca47257fb6d77e6d5506949c67e,False,3,0,False,20232024,1,a961580651,hn`zCnrpkH@HCTSLODc@j@IMM@KFIP_@b@MTiBhBy@pAoBfBi@p@i@|@QCCCm@p@IRm@|@WNCFADDPp@n@b@t@\`@|@nAVVvChChBvAl@j@|ApA|CvBtAfAvExEvCfCxA~AjDhD\T`Ah@f@f@RJh@n@p@fAPNr@Xn@t@h@f@HFRXh@d@~@n@z@x@FXHJRPPF^Vb@d@RXd@`@zFzEn@l@jA~@XXDLB@R\dAfAf@V`@^PDZTf@T~@j@XZDRHPl@p@Xb@d@`@BHDFb@Vd@`@`@H`Al@X^n@n@Zl@^VNVv@d@NPHBVV~@tAb@f@d@b@bAh@~@z@hAhAx@f@j@n@rApANTdA`Av@l@dAl@v@\~Af@l@TtBfAn@d@Z`@p@hAVx@PFjAhAf@h@LXZ\j@PRLDZN\PRt@d@f@@d@JT@HDARI^Gx@AJDHb@DPFZRL?PHR@TNRBTLj@Fd@?r@Nd@@NFn@JRHJBPPTr@h@`DV|@RbALjA@ZP|@JXEt@BdCLz@Pn@JdAl@bD@JAVDf@RZNj@r@pBPz@@VLr@ZhAHh@Rl@~@lDPl@\vA?NY`BeAhCu@hCQ|@OlAQz@G`@CZQt@WzBBPCXGLFd@A`@GTOtBSt@Id@Ex@EP?LIn@?VIh@?NIh@At@Df@Jj@NRN^DR@l@FTZn@Fh@Pt@L^FHTd@Jl@Rj@NfAHLNf@\b@Nr@FHHd@En@D\Nd@B^HFRh@H\?FERANFf@LBVl@d@l@bA~Cl@jCp@|ARdADn@Lf@~@vAbAnCDd@J`@NTPr@JrA`@`BDFXFF?ZMRMZIt@c@XIXUl@OfAg@l@MXHTRP\L\LPBF?XD`@TNFPf@|Bv@zBr@`CHJNHPERK@E,2,91.4,,,False,172.3,Diego Galdino
2,Pedalada matutina,9396.2,2186,2535,149.7,Ride,Ride,12.0,Strava App,961580676,2017-04-28T09:58:05Z,2017-04-28T06:58:05Z,(GMT-03:00) America/Sao_Paulo,-10800.0,,,,3,0,0,1,0,False,True,False,False,everyone,False,,"[-25.44, -49.3]","[-25.4, -49.24]",4.298,12.6,,,False,,,False,False,952.5,899.0,1062497194.0,1062497194.0,0969a154734a62c6f53287e2975e3872,False,0,0,False,20232024,1,a961580676,n`gzC`k|kHmBZCDOJc@VKBMACVUIo@XqAIEC?GQ@YHD_@AGCGIFEa@a@g@GE?QEW}A}BCOEs@GEUa@AGL_ADeAAQkAoDuAsAKCA]CEm@sCW}@?WMFAWM[@Ge@w@Oo@RgB[a@kBwCGCGu@KBJqBCGEqA]YE]MOM]g@m@OKIQSU_@kAsGag@BDV?DEHs@R_AFKNq@LsATuABs@PkAAm@Ba@FS@KPeAH}@l@aBb@iA\gAf@gAHi@Qg@[i@Ys@SgB_@gAOgAo@gBMw@Cs@IWEg@Wy@AcAGo@_@uA?MCKMICIQwAOg@B]VMJMRIx@Up@Yn@STIFK?WKWSeAU[Ii@Oc@e@mBCOCeAK_ABUA[[iAWk@GGq@c@q@Ww@JS?YGi@YeCe@uAPM?sCi@OB{@k@CIAg@Dw@CMGKKEg@Ei@A_@IYOk@m@AWF_@EGGGQE[SSIs@q@[]QM]q@w@}@uAmBK]Wc@ME[AQEq@c@UIM?a@Wa@OIII?}AW_Aa@KMMc@S[]Wm@}@MOKEs@k@{@w@mByAw@s@KQa@WEGUOg@y@y@o@We@WUQEUSq@[_@e@IIMCECIUc@k@q@_@oA_Ag@e@k@o@q@c@_@i@Qa@g@k@iAm@k@i@i@o@YWMGQOQUWQOQ{AgAOGy@_AQ[[[]c@SOUIc@YSUYSe@m@g@YUUWIIUQOU[GAMMW_@y@m@[c@e@OQOq@c@e@s@]YAEG?m@i@iCuCi@[e@a@mBiAQIk@Kg@e@OW]a@{@uAs@k@UWQKY]}@m@]e@g@k@yAwAcA_AOUQIk@k@q@e@i@i@u@]YWm@y@SIOS[k@m@y@_@c@}@c@c@c@YMOOOAMIYY[i@a@Yq@m@i@_@OYw@eAOYOO[SWWi@]c@c@cCqBEIAMJUNUrAuANe@Ko@?g@b@g@jAq@`@_@ZQ|@m@x@Wt@o@JQVU`@WXe@HICCFEPBFAFCx@k@f@g@LEJED@D@HHBEBGCQ?UBGD@DECKEAWYMUMk@IOE]Yk@W_@?QPYJKh@WTARMVCVSZMZY\WNS?ED@?FEBEAOLSBCDE@,2,75.9,,,False,165.9,Diego Galdino
2,Pedalada vespertina,8765.2,2038,2383,109.3,Ride,Ride,12.0,Strava App,960711355,2017-04-27T20:50:55Z,2017-04-27T17:50:55Z,(GMT-03:00) America/Sao_Paulo,-10800.0,,,,0,0,0,1,0,False,True,False,False,everyone,False,,"[-25.4, -49.24]","[-25.44, -49.3]",4.301,13.8,,,False,,,False,False,955.6,899.0,1061615944.0,1061615944.0,d4ba76dd0606c6b8e36f6b9dcd176cfe,False,0,0,False,20232024,1,a960711355,jh`zC`hpkHJ?l@j@?\ERLXDNh@x@N`@Vd@L\JPTNFNWd@[T]PkA`@m@`@IH@HGBMN]TwAzAc@`@KRQLs@z@QHe@h@m@bAEBHDADc@d@MXQVa@f@_@\GVv@n@^b@jCrCfBzAtArA|BnB`CfCbCdBlEzDp@p@j@^lAdAhBlBTN@J?bAHXd@^b@l@h@l@f@\JPHDXAr@QRFVPj@l@f@b@XZz@j@~@~@PLf@f@nBxA`@\^h@d@Zb@d@TXh@f@Zd@r@j@PPz@j@|BhBdBnBn@l@nA~@j@n@VTVNd@d@x@n@h@n@TNHXDFTNp@h@j@Vz@dAjCrBPVfAbAHNPLPZPPlBnAFFBH|@dAp@p@hBpAxAlApB|AhCvBv@z@h@b@tAx@dBr@x@Tj@\tAn@^TtAlBpA|Al@|@^r@RVXRb@Pb@LTNDDJf@b@ZDJLJl@TjAXBRGXCBC^I^BRPJXHVDTFp@Fr@Vt@L`@PJ@l@IzAVLFf@JLLTp@BpARdAVdATn@Pt@HNB~@Cp@?\\~FVpBRl@Ll@Fd@Pv@Bb@F\b@zAd@rBPjA`@vA`@tBb@bBz@zBJ`ACh@_@~@Kx@Ob@Qz@}@xBK`@Ex@Qn@ObAGbAKFWjAIfA?^BLCh@_@jCUhAKpB?l@CR@t@E`@Cf@Sf@ALDNGWGBCx@Hv@Jd@v@pBPn@DVBBFXZ`@Ph@b@`BD\Zx@Np@F\?LVr@d@`BN^H\?LPXPd@Fx@BLLNCNDHFb@XjA\j@VZHf@^jATlBNr@f@p@Dd@P`@\dAXd@Nj@Hd@V\LVLn@RZRjAB`@Nf@Lv@n@lBNBLEV@TCl@Mt@WRAZWxAg@~@c@^G\j@N`@JNBXLf@VLHJ`BpH`@v@Hf@JTJDb@KBOCM,2,88.5,,,False,180.3,Diego Galdino
2,Corrida matutina,10392.2,10345,11352,220.2,Run,Run,2.0,Strava App,960420144,2017-04-27T12:30:02Z,2017-04-27T09:30:02Z,(GMT-03:00) America/Sao_Paulo,-10800.0,,,,1,0,0,1,0,False,False,False,False,everyone,False,,"[-25.35, -49.01]","[-25.35, -49.01]",1.005,3.7,,,False,,,False,False,937.8,865.4,1061317852.0,1061317852.0,99afdf5a55473c252e51f520ebd20a9d,False,0,0,False,20232024,1,a960420144,fquyC~mcjHs@hInClAeBfKp@|@}CxAaCk@oAfIiBuBfAiIyBgLiL[qJuD`@mBrBId@uCpGuEnIy@sAd@BoEwBeD}B`@]mEmIy@}NrHgEcCx@fDt@gBd@dCmDnKgGzDk@gBsJsAkAwDcDt@lDd@pAvBY|JaFvB`FlMhGnBhDuHdAjEgGxAgCvEpE|DlB]pM|EfDeFeCkCiByHoCRk@kFbA`FlAuApE`BhGMvBgCdGeAb@zDlIfGnB_Cg@o@fDyAsAmHZaDhGyAnC{F,2,,,,,,Diego Galdino
2,Pedalada matutina,9611.7,2401,2536,159.5,Ride,Ride,12.0,Strava App,960420026,2017-04-27T10:00:01Z,2017-04-27T07:00:01Z,(GMT-03:00) America/Sao_Paulo,-10800.0,,,,27,0,0,1,0,False,True,False,False,everyone,False,,"[-25.44, -49.3]","[-25.4, -49.24]",4.003,11.5,,,False,,,False,False,958.6,899.0,1061317776.0,1061317776.0,5b0e5f7ed38083b39ab1453968346dcd,False,10,0,False,20232024,1,a960420026,~cgzCzh|kHMBBBAH_@Ai@LSLc@LwB`AWHIDMf@ED[Dg@EOB}@`@SD[?WGKGO]Sm@Cw@Oo@{@oBVq@MKOq@GAAEG?IIEOe@i@Sc@GOAO@uA]w@Qw@Sc@Mi@a@m@y@mBKmCQc@OqAKa@QeA}@uDMBKMe@uAI[Si@_@oAUi@KOIAe@@GCc@sA_@s@GQAOOQM[iDkVEQMI?QUOH@GO?MOGAE@OIUAODa@DsATuAHmARcAAMHk@b@oB\oELu@?MWE?KF]B]FUP[Nc@@YL_@Fm@P{@Re@D_@^y@F_@JS|@yCDEI@ACGc@e@gAOy@Q_@I]Jo@@k@JOHm@[SEAELGBYCUUMq@CWQe@I]HQAKWiAGu@_@qBAMBOAg@Qc@Kg@QY]sAQaA?Qf@i@d@QnCm@\WBQ]wAQkAm@eAWq@Ia@B[Ha@AOMa@WcBMSQu@KQMEe@Ma@@m@a@s@ASO_ASc@SiAQi@Do@OkCWq@?WIo@c@G]XqA@KCGw@_@eAQk@c@KOIa@AUEGo@Ou@o@w@eA]YKK[e@IYOW[[m@aAs@y@mBiAs@So@_@gB_@w@Uq@u@k@w@YK}@c@}@g@oB_CuC}Ba@o@WUc@k@Uc@W_@_Aq@e@m@y@u@k@a@OESQcB{B_@YoBeAYa@{Ay@w@s@a@e@u@i@_@e@a@[kA{Ai@e@gBqAMUUYc@y@_Aw@[i@KYGGiAm@YY_@k@USg@[aBa@SYk@Yg@a@[e@QQ[g@y@g@aA}@qA}@qCuCK]?gAAQaB_BOEe@e@m@]KLQFo@EUIy@sAGOc@a@aAe@cA{@OSKa@IK]U_@OoA{@y@c@k@g@OGo@e@S_@i@e@w@mAi@o@m@c@[OQQMSQIMKIUOKa@Oe@a@u@a@]e@WSm@_AQIYYYQMYCA?GIMq@i@iAoAwCaCCE?MBKbAs@NUZ]`@OTOFM@MAa@EY@GPm@RUl@e@`Ac@v@c@XYXOj@g@j@s@ZYXKBMEKKGE@?EnAOZMZW`Ak@DHJC@EGYBMBBDG@EAEk@{@BWQ{@g@q@[YE[|@s@h@URETHNAROn@s@TETS@DB@ADK@GHS?,2,76.8,,,False,184.5,Diego Galdino
2,Pedalada vespertina,8772.2,1724,2021,119.6,Ride,Ride,12.0,Strava App,958068137,2017-04-25T20:16:47Z,2017-04-25T17:16:47Z,(GMT-03:00) America/Sao_Paulo,-10800.0,,,,5,1,0,1,0,False,True,False,False,everyone,False,,"[-25.4, -49.24]","[-25.44, -49.3]",5.088,16.3,,,False,,,False,False,955.7,899.0,1058935462.0,1058935462.0,7583dae8264f6072a26519bb67d9bfa7,False,3,0,False,20232024,1,a958068137,~j`zC`kpkH[F@CMERPEHFAB@DNf@f@Zd@DNBZ^t@BLAHa@RWVGNE`@a@b@{@l@[\_Av@SJa@ZaCjC_@TON[Zk@`Ag@n@OZKFM@MLQHKREPHb@b@VlAjAxAnA`BbBxDlEv@r@p@h@zA`AdClB`@^d@n@hAnAzAtA`Ap@X`@xCxBHTDXGTBRDRN\X\fB|AHLn@b@LBRE\[LCF@XXh@VRTl@hAhAn@DLXXz@f@f@f@NFZVx@`ANb@PVd@d@`Al@jA|@JLj@^vAvARH~A~AtAhB~ApAr@Z`BxAV\r@b@`BpAxAxAj@t@bAbAfBfAHJTBPNd@f@FRVd@t@p@f@\h@`@lA~A~@|@~@dAh@d@fAr@x@x@xBrA~@dAv@d@j@h@j@d@lAp@fBp@bClAb@X`AvAZ`@t@l@XNHTMXXRV\FRt@x@ZVRJXJP@HDFT`@\^h@`@VZHfAHATUx@?\DRxBp@b@DRFdAFZFd@@jARdAZd@\b@fARnA\xA^lAPb@?JIJ@RX`BDz@?PILU`DWJIGALTDDRTj@Nl@BZP|@Vl@f@vAFV@XLXHZJvAThAARLLNh@^z@Jb@p@xAJl@lApDH\DZi@jCSt@Q`@]fA_@j@Q^Sv@]hBMhBEZH^EZIRQhBOv@Ix@?b@GVAb@GZEFAx@BV]tBC~@QlAKdA?\BJZ~@H`@?PXf@Pd@VrAVl@h@~@^|@HHDV@PADFl@`@jAJb@X`C@NAR`@pAn@dEb@\rA|DJb@^r@RVHPRv@E\LnAh@lBP|@HBRt@Rb@XfAJR`EfHXK\A|@g@`@OjAs@dAi@\INBRLHj@\bBFDJBHDn@pAFPr@~CVx@t@vBLBNM@[G\,2,99.5,,,False,171.6,Diego Galdino
2,Pedalada matutina,9439.5,2380,2486,157.9,Ride,Ride,12.0,Strava App,957395337,2017-04-25T09:55:30Z,2017-04-25T06:55:30Z,(GMT-03:00) America/Sao_Paulo,-10800.0,,,,0,1,0,1,0,False,True,False,False,everyone,False,,"[-25.44, -49.3]","[-25.4, -49.24]",3.966,13.0,,,False,,,False,False,955.4,899.0,1058244071.0,1058244071.0,cb154875a4a0ee89d09cde066f65e7cf,False,0,0,False,20232024,1,a957395337,bcgzCni|kHWCBFDMk@Vo@^qAh@gCn@SHy@f@w@P[o@Y_@EM?m@Uw@G_@MWq@m@K{@Uo@E]IUGe@@KEi@Ea@Ka@Yi@Ug@]c@QsA_@_A_@]We@IY?UFa@Iw@e@_AYWG[Cy@Oq@e@w@w@eBOkA[YWs@Wc@SKIGCKQkAUg@QcAI}AGA_@[Sy@Uc@_AkAw@yAi@qAS}@YoD@aAGa@Am@Qs@]mCCq@Bq@D]\kBVuC@QFQTeBHuAJi@HQDUJkA@m@Hg@@}@F{AZkCNg@b@{@Pu@f@}AHg@`@_A@]DS?OUaAC]i@wAKy@S_@EMCm@e@kBIm@]w@Y}@Eu@Sy@c@aAm@kCIy@?UM}AH[FEVG~Ck@t@k@@IAUQ]G[i@iBKGKk@[y@MiBG_@?m@Is@CSOUO{@OS]Uk@UcAD]EiAC{@S[BQAMGyAAeBYu@CYGmAm@KUC[@MP_A@[QKk@U[Ik@S}@y@KQy@w@OSy@c@WYWo@MQO_@q@s@e@{@OQm@aAOKAEUISAYMe@[c@Qa@Gy@Ym@Y]Yk@s@MWAe@CGe@Iq@a@[E[Q]a@u@i@{AgB_As@iAu@e@_@k@s@QGQQOIUYOIaAI}@WOI_@e@GQ?QCO[g@{@_AMSy@w@WSW[m@c@e@Om@YwBoCm@e@c@a@[OAMIOi@e@{@iAkBgBcAm@o@{@c@W_A}@YOi@Ku@u@WGGGKMUm@i@m@a@m@u@k@s@c@kBwAs@u@u@_@QQYa@mA{@}AmBm@oA?c@Dk@M]o@eASQYQs@OMKMQOGUCGBYXMD_@AWKi@c@OI}AwAi@m@gAw@a@]WYW]qAoAQIcAs@SIm@a@QSiAcBSOS[UGYWWY_@o@SMOQs@e@OUo@k@WM_@Y[_@k@g@[e@YSOCk@_@Uc@MIe@g@GUc@o@o@g@k@u@y@s@CGHQ`@_@f@kALIJSJg@?IMi@@Ed@a@tBeAp@q@nAy@nA_ARWPILSf@a@?EECWDBEh@Ip@Y^Sd@_@b@WR@BQCYCKSWIQOcAOSs@uAAG@SFQZ[VMfBg@`@c@XQTMREIA,2,79.7,,,False,189.6,Diego Galdino
2,Pedalada vespertina,9031.5,1749,1917,122.5,Ride,Ride,12.0,Strava App,956662818,2017-04-24T20:31:05Z,2017-04-24T17:31:05Z,(GMT-03:00) America/Sao_Paulo,-10800.0,,,,9,1,0,1,0,False,True,False,False,everyone,False,,"[-25.4, -49.24]","[-25.44, -49.3]",5.164,18.6,,,False,,,False,False,955.9,899.0,1057499600.0,1057499600.0,1b797f0970f80341c502e672125d2bf5,False,9,0,False,20232024,1,a956662818,jn`zCt|okHIO@?WP]^QXKDGLCJAJF\N^f@l@ETGLq@Zc@t@QN?RFRR\FA@FCD@LJf@l@z@R^Pb@`@p@?^ETWd@[Vc@f@]TM@o@j@o@f@_DxBc@p@IHQZQPERWh@q@x@E?CEEF_AvAa@fAAVDHlBlBHNt@v@~CnClDbDdCjBvBtBdAx@p@n@jBtAfCdCRZTXXTr@d@\ZFFFNCVBPA\H^Xf@x@l@X\ZZTJRPZDNIHSFAF@VHn@d@f@RLBH?VJJ@NPXNdAhAb@^|@jAd@|@zB|BT\tA~AjDjDhAxAfAlAzAlAdBbA`@ZTXl@^^Nr@h@LLb@Vt@bAfA|@`AvA\\~@f@f@b@`An@x@|@Nb@z@Vl@`@l@d@xD|DpD~CXRr@t@bB~AvAdAdAdA\Tr@NhBp@bCrAj@h@f@h@d@`A|A`CXZjAhAj@p@r@PVL^b@h@XZDRNb@LZDLBBRGTATKt@?HBLX\VNjBNvD^n@Az@BFBd@f@R\DJH`ARv@Hx@\bBHRVhAp@xADxCUNALBJAr@Lb@F`@A^B\X`BPbCT~ANr@bAzB?h@BTPx@Xz@B^@^D^BN\x@l@pBVdB?d@CXUr@WfAu@rA_@hAOXMd@GfAOzAGZKRCd@DJAHIjAI\Eh@M\CXKxA?~@Kp@Ch@Kp@Af@QhAKh@Gb@[xACVB`@HRHHf@hAZf@d@zALLL`AZ~@^x@F^JXHx@Z|AFb@RdAHTVb@j@dBBRCPP~@Ed@Pz@h@x@lBrFn@xC@J\bAFDFCJDADBFLNVj@HRAPLVFTHp@JNLF|@bCFPAFBLATMPBLBJZl@d@~ALJJDNAXDAB^QJAt@]zAm@`Aq@d@S\IH?RRVf@Ph@Jx@FPRTNXV~@bAdCl@rC\v@FFNCLKEY,2,106.8,,,False,186.9,Diego Galdino
2,Pedalada matutina,9492.0,2441,2565,158.9,Ride,Ride,12.0,Strava App,955965243,2017-04-24T09:54:29Z,2017-04-24T06:54:29Z,(GMT-03:00) America/Sao_Paulo,-10800.0,,,,2,1,0,1,0,False,True,False,False,everyone,False,,"[-25.44, -49.3]","[-25.4, -49.24]",3.889,12.9,,,False,,,False,False,959.0,899.0,1056787087.0,1056787087.0,2bce71652cf35c3aa7a1b46b7001badf,False,2,0,False,20232024,1,a955965243,tagzCpl|kH\gBHDCFc@CG@[NOV]NU@g@Hq@`@cAVe@VQ@gBj@c@CKECK@MEa@Bq@WqA_@y@Ia@C]a@kAA_@CI[w@WOOQEWB_@EOWcAu@gBOe@m@kCCUAcAKa@O[q@}@_@y@I]A[I][k@[_A_@q@?]CYK[KSWy@Ye@a@[W]Oc@c@u@Ii@Ac@S{AM]Gw@QsASu@[u@Wu@WgAEcAIm@a@aBSeAg@mBWiAWo@Oo@@o@HgANqCNiADq@TcAHi@JuAHwAb@sB?EMIAENq@@iARkALmAVaAx@}Bj@sBRi@Lg@?UJM?ME[Ug@Ki@ISS}@Ca@Ii@OSMo@ICGM[qA[g@Kq@@_@]yACa@OeACQMUUi@Cw@EUCYKWESK}@Qm@@YNU|Bg@jAg@\IJEDK@KSe@Ou@Sq@GIG[Oc@[i@KoA@SA_@s@sDe@w@q@M]USGu@HSAKEWWe@MiAEuAW_@A{Ae@[UME_AG{@WIO?SHi@@]?GGIQKcBMSGm@g@KSFk@EOECc@CWM[]o@eA]c@OEMIa@u@q@w@_@_@Ua@c@e@UQs@c@IAq@e@}@Y[Q{@_@a@G}@WSKOUSe@IKEQg@g@k@c@oA}AeAo@[c@mCsBUYGOQO]e@iAk@KQWOKOQK[[aAc@]i@}@{@i@a@e@i@]y@}@_@g@_@a@a@KGQ_@_@e@gA}@oBwA?OCCMIi@g@SGMOYSq@u@eBgAOQ_@UuCgCo@a@WUYY[k@KIcAuAk@g@aC}AeA}@}AeBWU{CkD{AeAOUMY@UJQEM_A_Ag@s@iAqAc@MQDc@T[BE?_@UkAoAGMc@U{@{@cA}@uAaBg@e@u@g@o@s@e@Y]Ye@s@gAi@W?UYKYUc@_AkAYO]W_@MUQo@s@UQMOGOSOMUa@Qe@_@o@m@MQUQMMMYg@g@e@q@wAgA}AsAOY?EBG|BwBNe@?GCSO_@@MBEtAkAp@c@z@o@p@a@r@[hAy@|@}@DWTC`@UzBsAJ@FLDE@IIWAUBE]i@Os@C[y@qAIUAM@Ib@]h@YLMv@Mp@o@\Qf@e@ELUL,2,82.3,,,False,200.8,Diego Galdino
2,Pedalada matutina,9383.7,2248,2262,151.7,Ride,Ride,12.0,Strava App,951360307,2017-04-21T09:55:47Z,2017-04-21T06:55:47Z,(GMT-03:00) America/Sao_Paulo,-10800.0,,,,9,0,0,1,0,False,True,False,False,everyone,False,,"[-25.44, -49.3]","[-25.4, -49.24]",4.174,11.7,,,False,,,False,False,956.0,899.0,1052017846.0,1052017846.0,2937ea9373ce75432debebaf4fbddd39,False,2,0,False,20232024,1,a951360307,pbgzC~i|kHAOHKFDIAk@Ny@b@gBd@WZQ@o@LGBKLqBr@QAk@YKYMMScADg@AIOYG[Cy@?YI[Ky@GWUYIQI}@c@mBs@sBeA{BM{@Ws@I[Cg@[m@Q{@Wg@Qq@Ui@IQY[i@eAI[Iq@I[EGQy@M]_@m@[aAu@kCKq@Sw@Iq@OSO]Ma@Gg@i@eAM]G]I{Ci@aBu@mBUeAC[o@uB[sAAUTcDFqALyABMBa@DMB{AJcBZgDXkBJkALk@J{@Da@@]l@kBJg@Vm@r@{BBOAQLa@W_BOc@Mq@a@_B@UUqB[mAOWIYcA_EAQBi@K{@Wu@Ko@Wk@Gc@GSMo@?QFU^WfB[fBq@HMAWI]Um@OgBUk@W_AIc@IO@SSiB]_B[i@QM]OiAOYIa@AUE{@_@_@IiAOg@?e@Cg@UWG}@GoCc@Ok@ASBi@G]OIe@Cc@MYUe@m@IQGk@i@Ic@OOIWWMOQc@SSUa@GQOIiA{Ac@s@KMUKKO_@a@aCaAgAk@g@Ow@[c@Ic@S[k@m@s@EQIO[Wu@i@_BcBg@_@s@_@s@m@aAiAa@{@MM]MwAw@m@i@QWGaAQWc@Y_@CSGWEOGe@e@Ye@q@w@c@Yo@[qA_Aq@]UE?KBC@SHBo@Y[WU[yAmAa@Yu@aAsAmAYUy@aAg@[SOa@i@SIWWi@c@YWc@[]a@w@[e@e@Wg@]c@i@k@iAu@{AqAU[y@q@[]iAaA_@g@KYOOi@S]Su@{@Ym@IWBMAYg@u@cAkAyAkAQB]TM@IQOOYQQGMSQMYOQOUIg@Yg@c@QK_AoAsAmA_As@YCu@g@u@w@MS_@SIOe@g@[c@e@g@a@Wg@cASWi@e@]OOIIMw@k@c@g@OM_A]IMMIk@q@]Ua@Og@o@]WCKY]]k@{@cAu@q@m@q@ISDITYhA}@TGH?BE@_@Dc@Co@FI`@Wt@i@VGNIfA}@PQf@YPQVOb@i@|@k@x@s@h@]j@g@r@a@XCJBAFE?FKG_@@IJO@IOSWSGMU_A[o@U]GW@ERKRSdCiAJMN[v@o@FHCCE?EBGB,2,80.9,,,False,181.8,Diego Galdino
2,Pedalada vespertina,9117.5,2164,2364,126.3,Ride,Ride,12.0,Strava App,950854127,2017-04-20T20:29:31Z,2017-04-20T17:29:31Z,(GMT-03:00) America/Sao_Paulo,-10800.0,,,,3,0,0,1,0,False,True,False,False,everyone,False,,"[-25.4, -49.24]","[-25.44, -49.3]",4.213,14.6,,,False,,,False,False,955.8,899.0,1051494515.0,1051494515.0,ccaed5d4e49e5be2bc56f23d453718a6,False,0,0,False,20232024,1,a950854127,bm`zCvzokH?j@DJ?NS`@EBG@MJUXCFAJDVNNFPJHP\BJ?ZIJc@b@KFo@h@GH?DH\LTDFBC@GBDGVHv@HTJPJH^l@JHVj@BH?L@DJJTJBJEFEC?PWPg@RSNSDi@^SJqDpCKHM@_BxBa@f@SPMP?DHDC?JDEHIF}@nAg@j@iAfAEJCJLRl@`@JN@H`@\b@ZX\VTtCfBd@`@hAhAt@b@jD~DnD|CnAtAv@t@v@`@tAhA`BdB\Vz@h@DB?FGFPh@KbABRPVp@^`@\p@r@V\JHTAf@]PGH@t@b@^b@f@^Xb@XFJDp@~@z@t@Z`@lB~ARZ~AlBX^ZTv@b@l@f@jBrBlB~BhBnAJLJTDAvAh@`A`AV`@bBrATLHJPL^d@b@HBBPNJT^l@j@v@XV`@VJJDNR`@~@b@R@LJHPf@d@rAl@RPfAlA^Xb@j@d@^Pd@t@x@nAz@h@d@`AlARPr@d@~@h@PN~@bATXp@l@d@\VL|Ab@n@XPNhAb@`@JLHPDj@XRTr@bAvAnCv@v@~@lAb@\b@Td@DhA`BDBXN\DdAVBH@RCNKPIp@HJl@Pp@\~@Vv@HpCRZHx@J^VTZ`@t@Jd@JlA\nBR~BNp@Fn@@LGf@A~@@h@Gv@B^NdARdAFh@d@nAPp@P`A\v@ZrANpAP^@n@DZb@tBd@pAH^Ft@Tr@Hb@Vl@Pr@?HO\CRONS^O`@c@~AUl@q@`C?PI^C~@QtAA\Qf@Gd@DdCQh@C`@m@xCBf@i@jDAp@UdCD^b@dAj@~@DV?TDZp@~BBXr@xAF\Cf@JdAHRT\Fb@LRLb@Vj@ZxALZ?FBBHl@J\DJPT\PDHB`@Rd@t@rCp@vFNd@Xp@LD^\ZhBR^b@bBl@jBb@nBFh@RfA?h@DVHHf@BNDT?RGh@Y`Ac@xAa@\Q`@Kp@_@ZETPDLNv@Rh@@JLXd@b@FJJ^Pd@t@hDn@rB@PBFRPLABk@,2,92.1,,,False,199.2,Diego Galdino
2,Pedalada matutina,9100.8,2391,2503,150.2,Ride,Ride,12.0,Strava App,950076217,2017-04-20T09:58:53Z,2017-04-20T06:58:53Z,(GMT-03:00) America/Sao_Paulo,-10800.0,,,,0,0,0,1,0,False,True,False,False,everyone,False,,"[-25.44, -49.3]","[-25.4, -49.24]",3.806,11.8,,,False,,,False,False,955.8,899.0,1050704530.0,1050704530.0,6f11b2f2e8b477f578e637f01278e4e9,False,0,0,False,20232024,1,a950076217,xbgzClh|kH@ZEC]JgAd@_Cv@SNg@H_AXQF[RODg@Pg@?OGMe@DUBWCc@Og@Eg@Ua@W}@EkADo@GKI]g@s@AQ?e@OcAWq@cA}Aw@uCK{@?q@E_@MYEQa@k@IUi@_AQq@M]_A}DEKQ@?IMY@c@@G?Ge@aBOu@k@{AMoAKe@Uo@UWEEI?OCHm@Eo@]_ASqAw@iC{AwDCO@ONs@?UIYGm@Oq@Ug@[c@]aAAo@Dy@NqABcBAGBg@^sB`@mDRcCHS@c@RkA?KEo@Dk@Le@Hs@Pa@?UWeAm@cAGa@A[_@gASa@EQg@mAQaAAUCUKIASQs@U_@Ma@_@o@EYSKEG@WISKa@Ca@S_@UKWPi@PQHI@UEOIIMWw@AWFy@J_@HKFYCW?YDg@Pu@Jw@DQ`@sDZuA[Kc@GECKKEM?MBm@IQm@[m@Im@SMBOYAONK@GTiAFm@XeB\eCDoAPq@GOOKWCw@a@e@@gAOk@WYAME_@EIKJKRe@F[CYg@Wo@IEEm@k@a@s@AUEEi@K_@Wk@w@i@m@OIQQIQCOIYW]SOQYMKGM_@]s@mAmBy@aASwAg@[Qm@Ms@Y[i@a@QcAmAc@[Q[i@k@aCqB{@_Ai@c@}AaBc@MGKWOSSYOOMe@UU[Q_@YS[i@o@o@Ya@KIYi@UWYWy@YwA}@MOEYOScA_AOKo@m@c@[QU{@i@{@u@WIm@g@[[OKa@g@]YMOa@]_@c@[Q][i@u@iA}@i@i@]Se@{@CQCGs@u@UOcBy@g@]a@Ma@[a@o@_@]a@k@q@k@[_@k@m@o@i@qA{@IKQWCMDe@AOK]]o@[[_@WQGo@c@c@e@EAIBWPIBOA_@Ow@g@c@k@s@i@yAqAQY}AgAw@{@gA_Ao@}@WGUSMUe@c@Yg@m@y@]Y_@i@eAg@g@g@]GUO}AmAc@g@u@k@Ya@WQKOc@[MSOECIc@m@WUu@}@s@s@iByAa@UAG~@s@XOj@k@DA@DBGBg@?SMYAOZ_@|CsBfA_AtA{@~@w@j@_@X_@PIv@e@ZIx@g@L@E?AEFMD_@FEBOUi@AOCGEACKZi@,2,79.9,,,False,190.9,Diego Galdino
2,Pedalada vespertina,10915.8,2563,3388,72.5,Ride,Ride,12.0,Strava App,949242916,2017-04-19T17:07:48Z,2017-04-19T14:07:48Z,(GMT-03:00) America/Sao_Paulo,-10800.0,,,,47,0,0,1,0,False,True,False,False,everyone,False,,"[-25.4, -49.24]","[-25.44, -49.3]",4.259,10.2,,,False,,,False,False,951.0,892.0,1049850546.0,1049850546.0,cd83f9a8362043e80c80c074686a4aac,False,26,0,False,20232024,1,a949242916,hj`zC|jpkHNPECn@pATXLf@HFPb@LPJBHL@Pd@l@DH@LLX`@\Tp@PPT`@NHPb@NJNZF??FRZ@LLNJTPNFPFHNl@P`@b@x@HFXf@B^Rd@fA_AzC_DrAaAj@s@^kALqBRu@HSb@w@d@]z@_@`@GpDMb@DZA`Ds@jBi@d@En@JlAQdCk@t@Ij@@pAZnC`B`@Jp@Xl@b@z@\d@Lj@\`AJ~AXd@b@XLdANfBj@pBV`@PhB\dBr@p@Jj@Pd@VjA|@tA~AbB~A\`@PPXLd@h@VP\b@VRh@l@nAjAp@RRL?FDDx@\n@d@XLBFPHRJ^FZTn@Z`BjA~@T~AA`APd@Fv@@bCL`@FBDZ?XGfAJv@Gv@N^@|@Nt@Cr@FTHPRvA~@j@bAZb@fBzALBp@f@jEx@lAf@dCPx@VZTh@JPJr@h@bAh@lAzAr@rAXtA@t@EZFz@KzALfBDnBOTIFk@LkAj@WPiC`AKFVn@r@jCJBJAt@]j@OJBIKCF_A\QD_@@G\QV?Fn@jCr@zBd@lBp@pB?DQLKPL\JBBIAEHPH^Rd@Jp@Rd@Pp@t@pBBRLXGGHP~@pCTnACD@FjApDHn@Zz@DZVx@Zv@H\Jx@RZJf@DZDLADNFJPVdAD^b@`Ad@zAFVAJd@rARjA|@hC^~Aj@|ANv@Fr@Jb@Pl@NV?T\bAHNPx@b@dAZ|AB\RRLZ?HL^Jl@?XJ`@f@h@LVJbAXn@b@xB`@~@Tx@HJDh@Hb@|@jAAbA@f@n@bBR`AT^Tl@n@nALhATv@D^JNHV?HNj@LfAZz@\rAd@~@Fx@`@zAj@pAZ`AFj@N^XtA\jAj@xAHJRt@VnAHRV|@D\JPPpALX?Zt@bAR^FVFjAXfAJPVTBFT|ALT@P?xBBHEJZCH@NTf@dBR|@Ej@[^Qt@k@fAk@?EC?Eg@LQ\cAj@a@`@OR{@r@i@ZGLADBZ`@dBLPPjAd@p@JXXb@BJ?DiBj@i@HaAXiBr@]\k@~@_@Xo@t@a@Ru@h@u@Zu@LsAh@_@JS@_@NgCxBc@X[^e@Ty@p@MVa@|Au@pBe@~ASRUJgBj@iAf@kBf@s@b@oAb@S@KU,2,66.6,,,False,170.6,Diego Galdino
2,Pedalada matutina,9335.2,2262,2421,157.4,Ride,Ride,12.0,Strava App,948572150,2017-04-19T07:13:05Z,2017-04-19T04:13:05Z,(GMT-03:00) America/Sao_Paulo,-10800.0,,,,0,0,0,1,0,False,True,False,False,everyone,False,,"[-25.44, -49.3]","[-25.4, -49.24]",4.127,12.6,,,False,,,False,False,956.0,899.0,1049154375.0,1049154375.0,d1f655ed0977181f3f64ab3fc62c9549,False,0,0,False,20232024,1,a948572150,dcgzCji|kHIED@DEG@KJMESDaAh@aE~ASJONYNkAX]KOOG_@[mACs@IW_AuBAKMa@AGBCIM@QC[QkAm@sAY_AScAMe@[s@Ko@Ok@]kCWKAMDM?O]i@?GMGIOB]CKi@q@_@oAqAyB@WDQIQ?QEIECE[b@]YKm@MEm@Q_@SUK_@[q@a@mAYg@O_@SoAGUUkAOa@{@wFo@cD[q@c@yA]_ASmAIWIOGY@]VwBLoBAQJmAz@_HHeABgAVkCDcAReC~@}Cl@yANUVs@LgAS_Ac@sAGYO]GSAQIQKaAKa@Wk@Mc@CUEKCg@G_@Oo@M_@Ku@EM@c@E[Ac@SuAWkAM_@a@yBJWbCy@fBi@FO?Ke@_BW}AMo@GMOo@Qe@B_@E_@Ok@]q@Km@Oo@UY_@Yg@Sg@CU@MFO@MEa@YWKcBWeBo@YASIYQ[?mBOm@?IAGEGGAMVeAESEGOQqAKUOk@s@KSGY@[aA]SQgB}BqBwB[YS[YYQUgAi@MK_@QqAUoA[[Gm@WgAs@c@k@a@YQWk@g@w@cA}BuBw@y@]Uc@_@Y[m@{@s@e@w@y@}@w@a@Wm@u@cA{@WY_AaBa@]a@Wq@[{AmAq@s@]Ye@w@sEiEg@o@KGSUqAw@g@_@o@q@OEeAs@q@_@_@]YSkAeA[Mu@e@YWg@m@]Yg@q@s@o@OYg@o@KQi@_@yAyAgC_Ci@u@EOEOAQB_@AQIO_@a@a@Wa@w@g@i@OK[EUBWVIBKCg@]QQU[s@o@k@c@o@]eDsCe@Y[WwAyA_@c@SOY[GKWQSU[g@c@c@_AkAw@m@qA}@KO[UWWa@Q]UkAy@q@_@a@a@e@WOUYs@Y_@Si@OSGMk@c@[YUQSU_@YIKEGAIAIBGd@m@NQPMLSJIJ]BYOo@?GHMXW`@UTURGn@g@bAg@d@_@LQlA}@z@w@TORIBC?GFIt@_@rByAFOHYM_@Ym@@Kh@i@d@Yb@c@TcBXc@@GIMBM`@[@EAGKKE?MLQ^,2,78.6,,,False,177.7,Diego Galdino
2,Pedalada ao entardecer,9056.7,1998,2293,127.4,Ride,Ride,12.0,Strava App,948143526,2017-04-18T21:28:19Z,2017-04-18T18:28:19Z,(GMT-03:00) America/Sao_Paulo,-10800.0,,,,4,0,0,1,0,False,True,False,False,everyone,False,,"[-25.4, -49.24]","[-25.44, -49.3]",4.533,13.8,,,False,,,False,False,955.8,899.0,1048719614.0,1048719614.0,34803abb87f0bd6837048d7753228ba6,False,0,0,False,20232024,1,a948143526,tm`zC~|okHV[ENQKIFOPQ^_@^ETB^J\HNJJX`@@FITKLm@TGHOJITIHETFBJZB@AFDJ?NEL@ZNPHNLP?HXp@L^h@x@HVJF?JCDC@ETEFc@Pg@`@E@YRSPORM@aAj@STOVSJc@f@e@z@iAhAIVGHWNOPW`@KXKB_@ZKPg@j@ILUZOZAJDNVNlBtBvB~Ar@n@fBjBpA|ApBjBjA`A`B~@l@b@tApAn@n@b@h@fAbAx@f@rAnA`Ah@LVPREN?TFT@PFLn@`AdApAj@h@Vb@PDHCFEPUJIJAPJJBFNXZP^`@b@PTv@t@FN`A|@h@n@f@`@d@XPVTRPJ^b@RJd@Hd@R^^v@jAh@d@~A~ARF^VjCjCt@j@RRHPNNfA|@T\jArAn@ZbAl@\ZFBRPh@\pBvBbBdAV\\TZNfAlAPd@LFV\b@\bBvBl@j@jCdBxAlAp@d@d@b@TNtBnBh@l@|AjAz@`@r@TJHpAf@d@VrAb@TRRDVPPTRj@bApAfApBV^t@l@d@n@FF^Lh@Db@`@Zf@LJjATj@NFF@`@MxAFVHHnBz@RFjARpCTNFf@AZB\LJNDPPpCJx@l@vBLZP`ACvAEf@CxBH\Th@Nj@ZvAXbCd@fBPlAb@dBBJPVDLF`@Dj@XnAJXHl@DFD\Xp@\h@x@pD@PIb@Yj@KXk@|CSf@Yb@Wh@Q`AGjBQn@Ed@GJCH@JETKrAD`@AXBRAPO^Kn@g@lBCT?VD`@ENAZCLI`BGx@YtBCn@Bv@Jd@Lz@BNPX^`APv@`@l@hAzB@F?NH`@E^TpARr@Rh@Ln@Th@Tb@R|@Dd@CV?z@FJPx@Td@NTPjAZ`AVjAh@bBFd@APV~@Ln@J`@NXVz@P\P~@l@rAJ\LZXjA\t@Pl@d@hALXHBp@Gd@?VAn@SdDyAj@Yd@]FCVFHJTx@NpAL\HNFBFEF@DB^zCVjA|@dDHLHDF@PAZMES,2,98.1,,,False,196.0,Diego Galdino
2,Pedalada matutina,9560.2,2498,2664,152.4,Ride,Ride,12.0,Strava App,947285158,2017-04-18T09:55:16Z,2017-04-18T06:55:16Z,(GMT-03:00) America/Sao_Paulo,-10800.0,,,,0,0,0,1,0,False,True,False,False,everyone,False,,"[-25.44, -49.3]","[-25.4, -49.24]",3.827,12.8,,,False,,,False,False,955.8,899.0,1047845567.0,1047845567.0,ba514fcf9d082a7ea7ddc32f88434ef0,False,0,0,False,20232024,1,a947285158,|cgzCdh|kHDBUHc@\EHk@JeBx@y@XmCr@UCqAR[HOCa@?UHQOCMECAOLgALYBMJkCEy@QI?[EQs@sAKa@MmASs@u@sASiACe@CGOeAi@cCq@eB[_@Sa@]iAw@kDc@c@PEKYQ}@IeAMi@[w@k@{@Qm@c@s@Ms@Qu@Ye@HqACg@Ka@_@}@oAcEu@aBMgBScASq@M{@c@mAU]Ai@Bq@TqBXiENy@J_BZoDHsBJg@VsBR}@Dg@^kAb@oB~@{B@_@DQAGUk@Ky@Y}@E_@?S_@{A@g@Ms@Ac@Sk@E_@Qe@CWa@eAAMEK@OCQm@wB?MF_@Cc@Qm@[q@Uw@O}@AOBGd@Oj@C^Iz@Wb@Wj@QDI@KUmAc@aAMm@MUM_AMUSWAy@C[CUOc@Mu@AMI[CWGWIOOM[QaB_@AGk@Oe@C]Ig@AYIg@@}@c@qBFk@E{@i@a@Mc@AUKKO?KJuAQMeASa@[m@}@EYCEw@[cAcA[]Qg@Wa@gCiCc@e@KUa@a@w@o@o@YoAc@uBi@g@U]KQOk@m@i@c@c@k@_AcAoAaAeA_AmCmCq@_@m@g@WMg@k@o@Yo@k@SWYm@}BaCu@kASGa@SQOGMa@_@m@w@sAoAs@m@iAu@KQk@a@aAiAq@_@}@y@}@_@_@i@]]YMYg@aAeA_@UY]c@U_@c@[S[k@[Wa@g@e@YmB}AW_@mAgAa@Qu@k@}@a@YWSa@oBoBYUKYC_@Ne@@[EOYYmAw@s@[a@_@Mc@Q?MJs@TU?e@UIQMISi@e@e@W_@q@o@GMa@UoEoDo@{@gA{@[a@iA}@GOSOIOo@g@[e@m@o@w@c@u@m@[OYI[QIMSM[e@eAu@][MGKQCMMSe@q@s@u@MUoCqBaAeADQ|@S^SRY\[Ry@C[Ie@BQh@]`@Qn@k@l@[TSd@WZWb@WhAu@\e@f@YBICC@G@EDCI@?FGF@EDELCb@[d@QZUNG`@CLEKCE@DHB?J]Dc@DCAEDEAGa@k@Wi@UsAQQM[@KHOt@w@VIl@a@T[r@_@Zg@BARNAMGIMBGJG@,2,74.8,,,False,186.8,Diego Galdino
2,Pedalada no almoço,8642.7,2000,2170,113.4,Ride,Ride,12.0,Strava App,946395377,2017-04-17T15:47:56Z,2017-04-17T12:47:56Z,(GMT-03:00) America/Sao_Paulo,-10800.0,,,,0,0,0,1,0,False,True,False,False,everyone,False,,"[-25.4, -49.24]","[-25.44, -49.3]",4.321,13.8,,,False,,,False,False,956.0,899.0,1046933534.0,1046933534.0,0ec3c8578668c2aa1e80c95c9e6f1c27,False,0,0,False,20232024,1,a946395377,vj`zCzkpkHESALJVRXFBHTR\LHr@rANJ@DADIBMFiAx@q@^gCzBmAjAEHCN{C~COZu@bAk@r@y@pAEVBJvBvBtDjD|BpB`B|AbAx@x@|@ZTbDlCbAdApB`BjAhAvAnAv@z@h@d@FNGZNVA^GTv@p@~@fAv@h@NT\DHCXYNEXFNRNDPJZ\\d@p@p@VLt@n@lAx@@F?Nh@b@Zb@bAt@nAjALFr@n@vAxA~AjAdBzA|CzCRV~@j@\\n@`@FL`@X~AtAv@nA`@^VHZVhBhBd@\LP`B~@XTXd@DN\p@~@\^TJNdAbAX^bCzB~AlAtAnApAvAb@\ZNp@z@JRpAbALLnGhCdB|@h@`@pA`Bj@~@^j@`AbA|@lAj@`@VJJ@@LRJDP^d@ZPTFJJLFTFd@DHHBLAHWrAHTd@Vv@FDAh@Px@LVJn@PfBR|AHLDZR@FGRVnBX|APr@P~@Nd@Lv@Bh@L`@ALIj@E~AE\?RB\h@dC^tB|@bE`@lAThA?RFZtD`OF\GZ]~@s@fC}@bCKd@Q|AObCc@lDo@lGObAc@~EOlAGp@DdATv@BXV`ANXPj@T^P|@\x@bArDPVFTDJ@J`@bAXzAx@bDBl@vAzEV`A|@fC~@tCV`ALt@Pn@HJj@`B\pA@Nt@zBR~@n@zA^\H@TGbC_ApBk@NIXG`@SNCH@FB^bAPh@Rz@TNDFZ~@nAfEp@dCHHF@TCBCAU,2,86.1,,,False,172.1,Diego Galdino
2,Pedalada matutina,9426.2,2258,2306,150.4,Ride,Ride,12.0,Strava App,945818542,2017-04-17T09:09:03Z,2017-04-17T06:09:03Z,(GMT-03:00) America/Sao_Paulo,-10800.0,,,,1,0,0,1,0,False,True,False,False,everyone,False,,"[-25.44, -49.3]","[-25.4, -49.24]",4.175,15.8,,,False,,,False,False,954.8,899.0,1046328231.0,1046328231.0,56b4d089601c39e964d7b94209d45af0,False,0,0,False,20232024,1,a945818542,`cgzChh|kHSWAH@RD@[Ha@Zg@TqAx@uAp@uARU?YBQDQHSCKSKaAWg@@MDU?IEI]OIKG[Yk@Eg@K[E]GOK_@MMMi@Ga@e@o@]mBGIKa@IKKEIMM_Ac@eBGo@OUKY@QE]YuAm@eBYkAi@mAWu@OWKq@[mASiAs@gB]cA]u@W_Be@_@ESIOCm@OgAiBuImAcDY}@y@qD?_AZuDNaAF_AJm@Z{CTsA@SAIBIH{AZkCNo@@u@r@cD\eA`AaCRy@Jo@WuA]sAQc@Kk@a@kA[aCMe@GICWa@eBYo@Sq@Km@c@{ACO?s@MiA]kB?GBIFIz@a@|Ac@d@QXCXKHQDQIg@e@}AU_@GSUi@IYCYWa@ES@u@CWKUQ}@Iq@K[[g@YSq@Mi@S[G]Ak@W_BBOEsAy@iAGu@Mi@@UCSNGB_BOGGEg@TcA@MEIyAk@_@g@ME[c@Oq@EEQGQOSIiAqAm@y@GOg@{@WYq@i@QSIQWQe@e@YMSUi@W_@UWIUMm@Q_@WMGq@GUMSQIGUYa@SSSgBqAu@{@Ya@[W_@Uo@m@SUSa@{@s@QKUUUO[WOQGQYWaAgAKUOQi@g@GMU[UBm@_@{@o@_@Qg@q@Q]o@q@i@]WKQOe@QWQWk@_@e@k@e@k@o@_BqAWOk@o@o@e@_@_@m@]_@[s@]gA{@O]q@y@u@m@YYgA}@MO[Sg@k@UQi@Y]W[_@i@a@a@u@U[]Ya@We@c@mCwC]Q[Ue@_@a@g@KYAU@KPYBIGUSU}@i@i@g@s@[QQi@Mk@ZI?[k@i@e@[Oc@a@SMqBcBgAoAeA{@g@m@_As@k@g@c@Q_@WY_@y@o@OOEM[e@KY[[WMk@e@WGWQi@q@c@c@m@e@k@m@WS_@a@YSW[_@[_@e@u@q@i@o@a@_@iCiB[i@DMZUZ[RSLYHGLGF@HCBC@w@Mc@?IBSJMj@a@nAs@n@WxAkArAw@v@_A`@_@CKC?AGf@EpCgBNC@VJG@KIa@DI?IOMIUOQCICi@_@{@Ye@AO@MHGPIVYhAi@Va@h@Wr@q@@NAEIA,2,79.0,,,False,178.3,Diego Galdino
2,Pedalada matutina,8685.7,1808,1851,132.0,Ride,Ride,12.0,Strava App,944736334,2017-04-16T12:42:28Z,2017-04-16T09:42:28Z,(GMT-03:00) America/Sao_Paulo,-10800.0,,,,5,0,0,1,0,False,True,False,False,everyone,False,,"[-25.4, -49.24]","[-25.44, -49.3]",4.804,12.4,,,False,,,False,False,955.9,899.0,1045211391.0,1045211391.0,f6a84553115b5e87f436196f97a9aaab,False,2,0,False,20232024,1,a944736334,~i`zCdkpkHHABCCZBLADF\XXVl@n@v@LT@NIT[j@e@`@STYR}@^c@\g@f@q@x@_@Ze@f@{@pA{AhBIDwBvCI`@@NLRn@f@f@f@p@t@`@h@JDx@t@vAdA|AlAbE|DfB|AfBlAz@v@d@^~@bAzArAlAjAbAjAr@l@BLCH?f@HZb@d@z@zAf@f@`@XPV\H\c@PGJBnAt@HLFP\^NVZTn@^^\\`@LFZTj@l@RZt@r@pA`Ar@v@\d@fBnAt@t@xBnB`Ar@xAdBr@p@j@\jBnB\PnA|@t@r@x@l@FFLRPJ\b@bAfAfA|@v@h@LLTRZ\\TPZLLr@\r@j@TXRd@`@h@\XX^~@`AVTZPj@h@p@t@l@^RHdBrAF@`@V^d@vAjA\`@|@l@n@ZbDhAjAf@f@XlA~A\p@\h@^p@t@p@p@t@`@\LLTb@d@NDDj@`A\Vt@Lv@FNDBBBNO`BFPVHb@RZJT@RDx@Vj@FTHJCz@Bv@Jj@LN?ZHV^NXPp@F`ANx@PrANv@D`@Lf@Br@Hj@A^UnA?Lp@bEh@bCLz@JXRb@Lb@TbBt@jDLhAThANn@t@~BlAfEEr@U|@Uj@q@pCQf@Wd@c@|AM`BG\I|@UhBAb@DX?RGT@XEPYd@Mb@@j@Ev@QrBMj@IpASlA@NI|AHv@^zABBJj@d@hAJ`@^|@Fd@^fAd@hBp@rAN`@@ZTbAHr@Vx@P~@Nf@VbBV|@TlAXj@Ld@j@tAr@fCVt@B`@XvAh@dALd@N|@Pn@HT\`@r@xBXxA@`@h@bBj@zAZpALZH\Ft@LZR|@DLRT\jBh@n@JRDVNDVIXALELUfAKx@YnAu@FKd@U`@GROZI\Q?EGQ?Z,2,97.7,,,False,176.7,Diego Galdino
2,Pedalada matutina,9459.9,2296,2479,151.2,Ride,Ride,12.0,Strava App,942911374,2017-04-15T09:47:20Z,2017-04-15T06:47:20Z,(GMT-03:00) America/Sao_Paulo,-10800.0,,,,0,0,0,1,0,False,True,False,False,everyone,False,,"[-25.44, -49.3]","[-25.4, -49.24]",4.12,11.7,,,False,,,False,False,955.7,899.0,1043318418.0,1043318418.0,c35e4d9baf3544d06c44ab5fc71733da,False,0,0,False,20232024,1,a942911374,pcgzC~i|kHDWKICTs@Ri@H]V{@XcCj@SHYVE?[Ns@n@E?KEQUEQAWIYIIMYUWKWCYKc@K]AQQ_BCc@Se@CSO_@MUAYQa@Wa@CSY}@Q}@[s@Gm@a@iAWeA_@o@m@gBS_@Ce@Oy@I]O[K_@IQOq@[}@YuAMa@Yk@I_@CYCSMYOGKSC[Os@_@y@SeBCOKOM{@KMIa@O_@m@u@EMa@gDSqAQu@_@kAk@yB_AgCQw@FyAPwADmAf@uEf@kDJsBJm@TeCFaBNo@De@FSPa@t@wARo@\uAZ}@CYDOE]Yw@G]M[Os@O[YoA?[Og@OgAGYW]IY_@mCOy@GSASDYAOQqAGOMo@Wu@[}B@MNM|Bs@tAm@NOBYAo@Ik@Yi@IGUa@G_@Oe@GMKMO[AWFm@EWAOIa@Qi@Q_AMa@CEYIKIUEw@IWMQCKE_@Ac@OeASi@CMEM@e@Yc@Oo@Ii@Bm@?QCa@KY@aA[MIGGKWJe@Pe@@Y]Mo@MMGq@o@Q[KUGa@oA_@a@_@{@iASMi@g@Wk@w@oAk@s@m@m@UQ_By@{@WiAW_@Q{A_A[_@OIg@c@OWWSW[_CuBm@_@uDcD_@k@_@c@SS_@WUWe@WIOSK_@YIU[O[c@mAeAc@g@aAw@[_@a@]YMc@Y[Ui@k@m@u@gCgCo@i@{@i@}@cAkBuAoAsAo@Yc@k@GGUIaAkAqA}@MQ]QU]w@q@iAmAqAiAc@UMQFIcAaA_As@Wa@u@i@cAiAc@a@k@_ACKBm@CQc@k@m@m@W_@OM]Ms@e@E?a@\MBK?[Uc@i@}@]WQiAgAa@[CG_@We@g@k@c@Y]q@o@W]m@g@UUUQ]MQMuAiAOSMc@QWk@k@o@}@g@U_@[{A}@{@y@c@WUYgA_AMG]i@Qa@o@m@GMaAiAQOq@QYWKQmAeA@If@W\YV[JUNODAP?FcACQOa@?GBC\Sx@o@ZMHA^Qr@m@|@g@hBaBn@c@XM?MPWJGPGVUzAw@HAL@FEBGEU@I@EJ?EOKGAG@IECCMMIGYEEAKWa@Oc@KOUq@DIx@a@\WXQVGRWj@]d@a@JIDBBDEAWJQROH?HBD,2,79.0,,,False,181.3,Diego Galdino
2,Corrida matutina,13376.3,8220,8228,350.1,Run,Run,3.0,Strava App,939687438,2017-04-12T12:32:14Z,2017-04-12T09:32:14Z,(GMT-03:00) America/Sao_Paulo,-10800.0,,,,1,1,0,1,0,False,False,False,False,everyone,False,,"[-25.35, -48.94]","[-25.35, -48.94]",1.627,4.8,,,False,,,False,False,919.2,833.2,1039989319.0,1039989319.0,79fb8897b75180915326adb7b67e49a5,False,0,0,False,20232024,1,a939687438,dquyCvhviHaO_GaE|B?{FiHQNwAO`BxAZf@qA{AeDlBMn@_E_HgNpEcGyJfJy@~DaDp@hIgHs@zI{FR{@bBxDfIAtPvClFYtAxHrHWpCtBvFEwAnAHuAGVfH}ExEmCWBgEqBu@kEsLmFYcM~EbCBg@kAgChAcEg@k@wEn@{J|EwGtF\jE|DnHJr@qCqCiCiDMyBvD_IuCuHfL|EAiEg@zEeI`Cm@tFdCfApBi@dAfAoA`G|AsFcBqB`CkDJuA}AtOlIr@bCcA{@p@y@tCd@fDmDbDJ|FnC`ExFgAsC`FsAhIpCRtA_C\}@bCt@_ChCKGgBdBI}Eu@jBx@d@{BkBcCYmEuG}ANiA{@QdC_CZ}CaAvAvCfHrD}BQeB,2,,,,,,Diego Galdino
2,Pedalada ao entardecer,9123.9,2099,2406,146.4,Ride,Ride,12.0,Strava App,938311517,2017-04-11T21:51:29Z,2017-04-11T18:51:29Z,(GMT-03:00) America/Sao_Paulo,-10800.0,,,,3,0,0,1,0,False,True,False,False,everyone,False,,"[-25.4, -49.24]","[-25.44, -49.3]",4.347,12.2,,,False,,,False,False,955.8,897.1,1038580045.0,1038580045.0,6bf9665332e6963c4a6046af76eb89c3,False,3,0,False,20232024,1,a938311517,vn`zCv}okHHDDICCUGMAE@OFQRo@b@EPDd@`@p@JT@HEPW^WNU\E@ILK?OH@HTh@RNDLKT?FFLp@|@JVRZNFBTRXNl@LNAFCCG@WL]^]Va@b@yDlDsB`Cq@p@O@IFK?UZKXSVWb@IFe@x@Yf@e@b@APdAfAHBLLx@|@R^H\BF\Pr@j@v@h@fA|@zB|B~@v@X^f@f@~@p@r@`@h@b@dAl@v@h@nAhA`A~@f@l@t@t@h@n@rApAHNFt@Ct@Bh@tCxBRTLJR?NMV]TIh@Pn@`@RTNZ\f@DJ?LhDnCv@r@RVb@VZX^j@\X\f@RR~@j@hB`B`Ad@NJ|DlE~A~AHDb@h@`@n@~Av@RFt@n@ZRxBdCn@f@p@r@b@Xx@^t@d@ZZf@p@VTj@|@f@\TXbBvB~AhAxAlAt@b@rBnBn@b@h@f@jApAdBfBXPr@\j@PlAVrAd@f@RxAp@d@h@t@vAh@tAr@lAfAhAZTRJx@JLLl@\JHb@NLJ`@Nd@HBHEV@l@Ed@GP?LHR\NnARnAb@\DR?JDZIT?\Dj@LJ?LHNRJD\BPLJNL^Hp@h@hCp@tB?\Jf@JhBAPENOnAGx@Dd@t@nCLh@Dh@Ln@Rn@Px@h@rB\jB@PVn@BTf@nCN\Pv@f@~@HTF`@b@zAFt@EVSj@Id@Wt@G^Sh@q@rBYp@Kn@G`BSdAEz@YtBDb@Gj@?x@Ql@MPOp@O^Ar@Mx@Cp@@^IvAId@K\Q~AATDTTx@Vf@Pf@J^Zr@FNFf@\r@Hb@d@jA@NNt@?ZDX\|@Tp@@NNTJh@Db@LZT^@HAN?HF@FVAJBv@GHTZVh@Vt@TdAfBjEd@rBJHRZN\Lt@HxAH^r@~BR|@N^j@|@Nd@LrAZbAVjAXh@Xt@|@pBbAjC\rGXHl@Qd@St@M\CLC\_@PMPCtBcAdAYBEAMh@K?U,2,91.1,,,False,191.3,Diego Galdino
2,Pedalada matutina,9470.9,2357,2463,144.9,Ride,Ride,12.0,Strava App,937359647,2017-04-11T09:55:00Z,2017-04-11T06:55:00Z,(GMT-03:00) America/Sao_Paulo,-10800.0,,,,4,0,0,1,0,False,True,False,False,everyone,False,,"[-25.44, -49.3]","[-25.4, -49.24]",4.018,13.9,,,False,,,False,False,956.0,899.0,1037610156.0,1037610156.0,cf0fcc1c62ef7aec343d05f461acb30e,False,4,0,False,20232024,1,a937359647,~bgzCdi|kH?KD\SQSF_A^iC|@UCAVy@`@YBEHYFo@FWAAa@CQ_@UU[?GKSGQA]Qo@e@aAUi@WaAa@u@GSH_@AOOo@Ge@c@sAUcAi@wAOq@Yo@U{@AMQYG_@e@_ASUGm@S_@G_@U{@_@cCKGEGSaA{@}BIc@IKMGg@MOKA_@GUGk@HuAG[Ok@MKIMYWc@o@So@YeBEqAQ{A_ByGc@_BS{AQ}@A{AH[?a@Dm@ZiDFa@DCHcAN_AF{A\{DBcAH]DqAF_@?Yn@iAd@s@Z{@Ja@Vo@?{@Rc@Bm@?M[cAA]Iw@GQAQKWCYSg@EUIKYwAQUK}@Ke@Sm@EWQw@Cc@G[Ka@GMK}@Si@Qw@ASDa@AWYuAM]Ji@^YhAg@pA]^G?Ee@_BIe@Cg@Wm@E{@QaA@]OcBIQIi@ES?WMWG[SKe@?KGUGiBMoASy@C}@Uc@YYDsBWm@?g@KI@[KKKO@ECQ]EYTaA?UAIcAU_@?e@a@Y]Ua@Gg@EEqAa@QMs@}@a@c@K_@Qc@_CwCO]SKAG@EG?eAq@WIK@QGKMc@ScAUIIYGEEcCcAMKg@i@Q]W_@yAuASYgBkAaBcBYSW]a@cAa@e@MWg@a@o@OsA_Ao@[GCWc@gAu@c@WMMWe@w@_A]]w@m@a@c@c@[c@m@mB}AWGMYMIkAs@e@_@]]_@k@c@g@]W{@i@_@_@MSYMSUqA{@k@o@OUgA}@c@YYa@UQEIKEWY_@SaAaAs@i@]g@WUOa@q@g@_@a@}AmA}AsASOk@{@EOFe@?MGIoBsBe@s@_@WGAO@a@Na@JOEKUkA{@WK[[a@WU[OUw@cAEEYKU]y@w@IMOImAeAME_@_@iBkA][w@oAYSIOOOIQSSYO[[e@YWUm@][a@c@]mA}AI]We@AFE@ILGBOCSg@Qm@OMc@g@sAw@[UiAiAs@e@KOMENUhA_Af@]VKBEL_@@OEWOc@?MPa@|A{@\Ot@g@pAw@dAu@v@e@DK\]FWBGJ?|@_@zA_ARDBE@KG]TQQW?SYMG[KMCSI[]o@UY?YP[f@]b@_@dAk@XWNCh@]HCBNJABCMAMH,2,81.3,,,False,191.7,Diego Galdino
2,Pedalada vespertina,9167.4,2050,2704,146.3,Ride,Ride,12.0,Strava App,936796456,2017-04-10T20:21:33Z,2017-04-10T17:21:33Z,(GMT-03:00) America/Sao_Paulo,-10800.0,,,,4,0,0,1,0,False,True,False,False,everyone,False,,"[-25.4, -49.24]","[-25.44, -49.3]",4.472,12.9,,,False,,,False,False,955.7,899.0,1037032286.0,1037032286.0,74438b414452aca3844c62c10be873cf,False,0,0,False,20232024,1,a936796456,tn`zC|}okHW{@BPo@VMPUHONEFAPBVN`@VTPTDFADI\EBE?GFGNw@n@IJIDGJBRLZJCBBDLADJ??JEN@HVXD@DPLTNn@Rf@Zd@NZNDDF?HKNG?OHU\QFKAC@}@t@m@^[\}@l@}AfBa@`@kAxAY`@KZUZaAjA[f@_@h@YXGH?HDFj@f@bDfDbHhG^^LRn@h@n@n@hEfDnEhE~ChCvAlBEVLd@CXDPNXx@l@~@|@v@dARFJ?HIVc@HEZFRFv@l@nAdBt@f@RJ\b@\TPPXb@b@Rn@l@LNNV|@`A|@p@\^z@t@hAfAp@h@dB|A~@r@z@v@r@~@pAnAbAp@XJh@h@XP`HxGZNhAl@^^t@jATf@HHNF\BLARDv@b@d@`@\^hA`BXVn@p@hAdAfAlAx@p@l@\n@n@j@p@j@~@jAlA^Xd@Th@Np@Dl@LdDrAh@d@bAlAXh@`@dATZ`DjDRJf@LBNP\^\XLd@NL?h@RRLVFDD?h@Qz@?LHJd@H\L`BXhAXJAb@HHA|@FZ?`@FD@Tb@TPZh@BRDz@Jz@JtAXbA?HRj@HLJ`APb@Jx@?NM`AIFGLI`@H~@nAnEJz@n@vCb@zAPf@DVB\Nn@P`AJV@VVpARt@LXPl@D^n@tBHZ@J?JSt@Id@g@pA[tAo@fBQr@UfCMv@Ab@EV?LMZUfB?j@Gv@GRQPGrBYhBMbB[`CCn@G`@Br@Pr@XbBb@pALPDNHNDJ@PPn@d@|@`@bAH\NV~@jDJRNb@PpA?NCRCDJ\Z^Dl@TvARp@^hAb@xAdAtCNj@d@|@v@~BJb@Dv@BXb@|Al@xAXh@Nd@Lf@PlAl@dCPl@f@dAZtA`ApBVp@d@`B^x@BXTj@@TBBVMV_@TO|@WDMRMB?H@TOPEl@UVWPG`@EnBeA@EMBEKEND@?YBCCE,2,97.9,,,False,200.8,Diego Galdino
2,Pedalada matutina,9506.6,2332,2483,153.2,Ride,Ride,12.0,Strava App,936042059,2017-04-10T10:01:26Z,2017-04-10T07:01:26Z,(GMT-03:00) America/Sao_Paulo,-10800.0,,,,1,0,0,1,0,False,True,False,False,everyone,False,,"[-25.44, -49.3]","[-25.4, -49.24]",4.077,13.2,,,False,,,False,False,956.0,899.0,1036255830.0,1036255830.0,d1294ebaaab4c910bc02d3086543d2f2,False,0,0,False,20232024,1,a936042059,pcgzCph|kHTfAAOa@[CE@ISAGLMHcBj@oAj@KHa@F[LoARy@Va@AEEES[s@c@Y?UF_@CYQ[COMI_@a@EIEc@?i@CMUm@[a@s@cBESK_Ai@aCMa@Ga@M_@S_@Ka@c@o@Wo@EOIe@c@kAEiAa@{A]eAU]Oi@Is@QaAi@_Ai@sAAQGW]aASaAKWCOBQO[COYSOSMe@QcAW_Ak@uC_@}Bc@aBa@_CmA{DIw@PcANiBVsAAYH_A@g@DMDADO@g@LgABmARcDLmAV}APk@JSDk@H[Dc@Rm@Xc@D]JQJa@Hm@HQVmA?YFSAQS{@Is@a@qA_@{@CUGQEg@SWC_@ISA[EMEYGWKMG_@AWEKS_AIQ?Oc@}BIk@YqAUwA?k@I]?K@GLQ\ULChDi@n@U@K?Yi@yAEUKWa@i@k@wAMeABs@Gy@IQYgBMMMYQUUOYI_AIs@AqBi@e@A]EyAe@oAMs@A]Ms@Rk@O[OMUCWHc@Rk@?SCGQGqAEE_@u@k@OYCk@CG_@QW?i@_@e@s@KUYWU]oAmAsBwCWMk@Mo@a@mAg@iBc@y@Wa@Ya@UEIg@g@g@_@Qa@OMKC_AcAeAy@i@i@eAsAw@q@Q]e@m@g@]GAWQ_@_@c@Us@SOKGKESQ[w@w@a@e@}AwA_@a@mAw@_BwAg@}@m@aAa@SaEcDa@_@]a@aBcAq@g@MS]]k@a@]k@[QWUc@m@_@[[k@c@SIc@k@k@i@Wo@Uo@]cBuBg@e@[a@oAcAsA{Aw@c@Y]{@u@MWBWFS?Kc@w@KKKCSWwAiAKMIUQIE@_@XUHM?SI_AeAaAk@e@e@uA}@mBkBIOMGEQIIy@q@u@u@a@UaAu@S]_@[q@}@w@w@U_@WYk@g@}@g@g@g@e@Wg@a@o@Qg@g@a@g@CECUU_@o@u@g@c@Ua@y@}@{@]UU_@WWWU]PWl@c@P[VWNELa@BSAWIWCMHQX[PQjAo@RORIz@m@jAs@r@m@VOZ]z@]@EICf@g@\W|@UHMLIf@O@IEYHKE?CG?Gc@k@Og@AWGUU]EOg@aAFK`@SJET?j@]TGb@Ul@_@n@m@DAHDGAKDIA,2,78.1,,,False,182.1,Diego Galdino
2,Corrida matutina,3274.9,1357,1380,16.6,Run,Run,1.0,Strava App,934338667,2017-04-09T10:01:09Z,2017-04-09T07:01:09Z,(GMT-03:00) America/Sao_Paulo,-10800.0,,,,0,2,0,18,0,False,False,False,False,everyone,False,,"[-25.43, -49.22]","[-25.43, -49.22]",2.373,3.9,,,False,,,False,False,917.0,894.1,1034485520.0,1034485520.0,8386614b9fa48ad182681fd4245cb566,False,0,0,False,20232024,1,a934338667,|lezCdrlkHvDy@LdB_F~dAxHe}AmAvR{BhA,2,,,,,,Diego Galdino
2,Pedalada no almoço,8752.9,3082,5771,147.7,Ride,Ride,12.0,Strava App,933296960,2017-04-08T14:24:31Z,2017-04-08T11:24:31Z,(GMT-03:00) America/Sao_Paulo,-10800.0,,,,0,1,0,2,0,False,False,False,False,everyone,False,,"[-25.44, -49.3]","[-25.44, -49.3]",2.84,11.9,,,False,,,False,False,956.0,905.0,1033403051.0,1033403051.0,f501f4b9a6a556cb887eb4625cacf5f2,False,0,0,False,20232024,1,a933296960,vbgzCth|kH?POHYHgBt@o@Ri@VQRYHYNMLa@PGAq@HK?OIGSEYGOUWESIs@K_@a@gAQw@?MM]Mq@KQg@kBg@qAi@qBq@iBKe@_@cAG_@IMQeASy@e@_AKi@IKOo@Qm@Om@KMKYa@mBS_@gAaD[yAM[U_AMO_@gBQe@C[g@cBEa@?k@COm@oBeAoCc@wBYy@_@qAc@oAIKKa@C_@@k@LeAd@uELw@JkA@m@TuCRyARsBH]?Q`@qEX_An@iBxAaDEGE?HSJk@Hw@\sAf@eBJk@Vs@Ra@\_@LHDCRYP_@V[bA_@LQJGpCy@TE\CVG@GTOx@aAt@o@RK^u@l@}@b@W^i@rAaAnAgBz@q@hA[h@Sf@KVMHAFB`@C`@Iz@a@xAe@t@Qf@Yj@MlCqAzAg@T?DAN`@@HCJJH?GMEKK?JXlARj@?FGLkBt@a@Ta@LOHYHiAb@M@UHiBd@oBz@EAWo@MSUm@GYMKMES@CEAWIIs@OE@OFOPIBaAKW?WO]Ia@Y_@i@IELICBE?CD?FOHACDSLFJ@JLrAjC@DAHEDYJML}@`AEL@DE?DFCEE@ORGLa@h@GPWVG^EHi@b@gAdAOFk@`@KT_@`@Q`@]JQLK@MHgA`@{@TYPE?KFa@Nq@\cAZGFAXM`@Q`@AH@\CN[n@MNQ^EPCXM^AL]jA[t@WvAMZEVm@tAm@bBUx@UfAOdA?TMjACr@Eh@G`@IVGj@?JEVEf@WtACn@Gr@Cn@CBAJ?h@GNStAOjBWpB?b@DZXx@Jf@^jAH`@Tx@HRLl@D\BD@PFFF?FDAFHTFb@Td@VdALXX`@?RHf@VdAVz@Zt@Vv@Hx@Rn@n@dBn@zCTn@l@lCNRBJLjAd@fATVLhAHV^j@j@nATv@T~AL`@Hj@d@bBn@nAN~@XhAnApDPZTp@TjARj@PTFNFBFCTND@d@ELOJGbASHM`@QTEz@]rA_@J?XYBMD?BDXO@KEQ,2,73.3,,,False,225.8,Diego Galdino
2,Pedalada vespertina,7046.7,1623,1653,125.7,Ride,Ride,12.0,Strava App,931930104,2017-04-07T16:24:44Z,2017-04-07T13:24:44Z,(GMT-03:00) America/Sao_Paulo,-10800.0,,,,34,0,0,1,0,False,False,False,False,everyone,False,,"[-25.44, -49.3]","[-25.45, -49.36]",4.342,14.4,,,False,,,False,False,964.9,895.0,1031996702.0,1031996702.0,a60bc2c5a8a7030416901f62025c3be6,False,0,0,False,20232024,1,a931930104,pbgzCzi|kHFGAGBED?JDGDUBg@To@FQRa@@g@Jm@d@i@La@PYNo@`@C@OI]GEF?FnApDDXFpAD\\rAVh@ZdA`@jBFBN\LVXz@Xf@N^Z~@Ll@^pABDJB@XQn@F`@?PHPV^Vt@NN`@pAHd@Xn@Tt@b@dA`@rAF\PfD?nDD~BAvCBt@F`@v@pAfDtE\z@P|@GvAObCA|@BN?d@BRS~ACJm@|@c@\SV_@Nq@Jm@Z[J_@Vw@b@g@v@KZI~@Jr@j@jCTxAPj@V`@E|AKpAk@jE{@lE?^In@g@r@c@lA?|@Mf@@LEb@CJ?x@Cv@ItAGd@E|@LhAl@hA~@tAj@p@XVj@x@^b@Th@Z^ZTLPTHDHRz@@TRv@@RR`@FTLv@n@pAJ`Ap@dCh@pC\~@d@vC`@~APdABp@Fl@DbAFf@FpAT~ANzAFfARl@L|@At@DdANnANl@T|AD|@RxB@x@Dj@Fb@JLBPExABrAJ`ABd@Ff@AVDPAzBEZ?l@BPR`@\\LRC`@A|@H`DGlA?hAPxA^~Av@zCZ|@Rb@JJJVFR^l@bBtBb@b@^VvAxAdAj@jA^OHADIDWh@c@hAi@|@@DXNNNVRXJ~B`@dBf@|@Ph@VVB?FOFyAD_AN_B^Q@[AO@WHOJGH]tBKd@EdAAhB@HDFJDb@B|@EL@DMV_@J@NDZVF?PIF?LCTd@JN,2,89.5,,,False,145.3,Diego Galdino
2,Pedalada matutina,8788.6,1989,2422,135.4,Ride,Ride,12.0,Strava App,931652619,2017-04-07T11:48:09Z,2017-04-07T08:48:09Z,(GMT-03:00) America/Sao_Paulo,-10800.0,,,,0,0,0,1,0,False,True,False,False,everyone,False,,"[-25.4, -49.24]","[-25.44, -49.3]",4.419,12.3,,,False,,,False,False,955.7,899.0,1031714559.0,1031714559.0,76174d8b6836bfa9949b0f92fdd8d4c5,False,0,0,False,20232024,1,a931652619,zi`zCnmpkHV[BDZDFFn@jABZb@b@@HNHBDCFcBhAsAdAw@r@g@XqAvAoCbDi@|@]b@_@Z]f@i@l@a@j@CL@H`@l@TRjAr@TTLVh@^lB`Bz@~@lBdBdAt@t@t@d@n@`@`@pAx@j@`@x@x@`@f@RRv@b@n@b@|@z@d@\^b@x@hAh@\t@r@?b@LZEv@DVLP`@b@ZXl@^l@n@b@PNDJMNEvA`Ax@t@LBL?ZHlApA`@XLNVHJJHB\j@RNPR`@hAXd@LPf@Nr@d@pBzAjBpArB`BzAxAb@h@NV`@XNNh@r@x@j@BD^Xr@\l@b@Xj@Z\LR`Aj@NLf@z@HBLL~@j@^Hz@^RF^ZJJNd@^d@Nd@PRNFTXNJ^r@f@n@bAz@ZJf@ZnAf@p@d@rBdCP\z@v@VX`@\VXNVfAz@PHNPr@XlBl@v@RxAj@p@Zr@b@PNf@x@J`@Fb@FNH\N`@DBLAp@v@bAbA`@f@LHL@LHXF`@NVTTXTLFLZNVJNAn@LFN?XSx@?VBHj@Lr@`@\LV@d@Jr@FXHh@KZFf@BlA`@`@ZPRBRAl@C\DhANl@Th@ZfAH`@CTCDPh@D`@Ll@DJb@zBDfBE^Bp@Fd@h@vBRvBJ`@NfATh@l@nCf@fDJ^Zn@X`ABd@Z`A\|@Dv@?LCJa@fAa@|AMVe@zAKn@Wz@Ch@Kt@Kf@I|@K\SxAHd@?x@Mn@?JKl@QXIZIX?RMXARGVBTAt@M~@S|CEV?`@C`AD`@Rd@P\Pp@HPDXLXXxAPf@^`@PZTZBHd@xCXp@@PH^PXBn@Nz@FZTh@XvB@TVdA?PBJh@nB\zA`AhDNnA\\X`@Xz@^~APNv@hCd@nAVz@F^b@tABVh@rATlAHZLx@Tv@Jh@T~At@pCh@|AHHHDNC^M~@g@n@ITEx@a@j@M\YPI\Oh@K^WZETOFSY]D@ZG,2,90.0,,,False,179.1,Diego Galdino
2,Pedalada matutina,9370.3,2328,2799,152.0,Ride,Ride,12.0,Strava App,930274576,2017-04-06T09:51:03Z,2017-04-06T06:51:03Z,(GMT-03:00) America/Sao_Paulo,-10800.0,,,,26,0,0,1,0,False,True,False,False,everyone,False,,"[-25.44, -49.3]","[-25.4, -49.24]",4.025,11.2,,,False,,,False,False,956.0,899.0,1030302761.0,1030302761.0,5ce3407cada2cdcb995c24c86b9bad9c,False,8,0,False,20232024,1,a930274576,lcgzCrh|kHZG]FUX[BIHuClA}@TSPk@NO?ODODGF]Bc@HEAa@}BQWYg@ES[i@Qk@a@y@QeAIWEy@CSe@}@Mq@CYIYk@_Ae@uAIOKo@W{@C]IOC[Ue@a@sAG][}@_@uAIUQSGMMs@Eg@Wy@Oq@qAkC[}AIu@WkA?MEQc@w@_@cAG[]q@Yu@k@wBWoAm@_BIMOeAa@sA{@eEEe@De@^iDJyAHe@PgC\oCTiCh@sFl@oDl@eBd@mAl@kBFs@YmA_@cAQqAWi@EWCw@[iASeAQc@_@sAi@{CGoAO]K_@u@{DBUJMnEcBLOK_BWiA]gA_@_B?YI{@YcASiAYw@QMi@GOGWSOCe@Uq@Ag@Su@GsA[_@CQEMAYBe@IkAAmAQc@MU@QY@WPqA?IGMoBi@o@i@e@i@CU@Sy@]QKKIuAmBJCWW_@o@c@c@eBsBM_@MEa@ImAm@o@QUKsAa@cA_@[OQOyB}Bg@_@u@s@cAy@iAiAu@q@a@a@e@a@YQQQQKK?IIWc@BMGGeAy@}AeA{AkBq@e@q@m@u@e@]WkBqB_@Y_@[aCeCoB}AgAgAsC_C{@{@c@w@US{AiAi@[u@k@{@gAo@}@o@m@oA}@o@g@_DwCuB}AeAaA[[Yc@CYBg@CKEGs@q@eAkA}@_AGCM?UPQFMAWMu@o@eAgAc@[wCgCsBoB_@g@aA_Aw@c@_Ao@_@e@_@]SWs@e@CMMO{@i@Y_@_@WMQq@o@KMs@k@yAcBYa@e@_@_@e@}AqAuAuA_BoACI?MLUZg@j@u@RMLk@E[IQBMNQnB{Ax@i@lB{AxAaAdA{@G@GDBDCEFSdB_At@i@b@OLq@Ys@S{@[q@W_@M_@DKf@o@^Qj@STU\U|@_AHGFB@FQJWVSFQVEN,2,79.2,,,False,184.4,Diego Galdino
2,Pedalada vespertina,8814.0,2001,2381,134.2,Ride,Ride,12.0,Strava App,929726159,2017-04-05T20:22:14Z,2017-04-05T17:22:14Z,(GMT-03:00) America/Sao_Paulo,-10800.0,,,,0,0,0,1,0,False,True,False,False,everyone,False,,"[-25.4, -49.24]","[-25.44, -49.3]",4.405,19.2,,,False,,,False,False,955.8,899.0,1029734042.0,1029734042.0,557bf190bb632b0756f6e78754cda409,False,0,0,False,20232024,1,a929726159,vi`zClgpkHFv@NRHF@RNz@JZJLb@~@Hn@JXT^@RI^SJe@Ec@Lk@f@iAx@aAjAw@f@s@h@ITQL]j@OEE?AFE@AC?DB@mAbBBLCHQLSXs@r@k@`AGTb@b@h@p@v@r@|AhB`@^bAp@nA~@|@x@|DdEfAz@p@n@|@h@rBrBxArAp@n@z@bAdA~@DHbAj@Ad@HFBP?PEZBFHRX^n@n@dBxAX@PGVSRADCF@RLnA|Aj@h@l@b@Z`@TPb@VLDHJd@XVXLFNJPh@JPXVLPx@z@dAl@nBxA~HjH`AlAf@\j@l@~@v@PTLHH@z@~@hBxATV|@v@ZTRJRNPPPXj@`@t@^FFPBh@RZb@Rr@FPJFN?JDVFVNt@nArA~Af@`@v@v@h@`@dAhAv@l@j@j@zAjAh@\d@n@dA~@`@b@f@ZnDpApCpAl@h@v@fApAvAfArB`AjAj@`@VFTBDBJVn@f@v@RRJd@JJ@NHFp@WnADRJNtAVx@H\JfALZJDAHFL?n@HVJ^@PCN?LJRTXr@@^Ah@Fd@Nd@Vd@^lADPAd@Np@LhAAv@Id@FLLvDLlA^|A^~BR~@z@~BTx@@TJ\Jf@Fr@Rx@LdAXdAT`@Dd@Nh@Tv@P`@Hb@Gl@S`A[p@u@~BUb@c@l@Av@SfCQrAM`@KlAAj@GVEt@ERAr@On@WhBB`@?~@K|@Mp@KjA?N[hBFp@FRB\JZj@|@`@jADh@Zp@BT?^F`@N`@F^FJFh@JZAP@NHNTTJVJJn@rB^hBJLNb@Lj@FNRH?TTVA`@RtAj@bBj@tA`@x@Nb@Nf@XzAZhAR^J^JnAJVARBP^~@V|@`AlBBh@Nb@RlALf@vB`Gp@vCj@v@FLJlARbAPPPGPCj@e@x@Op@a@TCTIf@WXKZUr@MJIVABGVO?[,2,94.7,,,False,189.5,Diego Galdino
2,Pedalada matutina,9503.2,2246,2355,151.4,Ride,Ride,12.0,Strava App,928925081,2017-04-05T09:55:15Z,2017-04-05T06:55:15Z,(GMT-03:00) America/Sao_Paulo,-10800.0,,,,3,0,0,1,0,False,True,False,False,everyone,False,,"[-25.44, -49.3]","[-25.4, -49.24]",4.231,14.7,,,False,,,False,False,955.8,899.0,1028921191.0,1028921191.0,57034de7a9d216d2a0fd52537a825cee,False,1,0,False,20232024,1,a928925081,tbgzC|i|kHYi@DEZBIN_DnAq@`@OBEDINGDk@HSJWB[N{@ROCOQOe@?]K_@Ew@EQIq@Mm@[o@Gc@@]Uk@QWUq@OUg@m@O]]cD]e@Sk@g@gB_@cACYMc@]gAMWUwAMa@q@iBQq@MYEU_@}@y@cC]u@]cAMk@g@oAI_@PSF]B]Gi@w@qAYk@SoAQg@k@iA_AsBIk@IwAG[_@}Aw@cC?q@PkB@kD@OLQKc@Ee@DQLSDUNmAD{@VaCn@mEPs@HaAAc@BYRw@fBeEH]L_@?ICIFY?IMi@I_AI_@Uo@G_@Qa@Im@M_@IgAEYQg@GKMgAs@uB]eBGQGGMc@Wc@Ga@A}@Kg@GgAIYAS?OLMr@Uv@Ox@Ur@_@NCLKDG@IEc@Q{@IOOo@i@a@Kq@[s@Gk@?k@Mu@CSKYA]IcAUc@IKUMOC_@Oc@CYDY?WI_@So@GmAW_A_@c@A{@a@s@MyBFc@D]IGQ\wA@[GMIIw@S_AMOGSO[e@FYASEGg@U[U}@oAe@c@a@YgAeAm@{@o@sB{@e@_@C{@a@yBk@i@W_@Ku@c@g@i@q@kAa@_@q@e@c@i@q@e@e@c@{@c@W[UOy@c@g@q@g@WSGKIKSa@_@Sg@KGK?KESUe@c@a@g@Wi@][u@i@wAoAWMyCqC]Sc@c@{@i@yCaDuAgAc@a@a@g@_@WKYGEOAMKoAuAk@[OOMEWR_@]q@y@[}@[q@QWOMM]o@c@k@YWGq@a@SWKUKOs@g@YOsBiBq@eAo@UcB}Ae@g@Ok@a@eA_@e@Ua@QQ]m@Y_@SOG@e@^OFM?KC[Ui@y@k@o@iBkA_@]yAoBSQi@[g@c@q@_@a@e@SKWW_@i@i@e@_@QaAuAWq@cAe@g@q@UQq@WUSm@y@i@a@[i@]O]IWKIDO?OUEQYa@_BkBk@}@[[o@w@y@k@OY@GP_@VYlAe@LABDDACGAKF]?MQc@?URg@VSzAq@jCcBxAoAxA}@AKGKBEXI`@Sx@UbAy@Pk@Gm@G_@c@u@k@u@S_@EUFQ\]~As@ZSRUl@W`@]c@NGF,2,82.2,,,False,184.6,Diego Galdino
2,Corrida ao entardecer,4043.8,1941,2144,0.0,Run,Run,3.0,Strava App,928451516,2017-04-04T22:25:02Z,2017-04-04T19:25:02Z,(GMT-03:00) America/Sao_Paulo,-10800.0,,,,2,0,0,2,0,False,False,False,False,everyone,False,,"[-25.43, -49.31]","[-25.43, -49.31]",2.083,4.4,,,False,,,False,False,903.9,894.2,1028432927.0,1028432927.0,37be509c54077c99a6d46e10098b9755,False,0,0,False,20232024,1,a928451516,ldfzCdk~kHoLjKqBDsFgLwEaE~AePyFwD}L|D{@qHuGIaE{Cd@uEfIL`@fDpA`@fJRpBMdEmFvFLfPrPfD~MXjL,2,,,,,,Diego Galdino
2,Pedalada vespertina,9135.4,2233,2427,146.9,Ride,Ride,12.0,Strava App,928360852,2017-04-04T20:41:40Z,2017-04-04T17:41:40Z,(GMT-03:00) America/Sao_Paulo,-10800.0,,,,0,0,0,1,0,False,True,False,False,everyone,False,,"[-25.4, -49.24]","[-25.44, -49.3]",4.091,14.6,,,False,,,False,False,955.8,899.0,1028339494.0,1028339494.0,3b50e08ea0a70a9826a71dc56b1aa4ba,False,0,0,False,20232024,1,a928360852,fo`zCj|okHm@m@@JFL@Jk@~@QJMJINCLFb@HV\l@BNUl@[V_An@CHDZDLLJD?ED@FNBALIJH\HLBVZb@L\l@`ALXTNAF@EGN?Ei@f@[R[HUTOFy@x@a@h@_Az@WZk@^{@~@s@`Ae@h@g@v@IRKJGJ]Pw@hAUd@@^xA`Bh@\lA`B|AzAlCtBrArApAbAv@t@pB~AfAdAtAfArAvAjAz@tAtA\d@jA~@DD@J?JENP^@HAHILCPDNr@^dAz@l@`ALHP?b@]f@CD@VJv@x@r@~@t@`@`@^d@Z~AlBPLX\RNXLRP^j@d@f@`@\jAp@`@`@zBhBhBbBjB~A`@f@JT`@Tr@f@TZl@b@l@p@dBpAd@f@VZXFRJ~@dAfA`AZb@\VLL`@NZXJP`@^`@XJTLd@DHNJZBd@^x@dAd@Zx@v@v@l@dAfAzAjA~@|@t@x@fBzAZj@JHVN`BpAt@VVLl@DhA\|B`An@^X`@rCxE`BrBZd@XRPFh@BD@Vf@RXXTVH~ARLFBD?J?VMp@MPAJFFbA\XZ^HL@XHVBjACr@D\HFA^JVB`@JD?@ED@d@n@Lr@FbADTZvABTTlAVv@LfAPb@HZCfCKl@?v@Fh@d@dBHxAXz@Xl@\lBTz@Fd@^|ADh@^xBh@|A`@~An@vBFXFl@ATSr@?DBPAH{@`B_@nAS\Kh@a@z@Gh@?l@FP@TQd@UpBQp@DZFLDTFPAFITAZQb@QTIXWhBSjAObCUdBOhBBn@Rv@Vd@FPLPJr@Rp@Zn@f@|@ZlAXh@PVb@lA^vAVpANfAPn@CVRz@?RHVF`A\n@Np@d@|AhAlEj@jCN^\r@Rh@RVDLv@nDVt@Zr@Tr@J`@\jBh@zARbAHVb@v@Xx@D^VbA~@dCVxARh@Jh@BB^Gn@U`@ETIZSZYREVM|@s@\KHKPIb@CDEFSFEX@JENKAE,2,,,,,,Diego Galdino
2,Pedalada matutina,9515.3,2509,2739,151.5,Ride,Ride,12.0,Strava App,927499717,2017-04-04T10:02:35Z,2017-04-04T07:02:35Z,(GMT-03:00) America/Sao_Paulo,-10800.0,,,,0,0,0,1,0,False,True,False,False,everyone,False,,"[-25.44, -49.3]","[-25.4, -49.24]",3.792,14.2,,,False,,,False,False,955.9,899.0,1027460895.0,1027460895.0,2359f08b4a58429c9caeaffc4f89d6b0,False,0,0,False,20232024,1,a927499717,ncgzCti|kHYGTDGGWCQLAFc@Ny@BUNUBKFEVG?MIc@J}@ZKLy@T[N]BODICEGWk@@_AEi@aCmECQEK?KDEU_AMQ?GUcBCEKe@SS?c@GMMcAECUo@Kw@WcAYeBYq@S_@QCEKWmA[iACY_@aBg@kAIo@KWGWm@eAc@eAWmABMGe@KQO]Dy@CWQMG@CBLFAD?QCEEG]Iq@eBw@yDs@sBk@kBEUAKk@mCSq@e@sAWeACQBc@Fa@Z_ELaADM\wDTwAZsCJsBF{@D[D{@HiAbAgCr@qB\kA@a@RY@GGY]}@Im@c@qA@YCMMe@EQ@QKa@]i@Ka@Wc@Qs@@]IQImASk@SeAGSA[B]SsAGSGIc@_BQ}@N[HEjAg@`AWj@W`@IDEBOW}AKa@My@w@yCAq@_@yAAWMWEYKQESe@_@q@Q_Ag@YGKDM@{@Qs@Uq@Cg@G]Ke@Ai@Os@Y}@Gu@KO?WCYIIGCIV_AG_@UOaA]a@]c@WW_@AE@[GM]Ia@Ya@s@u@eAu@m@IQQSc@]_AeAWSOGQ]_Ag@a@]k@Gc@ISAOIaAy@iAm@e@c@UIs@w@e@a@QIYk@q@q@m@Ym@g@mA}A[UMUa@a@EIm@q@e@W[a@k@i@m@MEEQMUe@QOs@_@AEKIMUYUo@u@a@Y[_@iAcAWI{@g@U[aAaA]k@[]iByAgAaAOIYc@c@e@}@s@w@c@uBaBGMUQYi@e@]U_@OKi@o@QMGMUQMQCQGGMEIUSU{AaAiAc@_AgA_CyAOWCe@@IEEIC_@Yk@SiA{@e@u@]w@AGB]CUCIMMw@e@Oy@WKIGG?ODgAg@u@RQAm@]yAgAGIYWOYOQIUmAqAq@k@UY{@c@cBuA]S_@a@]m@m@e@k@y@YWk@gAGGi@_@_@KgAs@m@o@QWkA{@WWIMyA{@g@i@Uc@s@u@Yo@KKMSk@]o@g@a@Qe@g@EOBQFMr@m@\g@NMD?NYDO@UK[AS@Gd@g@v@o@p@YVGh@Y\Kb@a@FQVWVMn@SfAcA@EKWCCBCj@UTQPEtA{@d@GAKCC@INOAIWYSMUUCEC_@Wq@QMIYEGCS?GH]PW`@]fAQ`@]b@Up@e@DAHFCMMFSRQX,2,,,,,,Diego Galdino
2,Pedalada vespertina,8819.3,1945,2191,129.7,Ride,Ride,12.0,Strava App,926938776,2017-04-03T20:40:03Z,2017-04-03T17:40:03Z,(GMT-03:00) America/Sao_Paulo,-10800.0,,,,0,0,0,1,0,False,True,False,False,everyone,False,,"[-25.4, -49.24]","[-25.44, -49.3]",4.534,13.8,,,False,,,False,False,953.6,899.0,1026884681.0,1026884681.0,81b1dba9adc6bf10653b84b64344548b,False,0,0,False,20232024,1,a926938776,dj`zCdkpkHGQBCTf@\Np@x@NZJd@R`@HV?TAJGLQROL[`@a@\g@TYFo@Vg@XW\MZQXc@VMLGDKTc@Ta@d@UPSFSTk@fBFD?FKDBEOb@_@l@g@l@QPKRADJXv@hAb@`@bAlAr@d@t@^ZVfBhB`CvBvB`CrBxA~@n@hCfCpAhANHz@x@t@dAfAfAHRDf@Ep@BZVVTNt@bAb@Tf@j@p@TT@XERHb@\j@r@t@ZPFl@XNPZTp@|@VV~A|@VT^p@b@bAb@Rr@b@zAp@~@n@zEnEjB|Av@x@z@r@VZJHJRZ^^^x@j@b@Nv@n@hA`BvArAd@\JLNDh@f@VJx@x@Zb@RLh@JXR~@vAfBlBz@fArBhBl@\\VR\j@l@P^p@j@RNVJRTl@^dA~@n@Zf@J~@XXDjA^dAb@l@d@d@TLLV^nBtCFf@FP\^TNNXRVdAp@PFj@HLPP`@b@Z|@`@THr@Lh@QHZ?VWjAFJXLb@^nAj@b@Hb@?~A`@hBPl@j@JNFRR^Bt@CTHp@Fb@l@|BHn@CJFF?PBJAFN\u@jCIJ@RZdAD`@N`@n@rCRfANfANZRT`@bAJb@VhBLNGh@J^Hh@ZxAh@dARvA@d@BJjAtB?RERe@t@Qp@Yp@S|@[Z[HKPMrAI`@AXIn@D\GbBM~@Cj@QvAEz@I^Gh@MFEHM`@G\Ap@Il@GhCGn@Mn@Sl@SDKLVxB@FJFHLL^PZb@V|@vAEx@ITDJDb@FRPnBDRVb@Xp@FHFl@Td@J|@BjABJBBN@VZJVNl@\~@ZrAn@lBt@tCAZBNZ`A\`BJ\Rd@DXZxAPNP^Fd@@`AD^x@dAV^Zr@b@~Al@dBb@xCVfAnAxC`AtCj@zANTd@H`@@f@Dt@MLId@i@NU^Wv@K\OZWVM?]FEn@CFEIM,2,,,,,,Diego Galdino
2,Pedalada matutina,9576.4,2377,2564,141.3,Ride,Ride,12.0,Strava App,926181429,2017-04-03T10:02:54Z,2017-04-03T07:02:54Z,(GMT-03:00) America/Sao_Paulo,-10800.0,,,,4,0,0,1,0,False,True,False,False,everyone,False,,"[-25.44, -49.3]","[-25.4, -49.24]",4.029,12.3,,,False,,,False,False,956.0,899.0,1026110454.0,1026110454.0,cf460b11bb7bd07e402522acd4c2dbbc,False,2,0,False,20232024,1,a926181429,ncgzC~e|kHGNQ`AYf@EBuCdAq@JeAj@_AZy@`@[Bc@a@AqDGE_AoCAGBCG?CI@KM[@QM}@gAaBCM_@y@K]E]Ok@[}@g@gA]yBQ}@S]CAW_@CSGBEEAMa@_ACKAk@aAkEGKAYa@y@Gc@c@mAG_@Ym@Ww@M}@KgAEK]OEM]qAEa@i@iAUa@o@yA]cDOaA_@sAy@mDYy@S{A@_@Fi@CUBeARcCNc@GGAODQVsBNsBj@wEj@qGHa@j@yAXiAz@{B@KAUJ[E[[k@Mg@Gk@Sg@K_AY_BMa@Se@YwCSk@OUAOSk@Eo@GMIk@Da@Ic@c@uAC]?S]eBAWXc@fDeA^GFEFQSi@OkAMq@EKGcAQqAGY?c@ISGc@Cu@c@{@CUW]UKgC]Q?a@QsAWi@Qk@E{@Ua@?iA`@i@UQOYIQOQBYO]KQYAYJu@?KCIWQoBk@YSMOK[?SDQ?ICEEG_@Mg@YYYg@y@k@[g@cAYWg@{@s@{@[MOWKEg@m@e@Y]MUUYGWKa@Ak@UUCq@YcCmBGI_@SOQ[S[[MUg@q@aAw@s@a@mAuAWS_@m@c@_@i@[Y_@UKi@o@e@a@SYc@e@a@q@cAa@gAcAkAs@i@q@{AeAo@{@]Ws@cAuCqC_@i@aAa@a@Yw@q@uA}@Y]_@[Y_@i@WoAkAmAiB_@UeAa@UUUe@a@So@s@KGg@s@}@[i@o@gAaB_@a@o@a@m@k@]Q[WU_@AM?w@CMSi@u@k@e@q@eAw@QASOc@RSFM@MAe@k@iEeDa@g@{@s@y@u@MQw@k@o@aAo@Yg@[m@k@u@]QSWq@Q]M_@y@i@a@a@]U_@Ma@WYYGQ]a@OMWGKK]g@Se@sA}@a@m@q@k@k@u@m@m@g@]SYw@g@[o@JUbAaAj@WNUHEBI?QWi@CQLWv@s@t@c@rAc@^]X]ZMV[~AeAPIXa@@ONAd@e@DGEMHARNHCTKp@k@L?BEBMASHCCCDCEKEAEDD?DJCEBGDAHb@KD?GAEDAMIFCE@CCFACBCECUU[GSCYa@w@OQIE?IEEEQDQPMFSd@g@h@STALUVSv@[\UJBHEOGEFe@F,2,,,,,,Diego Galdino
2,Corrida matutina,3344.5,1554,1601,0.0,Run,Run,2.0,Strava App,926111848,2017-04-03T08:26:45Z,2017-04-03T05:26:45Z,(GMT-03:00) America/Sao_Paulo,-10800.0,,,,1,0,0,2,0,False,False,False,False,everyone,False,,"[-25.43, -49.31]","[-25.43, -49.31]",2.152,4.1,,,False,,,False,False,902.0,897.0,1026039320.0,1026039320.0,93f8d99c75982639c25b66318a47c02a,False,0,1,False,20232024,1,a926111848,tdfzC`l~kHeNfKkBYsLiR|AaOgGiEeLrDkCmMbQEjCcEvG_@zPlR~CjMd@tK,2,,,,,,Diego Galdino
2,Corrida ao entardecer,3315.7,1609,1691,0.0,Run,Run,3.0,Strava App,925794622,2017-04-02T22:26:06Z,2017-04-02T19:26:06Z,(GMT-03:00) America/Sao_Paulo,-10800.0,,,,1,0,0,2,0,False,False,False,False,everyone,False,,"[-25.43, -49.31]","[-25.43, -49.31]",2.061,3.6,,,False,,,False,False,905.0,897.0,1025710381.0,1025710381.0,99637518d068ce736ad1ab983fded929,False,0,1,False,20232024,1,a925794622,fefzCxl~kHgNfJiCc@oEkK}EoFtBiKe@qBwEgDsLzD{BqFOgF|OClFoFxEb@hPhQ`DpM`@pK,2,,,,,,Diego Galdino
2,Pedalada matutina,8829.1,1956,2324,145.6,Ride,Ride,12.0,Strava App,923278258,2017-04-01T13:06:02Z,2017-04-01T10:06:02Z,(GMT-03:00) America/Sao_Paulo,-10800.0,,,,3,0,0,1,0,False,True,False,False,everyone,False,,"[-25.4, -49.24]","[-25.44, -49.3]",4.514,11.8,,,False,,,False,False,956.0,899.0,1023108790.0,1023108790.0,a7d2e766d1ab9d2c74da2406aad51da9,False,3,0,False,20232024,1,a923278258,rj`zCfipkHELACLCKX@Nf@nAj@|@\b@Zp@JLBFEVy@p@KVkBjAkBdBOXG@s@n@YRcB~ASJCHGDK^GLaCzC_@p@AHPNj@\v@n@hAtA~A~A|BvBn@b@l@f@dAjAz@r@XZjA|@f@f@jA|@xApAn@d@tBdB~AnBt@hAZZEx@Bj@J^T`@j@`@xBhBLBLEn@w@FAd@Nf@p@PJj@j@JT`@n@jAn@z@v@JHLDRRPJx@bANVt@p@x@bArAlAnBzAnC|Bj@l@bArAz@x@PJRFl@b@bB`B|@l@X\l@f@PJz@v@`BjB|@t@XLvA|@`@r@TT|@lAx@n@PHfAz@Tb@Z\TL`@`@fAp@j@RZT^`@z@v@t@`A^Zp@r@XN^n@^b@d@XXZx@j@TH~A`@`Br@j@PZNhAt@t@p@x@fAt@v@H^RVZl@FBVb@j@p@ZR^LT@DBRRHXPRV`@NDJHR@JDHJFBTBV?DF@JCLEHAN?XAX@PJNNJpATHJPHR@x@PjAFfAJpAVh@d@JZPv@VpCFRJJr@xBJv@Np@@b@SzAIhAL`AXvAJr@Pt@b@xA\~AN\d@zBZx@Dv@Jp@j@dBPfAP|@pAdFCVIPKt@Of@a@r@e@lAQv@KVa@~AMdBIb@An@OhAIpAI\Eh@Mv@Ab@QlAIRQx@Cz@MvAAb@Id@GtA@NKp@Eb@Dv@DRFt@HZAPVx@Fl@Jb@^v@DXHH@VT`@?LTjAHLNFPLJh@HVDHNLHd@^t@hAvDb@t@j@lA\~BZjAj@rCTfBJXLx@DLV^x@dBPx@NRj@zAR`@L\TpA~@dCNlA^tA~@|Bj@tBP~ABd@X|@t@bD~@m@NIXE^Q`Am@v@Ol@WVI`@AV[NCb@O`@[Gs@?DDJCD]?,2,,,,,,Diego Galdino
2,Pedalada matutina,9366.3,2157,2199,151.7,Ride,Ride,12.0,Strava App,923278231,2017-03-31T09:46:11Z,2017-03-31T06:46:11Z,(GMT-03:00) America/Sao_Paulo,-10800.0,,,,2,0,0,1,0,False,True,False,False,everyone,False,,"[-25.44, -49.3]","[-25.4, -49.24]",4.342,13.0,,,False,,,False,False,955.7,899.0,1023108785.0,1023108785.0,950eee338e9583222a7c7a54b5ea0dc2,False,0,0,False,20232024,1,a923278231,lcgzCzh|kHMIg@b@i@?QJWBQTSNyBn@i@REDDRI?MHO?o@TYFUAEMMQGO@YSeAYcAAMKK_@cACS@_@YcAM}@Gy@a@aA]m@G[c@eAOgA@OAQG[_@q@K[Ey@G_@EOUOM[OWO]CCAUKu@KO{@gBa@iAAGBKIUEK]c@Q]Kc@UsAMe@?u@GWWq@UW_@q@Ge@WsAS_@Ui@KwAOe@o@mAQWKYAU@e@E_@g@yASiAi@oAoAyDK{@@m@`@oDHsA@}@Ty@R{ARmCDy@b@cGJm@Nk@XyAt@cCd@mAPq@Rg@Fo@AW[qAKq@m@sASo@OUGWKiBG]a@eAOaAUw@AYBU]oA?a@Gq@MYI_@Ow@Ee@[iACQ@MFCv@WtA_@|@_@`@YBMMw@MUQm@IMIg@Oa@AgAQi@[iCMe@?[Sq@g@m@{@a@SCa@USA}@BqAW]KaAQa@GK?eAIoA[i@UkAWWEGGLq@Ds@CIKCc@Ea@Mq@OICSQ_@i@GM?GHK@G?GEEy@[_@Ug@o@a@m@KWq@cAgAoAYQKSMOSg@[a@UIKCiBw@wDgAg@QOKMOUi@SUGKa@a@qA_B_@UeAw@QWUU[M}AiAqAyAiA{@y@y@q@mAqAw@w@o@i@m@w@m@Ya@m@a@cAi@_@_@q@_@}AyAWQi@m@}A}A{BgBe@g@s@s@u@g@i@g@MGGKEYCEmBgBGEKOSSsA}@We@][g@q@k@c@[[oAm@YSe@m@i@i@gCwB_@UcCmBWYIQAGHo@C[GSi@q@a@_@m@a@UYYWIAI?QL]FE@KEs@m@}@_A_Ay@_AaAa@SQU{@u@UKiA_AIOQQo@a@UKe@i@IEE]QOSISEs@g@g@k@[c@SQe@M]MWWQ_@WYWSk@q@{@g@UYe@]AKCEKAOMMSeAgAK[QOQWSOo@q@[Wm@u@yAwAO_@?MBGX_@LM`@Y\Q@IFSA]Ui@JU\Uj@Wj@e@TMPSr@c@v@c@NKVKf@e@j@_@^_@RIHIAEHHDCTYXSJO\MvAiAF[BC?OMMIWYg@GY{@aBGW?GBGh@S^a@RI`Am@jAaAVCAGDDDEAGEKEA,2,,,,,,Diego Galdino
2,Pedalada vespertina,9127.7,1935,2228,149.6,Ride,Ride,12.0,Strava App,921292313,2017-03-30T20:20:37Z,2017-03-30T17:20:37Z,(GMT-03:00) America/Sao_Paulo,-10800.0,,,,5,0,0,1,0,False,False,False,False,everyone,False,,"[-25.4, -49.24]","[-25.44, -49.3]",4.717,13.7,,,False,,,False,False,956.0,899.0,1021056935.0,1021056935.0,287965bcbf3e04bace3e1144ba7d08e3,False,3,0,False,20232024,1,a921292313,~m`zC~{okHJN@QIHENKTO?MDUTQVGVDXNRFR`@t@@DCXSJa@LURo@ZAF@DVf@B@FTE?LHBEDf@CJ^n@Zz@NRt@vA?N[b@m@j@e@POLSTK@MHCHe@^u@x@YT}@|@qBhCIBKAD@ANAD}AfBcAtAg@h@CH@JP\\ZtAdAn@n@p@z@xBjBlH`HpCpB~@|@dAfA|BlB|AvArBvB\XDJIR?DLPD\I\?NTZ`@VpArAd@n@NBZCPCXK^EJDZThAjAPXNHp@r@jA`A`A|@r@|@^XHNN^RV^Xb@PnAt@dFxDtGjGz@jAXZl@f@l@ZdAfAv@h@jAlAd@p@z@`Ah@d@~@d@zBbB?^fAz@rAnAx@|@rAfAb@b@vAbAdEnD`B`BdA|@d@b@\Vr@\ZLdCt@bBt@h@ZVZh@f@b@p@`@v@Pf@T\d@b@~@fA|@~@PJ\@JDHTf@d@ZPl@RRLRDJARLFPADB\Or@@TBDT@XLj@b@b@DfARpBJhBVXRZ`@Rn@JlARfANt@Ph@`@vBDjAMjBBx@Hv@Rv@z@`FJZVbAPhAJd@Rh@\fAH`AFPTtAPz@p@pBPr@BRB`@ZlANdA?JGTMZQXUl@EVKdAcA|COvA_@xB?RFd@Mv@IRCZ?n@MZIj@AXI`@AXW|@Ad@Fl@EJ?t@K|@MjBQx@OhABf@Jt@LZLd@Bf@RrANh@Xf@Xz@HlAJj@j@lBJL@NFNAVDp@Xl@\b@HTn@pBR`@\vAf@lAFf@TjA|@hC\|APj@\~Af@hARl@\hBX~@bA|BR|@D`@N\P`AN\H^Rj@ZdBb@~AfAbCTp@`@`Bv@tBFJNBRKbAKf@QTOHKTOf@KhA_@VMPOPCXOLQ?KBGFAFDBFD?XUAUn@bAAEO?G?KHE?,2,,,,,,Diego Galdino
2,Corrida matutina,6225.3,2344,2356,42.5,Run,Run,3.0,Strava App,920569660,2017-03-30T11:17:36Z,2017-03-30T08:17:36Z,(GMT-03:00) America/Sao_Paulo,-10800.0,,,,17,0,0,1,0,False,False,False,False,everyone,False,,"[-25.4, -49.24]","[-25.4, -49.24]",2.656,4.2,,,False,,,False,False,948.6,903.7,1020320601.0,1020320601.0,7d55c5e8a27fcd1f60761ebe84e937d8,False,14,0,False,20232024,1,a920569660,ji`zCbkpkHAEHIALCDQH[@EDIFY\GN_@b@]Ra@^]Ti@h@c@\UJy@l@o@Z}@t@a@TIE{AqAe@k@QIUU_@SIMmAeAcAeAc@[g@i@UM_@m@]_@a@Y_@e@wA_AEIaAs@UUMW]We@g@_@UOWi@i@q@m@a@Yi@k@i@]YYUM_@]]WaCgCiA_AQ]KKa@[s@a@a@g@UOg@c@Y[CKKMKCGMWOW_@UMKCWSi@[s@u@WQi@q@qAcAQS_@g@AGhAwCFOV_@h@c@`@g@n@m@^e@d@}@HKRg@NOX_@GCUAO@APHPFB\c@]CO?DXDFDAh@c@VKt@ARBDBDAd@DFCFID_@AUDa@Ag@Hc@Bm@Ji@?i@C[Y{ASq@]m@EWEGIKWG_@JOTGd@CZQx@Y`Ac@bAOl@OXOj@Gf@@r@DTZp@RRHNBPENMPMBOAMKSYMI_@k@MKa@SIBGFOb@[n@a@rA[j@Qr@Sf@WbASh@cAtBc@f@Yb@QNMPAR@\Nf@^VLAHKRg@h@aBPWd@CNGNIXg@Vw@j@wAZ]LGNQb@[fAO^OD?FDZh@`@\b@h@HDRB|@x@\d@FNf@l@d@~@TRHB\MH?TIf@a@j@a@LEd@a@TKn@g@LA`@e@DCD@RXL\~@dBzAbCRf@n@v@lA|B\b@^r@VZdBhDX`@n@pAr@dAVh@hAhBP`@h@bAh@r@l@fA^v@NTRb@TVl@~@Xh@N^RRJNf@bAFTb@h@LXf@t@Rd@PVP\CDj@c@b@Yv@s@d@]CB@E`@M`Am@ZOhA}@NQp@a@BE,2,,,,,,Diego Galdino
2,Pedalada matutina,9509.0,2418,2557,151.9,Ride,Ride,12.0,Strava App,920496731,2017-03-30T09:59:36Z,2017-03-30T06:59:36Z,(GMT-03:00) America/Sao_Paulo,-10800.0,,,,0,0,0,1,0,False,False,False,False,everyone,False,,"[-25.44, -49.3]","[-25.4, -49.24]",3.933,13.1,,,False,,,False,False,955.9,899.0,1020245963.0,1020245963.0,ca3cf7b3224f8be489bb3a2a0c2213b7,False,0,0,False,20232024,1,a920496731,hbgzCtj|kHPFBBOE]SKBy@^oAZqAl@a@b@i@Ik@Rc@TQASSIe@A[Se@ECBa@AWEQa@qA[gBAYo@yA?Sc@wAWO?GMOWc@{@qDYaBk@yBIKCI@EcAmALAm@mBiA}AYqA@G@Iv@sBO?YQBHE?{@cBKGGQECQ_@GGYqAA]GWGq@Qc@Y][g@MQAMIu@m@sBOs@IYOWmBcGkAmDQm@SaACc@Bm@Le@Xu@@_ALiANsA`@qBFgCXoBRkA@UAm@@u@XgDPi@`@s@\y@Hm@Ta@Ls@Pg@F]FM@SHQMy@M[O{@ISMkAa@_AOUEU@e@Gy@Ie@e@u@KWOu@CSKa@GIC]GSEe@WeA?[Jk@Ea@GKUSCGKi@Qm@KaA@MFC~Bm@|Ag@NQ?Oi@eBU_@Ig@?k@]kAMWEgAMa@@WAIESIQMqAISSSq@[a@Ii@QY@w@G]Ii@SY[s@KaAWcC]S?YRSBqBi@EK?MPi@BK?QsAm@e@OQOk@}@@a@CQMI_@K][e@{@_@_@[e@GQc@u@]]a@m@a@a@Ue@WOMUYMk@MyB}@e@M[K}@m@YE[OWS[e@qAeAe@k@eAs@c@QoAcAo@m@SYc@[ISOWi@_@QWCO}@}@]WYMUEUQg@cAIIYSuBgBWg@kAoAg@Qu@k@c@SoCgCk@[OSK]KK_A{@s@]SWcAu@[u@IM[UYGa@WmAsAG?OUcA_Au@a@kAwAUe@[YMWMe@IMWQk@M[Wa@IMI[Gq@}@i@]u@m@u@s@_@c@yA{A}@u@]g@O]CMB]Qm@kAoBe@M}@i@W?e@TQBUC[Qw@w@a@WQQa@W_CoCkAoAYSOUeAw@c@QQUk@W[USUw@mAy@w@KQWS]i@_@Q_@e@}@k@_@QQSa@Ya@e@MG]GGMmA}AiB_BMk@BQNQP[LOHAZY@OGUOSgA_Am@s@]WCG@GIQ@a@Og@ASXe@^[~@g@t@Ut@e@r@q@RMn@q@JGl@o@`@UFGL@BJ~@u@hAq@b@[GJK@EQDEDANPDCFM?U@EPEDUCI[YQ]EYYSO_@MKS]IW?EBEx@}@VKRQ`@Iv@c@z@w@?FJQAEIFOA,2,,,,,,Diego Galdino
2,Pedalada matutina,9412.9,2438,2480,151.1,Ride,Ride,12.0,Strava App,919124375,2017-03-29T09:07:43Z,2017-03-29T06:07:43Z,(GMT-03:00) America/Sao_Paulo,-10800.0,,,,0,0,0,1,0,False,False,False,False,everyone,False,,"[-25.44, -49.3]","[-25.4, -49.24]",3.861,12.0,,,False,,,False,False,955.9,899.0,1018845919.0,1018845919.0,5852ab90fde75638c0377ad0567f8cd9,False,0,0,False,20232024,1,a919124375,tcgzCbi|kHIG?EMVg@HSLWX[NiCr@KHYA_Ab@m@JGJKFa@DOEKKAQIWYe@QaAGSUe@CMkAoBJaAK_@FYEOD_@C]S_@Wk@Qs@Ui@CWUq@Mq@q@uBUi@Ya@Qo@OWIUWy@S{@As@Wm@a@e@Ws@Bi@k@_AKY?WKu@[kAIk@YeAEUc@gAU[Q{@@KM]AYI[U[IW}@iBUq@e@kBS_As@{BUwAk@wBOmAQm@CUF}AXmDNaA@g@Js@F{@h@mFPmADGBMAWHc@LyAR{ADq@Xw@NQ^u@d@wBj@cBHe@Ik@c@{AOu@U{@i@qACa@Ku@Ke@KYWyAOa@Qu@M_@Q{A?UO_@Mc@a@sCUw@?UBGXUNIl@QzAk@b@[ZOBGAOY}@Ii@Qo@EU]_AKo@Mc@GgBS_AGe@Qc@Kc@QSw@]SM_@OUEc@MUKSMOAMDiAEU@e@Ao@[MBKAk@LG?aAYg@Ys@UaAKGCIKJuA?Qa@Uu@]WEMGWUWKMSIU@GJK@QMIWWw@g@[[OUYOoAaBUg@sBgCE?c@[m@U]Gy@a@YGYKKKQGo@Oo@UYi@Ic@ECUM_@c@ME_@WUISOs@w@q@k@IO]Y[[UOm@[gBmAgA}AYKo@i@GCIKQIu@w@c@i@[o@KKi@a@KMeBy@c@c@q@e@kBgBc@k@qAkAa@k@iCyBqAmAqCuBcAy@W_@kA}@Wi@WMu@q@u@k@S_@k@a@EG?IGKiAy@c@W_BgAY[g@s@QKaBwA_B_BYQc@_@UW[i@AQBq@ASGSa@i@q@]{@w@u@c@MAG@SPQFMGWa@aAeAs@eAwAw@a@K}AeAUGCKOQoAmAY[YUSi@qA}@u@q@MUQSO[a@e@MGe@_@UISUYUi@SWO_@a@WSMW[[e@{@k@_@_@g@YUKQOKIA}@m@QKGO?S@G`@_@h@o@NKBE?OQe@eB{ACCEWe@_@QWAGA]Ou@DUhAu@l@[TUhAs@\Yf@MXSlAaAJM^Y\]b@Qd@[^a@f@SPMJ@@IEIBMDOLE@ECKMYYWEOBOAISQQa@a@o@C[@GN[VOTWHQ`@OT?FCZYJSr@WJIPH@JE@JAD@GAEKSFGJ]R,2,,,,,,Diego Galdino
2,Pedalada vespertina,9008.4,1906,2165,147.9,Ride,Ride,12.0,Strava App,918606890,2017-03-28T20:23:05Z,2017-03-28T17:23:05Z,(GMT-03:00) America/Sao_Paulo,-10800.0,,,,9,0,0,1,0,False,False,False,False,everyone,False,,"[-25.4, -49.24]","[-25.44, -49.3]",4.726,12.8,,,False,,,False,False,955.8,899.0,1018315152.0,1018315152.0,5ead13cb216be02db2143b557ac6ea30,False,9,0,False,20232024,1,a918606890,fn`zCb}okHFKCEa@NYBGZITSZDZDRf@z@@PERSVkAz@IPBTXb@@EBNBABVERL^f@|@Rl@Vd@`@r@LFHNECs@Tc@Vg@^KHIP_@XiA~@sCpCmA`BCHq@|@_@^cArAoAnBAL?JPZRTLHTRZTv@t@v@l@rApAlDtCnApAvArA`B`BpC`Cj@^tC~Bx@x@jApAnAfANPAPNVHX?d@FP`@\`A~Aj@f@LJZ@FAVWFCHCPBb@d@vAbAPTx@f@FFVd@`A~@z@bAZTTXFBn@v@`BtA|CvBtBpBV`@`An@zAtAl@b@fAjAZRt@v@ZLZZF@NPf@Xl@d@~@rAVRpAtAXRJP\PbBrAf@f@RPXb@v@n@JLt@f@TH~BdBt@|@dAv@v@bAhAfAf@p@XXdBzA`@Th@n@b@ZfA`AdAb@dBl@lChAf@Xx@|@jAbBl@d@nAhBt@z@p@j@h@D?DCFBFH@RNNZJHPZ\Ld@LLJb@@RF@DAR@LMjABNDFv@Nd@B~@^f@Lr@FPERJ`@DPH`@DNHd@HPHp@dALd@FtAVt@Ld@LXNt@LVAJL`@?t@En@G^_@jA`@jATz@Lx@`@lBh@`DJ^H|@|@bDDZHN@JTt@h@fCVz@Tn@z@rDJr@Cr@QbAQf@Q\UZM`@c@r@c@tAWnAM`BITMfCIRMxAO`AG|AIl@@PGt@Eh@I\E`@UrAIlAGd@@VCTDj@Nz@T|@P\Jn@J`@Xl@Pt@DHJz@HTd@nAj@hBj@x@Fj@Ph@Hn@Dl@DZ?p@D`@j@hBB\Pl@TZRn@RZPn@JRb@rATz@TtARn@TbANTTT`@hA~@vAPZz@hEPtAXnABXTj@^p@Tv@tArDPt@r@`ELb@F^BDHBLATBNCJEDG`@Sj@W`@YPAx@]hAYXOZAb@SJDDGRO,2,,,,,,Diego Galdino
2,Pedalada matutina,9429.9,2445,2561,152.2,Ride,Ride,12.0,Strava App,917742397,2017-03-28T09:59:19Z,2017-03-28T06:59:19Z,(GMT-03:00) America/Sao_Paulo,-10800.0,,,,1,0,0,1,0,False,False,False,False,everyone,False,,"[-25.44, -49.3]","[-25.4, -49.24]",3.857,12.6,,,False,,,False,False,956.0,899.0,1017438892.0,1017438892.0,f61800840fcf9c0b7143abf6dde20e37,False,0,0,False,20232024,1,a917742397,zbgzCvi|kHDBAGJHSUw@Vi@FSHu@b@INMIMJmAn@o@Pi@d@m@Hc@Q?[SiAGq@Mk@KIAGMy@Wk@s@sB@QUeA_@iAK{@Q]k@o@Km@Yk@Ba@Ce@GO[g@MGa@aAIa@Aa@Y_AQUWu@Ea@Da@Oe@Qc@u@y@O[G[@YHS?OOi@Yg@[[_@g@Ag@M]C]Mi@C[_@mABUCSGEISg@q@M]e@m@Ia@Q[s@kB_@kACeAMi@Wu@m@{Ae@cCs@wBCi@DiARgAHSR{ALe@Do@Cc@@KRk@`@cFf@kDA}@FwAFe@Rw@BWLc@b@q@h@wALy@XqAPe@Js@E_@U}@Iq@c@}AEc@GUYg@Gg@MUAe@Om@M]Cg@EUW_@_@_AEq@KQM}@Oa@Qy@Gi@M[Ki@@e@Gu@EOBSFKf@UpDcATO@Gg@}BEe@Qa@Mq@[gAEWAeAOcAc@u@Cw@Mk@QOUKk@I{Be@k@WsAa@u@Ie@Ka@D_@Hy@E_@Kg@Ey@WS@c@OGOHYN{@AQOG{A[s@i@KQSm@AID[EIaA[IIq@y@aA{@]a@c@{@}@eAKSQOe@_AUEUMq@UUCu@]gAQ_@SeBm@SKc@m@w@u@g@u@g@e@iA}A{AeAm@y@}@m@o@m@SYy@w@gBkAs@y@}AoAWUU_@SOs@mAqBuAIM_D}C{@k@}AoAo@q@i@[m@k@q@i@gAmAo@g@UYk@Yy@gAk@i@{@k@k@g@k@e@]a@a@[m@w@aAq@UC]SkCcCaBoBU_@M]cBmAaA{@@KLKFI@KAOS[}@{@[e@y@_@g@]Q?WNQDUAYOeAgA{@q@OG]e@wAmAkAkAaCcBWM}BaC}@y@i@k@Yc@_@Wq@w@k@]s@q@g@s@g@[y@o@g@q@{@q@q@aAqA_AEUTW`@s@X]BK@SOUg@]o@_AYQIKOMCSIQBi@Q{@BGl@w@l@[\MNSn@STU`Ao@f@Ux@m@x@w@xAy@DIrA_ATIWCJDPI@MAULS_@u@KKCO@UEQ[o@[a@I[PMJOj@a@\OZGl@]|@u@RK?G@NAUMFQP,2,,,,,,Diego Galdino
2,Pedalada vespertina,8774.8,1895,2119,134.7,Ride,Ride,12.0,Strava App,917190109,2017-03-27T20:30:15Z,2017-03-27T17:30:15Z,(GMT-03:00) America/Sao_Paulo,-10800.0,,,,0,0,0,1,0,False,False,False,False,everyone,False,,"[-25.4, -49.24]","[-25.44, -49.3]",4.631,11.0,,,False,,,False,False,955.9,899.0,1016872624.0,1016872624.0,da7f03884aaded417f629654dda0712f,False,0,0,False,20232024,1,a917190109,lk`zCxhpkHIFQZ?HFJJn@FPNVJ@FD~@nBJPJFANo@`@]JYVg@j@ULuC`CaB`B_@h@m@n@iAtAYf@EPuAvA]b@KX?NLXbA`AvAjA\f@AFDDZP`ClBzCtCbAhAVRTXj@TBNLFNDz@l@tExE^VdA`Az@n@^^`AjA~@t@BH@RHRA`@HVhAnAZh@RT@FNVNNJDj@HLKNQN@t@`@p@f@h@f@XLFJjAjA~AvA~@r@NPTXBNRb@BNLPh@ZVLhCbBjDnCn@n@~@v@zB|Bb@X^d@p@n@Z`@ZJDHlA|@T\Z\d@\b@VNTR\j@f@RJTVVP\^pBnAf@z@RHNBLJT`@XRhEjEh@`@f@f@bAv@p@p@ZT\d@VVx@n@j@`@v@z@nAx@V^ZZNHl@T~Bl@jA^dAd@`Aj@t@`AZh@Th@Lx@\\jAdA\^tA~@JBFCALGT?PNPj@Vb@Hv@Tj@HXJFH@DMVQ~@Bf@JLtBl@rAVxAH~@@x@JVANDb@j@Rt@FvAN~@t@xBR~@Fr@?r@IhACj@H`BLbAlAjGdBnGDp@EF?Fd@bCv@`CN\TdA^dAH`@HVHh@AL[jAa@x@]`AAHIL@HGPYp@YnBa@zAMfAEfAGd@EdAEP?TDb@]v@Or@Aj@Gn@Er@UpBStCUzAAV@`@Jh@HV`@`BN\Fz@BLr@bC~@dCVfABXFPRb@V^Rh@nAxFN\`@`BZr@XbAPx@JXn@fCDZ\xAb@fALf@Jx@\~A^lALXh@r@NZRt@Pf@TzATl@Nj@b@|@x@vCtAvCl@vC`@nA@V`@FREj@M\K|@i@j@@hAm@f@Qh@]JS?GBCLCHDBFD@LGLA?MJM,2,,,,,,Diego Galdino
2,Pedalada matutina,9456.3,2456,2541,157.3,Ride,Ride,12.0,Strava App,916429477,2017-03-27T09:43:30Z,2017-03-27T06:43:30Z,(GMT-03:00) America/Sao_Paulo,-10800.0,,,,0,0,0,1,0,False,False,False,False,everyone,False,,"[-25.44, -49.3]","[-25.4, -49.24]",3.85,8.7,,,False,,,False,False,956.0,899.0,1016094806.0,1016094806.0,a74c7b6f67562eed16946a38d6a76435,False,0,0,False,20232024,1,a916429477,pcgzCtj|kHPE_AEKDWX[Nw@Tu@Zs@Ne@PU@WCI@u@PUPIB[_@s@sBU_@EMMSEo@Su@?]y@{BA[Ki@O[@M_@wBCOOYEW_@wAa@}@WaAe@{@Sk@S]Ia@SSOYEk@GOQy@IYEk@]wAYy@U_@a@yACc@Kc@BKC]OYQOE]IMUs@[i@Ic@Ug@K]IaAQk@UqBk@_BOW_@eAIe@WaAa@mA[o@I[Wi@GYqAaDCY@YDIPkAFUFgAr@iFX}AB_AZkDT}AJ_BTuCf@wAhAsCT_AJYNu@?GYaASkAk@{BGMW[Bg@CYEMA[MQUw@Ue@SkAISEe@Mm@O]K_@c@iCD]AiAIk@Sk@COBMDEf@MPMTK`Cu@JMFUOm@W_BIWKOKw@Q]AGD]CYGWCk@Ok@AMM]Ge@MYIm@K[KKQEUE]@mAMm@Sa@U[GY@{@GqBYg@CmB]S@c@GcASOIKM?I@UT}@AKc@a@gA_@Uc@]_@Ia@a@Y[KGE][IOUQYa@SOKQMK?KCCQE]]e@_@U_@KYu@}@QYQQo@Yo@g@gAYs@a@k@SoA[yAkAU[Qc@YW_@c@iCqBg@i@GES@Q]i@]QWGUIOMKMYYW[OUSQ_@QKS?[KUYUOIOa@]OSQIYGMMAGKGOa@aB}Cw@S}@g@OE]SEEAMQIKOa@Oe@[k@i@e@WkAuAy@q@IQe@k@gA{@]a@GOg@_@q@s@MEKIWGoAaAe@_AIIIO_@Uk@SYYSSCSEEQk@EEOEU[?EWO}@SWMk@c@s@[kAcAg@u@mBkBMYo@aAUi@IEm@s@K[Aq@iAk@cAo@MMu@qAGAWH[ZGBOE{@{@]e@KIe@QGOk@m@ICSS_B}@Uc@KGOKYASKO[ESOY]g@a@_@_@UIMe@c@]MKOQCg@e@WKQUWg@EAS[EMc@g@WUc@QCEEEUK}@o@EKCYSW]YIQIKwAmA_@WKQIQKMYQ}@[KMCQFMVSZe@f@YDG?ECKMUs@q@YSe@q@KIYGMIIYDQ?GFc@Mm@DKTUL[PS^Y|@m@XOJKf@K^WZMl@a@`BsANGBEAIMMXIHAr@[|AcADAJDJEBIA]HQOQYMCIIIMi@Aa@Ka@IM[OGOGWFk@@GLKRG^Et@YrBgARIF?AEFGGCKBKCQJ,2,,,,,,Diego Galdino
2,Pedalada noturna,8434.6,1534,1649,90.1,Ride,Ride,12.0,Strava App,913100216,2017-03-25T01:29:37Z,2017-03-24T22:29:37Z,(GMT-03:00) America/Sao_Paulo,-10800.0,,,,29,0,0,1,0,False,False,False,False,everyone,False,,"[-25.44, -49.36]","[-25.44, -49.3]",5.498,12.3,,,False,,,False,False,965.7,897.0,1012633935.0,1012633935.0,0f6ac933b8d77f3bbdebbca718187083,False,28,0,False,20232024,1,a913100216,rqhzC~hhlHE?WPI@gGh@mCPs@HqAF}BRiDRg@J_AHoETmCTaBHkMdA{ABg@Ee@IcB_A{@m@_BmAiAaAi@g@_@q@WiAIk@UmDc@{E]wFCgASoBO{Da@kH_@wIImAUoCWqEi@cMDqAEmDDaC@{EHiJDw@AsCDeFF{AJiLAkDBiINqLBuGDuBDe@?cCBmB@cCDwAAkBD}IJaFVcFZeFFqB@cACo@KcAk@_Dk@iCeBoJGk@IwABkBH{@Ly@XgAX_AJMXQb@o@VkA^iALk@^q@Tw@~@wDj@_BXe@b@OVCt@FbBZ`BTPNJAVB\@~@Md@M`Ao@nAiAdAoAh@e@DK?ICGkAsAcAwAYWGKSUc@q@e@e@iA}AQWIYUWCKBMv@aADICIUMAEAeABiACq@@qAF_A?eABULi@C_@BGd@STUX[?MLMTOnAmA`@s@T[HYASWkA_@kAWcA_@aAk@}BQiAc@mA@q@b@@p@QD@d@Ex@i@~@]lAy@b@MVCZKTEROAK,2,,,,,,Diego Galdino
2,Pedalada noturna,20.1,10,1395,0.0,Ride,Ride,10.0,Strava App,913086006,2017-03-25T01:28:57Z,2017-03-24T22:28:57Z,(GMT-03:00) America/Sao_Paulo,-10800.0,,,,0,0,0,1,0,False,False,False,False,everyone,False,,"[-25.44, -49.36]","[-25.44, -49.36]",2.01,1.1,,,False,,,False,False,954.4,954.2,1012619227.0,1012619227.0,3e9e83df5c9268304705c846d1ed3dab,False,0,0,False,20232024,1,a913086006,tphzCbihlHZA,2,,,,,,Diego Galdino
2,Pedalada ao entardecer,6927.3,1468,1927,83.8,Ride,Ride,12.0,Strava App,912957488,2017-03-24T21:50:52Z,2017-03-24T18:50:52Z,(GMT-03:00) America/Sao_Paulo,-10800.0,,,,71,0,0,1,0,False,False,False,False,everyone,False,,"[-25.44, -49.3]","[-25.45, -49.36]",4.719,11.8,,,False,,,False,False,963.7,895.0,1012487615.0,1012487615.0,efeee8a6508f6ed0c7c30c9352047039,False,71,0,False,20232024,1,a912957488,jcgzC`j|kHMCOMOCIFa@HUL[HkBz@W^W@eA\a@Dg@NOHGJA^r@dD`@lAT|@T\Zt@Lb@Fb@n@~Bt@tAbAtDZdAb@bA?LIh@VdAh@dBr@rAhAzCb@vAPt@RhB?n@F|@?bAEvAA|AB|DDdAZx@Xh@p@n@hB~BZh@JTVx@B~@KfBAtAER?x@Ej@BZAF@LKf@?ROb@g@j@WDyA`@YB_@Jq@ZWNUV[n@KTMn@Sf@Ch@@LPl@LrAJVDP@VL^^dC?|BIhA_@`Bm@hDIn@Er@EPWr@Qt@k@lBG~AYpBSz@AV@v@Fj@@dABj@Rn@HNf@b@BLt@h@dApA^^NH`@bAd@v@TXH^@TDFLZPl@Jf@^z@FZJVF\Vt@p@bDNf@\x@Hl@^bAd@|B`A`DRxAZ|AR`CBxAHrADpAXdCHnALd@At@Fl@DTH~@J`@D`@HVFj@NtBJr@@`AP`B@\Ex@Nx@Dd@Jr@?^WREHM\Gb@@TF^?`@Hb@Al@HNZ`@HTTjDHbEHnALpAj@`Ch@dBt@bBhApBj@x@b@`@nAdAtBtA|@b@PPD^MTK^q@dAUTQXCNLFLTl@JrAf@~AZbDdAXAF@GLw@Bm@A}AXMHSD[BaALWNMPYlBKVGh@?|@D~ABHLDN@NB^Cd@AlAZHU,2,,,,,,Diego Galdino
2,Pedalada no almoço,5828.3,668,2165,0.0,Ride,Ride,12.0,Strava App,912582502,2017-03-24T15:40:58Z,2017-03-24T12:40:58Z,(GMT-03:00) America/Sao_Paulo,-10800.0,,,,0,0,0,1,0,False,False,False,False,everyone,False,,"[-25.4, -49.24]","[-25.44, -49.3]",8.725,4.7,,,False,,,False,False,943.5,902.7,1012102453.0,1012102453.0,ef3c2c22fa819c872fba6bafc7e6dc2e,False,0,0,False,20232024,1,a912582502,|k`zCpmpkHZjAdiCnhDANhYx}Bno@lqATK,2,,,,,,Diego Galdino
2,Pedalada matutina,9390.9,2102,2272,156.6,Ride,Ride,12.0,Strava App,912269235,2017-03-24T09:53:51Z,2017-03-24T06:53:51Z,(GMT-03:00) America/Sao_Paulo,-10800.0,,,,6,0,0,1,0,False,False,False,False,everyone,False,,"[-25.44, -49.3]","[-25.4, -49.24]",4.468,14.7,,,False,,,False,False,955.9,899.0,1011777061.0,1011777061.0,41d070ba1bf8f156fb2fa4679b1cbf5a,False,4,0,False,20232024,1,a912269235,rdgzC~k|kHISE[BDGBECODKMi@@SFg@VYD[Rm@HqA`@OCQH[VQHGCS@g@XGEM_@Gg@U{@QgAWy@Qa@CQDWA]Mg@m@qAIm@GUGa@Ww@S[kAwBASDi@EIMGKQEYEK?SSWScAWe@Mu@w@gBQ}@Mi@k@eAc@eAE}@@e@Ka@Oa@EWe@s@?[KMMa@a@s@McAm@wAUeASSISQqAm@aAEM[_CMi@oA_DAYQi@u@qAM]k@iCAS@a@Rk@F]Z}CDy@Ck@B]ViAF_@@q@Hg@@g@Hy@?[C[NuAH_@`@}@Lw@NiBVwAb@yA^eA^yAPa@Lq@AIESQeAi@sBQk@UcAO[MqAWgAIo@A_@[o@QUK}@Ww@Is@_@mAKu@CW?m@Q}AJQFEx@]fCu@RKDKKw@Qs@]cAIm@GKIGCGMm@Ok@@{@e@uCISEYOg@IOGEoBk@g@?g@EqDw@e@?mAQ}AESEOQSIQEY?KUCg@Ie@?KDOC_@IEUCkAG_@Ss@cAEg@o@a@a@[sAyAOIQWQa@SQgAsAMEMOEC_@g@e@g@]Qk@Mc@]}@]WMa@Ie@]k@Q]Uc@Q[]]i@e@c@KOo@_@g@c@cAu@wBwBi@[MKIOQ_@SSAMFu@CEqAUYAOCa@Ae@I[Oq@eAo@kDGMoCo@{@w@SWOG_@_@KQOMG_@o@o@wAu@i@Us@y@aB}Aw@}@_@q@g@g@c@[m@m@u@_@u@k@oAs@i@e@KC_@Ww@y@IQEUi@_A_@QyAc@m@i@s@{@[WYu@i@w@}@s@}@aAyAuA]Ym@a@Gs@GYeAsBuA{@g@b@]K}AsAm@_@uAqAgAo@sBcBS_@SOi@o@qAk@eA{@SS[e@UWcA{@g@o@o@[UQGKa@YOSUIaAs@KQUQSUS_@g@q@MKMSe@[UUWMs@{@?a@FODIj@k@T[JSCKMWOa@s@y@O[y@y@KE_@c@CIBe@?KKe@?KBMLUHI`@Wx@q@pBsAn@Uv@SjAo@RMPS`Aw@^Wf@Sb@]XJBKKo@?e@i@k@Eg@}@uAEMRk@P]VQ`@Ml@i@d@Wf@UZKZU,2,,,,,,Diego Galdino
2,Pedalada vespertina,8750.1,1741,2015,137.8,Ride,Ride,12.0,Strava App,911747764,2017-03-23T20:13:53Z,2017-03-23T17:13:53Z,(GMT-03:00) America/Sao_Paulo,-10800.0,,,,19,0,0,1,0,False,False,False,False,everyone,False,,"[-25.4, -49.24]","[-25.44, -49.3]",5.026,12.4,,,False,,,False,False,955.8,899.0,1011237960.0,1011237960.0,fa5fcb834e4a834abe93342f501ff30e,False,0,0,False,20232024,1,a911747764,pj`zCdkpkHEPFZd@l@FN\d@HRj@t@PHBNGIENCBi@LKFc@b@EJmDdCiAhAsBdCa@h@STMR[^s@~@WRDDAFGBW\_A`A@PFJlB`Bx@x@x@bA~ChCtCfCxAdA~DzDrBdBz@l@j@l@p@f@tDpDl@f@BVJPDLAFSj@APDRJRtAn@TTh@t@f@LPCFCVYHAHBp@n@t@`@TRTVHT`Av@r@t@tAfAr@`AVl@Nd@R\nBjA~Ax@r@b@jCrBxBrBlBbB^T\^n@|@j@f@VNTPVLVTj@l@HRf@ZNNb@NVt@JNj@`@RTXVvAz@n@f@f@h@Vh@ZZTPv@d@l@l@L@JDb@x@f@b@NJj@Xb@TXTb@l@pBnB|@jA^\~@f@NNf@x@`@^x@f@h@d@bF`BlCjApBnCfAdB`@d@RXz@|@n@Zv@LHNBZR\`@^`@J`@BHHNBLDR`@BH?TELCLGT?FJVb@Rv@VpALZF`BPb@L`@?`ARPJn@`AJ`@AfARbBTx@n@rA`@`B@Zc@pCX`C~@fERxADLDz@Hf@Xx@j@jBHv@RfAB\Jr@HXFFb@lAbAzDHp@AZWzAk@|@W|@IP_@hAG^OdBKf@Cd@M`@Kp@?b@@JKn@Gl@DvAIPOdASb@Qx@?~AEv@k@`E@f@IxAFr@Nt@FRLr@b@fAFZ?N^p@N`@Z`Bf@jAHp@DHFb@Zn@Lj@|@tCPjANj@ZhBf@lA\\LTPt@Hr@d@dAVr@Fl@Dz@Jf@P\`@b@Rh@RfADt@j@~Bd@hC\z@BVPf@Hd@r@jAJVLd@\z@XjA\bA\zAvAbDHf@?h@LBNMDCr@G~@Ux@s@T@dA[x@_@`@[RIDMLEPBNKHA,2,,,,,,Diego Galdino
2,Corrida matutina,11477.6,3666,3828,71.3,Run,Run,2.0,Strava App,911162298,2017-03-23T11:16:00Z,2017-03-23T08:16:00Z,(GMT-03:00) America/Sao_Paulo,-10800.0,,,,7,0,0,1,0,False,False,False,False,everyone,False,,"[-25.4, -49.24]","[-25.4, -49.24]",3.131,8.4,,,False,,,False,False,942.1,892.0,1010639882.0,1010639882.0,5a178237f2d7a64356a3eb963633211b,False,3,0,False,20232024,1,a911162298,zi`zC|kpkH@Eb@ZBVJTPRLFn@`AFPR\f@pANLN^\h@FRp@p@D?EED?BDR`@@Pb@x@HTRRb@l@Tl@`AdBJJDCXdALn@FDd@YV[nAaAp@{@bBeAl@e@d@i@\{@PmA@]V{@Xi@?IZ]VQnAc@|@OzCIl@QvAS`B_@|Ag@HAXL|@IlCe@f@Mt@Ex@B~@ZvAz@`@LNLlAb@RPlAn@jAb@lCr@d@Xj@RzANfA^RBRCXD~@\bANhAXtC~@n@\`Ax@vAjAnApAl@Xz@|@`@n@jBrAxAvAZNf@`@VH\Zt@\^Xx@ZvA~@PBRJh@h@d@T|@Zr@HjDNTB|@VpBF\FdA?jALlA@t@Hn@G~ALb@VZX~@f@NXp@p@b@h@Zj@X^PFHLb@Z\LvAXpARr@Rf@X|C\r@FHJPFPNz@VfBnA`@b@x@lALVVx@T`@AHXVCOKp@@|@F^AFIBAFGh@A^JbBBt@ATF`@[JeB~AeD~AARX|AZx@BFH@p@U^GVMlA]t@g@Dc@I_@Ag@F{@FcB@eCCk@DsAEgBBy@Dg@KiA?c@EgABwBC{BCGPWFUEkC@gCLmDIy@Ak@S_BMcD?u@Dg@CaA@u@Eg@CKCk@ASBUGkB@gAI_BBaAE_BJ_A?qAKw@Ym@U{@_@aAu@sASs@Gi@Sk@_@s@Wy@EQ?c@Uy@o@gA[oAKUUYEAw@`@i@j@WL[l@k@j@c@l@URKPALQFu@z@mAt@sAj@SLg@h@c@JqAj@aBz@e@LuEpBQDyAx@k@RcE~@OJwCl@[@MH_@BYBICKDW@CDD?_B_@{BeAk@e@Q@EC?EABMASWQCg@a@aAm@o@k@g@SwAqAa@UOUc@]}@}@g@Q_AOw@?_AP[R{@\iAt@w@b@c@PuBnAGDIP@D_@Bi@X{@\uBp@qABSGqBUyA_@q@G_Be@oB_@gAM[BEDO?UMm@OqACo@FYCgCRuCHo@CkA@kAGaB@eCNi@NcAh@aA|@KBYRuBnBa@@[f@Ob@MFKXaAvAcAtBw@rAeApAc@ZMD]YKGUWUa@Me@Ug@gAaBUq@m@k@Oi@u@kAM]q@eAWSKOaAyB]k@O]EC?OTU,2,,,,,,Diego Galdino
2,Pedalada matutina,8832.9,1908,1994,140.9,Ride,Ride,12.0,Strava App,911062190,2017-03-23T10:02:15Z,2017-03-23T07:02:15Z,(GMT-03:00) America/Sao_Paulo,-10800.0,,,,24,1,0,1,0,False,False,False,False,everyone,False,,"[-25.44, -49.3]","[-25.4, -49.24]",4.629,11.6,,,False,,,False,False,955.9,899.0,1010538178.0,1010538178.0,3e21fbaf8c941d235dddd9575e356885,False,11,0,False,20232024,1,a911062190,tcgzC`i|kHm@_@JF@DGVON_@?[FSN[LK@OJMBSHe@BUHa@R]XgAb@YBCDG@MKQo@C]Mi@Qg@Q[MOMMUeAH_@EOKGIIIc@u@qAC[ESYq@_@aBUaB{@sCCUOWKk@AQGUW]I]]y@Su@We@[aAGa@Ca@m@oBw@iBWa@Mg@Dc@Q[CG?Ui@gAE[[m@ASAk@Ug@_@gAUaAM[Km@]yASm@e@eB]y@Oc@UoAQg@[sAW_Ae@iBAm@@]Lq@ZkDXoBRy@NkCVeBCeAPs@LqCR_ADcAFSb@}@f@uAH_@b@qAXiA@IJWESMWQk@WsAQe@WcAKWA]CGQUCGAu@E]K]Ia@KW]gBKUGy@q@wBc@kCBi@_@yA@Sb@[vBw@`@Sn@m@J]Iu@Wm@S[Us@Qu@ECQc@EYC_AQo@Gm@Bc@EUIKIa@OUQI]Eo@Ki@Ua@Em@Oi@E[OwAMWGa@?eAMWG]Si@KQ@m@K[BM?OGEGCOJq@Ds@yAYQI[[q@oAI_@EEm@S]UKMk@_Am@o@EGE[OYcAuAa@q@OMYg@}@a@m@g@iBo@g@M_Ac@e@MQCUQ}@cA[Sq@Ye@c@Wc@s@y@_BqAu@y@s@i@_AeAGCU_@OQa@WKOUIICs@A_@WWUWe@MMSq@a@[MO[Qc@e@UOW_@c@i@iA_ASKc@]MQKES[o@k@QMe@Um@m@w@k@o@m@Y_@a@Yc@i@i@OYe@m@g@aAgAm@k@Q{@IMy@e@QOQG_@[OQc@Ug@_@SIEECK@GNMHODSGWCs@BIXk@b@k@NKBG?WUy@]e@a@w@gBkCgBeCmCyEa@q@EO{@qAo@}@MKKYu@o@Wm@cAgBO_@Ss@C[Ik@Ww@k@e@WOIKc@]_@Wa@U_Aw@k@[GKSMe@k@Mi@Cq@EY?[BI?MGs@GQG[S_@ES{@gAm@_ASi@k@gA{@mAAWGOW]]o@cA_BwAkCSWUe@_@i@Ue@Wa@@MFMAEc@u@KWCWU_@QOEOKKKUCIBUFIXO\KbAs@ZMRMPY^_@ZOLJIDIJ,2,,,,,,Diego Galdino
2,Pedalada ao entardecer,8900.0,1735,1735,0.0,Ride,Ride,12.0,,910566324,2017-03-22T20:50:38Z,2017-03-22T17:50:38Z,(GMT-03:00) America/Sao_Paulo,-10800.0,,,,0,1,0,1,0,False,False,True,False,everyone,False,,[],[],5.13,0.0,,,False,,,False,False,,,,,,False,0,0,False,20232024,1,a910566324,,2,,,,,,Diego Galdino
2,Corrida matutina,4554.8,1641,1692,34.7,Run,Run,3.0,Strava App,909919428,2017-03-22T11:08:15Z,2017-03-22T08:08:15Z,(GMT-03:00) America/Sao_Paulo,-10800.0,,,,5,0,0,1,0,False,False,False,False,everyone,False,,"[-25.4, -49.24]","[-25.4, -49.24]",2.776,4.7,,,False,,,False,False,948.3,906.3,1009361650.0,1009361650.0,cc51338bd7acc7dbc14dca144066f297,False,3,0,False,20232024,1,a909919428,nm`zCvbpkHBHILGBKZWDw@t@_@VEF?LR\Lf@?DgAbAc@ZSVa@Zu@f@EJEAMD{@h@KLYP_@ZG@_@XODQNaAh@c@`@ECq@c@}@y@i@_@U[g@_@[[_BuAQIe@i@s@q@a@s@mBiAaB_BQ]o@g@_@c@e@]q@s@GMy@i@WIi@c@c@k@QQKSOEKGe@i@UQUUOMCGWMSUOSKKECG@YS[g@i@a@OQ_@UWYQYOOc@YQWMKMIm@g@s@y@KGGA[[]Sg@i@]WsBmBa@YIMOGQ[OEUS]m@@IJODYPa@Ts@d@_APQ\M`@_@@GBEPWVWt@iA`@_ALI`@i@`@Ul@C|@@VAHENU@WLg@?QESG_A?QD]Ri@B]KmASc@?EFCN@RRLDV?rAPL?`@JV@XDv@PNFV?d@N\@h@JT\R@LF\\JVJHTf@\f@\t@Xb@r@~AxArCnBvCh@bA^f@HPPT\n@P`@h@v@d@fAj@fAn@bAT`@RTHV\l@FRjA`BTr@Vd@JLXh@~@vAZz@NVr@x@j@dAVZ@LTb@x@tARRNZV\r@`B@RR\b@b@^p@LLBFRTFDF?RM?E,2,,,,,,Diego Galdino
2,Pedalada matutina,8792.6,2002,2056,150.1,Ride,Ride,12.0,Strava App,909786093,2017-03-22T08:02:14Z,2017-03-22T05:02:14Z,(GMT-03:00) America/Sao_Paulo,-10800.0,,,,9,0,0,1,0,False,False,False,False,everyone,False,,"[-25.44, -49.3]","[-25.4, -49.24]",4.392,12.3,,,False,,,False,False,955.9,899.0,1009220937.0,1009220937.0,5c6a2fe530ee90f4aecae10f4e5418dc,False,1,0,False,20232024,1,a909786093,jcgzCxi|kHE[CHIBGFQD_@NQ@]R[@QLcAd@UPKDyAVQJSFg@BODG?OKM[B]@cAKe@KWa@_@C[K[?IDK?GMu@]e@KWCUMWCUSs@QcA[]QYq@cBSq@_@s@Ou@Oe@?WKy@Ke@Q]Qe@o@iCe@_ASiAKe@Ec@IWU]Su@Gg@Qq@Uo@m@cAGi@WaAGu@Og@a@_AOg@Yi@Ys@Kc@[kBy@aD]oAe@qAu@qCg@_BC[L}BTqCJeAJo@?MHg@@WNkARcDhAeLx@{Bx@mBd@qAH]?KEWo@{BGm@Us@EYGOGi@Aq@OoAEO[q@SY_@sAQeASs@e@}D[gA]{A@QFEdAc@lA[nAg@FIJYEWMuA[qA}@cBOa@AWB[I{@WmAIu@GOS]GCYKQA_A_@q@Qy@Oy@Wa@Ga@KgBSa@Ka@E[Ie@Eo@BwAWMWAK@YNk@?KEIOKeB_@]Ws@}@?GLE@OEGSCc@Wg@e@eB{Bi@g@QUaCgDgCyAoA[u@_@g@Gw@SGEa@_@KEmBiBg@m@Yc@Oe@aAc@}@k@gBgBWe@g@i@IOi@e@EIUQY]i@[WUQYk@i@QW]_@e@YeB}Aa@YUM]IKGm@s@w@s@m@q@s@q@[]eB}Ai@a@e@i@c@[kAeA_AgA{AkAm@}@_@ISOq@y@sB{BCIBITWJQ?GIe@Ss@FMh@YROJOBO@QCm@I_@Qa@u@kA}AoBsAkB_C{DoE_HMMCOmC_E]q@K[IqAIYGMa@g@oAs@e@g@s@]IMQIq@m@e@YQU]_AOoACy@MaAK_@Q_@Qm@[e@Oa@U_@KG[q@w@oAO]gAqB}@sA[m@U]o@oAKKSc@i@w@s@wAI[DCD@AI]}@AIEIG_@IUGGw@qA@GLOXe@tAi@TWf@[h@g@TMFJLBE?EB,2,,,,,,Diego Galdino
2,Pedalada vespertina,8757.1,1916,2278,137.3,Ride,Ride,12.0,Strava App,909330446,2017-03-21T20:33:03Z,2017-03-21T17:33:03Z,(GMT-03:00) America/Sao_Paulo,-10800.0,,,,6,0,0,2,0,False,False,False,False,everyone,False,,"[-25.4, -49.24]","[-25.44, -49.3]",4.571,12.9,,,False,,,False,False,955.7,899.0,1008743711.0,1008743711.0,92e9abdae28b5ab74742b24393f8e7ed,False,0,0,False,20232024,1,a909330446,zi`zCfjpkHD@Z`@?JV\DZJTBTCLP\f@|@?PKRg@d@{@l@c@h@I@YPcBbB[Nc@^o@j@m@n@QXI^{@fAOFMNIJM\[d@iAvAEJBJNXVVjA~@zAbBvAxA~AfAvBdBrApAn@h@z@|@hA|@hAhAbAz@d@f@RJn@j@^VnAlApA|Av@f@b@`@BF?PNR@LEVJ`@~@z@`@d@Zl@TVFDb@@j@a@VDd@p@hAlAFNBB^DVPxAdB`CxBZd@^|@FDb@^jBdAvB|Ap@h@|@|@pCzBl@j@Xd@vAz@TRV`@@HDFbBpAv@r@JTXTz@f@TPbAnARLj@Tf@^^d@h@h@xAhB\TVHxAnARLX\vBtBzChCbAdAVf@RVbAt@n@b@^`@pA|@x@p@jC|@pBt@bBv@ZPRV\l@fA~B\d@tBdBh@f@^Rl@NJXDRHRZXRLz@Hh@RTBDHANGXMVG`@?LFLb@V~@\hATbEh@LFt@JRAl@r@Tj@RbCJXHh@b@vBBb@Ll@?NEb@Ur@Id@?`@p@lBX|A`@pC\rAJp@ZfALTh@rB@ZHNLh@Lt@\`BZ|@V|@TjA\~@?NN|@?Jg@lACJAX]t@W|@g@vAMz@KpAG\?TUbACZCXBn@EPIt@IxAEJc@n@Ob@Eb@CvADVDt@[pBC`@ERE|@Iv@GTAp@Dp@`@fAD`@n@zAHZAJTv@Jr@h@~AF\Df@N\Pj@`@pB`@~@Nf@DRXp@Nj@PV@HBPT|@Cp@N~@z@|A?L\dATl@HNTn@n@tCz@dAR`@Ln@BrAd@dBbAnCTz@HbAFXhAlDVdAv@rA`ArCp@vBVxANBl@Aj@MHMb@Md@_@ZC^K\Q\IRKNAJENCTUFOCKBCNCJJVUFQ@BED,2,,,,,,Diego Galdino
2,Pedalada matutina,9226.5,2148,2245,151.4,Ride,Ride,12.0,Strava App,908543375,2017-03-21T09:55:37Z,2017-03-21T06:55:37Z,(GMT-03:00) America/Sao_Paulo,-10800.0,,,,11,0,0,1,0,False,False,False,False,everyone,False,,"[-25.44, -49.3]","[-25.4, -49.24]",4.295,11.6,,,False,,,False,False,955.5,899.0,1007928748.0,1007928748.0,24d3da4840ec3b9f1f9c4e974bfc88af,False,0,0,False,20232024,1,a908543375,tagzCdi|kHZn@H?Le@OSQJu@X_@Xe@Rk@Ro@Pe@Vi@Pm@X}Af@G@EEw@gCQ]Si@G_@Sa@EUQo@Q]C]Kg@Cm@GOCu@Yu@I]Se@GYMSMc@IOGa@Wy@Ke@Sm@e@iASw@OU[u@Ea@Us@_@cBIMY}AKMm@cBi@cC_@{@]eAIs@Ow@Ui@I[Gu@Mc@BEMUUw@eAaCW{@qAuEIcAMa@We@S}@s@oCCM@a@`@sENkAVaBHs@r@oI^_CDoAVkB@YNk@t@aB~AyFASy@_Ca@aB]u@AOOe@E[W{BOi@o@wAMqAc@kB?YY_AOeBI_@Qi@@EDE\Wv@_@f@]d@U~@[DKBM_@kAOaA{@sD@w@AGKMQm@M{@QmBIGq@KKI_@K}AOoB_@sBW}@?_BQS?{@USCe@QMSAUFyAOK[Oq@Og@_@MSUUKWESUQk@Ye@c@sC}D{CwD_CkA_EmA_@Mc@[cB{AsBuBkC}BiAgAqB_B_@_@CMOIaDqC_AiAg@c@q@i@wCcCu@{@][c@Y_A{@cG}FmEiDa@]s@s@}@q@a@i@US[SmAcASe@oA{AuA_A{AqAcD{CY[SQ_@e@mAaASYKQCOFg@S_@eAeAw@i@[a@Y[WIURU@q@k@gDeDiAcAcAy@aB_B{AkAeB}As@k@SI_@[cAo@o@s@i@}@Y[o@i@i@k@}@o@w@y@u@e@ICo@y@q@i@@Ij@qA~@kAJW^c@p@iATWVg@bAiAVSH]R[nBkBbD_C@GEKw@qAOm@o@uAAMLW?G]i@Yu@MSm@kAI[BIBEr@w@\[LITFFALMt@g@v@q@DCAFFHBKEAMD,2,,,,,,Diego Galdino
2,Pedalada vespertina,8702.0,2040,2354,134.9,Ride,Ride,12.0,Strava App,908026596,2017-03-20T20:55:45Z,2017-03-20T17:55:45Z,(GMT-03:00) America/Sao_Paulo,-10800.0,,,,3,0,0,1,0,False,False,False,False,everyone,False,,"[-25.4, -49.24]","[-25.44, -49.3]",4.266,11.6,,,False,,,False,False,955.8,899.0,1007376435.0,1007376435.0,3d82a79f2bc34745423dca66e0655a99,False,0,0,False,20232024,1,a908026596,nj`zC`kpkHDAEOARb@r@Nd@t@bAVb@JJF@BBBTCBBD?LKDYCSPMPWJGJcD`CkAjAm@f@{AlBU^m@l@[`@oArBq@`AIR?JNXnAdAnApAvBdBh@l@lBdBrArAdAr@`A`AXNjA|@bAbAn@r@dA`A`Av@~@`Aj@b@~AjBhAt@HXLR?LI^@LFJl@t@r@t@r@l@PRRHF?FA\[LCH@~@l@l@j@b@r@p@`@v@x@|@n@`@f@jBfBh@p@fDlCl@p@p@\tAjApFnFt@p@XZPJd@l@NLPF\TfAx@~@bAzAlAp@r@|@p@`AbA\TbC~BZ`@h@`@b@h@|@n@x@r@`AfA|@r@t@d@h@`@dAbANXd@f@jA`AZ\TDLH|BzBNJhA`@bDdAxAn@d@Z`AzAt@rA|ClDv@h@XHPBFF@NFNNNHVDDh@R|AZTJDHIPClA@RJPDBNAZLd@JtAj@d@HfAB~@RV@n@H\N`@`@Hd@B`@Hf@ZpA`@tAD^T~@?TNdA_@|CBr@D\d@zBh@pB|AvHj@~Bp@vDd@pATtAVp@j@tB?JKb@_AhCg@hB[v@SfAQvBQ~@Ep@@VSzAA`@]|BS`CGfAu@~FCXQd@LLEp@Dh@p@dC^fATf@@TFZP`@b@dBl@hB^~@~@nE`@nAEP@JJd@`@fA\lA\x@BP?ZXx@PZJj@^lADb@HX@XN~@N\x@lA`@hBf@lARbAf@lBVl@f@bBLXJp@Tp@Rz@Pf@hArDJj@Vv@Jd@|AbELFHCZOTE`AWXWVMj@Gv@_@\GHGx@_@LQHKN?TKDE?MCC,2,,,,,,Diego Galdino
2,Pedalada matutina,8787.8,2054,2067,150.0,Ride,Ride,12.0,Strava App,907251331,2017-03-20T08:03:21Z,2017-03-20T05:03:21Z,(GMT-03:00) America/Sao_Paulo,-10800.0,,,,4,0,0,1,0,False,False,False,False,everyone,False,,"[-25.44, -49.3]","[-25.4, -49.24]",4.278,11.8,,,False,,,False,False,955.7,899.0,1006552620.0,1006552620.0,9f9afd9ec10b0516c0ecf97e9e796961,False,0,0,False,20232024,1,a907251331,lcgzCni|kHG]DPEBuA\]RWJqDlAa@Pm@L[B[PGCKSQMOs@Ay@CSY]K]e@_AIm@?o@e@y@IUs@k@Qi@UY@cA_@cCe@}@o@oBGOKg@Oa@@a@Ke@_@y@U[CI?e@MkAu@uAGWO]Cu@c@m@U{@Iq@KQGY_@k@Wq@]gBLm@?KKc@M_@w@}A{@kCs@iCcBkFgBwGA[@WXgCp@qFHsAVkCLyBh@kE@_@Fa@N{ALe@p@eBr@{BFGh@eBBUAIUq@o@oCYeA]uBYe@Ik@?MESi@}AIy@S}@Ge@Og@Kk@]aAKaB]}A@GBGx@a@jA_@|As@PUDSCg@g@yBa@}@c@i@Q[Am@Q_@EUCm@Kg@IkAIk@a@]_@IaAQm@OqBY{@Uu@G_@G_@Ei@Wi@M[ASBQCU?i@Ky@GEGAKVqA@KEOa@Sy@MEE_@]c@k@GSCQEESM]Mw@q@wAqBM_@GMg@c@eAu@KWg@{@K]IKiCsAiBo@wAa@MI[SeBgBs@a@sA}AuBsB}AsAk@[I?SGOIMMu@i@m@o@a@K{@{@e@IOUKa@A[EKUOc@a@}AmBcB{Am@a@eAiAaBaBoBcBmBwAq@_@qEaFg@_@{CgC]KOOCGBO\i@LY@KI{@@c@BGf@u@J]Ac@W{@We@_BaCmG{JwB}CgEgHa@aASwAOi@O[o@i@cAk@MMm@[e@e@_Ak@a@YY]M]Ik@MyAAk@E_@]yA[k@e@m@aByCsAmBaAqBi@q@[k@[e@e@oAw@sAw@yAAQH]OKIMYaAiAmBCIBIJObAo@^[ZM\Wd@]b@e@HCJFDA,2,,,,,,Diego Galdino
2,Pedalada ao entardecer,3400.0,1241,1241,0.0,Ride,Ride,12.0,,906930936,2017-03-19T21:26:36Z,2017-03-19T18:26:36Z,(GMT-03:00) America/Sao_Paulo,-10800.0,,,,0,1,0,1,0,False,False,True,False,everyone,False,,[],[],2.74,0.0,,,False,,,False,False,,,,,,False,0,0,False,20232024,1,a906930936,,2,,,,,,Diego Galdino
2,Pedalada vespertina,5561.5,2308,8574,95.6,Ride,Ride,12.0,Strava App,906908976,2017-03-19T19:03:03Z,2017-03-19T16:03:03Z,(GMT-03:00) America/Sao_Paulo,-10800.0,,,,3,1,0,2,0,False,False,False,False,everyone,False,,"[-25.44, -49.3]","[-25.43, -49.32]",2.41,11.0,,,False,,,False,False,940.4,897.0,1006178095.0,1006178095.0,5b3f5eda0ef96ea9d9fab26bb8ac7e72,False,0,0,False,20232024,1,a906908976,|bgzCph|kH_@^KNe@N{BdAYFuBn@m@Hw@f@]N_AZaBXQHCFADDPZjANz@Rd@Db@Pt@Rj@NPNd@NVPl@D^RZBRFPHh@DzAJVGT[j@QP_@NEJCZOt@C^?pAN`AK`@E`CGr@@TGPc@l@gAnBaA|AIF]LUZQXCBKGKAGUKIFICC@FBBAFBDD@JPDBLALIhB}CPSXGDEh@y@^a@P]MQHq@@q@@KC{@@]Co@@OHg@AaAEWTs@NUA[@GHKXELM`@w@EOZCh@g@Zc@\Uh@g@R[Pe@As@E]Sy@AMG[Sk@CMMWK[OaAg@cAe@S]i@K_@IIWi@CIBKTS^KRBJFJKVa@RQd@CZLDCN_@j@QL?b@MZ[NGDQf@Y~@e@EG\ONTECM_@JFEJ?JMZ?KENBEQHQLaB|@kDjAeB^YXk@\i@PgCl@KHIL?P\|@f@~AF^`AfCDZJRHX@b@FRJRNNRf@`@t@Jf@?ZOd@W^O^QL_@HE\MZMl@ApABhDGhC@d@KNi@f@SVk@`ASVOZo@~@_@r@ONWh@g@p@e@~@[x@Sp@G`@a@dAg@bBo@lBk@rBwApEwBjHg@|BO|AI~BF`CJtAC^N`BCNS`@ERGf@?VIBi@BGTAEEPL??DI?BCBACA,2,,,,,,Diego Galdino
2,Corrida matutina,6666.5,1967,2022,80.4,Run,Run,1.0,Strava App,906140300,2017-03-19T12:23:13Z,2017-03-19T09:23:13Z,(GMT-03:00) America/Sao_Paulo,-10800.0,,,,6,1,0,2,0,False,False,False,False,everyone,False,,"[-25.4, -49.3]","[-25.42, -49.31]",3.297,6.0,,,False,,,False,False,942.0,901.8,1005374461.0,1005374461.0,2bf0abc76a1c3c27537b76bd7b66e555,False,6,0,False,20232024,1,a906140300,vr`zCnp|kHeJ`BiAhF_Bl@uEyCyLiBqJ~GeP_EuStDyB|CtFjBnKc@rFpBhFmFhOfBzFaIjM|DxGLbKcDhByJzHa@~EzD|Gp@hKw@dSoMxDe@rBtAqAxKr@tPdFz@bOsLl@nBbH~@,2,,,,,,Diego Galdino
2,Pedalada no almoço,9645.0,1476,4020,29.7,Ride,Ride,12.0,Strava App,903794478,2017-03-17T15:28:47Z,2017-03-17T12:28:47Z,(GMT-03:00) America/Sao_Paulo,-10800.0,,,,1,0,0,1,0,False,False,False,False,everyone,False,,"[-25.4, -49.24]","[-25.44, -49.3]",6.535,7.1,,,False,,,False,False,942.2,892.1,1002897013.0,1002897013.0,ccd0e6c9e97244fcd6298014229a10f2,False,0,0,False,20232024,1,a903794478,xj`zCxjpkHYBFDDLf@z@TXFV\h@Zn@DDD@@ETb@\b@|@rBj@hANLPb@h@p@h@nA`@l@Tl@nAxBFXNRFh@D?FE~@{@d@g@zAsArB}APOd@u@Zu@Fu@h@sBp@gARUVOf@Ub@Gz@GzCE`Ce@bD}@XCXFXCzAYxBe@bAEb@Bl@PVJxDrBHNHDnAf@r@`@|@^zFvAn@DdBh@|Cf@dB`@ZJ~@`@zAh@n@`@zAjAn@n@rAhAnApANJt@v@|@t@lAnAz@d@\XfB|@n@b@zDzBx@j@^RxAXhDXlAH~@JZBFCVAX@~APr@?t@F`@@\DlBDx@P^PPNjAh@lAxAp@t@hA~@JBID@DjAf@j@PtB^b@Pl@JjAFx@JZHvCvA`Al@t@j@RR\d@\l@r@~ABTCfA?t@ANBXDD@HAnAHjC?f@CPCFUN_Ad@OPaAd@i@TM@B@CJOFABYDo@V@LNb@H`@`@rAF\AFIFAXZrAF`@`B|Eh@dCK\@DDLRPH\j@vA|@`DLj@lBvGb@pB~@pkFAGE?,2,,,,,,Diego Galdino
2,Pedalada matutina,8727.3,1939,2134,148.8,Ride,Ride,12.0,Strava App,903447289,2017-03-17T09:53:33Z,2017-03-17T06:53:33Z,(GMT-03:00) America/Sao_Paulo,-10800.0,,,,15,0,0,1,0,False,False,False,False,everyone,False,,"[-25.44, -49.3]","[-25.4, -49.24]",4.501,12.3,,,False,,,False,False,955.7,899.0,1002533223.0,1002533223.0,67e7310a46b2de84470de442d3603565,False,10,0,False,20232024,1,a903447289,lbgzCli|kHD@WFGD]BmClA_Cz@MRK^EDUBYCMCGKs@_BI}@S]e@eA]a@_@k@OsAS}@Ii@M_@KMGUc@cCi@aCm@gBUa@]{@]wAEo@GUOk@i@gB[m@c@kAUe@GIIWC]Is@GUc@eAo@}COg@Yo@Ko@Ys@_@wAwAkEuAuFUe@s@oBc@cBKiABu@LwB`@cFNcAFy@v@uFNkC\eDLaALk@rAoDf@{ATw@BUKk@_AsDICACCOe@eB}@aGYgAg@_BUgAAe@YoAMcASgADOh@c@l@YfCgALSe@wAKm@E]S{@AQ[wACk@Sc@QcAKa@Ei@As@EQKKWKyBe@iAESGa@Ey@SYCMGMCIG_@BID_AI]IiA_@Q@q@Mc@IYKEG@KJkAAKIMOKiAY_@]]i@IYGk@EEk@Qa@q@_AiAU]a@[cAoA}@{@c@i@Yc@}@g@_Aa@a@Uk@KkCeA[Qa@a@WOuBkBoAcBeCuBaBmA][a@e@MQYSWYw@eA[Uw@e@wAeA_AaAqAaA_DaDYS}@w@{A{AoFmEu@aA{AmAgBiBiBcBqAuAEO?OPUJ]AQMa@AO\q@RYHc@Am@S{@KYcB}BsA}Bw@wAkCyDiEcHoB}CMWSm@[qBQ]e@c@sBsAwAgA}@m@YWOYO[Ge@AUAyAIy@Sy@AMIQk@u@EQYe@yAaCs@y@e@eAw@yAk@y@OO]u@B]AGYI[q@eB}CCMDUCIe@{@EWO]GYo@aA?QZg@x@q@ZOPURM^K`Au@JLD@JO,2,,,,,,Diego Galdino
2,Pedalada vespertina,8759.5,2126,2373,133.0,Ride,Ride,12.0,Strava App,902922810,2017-03-16T20:10:43Z,2017-03-16T17:10:43Z,(GMT-03:00) America/Sao_Paulo,-10800.0,,,,0,1,0,1,0,False,False,False,False,everyone,False,,"[-25.4, -49.24]","[-25.44, -49.3]",4.12,10.6,,,False,,,False,False,955.9,899.0,1001966391.0,1001966391.0,03c09b6f8d35544dfed724bc109b27dc,False,0,0,False,20232024,1,a902922810,bj`zCjjpkHGOBGDCFBDTIL@FVh@j@hAl@dAZb@D@AEDBDVAD?IAF_@LsBbBoA~@{CrCaCtCW^ALOTi@f@y@pAWV[b@KZLT~@z@n@v@p@l@pA`A|DlD`F~EhElD|AvAlBnBt@p@b@Zj@t@^V`@RTRBDBLLVI\@VBJnCpCh@^XHJAXWH?`@Jt@v@tAlAh@l@TL^Zf@j@|BjB|AzAFJlB`BjAfAnA~@vAnAh@j@n@h@lDbDfAjAz@l@r@n@rBpBpAlAVPV`@\Rn@d@lAfAr@d@f@Rn@nAjA|@TXh@h@JTFHl@`@rC~BtAvAHLlCrBxEhEPLp@ZvFtBl@X^TnBfCd@v@p@r@vArB\XNFj@J?P@HV\JVNLTJJBn@Bv@NPHBJWfB?LDJ~@`@nAPt@VtBXfAFp@LLCLIHJHZ@d@Dd@f@fCx@zCBn@ATNn@Dd@C\MLATE@@L@FNNDLp@lENj@?b@BXLl@b@zANlA~@fEXt@^lBPrAl@nBThAN^^~A?JYx@E^Yd@GRg@pBQf@[lAQvAEx@a@fCWdDa@xCCb@ETG|@SxAGr@OhAYtDJ`An@nCLPf@zA\v@b@vA\n@Hd@@l@FL?NLf@?PNRHVNT@VHLF`@l@fBB^Ln@N`@\hAP^Ln@t@dCBNA^BTDJTTT`@L^FTDl@HPDd@Zf@N^Lf@\~@TxAd@hAl@vB`@fANr@`@x@RbAt@xBHb@^pA^dBPj@R\X~@f@jBD^`@E`@SPC~AUx@_@TEVU|@a@VG^CDGDSLIF?@BL?LE@SGB,2,,,,,,Diego Galdino
2,Pedalada matutina,8631.0,2027,2046,144.9,Ride,Ride,12.0,Strava App,902116698,2017-03-16T08:16:48Z,2017-03-16T05:16:48Z,(GMT-03:00) America/Sao_Paulo,-10800.0,,,,2,0,0,1,0,False,False,False,False,everyone,False,,"[-25.44, -49.3]","[-25.4, -49.24]",4.258,12.0,,,False,,,False,False,955.9,899.0,1001121163.0,1001121163.0,d9eb8f5b8015ba647befbcff727b2640,False,0,0,False,20232024,1,a902116698,`xfzCvm|kHLSEp@KRBNc@^MCo@e@a@g@Ou@Cs@Ok@Y[Se@GKIGMYEkAOm@MWESIQ]WEQAk@WsAYq@[mA]s@w@oC[q@YuAc@{AIi@]qAeAuC]kA]_AWaAIa@Sa@Og@Sa@AS?]Qi@AGFq@EU[_@Me@cAgCc@wAe@mBaCyHg@}Ba@wAA]TiCt@sGv@_J\{CF_ALm@N{AfA}Cx@sBX}A?KSmA}AuG]{BCc@WYc@sAG[C]e@oBGaA[mAg@}C?IJWRQdC_Ax@WLK@IEuAMk@Kw@AIw@gASa@GUCQBs@A[k@cDMe@IKa@UoASs@Qg@G}AYk@GQ?{@U{@I_@Iy@?aAQm@Qc@CQEAMB]ReAEMIEoB_@QKo@cABa@AMCCCEc@Oi@_@uAgBYa@M_@a@m@k@k@e@[_@u@]e@y@i@YO_Bk@YG]QOEQIc@Ki@Uo@u@s@]]i@[QgCoCcBuAi@i@i@[k@g@_@Ma@UUS[e@SQ]Qc@Ms@i@YYEKIe@O[IIYQ{AaBgDyCe@[UYq@q@_@Uy@{@cAy@]_@sAaAi@i@m@c@{@aAg@a@gAgAIOSUw@k@_@a@sBiBe@[CGDMh@eAAYSm@Bc@DGb@a@PUDMCi@Qq@gCcEa@k@qFqImC_EqCuEa@u@M_@EUMkAKa@Wg@QQ_Ai@w@k@_DsBc@_@Uc@Ke@C_BIqAQo@Y}@sA_C}AgCuAgCc@q@u@wAa@o@i@gAsBiDG_@BCD?@ECW_@s@Qe@q@iAUc@@IHMVMXYv@g@PG^Ux@s@^SDB@FDKCCG?WPCDE@,2,,,,,,Diego Galdino
2,Pedalada noturna,8366.1,1942,2076,77.1,Ride,Ride,12.0,Strava App,901867382,2017-03-16T00:13:26Z,2017-03-15T21:13:26Z,(GMT-03:00) America/Sao_Paulo,-10800.0,,,,11,0,0,2,0,False,False,False,False,everyone,False,,"[-25.44, -49.36]","[-25.44, -49.3]",4.308,9.0,,,False,,,False,False,965.7,897.0,1000849310.0,1000849310.0,ddaae140cbd57613927bb33b4a21e887,False,1,0,False,20232024,1,a901867382,jrhzCzhhlHKGSBQRUH]DaCNgGf@{DRoBRuABuANqE^s@B{@FwFh@sGf@g@@aALeADqASkAo@_DgC}AkAg@e@a@o@K]E]WeDg@yEKwACu@[aFYaDEyAc@oI_@mFYyFa@{GSaE?e@I{@MkCCeBDk@?}DFiE?kDJuKFgJFgEAwAJ}DAwGHyEJqM@}DDsDHeACkA?_EDcB@sDDyAAk@DgC@yAFaDNsEh@cKBqBIwAUoBa@mBUu@qBkKS_CAiA@i@LyATgAr@oBNOVMNSj@}BfAsCLq@`@oANs@l@uBN]PYTKVEXAnB^|@Lb@LZDTPTCt@@ZEt@Sz@i@lBkBf@q@l@k@NWGYYc@kByBYWWg@_@i@Wk@mAcBgAoA?IBERQ\o@KW?OCEHo@Mk@@s@Gy@Bc@CWBy@GoA@GFGX{@Fc@LKPCLKb@m@PY\W`BiBf@e@HQT[YeAIq@Me@c@yAQUMm@?GZ[ZSBEC_G@GNGHa@pBy@\SLMRGNMl@UAE,2,,,,,,Diego Galdino
2,Pedalada ao entardecer,7002.1,1909,2117,101.0,Ride,Ride,12.0,Strava App,901754466,2017-03-15T21:52:07Z,2017-03-15T18:52:07Z,(GMT-03:00) America/Sao_Paulo,-10800.0,,,,3,0,0,2,0,False,False,False,False,everyone,False,,"[-25.44, -49.3]","[-25.45, -49.36]",3.668,12.7,,,False,,,False,False,963.7,895.1,1000731617.0,1000731617.0,7c1c4a100c6dcb6953dd627b59c576e1,False,3,0,False,20232024,1,a901754466,xagzCph|kHDCTB@JO@CJSFWNuB|@{@X}@b@MPMHi@Dm@PGDAN@HLXZjAFt@Xn@V`AP`@RbAl@lCFNRt@V^Pd@Jv@f@hARr@LZZ|@Jp@HT@RATLp@^t@VdAXl@P|@|AzD^rAPzBHfC@vJ@z@Bd@d@pAXh@lB`Ct@hAXr@LbAAhAMnCEh@GxBOx@KZU^QPUNMDUDUTWNiAZ}@`@i@l@c@z@GXEzATxANr@Dh@Hz@XzABl@CX@TCZEJAd@KfAaApFq@|EUjDSpA[lAOx@C~@?hABX`@`BXn@NLb@l@NXNRb@`ALFj@p@f@d@HLNJNZJZf@v@TdAf@xAJv@D@FNf@hBHRBHCd@Ln@b@lAPt@Rf@Ld@?RPl@N^Jb@\dAd@jB\xBX~BHjBTjCBfABf@DXNb@Dz@LbAHnAJx@D|@Hf@DPTxAL|BTpC?l@Id@?Nf@|CNr@@TFlCDv@?~@A^Md@Cl@T~C@XHp@LlBdAzGbAtCZr@lAjB|@hAv@t@|B`Bn@^hAb@?Ra@z@IZ_AzAO`@CRPLj@H~FrA|BVTX?DWNg@@a@C[BQDYBmBZwALKHCFGl@[pBCd@AjAFrAHDb@?`@F`@@BCAm@?ODGTFFCN?ZKVAXDTP?VCF,2,,,,,,Diego Galdino
2,Pedalada vespertina,8675.1,1722,1883,133.8,Ride,Ride,12.0,Strava App,901655511,2017-03-15T20:18:07Z,2017-03-15T17:18:07Z,(GMT-03:00) America/Sao_Paulo,-10800.0,,,,11,0,0,1,0,False,False,False,False,everyone,False,,"[-25.4, -49.24]","[-25.44, -49.3]",5.038,12.7,,,False,,,False,False,955.7,899.0,1000627515.0,1000627515.0,6499f78c43b111f0610694c582296a20,False,3,0,False,20232024,1,a901655511,vi`zCfkpkHHHDGFDJXxA|BZp@LDBNADk@b@WXECYPSVaDbCqApAuCfDgD|Ei@l@AFJNl@l@dBtAdAfAfBvAfE`ExBlBz@z@d@`@f@\pApAtAnAjAjAtAlAvBtBbAv@Xn@C^?Hj@x@t@l@n@j@f@t@HBTAVUHAJ?THNJlAjA^d@l@`@t@p@hCzBrC|CrAbAhC`ChDlCpDlD`@^ZLXRX\\VV\TL^^rBtBrAdAf@j@rEzDp@b@^^T^\`@`At@PL\JXPZ\f@r@t@t@h@d@`@f@~ArA\b@v@t@NJZN\X`AjAr@p@dAv@`GnB~@`@n@^f@l@hA~At@tAr@x@hBlBTLr@N?JDN^p@b@V^Jr@JRAZJ?FEr@Mz@DFVTHPLLb@Dl@Pl@@f@Ft@LRH`ALd@BVEFBT@RNDJPR^`BJp@Rn@`@`CHr@\pAD\B\WlBBZ?~@Df@^zANz@^fB`@jA\tBfAjFj@rBB^`@pA`@hBl@`C?XWbAUj@[d@WzA_@|@YfAStAIbAUfBEp@QnAEv@IRSxAGrAGV@f@OfAYhD]rC?j@F^j@~B\n@n@~BNXV~@Xr@Jd@Jz@TXVv@Hb@d@bBDZNf@nAvFr@tBPt@Xb@Ph@@l@Vj@Vx@j@lA\zAR^VfA?ZD^Nr@nBtFpBrHZ|Ab@fBxA~D`@x@Pd@HFl@a@ZGt@URCVKb@Gd@O`Ag@TSh@MHIFUJ@JFH?PICW,2,,,,,,Diego Galdino
2,Pedalada matutina,8458.1,1937,1958,149.6,Ride,Ride,12.0,Strava App,900820618,2017-03-15T08:03:09Z,2017-03-15T05:03:09Z,(GMT-03:00) America/Sao_Paulo,-10800.0,,,,4,0,0,1,0,False,False,False,False,everyone,False,,"[-25.44, -49.3]","[-25.4, -49.24]",4.367,12.3,,,False,,,False,False,956.0,899.0,999748938.0,999748938.0,ce01d9d904e5dee9a5f9ff7619da2ecb,False,4,0,False,20232024,1,a900820618,jcgzCnh|kHE?GLi@XcAb@mAb@kBj@i@^]LILGRIJIBIAOGe@u@Qi@Q[Sg@GYEu@[g@Ou@Sk@?OUoAc@s@KYMq@a@uAkAiCS{@KWOYg@kBAWQqAm@eBYk@Oo@AMQc@IMSo@I]Em@ESeAsCa@}@W_AQiAOUMc@Ym@EY?}@QaASa@}@iDsC_Ki@{Ba@oAC_@LyAR{AHmAl@oGZuBV{Cv@kHH[f@sAd@qBd@oAVeABY}@{DGg@s@wB]oAc@}Bs@{CEiAK_@IMAY_@gAOoA[qA?SBIDEjAc@f@OpBs@HEBEGYMkAQ]Q{@MYc@{@Wk@?i@D_@Ae@c@}BAQQq@OSg@SWGuBY_@I}@KsBe@aAKKEiBCWIS?i@O]EQGQICKRyAAYIGwA]_@]m@u@K]q@_@_@_@oBgC]u@g@q@w@w@qAuBUEi@[qAe@[GmAe@u@Se@SSQm@q@qB{AmAyA{@{@_BqAMEs@s@uAy@m@o@YMOOmAo@i@KYOWYo@}@IKAMQYEQMKy@Qo@YQ[e@sAOWs@m@c@e@m@e@i@k@a@m@}@_A_@[_@U]O][ICW]e@_@g@m@WOy@y@AMEGUOc@c@Qa@QSOEs@c@c@e@]Uy@s@[QMMIW@GZa@Re@C_@Si@?QFMr@s@HY?c@Me@q@kAeAyAq@iAgEoG_C_EuAsBeCcEe@_A]sBI[OYa@a@m@]{AeAkCaBa@k@Wu@IgABs@Ca@Gi@YcAk@eA}@uA{AuCq@_A_AgBi@s@s@mA_AoB{AiCCO@SKIDAEC?E,2,,,,,,Diego Galdino
2,Pedalada vespertina,8777.3,1892,2159,133.6,Ride,Ride,12.0,Strava App,900355019,2017-03-14T20:14:35Z,2017-03-14T17:14:35Z,(GMT-03:00) America/Sao_Paulo,-10800.0,,,,3,0,0,1,0,False,False,False,False,everyone,False,,"[-25.4, -49.24]","[-25.44, -49.3]",4.639,13.0,,,False,,,False,False,955.8,899.0,999250293.0,999250293.0,f747a8591a397a3b225723c8253cc565,False,0,0,False,20232024,1,a900355019,lh`zCxepkHMf@@J`@Tb@l@DPAHEFAFFRb@p@HRhAbBRb@O`@]^kFfEsBrBcCxCmBzCw@bACH?RLPfAhAPH|AzAlB|AzIjIv@l@lF~EnAdAfE~DfAx@Nh@?XIVBL~B|Bl@b@RRHBRBVWFARFtAjAZPr@x@x@j@rAtAfCtBDJnAvAfBvAhBbBhCpBnBhBl@d@|@bAf@^X\`An@lDtD\X^NJFfBpB~@p@z@t@tAfAh@h@T\LDx@j@xBjB`@f@~AzAp@t@`LdKj@b@h@VhEvApAj@l@`@zAxB~@jA|CnDTRTF\BDB?Lb@p@PLHNLHf@Jv@ZPBGZ?^Iv@HRl@Zv@DfAVZBl@LRAn@Dv@Pp@Bb@FDB\j@Vt@VvAZzBJXVbAVrATf@?PETSj@Gl@?pAHl@Lj@VtAPn@f@rCXvAb@zAXtAFf@b@zAf@rCpAnE\`B?FMl@S`@G\[d@Uh@G|@k@rBQ|@m@hFIJGbBId@C|@Q~@St@E\Bj@CNEHDD?HECFAMTAJOfCa@rEC\D`@p@nCVl@Jt@BB@NCFXv@Vh@t@zBT~@X|@TrA\jAXn@F\HRH^Xz@h@|Bn@lBPv@Tp@Hj@Tj@Pt@`@jAPZLj@Xv@Pn@Jx@Nb@F`@lBxFb@~AVn@Jx@\p@Jf@^`AXlALX\rAp@`BLv@b@lBFNVAb@[zAUj@UVCvAg@n@Yh@QJI\GFGTMC[DJUE,2,,,,,,Diego Galdino
2,Pedalada matutina,7688.0,314,2002,34.0,Ride,Ride,12.0,Strava App,899617028,2017-03-14T09:50:26Z,2017-03-14T06:50:26Z,(GMT-03:00) America/Sao_Paulo,-10800.0,,,,2,0,0,1,0,False,False,False,False,everyone,False,,"[-25.44, -49.3]","[-25.4, -49.24]",24.484,12.2,,,False,,,False,False,952.1,916.6,998478154.0,998478154.0,b84d03f5f8bf5befd55264d0302704c3,False,0,0,False,20232024,1,a899617028,tbgzCfh|kHNNBJwGjCy@VYTUHi@NI?EEEOWe@Mo@Uw@C]GSGMWSQSa@y@G_ABOMKKe@e@yA[cBg@wAYmB]_AcAiDWi@Wc@eA_DWo@GGKUMa@a@aAEQGi@Oe@e@{B{@mB[mAwlD{vI,2,,,,,,Diego Galdino
2,Pedalada vespertina,8730.1,1846,2055,133.5,Ride,Ride,12.0,Strava App,899115734,2017-03-13T20:21:09Z,2017-03-13T17:21:09Z,(GMT-03:00) America/Sao_Paulo,-10800.0,,,,11,0,0,1,0,False,False,False,False,everyone,False,,"[-25.4, -49.24]","[-25.44, -49.3]",4.729,12.6,,,False,,,False,False,955.9,899.0,997937542.0,997937542.0,bd884979dad0fe107b6d5f7698f3f8d6,False,3,0,False,20232024,1,a899115734,lj`zCpkpkHLc@MHCDNZVd@PVV`@v@|ALPF??HBCE?a@ZUJMRQN{A`AmB`ByAvAaBjBQTYj@m@~@q@r@i@x@m@p@QZAJFJTVl@f@l@n@~HdH`FhEzB|BdBrAhCxB`A|@dCjCfA~@FVNP@PGZ@LzBzBp@z@PDX@\WHCJ@zBvBb@Xp@r@t@l@dBbBrA~@h@p@f@h@~BlBbA|@t@h@hB|AnDlD~@r@j@j@LH~@dApB~AXd@TTXNt@r@TLl@bALLd@`@nAz@|@t@d@Z`Ax@jApAnA~@\ZHH@Hh@d@p@t@PLf@RTPdA`Ab@d@|E~Ed@\fAhAJHVJlDfA~@\zAr@\Xj@l@hA`BBJl@t@PJ`@n@rA`BRP`@Pj@JBB@ZBFf@j@`@XZN^Dn@LBFALFf@Kp@BZ^NbB`@fAZ`CXfAHZHRFRPDHBf@X~@Nz@Hz@l@zCHRRLFXF~@?PAPOtADh@A\Ht@h@vBvAdIp@zBFr@Rv@Lp@f@rBN\JV@TTjAZt@Hn@Pz@CZoBlGKd@CXe@bBM`BOdAShAAv@GlAUt@a@~D@XD`@IXm@zFKbBDl@DLRz@L~@Tt@Hj@J^b@t@~@hD\r@VbA`ApCP~@R|A`@fBdBpENr@@|@HNJLTb@L^D\`@pAx@vCFz@FPJPh@|ANZr@nBb@jBVZL`@L~@Z~@LVZ`Bp@nCt@lBn@vCHf@HLD?f@]|@WlAKTQp@SzB}@VCHIBWVIHJZKCk@GII?,2,,,,,,Diego Galdino
2,Caminhada matutina,1437.7,1434,2426,11.8,Walk,Walk,,Strava App,897403886,2017-03-12T13:24:56Z,2017-03-12T10:24:56Z,(GMT-03:00) America/Sao_Paulo,-10800.0,,,,0,0,0,1,0,False,False,False,False,followers_only,False,,"[-25.4, -49.24]","[-25.4, -49.24]",1.003,5.5,,,False,,,False,False,942.3,929.9,996109964.0,996109964.0,05751e9bca1ab7dd5df1ba71b06d8d4d,False,0,0,False,20232024,1,a897403886,hw`zC~uokHLQDAEBD?TJVZR@JATUFAVXr@jA?JGJJBNJH\F?DDADGHE@QR?Z@EEKO?DMDABCEBCRQVOSKFCDLBQNJCBBCBDHGHDDEHHTAJE@c@\MCCEAGCCE@CDC?AEE?CAD?AEE?BBBLDABQIQBCJHCFBF@SGCC\CFQBELIHFHCNC@ALEDE@CCCU@CJLCPB\DFTE@EIISAMCMAc@FQNCZMb@GHIBa@CSBOl@CBK?CBMVIED@ADCDAEAJKNIBOACAEIBCBDAEKEYBCBIPSJCJGBEPMDCDEA_@a@KYMM@GDBAD@EDABi@MJ@SHWD?\\AGGDBc@@u@FYXo@AGHUA]DYHSCWBYCDSBCBCC,2,,,,,,Diego Galdino
2,Pedalada matutina,8767.2,1968,1968,150.2,Ride,Ride,12.0,Strava App,896945740,2017-03-12T09:59:48Z,2017-03-12T06:59:48Z,(GMT-03:00) America/Sao_Paulo,-10800.0,,,,9,0,0,1,0,False,False,False,False,everyone,False,,"[-25.44, -49.3]","[-25.4, -49.24]",4.455,11.8,,,False,,,False,False,956.0,899.0,995630745.0,995630745.0,d10a67a2c48190ae2c3386008dcfc85f,False,1,0,False,20232024,1,a896945740,xcgzC|h|kHSA@E?FCDo@Xo@RkBbAq@RCPEBQEy@VMLkAn@MGEUm@aBg@aAYc@Qc@WYI[Ki@Co@Og@c@cAIm@M_@_@oB_@_Bw@_Cg@aB]sAy@aCEQa@w@A[KO_@sBQ]Wa@Kk@Uq@Mg@o@aBOUOg@]eBc@oAg@kCm@aB_@uB[sAi@wAi@aA[kASkAWoBa@{ACK@k@P}BRgB^iCNgBf@iDLyCZ{B^iDb@aBf@mARs@d@iAHMPu@AU}@wCOw@k@sBSkBOq@Sq@IOM[?KKWQ{AU}@Ag@Ie@u@uBa@sBAWNUVSvAm@xAg@d@YBKASOu@i@gBKm@g@yASeB_@aCUw@CEa@IQSMGsA[s@Cc@IQ@sA_@y@OYQi@G{A[uAGkAWOQNyAGYKCa@Co@Go@[YSSUAI@c@CMcAg@k@s@kAaBSm@MSoA{Ag@c@Y]GOE]O@y@e@m@UKIa@O_AYWI[CiA]KIYe@aAaAKGg@a@[_@kBmB}CaCa@a@MCUQ{AcBWQq@Yo@g@]Ue@m@_@k@QO[g@c@c@_@[_ByAwAeAWWa@QWQg@i@{@eAmCoCwC{ByAeBs@a@cBoBuBaBm@u@IMAGHYPY@YI[CCM]E_@FWJU^k@HSBc@CSGO{@mAqBsDiBwCgBiCkGeKqAeBO_@GaAG]i@iAiAq@_@]sA}@WU_@Um@e@Y]OYCQISE]Oc@Gs@C}@Iq@ES?a@c@e@_BmC_@_@OGOSaAeCuAgCw@kAo@wAsBeDAWHCBC?E_@s@S{@c@s@KYMSAQR]FQLMn@]f@O|@aAh@a@NGNH@D,2,,,,,,Diego Galdino
2,Pedalada noturna,5034.6,728,836,66.4,Ride,Ride,10.0,Strava App,895191886,2017-03-11T01:24:01Z,2017-03-10T22:24:01Z,(GMT-03:00) America/Sao_Paulo,-10800.0,,,,0,0,0,1,0,False,False,False,False,everyone,True,,"[-25.44, -49.35]","[-25.44, -49.3]",6.916,17.6,,,False,,,False,False,963.0,895.1,993748239.0,993748239.0,c2c76d1ecaa08b2115e4c6e112de6ed6,False,0,0,False,20232024,1,a895191886,rahzCt`elHIBDoA?gACUMi@[eCCm@@o@e@gCi@eHEiAqAiMaA_L[uBo@iCqAyEe@wBk@}BsAqEe@}@SiA_@eAk@gAe@q@mDiEs@iAQ[_@{BA_@JsALo@Nm@r@cEv@qFX_Bt@{ERyAF}@Aq@OsA[_C_@_CI}@D_ARw@LYNWPQTQVM`Bk@r@[l@a@RUNYVs@L}@PsGD{@A}@Ig@Oi@Yg@]i@yBuC_@q@Uw@I{@@aEIsIS_C_@iB[eAwBkFe@sAo@wBg@o@S}@KMEKUeAm@sBAu@a@qBaAqDIUWe@Qq@AGFS?SAMOe@OYoAm@K[H]p@Wz@m@RGJ?RKv@OJI\Mr@K~@a@b@Iv@m@,2,,,,,,Diego Galdino
2,Pedalada vespertina,8900.0,1850,1850,0.0,Ride,Ride,12.0,,894719172,2017-03-10T16:05:27Z,2017-03-10T13:05:27Z,(GMT-03:00) America/Sao_Paulo,-10800.0,,,,0,0,0,1,0,False,False,True,False,everyone,False,,[],[],4.811,0.0,,,False,,,False,False,,,,,,False,0,0,False,20232024,1,a894719172,,2,,,,,,Diego Galdino
2,Pedalada matutina,8744.0,2123,2241,149.3,Ride,Ride,12.0,Strava App,893158254,2017-03-09T09:56:04Z,2017-03-09T06:56:04Z,(GMT-03:00) America/Sao_Paulo,-10800.0,,,,4,0,0,1,0,False,False,False,False,everyone,False,,"[-25.44, -49.3]","[-25.4, -49.24]",4.119,9.8,,,False,,,False,False,955.8,899.1,991572615.0,991572615.0,f1aa47d17d41ac4b46d9bea2872cbaa1,False,3,0,False,20232024,1,a893158254,|bgzCti|kHIOCDDMF?BGBNe@Fm@\mA^i@Ze@RaBh@a@Zk@RIBIAECMSm@oBO_AIUo@k@COIUAKFYAa@EQOUSi@Qo@KQIe@Y}@Kg@k@gBS_AEISSIMg@wA[e@Ks@C]EYSo@MQSc@UqAY{@Q{@i@sAC_@G[o@wAc@}A{@}BG]Y_AAO[wAUuA]s@s@iBMs@[gAy@aCYkAe@}AKu@Ma@UwAGa@?_@JqCXaDNm@AOTuAh@cHd@sCJ_BX}BNk@`@_A\oA\eALe@JWNq@@Qy@aDOu@Wu@CQOi@U_BQs@Qi@GEOu@Y}@?YG_@C_@]_B?c@Ku@ASScA[iAMYHQNMd@Ud@IzB{@PMFQq@{BOs@?Um@_CAk@OSYiAMs@KgBKMqBe@OIy@IsBc@g@Cm@@]Go@A_@OUSGCaAWO@}@Qe@OGGDwAEOIIsA]c@_@]a@MUCEA]COe@SqB}BSYi@i@[g@kAoAg@c@g@w@MKi@WcAo@]KSAq@UiBu@o@_@wA{A_BsAuBwBmAeAsAqA}AuAg@i@mAcA_@S]GQGQOY[Wa@kAeAqAyAcBwA}@}@q@]yAeBc@]c@Ym@o@iA_AaB{@i@a@w@_Ak@k@SOi@_AkB_CkA{@a@g@GKIGR_AEUMWDe@Pa@^YJKNc@A_@Qu@Q_@y@qAcAmBcCqDAMEKq@{@w@sA{@eAw@mAUWaBwCiAcBUc@U{@Co@EUUo@OWOO{BuAs@o@gBkAYWIMUm@Mc@Ga@EkBQcAUw@w@kAoA{Bk@u@Wi@E[Qa@_@e@Uc@GGaA}AqBqDi@y@e@gAEO@GHGq@sAEW}@aBAWFQTa@d@U|@[JUT[JK`@Mh@WB@,2,,,,,,Diego Galdino
2,Pedalada matutina,8743.8,2206,2387,148.7,Ride,Ride,12.0,Strava App,891972393,2017-03-08T09:53:44Z,2017-03-08T06:53:44Z,(GMT-03:00) America/Sao_Paulo,-10800.0,,,,2,0,0,1,0,False,False,False,False,everyone,False,,"[-25.44, -49.3]","[-25.4, -49.24]",3.964,11.6,,,False,,,False,False,955.9,899.0,990299028.0,990299028.0,eff0beec449677ab1b21e868707b9ff9,False,0,0,False,20232024,1,a891972393,fcgzCxh|kHCEYNYHy@`@}B`A[HADg@TIJYLUZg@V]LC@IIk@_BO_AAYMk@_@y@a@uAKo@[oAA_@UmAw@gBQSO_@Ki@MQO_@I]g@_BS_@c@sB_AkBWeB]}@a@g@[oACOAk@COM_@G_@Qa@Kc@]a@KQK]?QI_@Qe@Sa@Mw@KWKi@?o@WcA_B{Du@mCk@kB]u@o@sB]{@YuB@]p@oFJkBb@mD@a@H_@Hg@B_AJmA^aDJs@RwB~@uChAwC^{A?Ii@uBQg@]{AASW_A_@yBMi@Se@Ka@]eAQwAGiAKk@c@_ACM@g@CMg@uBBMTM`DuAr@o@Im@[{@[iADSAQGg@c@kAE_@MOIUQmB[iBQOgASc@MSOa@HW?uBs@WCe@@q@SS?WFSKQQe@UmBKs@MUMCILqAASKKWK{@QYW[_@OYIYC]EKc@KKI_AkAgA{AmDqD]a@KSgAq@eAa@_@QuBm@q@_@qAqAa@e@WQKAKEgBuBm@k@mC{BqCsCu@k@kB_Bg@i@o@c@oCyC{AgAy@y@_BmAq@s@sAoAi@c@mAkAwAcA{C{CW][YGKu@i@OIWGEEQOS_@_@_@QWe@g@?G@GRe@BOAG]]AMDYNWz@y@LOAWQkAcBmCKSyAyB}DsG{@iA{AaCKYOWgAuACQGKaA_BIQWiAE]a@qAY]}@k@s@m@[OSOUYMKc@W[Ko@m@MYQw@Ok@?gAI{@Km@IKCUaDqF[_@w@aByA_C_D_Ga@aA]k@CMBKe@iAIY_@q@EQ]k@AIDOb@i@b@]LG^CRU~@s@d@c@FABBCD?D,2,,,,,,Diego Galdino
2,Pedalada matutina,8791.9,2388,2462,149.2,Ride,Ride,12.0,Strava App,890765242,2017-03-07T10:08:43Z,2017-03-07T07:08:43Z,(GMT-03:00) America/Sao_Paulo,-10800.0,,,,2,0,0,1,0,False,False,False,False,everyone,False,,"[-25.44, -49.3]","[-25.4, -49.24]",3.682,10.5,,,False,,,False,False,956.0,899.0,988995230.0,988995230.0,9c114a4af92e6614ea7292ca2e46deee,False,0,0,False,20232024,1,a890765242,rcgzCjh|kHID?DYZc@H_EdB]Dc@Vg@JMJ]PQDY@IACEIMOk@O[IcAOs@a@u@O]W]EKGa@C}@KQSq@a@w@Um@g@_CQiAYcAOSMc@MMM[OUSg@UeBQc@G[Sm@a@wAUm@y@eBEm@UkAE_@?Um@qAYe@Og@]uAQ]]kAQ}@e@aBYm@o@iAEMGWEoAUcAg@{AIc@g@mAk@aBE_@Ag@UkAEo@Du@\{EHm@Pm@Jm@L_Dl@wE@LCCD?Be@RiBJmAZwBXq@^qANw@~@{BNo@@Sc@qB_@kAE[Uw@Ig@I[W}A[qAKOe@cBo@mDYgAG]Oc@Ak@]wB@ELMJGl@SlC_ARSBGISQcBKk@Mg@c@gAEYK]DY?WKQAYe@sACe@?YKw@KMUM]GwA_@cBWq@?eAUOMUIY[M@KDq@Fk@T]?OEa@a@_@I[Ec@SGMC_@Hq@?SEIcAOw@o@Y_@Ye@Ce@CIa@Qi@u@i@g@o@w@WWSOO[[[o@_Ae@i@s@_A{@g@oAk@kA[wAi@]Gk@_@aBgBo@i@eAiAqE{Dg@i@UQ[c@WWgBuAc@YiA{@aAeAmAgAKIIC_AgAiA{@a@a@a@WS[UMy@_Ao@i@oBmBuE}Do@q@e@a@c@i@GA_@_@iAw@k@o@w@k@a@a@]c@AIV]BMEQU[GYAe@J_@RO^UPQFOBU?[CWM[cDgF_@c@a@{@uEwGuGgKQc@Sq@]kBUe@_@]}AcA][y@a@mAw@UYS_@Qe@AYKo@As@Gy@Ia@Uq@?SWYe@o@qA_C[g@a@c@Se@[eAY]o@aAg@}@e@u@k@mAqAqBe@aA?MBIFCCK_@y@Qm@}@yAEQHQdA_AJGh@SRe@Xa@`Ac@LEFJEBDE,2,,,,,,Diego Galdino
2,Pedalada ao entardecer,6843.0,1857,2008,97.5,Ride,Ride,12.0,Strava App,890334472,2017-03-06T21:39:43Z,2017-03-06T18:39:43Z,(GMT-03:00) America/Sao_Paulo,-10800.0,,,,6,0,0,1,0,False,False,False,False,everyone,False,,"[-25.44, -49.3]","[-25.45, -49.36]",3.685,12.2,,,False,,,False,False,963.7,895.0,988387564.0,988387564.0,2ac9ce59513aa2c19ee53b983cc222c5,False,0,0,False,20232024,1,a890334472,`cgzCvh|kHG?GFG?KEC@GDQX]Dm@Xc@Zo@VSBSN_@Hy@Z]P]\ADRdAPvAr@hDBRPl@z@rBRfAADBJb@`@@VH\b@x@FTDHVJ@FGDCFRfAFt@HVR`@RPI?GTDVXdAZd@PbAJTFXv@rBX~@`@tAh@xBHx@DjA@xACpBBnCA~A@v@Fn@Ph@Rb@lAvA`BxBTh@Pl@L|@IjC@z@GfCIrAOl@S^W\i@`@SJw@NaBn@_@Tm@h@GH]dAIfA@b@Lf@Bd@Nf@Lv@Th@Bj@Jf@A`AINGBQp@?ZDVEd@BjAIdAe@pBIbAWvAq@lFQz@]pA?n@QlAGx@AxAF\Rb@b@lAz@p@j@|@Z\VNx@z@HNFb@Z`@x@pAj@~ATdBVx@Nv@Vp@LRB`@VdABh@BRTb@r@rBf@bBz@vDB\@^Jh@LbANhCb@xCX~C\jC@ZBdBJhAH\PxBVzA@j@LbBL|@AJGNATJtA?PEL@^VdBIJENDn@K~@GpA?f@DLFl@TrCR`AVnE\vCRbAl@tBNt@^bAZlAXt@APGLuBjBKPCL\z@RNT\l@l@^ThBvAhAp@r@ZnA\z@\xAVLAP?h@HDDJZ^P~@\XD\?TNXBFJDNLHPBBh@FV@^CNB`@FZJnA?d@EX?b@CV?TGl@D\a@B_@ESKi@?MDSPMASQ@GCSDGKFCACE,2,,,,,,Diego Galdino
2,Pedalada vespertina,8654.1,1796,2048,134.7,Ride,Ride,12.0,Strava App,890267906,2017-03-06T20:26:50Z,2017-03-06T17:26:50Z,(GMT-03:00) America/Sao_Paulo,-10800.0,,,,2,0,0,1,0,False,False,False,False,everyone,False,,"[-25.4, -49.24]","[-25.44, -49.3]",4.819,11.0,,,False,,,False,False,955.8,899.0,988289601.0,988289601.0,21fbc280ed2aefc2563d40d1b4ef654b,False,2,0,False,20232024,1,a890267906,vj`zCnkpkHAYE@?FDJ@FV`@DLHLXt@F`@^~@?HK\UXa@ZWXcChBkBdBkC~CiBfCs@jA]ZQR?LZl@lAhAd@h@\XTJ|@v@v@x@|DrDvBtB\XZRjBzA~KjK~AlARx@?PIVBHvBtBTZf@`@NBH?^_@HANBPLhAlAz@p@FJnB|AfAnAh@`@t@l@lAjAzApAPRbBvAp@p@p@j@|CxClFpEj@^Zd@hCdCzBlB`@f@fBrAn@p@p@b@`@h@j@`@^TRP^f@XVdAhA^Vl@XbBlAvClDfAz@dAfAX^`@VfBzANL\LpDjAzBbA^TrC`Er@z@h@\d@h@j@f@b@Z`@R@DCPBHVL`Az@TFNJ~@LDBAf@O^Cl@?FHLPBt@Xp@Ln@XzALRCFBPAn@DPAp@H^JPJXh@Pp@LlAb@nCVp@h@lC?h@Gn@]bA?FTt@@l@BXz@vDLx@h@jBlAfFJv@FNDTRv@TbBfBrGNt@CVYpA_@bAYlAw@rBId@OxAYzAYrD]jCYfEMv@UzCY~BEpAF|@X~@Fh@`@|@J^Ln@Pd@?HF\R`@Vx@JJVhATZD^d@~AR\Hj@j@vBPXH^R`@Rn@t@dDJTBb@`@rA`@|AP|@`@zAHTZj@Tl@BTRf@Lt@h@pAj@zARpA^pANTb@vBVr@XjAp@tAjAfEh@bBXr@Lp@BFNDZGf@Y^[NIN?\QtAa@fAi@d@OZ[H?HHTMPQ,2,,,,,,Diego Galdino
2,Corrida matutina,4320.9,1583,1656,37.5,Run,Run,3.0,Strava App,889724301,2017-03-06T11:11:50Z,2017-03-06T08:11:50Z,(GMT-03:00) America/Sao_Paulo,-10800.0,,,,0,0,0,1,0,False,False,False,False,everyone,False,,"[-25.4, -49.24]","[-25.4, -49.24]",2.73,5.1,,,False,,,False,False,948.5,909.0,987450873.0,987450873.0,440c58b68eb0455701f968c12b671560,False,0,0,False,20232024,1,a889724301,nk`zChepkHYZIRGBE?MNCHBJNZLRMd@KRAFaA|@GNI@KFMJOHe@JEFm@l@cAh@{@^a@j@SNKLc@RaAl@GBM?c@SGE_@g@oAcAe@o@MIcA_Aa@Wc@g@SIiAeAOIOKQYk@k@]e@OKOSYWc@Ws@}@s@m@QU]Yi@m@GACGOGUSWEUYeA{@SUUOa@e@[SoAiAs@s@MQYY]U]c@i@e@g@q@q@k@WMqAkAEQIMOICGe@]SGg@y@KCg@a@QIw@g@a@e@WSmAmAo@e@k@{@?Gj@{AHa@Na@\e@jAcAj@Qj@Ch@QF@f@n@f@x@PRPLD@HAFBFDVf@z@fAnAtBJHJE|@q@NS^YXKt@g@f@c@nAo@FAF@PZPj@x@`BV\`@t@X^d@x@RVl@dAf@lA^d@vAnC`@j@bC`Ej@t@NZT|@h@r@FBHf@b@h@JX@F`@x@r@~@^v@j@n@RNn@jAb@j@J\f@r@LJVr@RVZx@^j@Xf@PVVf@AGJ_@VUbAe@r@{@TAd@SDIf@Y|@}@\YVO,2,,,,,,Diego Galdino
2,Pedalada matutina,8807.4,2304,2523,148.5,Ride,Ride,12.0,Strava App,889682664,2017-03-06T09:57:04Z,2017-03-06T06:57:04Z,(GMT-03:00) America/Sao_Paulo,-10800.0,,,,0,0,0,1,0,False,False,False,False,everyone,False,,"[-25.44, -49.3]","[-25.4, -49.24]",3.823,11.1,,,False,,,False,False,955.8,899.0,987377787.0,987377787.0,9d9d2c7a6a094a360498575f3b967824,False,0,0,False,20232024,1,a889682664,xcgzChh|kHM^@KCECJOH}@\aBd@g@X[HkAh@SBGBGHENGD[LG@q@KOWSo@E}@Qw@M][e@g@_BAIB[Cc@w@yAMw@k@}BWo@Mo@a@c@M]MOQ_@YeAAkACS]{@_@e@Uu@[aBUu@Ys@]}AOe@OUWWEq@Ia@EUg@oAOmAUg@My@CEO?GGy@{Ca@gA]u@M_@Kg@Em@Kg@Qq@]w@QiA}@sC[yASm@Ii@I[A]p@cGAa@b@sBJyARkAXoDNa@Hm@Du@?g@RuB?[`@}@Je@v@gCh@mADOFq@DQCWGUKo@U}@?WGYw@uBEc@EM_@qBQm@?KCWq@wBMy@UcACu@c@uAMoAYyABMRO~DoATKDG?KQe@UcAC]Kq@M{AOi@QWE]EGOq@WeBMoAIQ]UiA[wAKQC_@QSA_AUOAODOCQDg@_@a@EY?w@Q_@D]GUBs@Yw@GCEAGRwAAQKOgAUQKOOm@{@Kg@AYEEc@QIEeAqAKSY_@q@q@mCaDa@k@GQ_Aa@[I{@_@eA[oCmAUOsAmAy@o@u@u@U[mAkAwBgB{D{DgBgAe@BGAMGm@w@GY[q@y@a@e@_@e@i@a@g@s@u@OY]e@s@c@iAaAw@aAOIm@i@KOs@m@eE{CQQc@o@i@e@o@y@_BmAs@s@c@m@m@m@EK@EZe@@GAOEMQ[?]HUPURQX_@FKDWGy@K[U]c@i@kAkBMKsAsBoAyBmAeBqBkDaAyA{AmCc@i@_@m@e@mAEUKe@KWG[MUMKgAk@s@g@]Y_@g@_Ae@y@q@OQIQQi@AWDg@AaAQ}@CWK[?GIYm@mA]m@OQ_@o@{@iA]YgAwBo@yAm@s@M_@CYQIoAyBw@}AIU@EDC?GEKg@aAMe@{@}AAQh@o@VO|@[`@[HMjA}@HCHJBCC@,2,,,,,,Diego Galdino
2,Pedalada matutina,8729.2,2099,2340,48.9,Ride,Ride,12.0,Strava App,888587716,2017-03-05T12:21:40Z,2017-03-05T09:21:40Z,(GMT-03:00) America/Sao_Paulo,-10800.0,,,,13,0,0,2,0,False,False,False,False,everyone,False,,"[-25.44, -49.3]","[-25.44, -49.3]",4.159,10.7,,,False,,,False,False,936.1,897.0,985645125.0,985645125.0,e215010b32529b9e2f250313ef773766,False,8,0,False,20232024,1,a888587716,p|fzCzl|kHa@Ne@KQFWPg@PGPm@VG?WJm@Ny@f@_@Nq@Pc@TKF?NJ`@r@hB?HJd@RfATp@~AbGN^ZdAAXOV_@b@YJEDAPS`@I`@I`EDhBMfBBNDB?Fk@p@u@jAIRiAxAaAdBs@bAc@|@KLKB]?UAIIEB]\eA^SLc@b@aAh@uBhB_Ap@c@TWFs@@u@G]Ka@QWUS[Yu@Us@QcAOe@c@iAo@s@wB}AQSOYIe@Ge@HgALkAh@_BVgAJ]De@Ce@Ie@KSSW_BqA_Ao@_@U[G]B_@Rm@l@YNy@Xs@`@c@Ny@Ls@F[?YKQWMKIYAy@BSNo@D]E_@M[EGa@Uw@MaCNm@@SCQKk@o@oAs@u@]WIIDIR]d@i@`@OXYDUBa@AWBs@Cc@NYf@e@hBOXGd@MV_@`@e@Rg@LI?{AWi@Sa@IiCs@gAUG@Ob@ENFFTN`@NzA\h@H|Af@jBZjALl@C~Bc@z@[hA[dDMdA]|@k@|@u@jAk@@ECS_@_AFGLCvCCVDb@NPRNf@Ip@Kb@CBGMQk@Y}ACq@@_@I}@@GDEFEL?PBxBFf@Dn@C`CJfAKlAEXIJIfAiCZ_@VOlAg@pAKh@Bx@LVHx@fAh@b@p@t@fAxBX^~AxAj@bAVNv@PNDTRT\Z|@XzADLPhBb@dAbAnDHpARjBJtBHf@AXDFFBb@BHBPG^s@pBsCNc@`@e@tAuBXc@VUHSBKGI?KDsB?YEg@DqA?_CBo@Tg@?SDKXGJGf@u@FUvAuAdA_A\_@NWCOk@aBg@eBO_@SyAYeAg@qACi@Qw@]q@@QIi@Ws@[WQq@Ug@CO@EAO]_AKs@KY?_@KU?QWi@OQCGOy@FT@VDLR\Rz@Hl@Zf@Th@RjAD`BVx@P^f@x@d@h@b@nBZz@Nn@N`@LB`@SHK,2,,,,,,Diego Galdino
2,Lunch Run,9558.7,7644,11257,67.0,Walk,Walk,,Strava App,887536098,2017-03-04T14:17:07Z,2017-03-04T11:17:07Z,(GMT-03:00) America/Sao_Paulo,-10800.0,,,,0,1,2,2,0,False,False,False,False,everyone,False,,"[-25.38, -49.28]","[-25.44, -49.3]",1.25,9.0,,,False,,,False,False,995.3,914.0,983947576.0,983947576.0,a617f14738b9e3aba782b0ef7f9bbf8f,False,0,0,False,20232024,1,a887536098,|o|yCt~wkHUMKUSMqAYWCo@WGSIKDKA_@So@@SJk@?w@AGIGGAa@FgABaATa@DUAKJe@Ju@?SOg@EQOcAUWWaAw@UMi@e@a@Mk@e@e@Qk@m@GS?_@G]BCCq@BYIg@A]ES@SG]a@eACSGI@BC@jAdK`AfAvBhA`BrA^`@t@ThB\GFETTzAJZl@`A?\ZRBPGFlB`A\JZTjAN|@Z`@b@PJv@jANJr@j@p@Rd@FLCnATr@F^Cz@P`DtAb@Cj@Pl@v@EDD?DGK@?FAEZCBUfAGf@Ll@@~@^lAXf@TjADnB`@t@BRPx@ZHLJBVVJPb@VNR^F~@Ij@MTMPUl@a@DIf@[j@SvBOb@IPBp@E|@Hj@Z\Z`@x@TPPZNLT^v@x@z@l@j@h@VL\^VLX\rAr@`AZRPXf@LlA?TLd@L|@C`@P`@P?DREZFR`@Bb@T\Fp@\hAVb@VDA@DN@CE\Jz@CJBxAQ|@@`@KzCDnAYb@QXGRQl@IVULATOb@m@VUJGJ@p@r@Z@XPT^TLXh@`Az@JTVVPv@Xb@XRHNVZFV^j@`@VRTLFZ^BJh@Vb@`@pAdAvBnA\b@r@XvAbARFbAl@t@XpAv@D@CEFAn@\r@T|@l@JAJDbAl@vAh@LJz@NlAAhEy@Z@d@KlBZpBJj@Nt@H\CRDl@CHF|@Jx@f@j@DjAZr@Fj@@t@OXO~@A|BY\@l@ERB|CMj@O?GHGfBc@ZOD?DTF@XGNK^AzAi@h@Gd@]J@f@MbAk@~@Wf@Y\C`@W^IXSf@SD?ZYVCRMd@Cp@[POj@RNJAFn@JLJHCb@NPPv@RGACEa@AIENOTA^PHA@LE?JJ`ARFPv@v@h@@JGJDTh@\^n@^V\~@z@LDdAx@h@JJHnBLNPfBAJCTHj@BHIZ@NHBPDD~@NVGNJ`@fAFJ@LV^TbAPR@JVl@Rt@b@fADb@h@N^bAJb@?TBJCRDTNT`@bAXd@\nABVHNBRb@z@L|@T`@ZdALLXhALz@Xz@TxA^t@ZnAr@rABXd@~@XjARb@VAHEd@@d@OFIPCFQPGV_@nA_@L?LIZIJIB@~Am@x@Sx@a@\WXAh@[`@IFKAO,2,,,,,,Diego Galdino
2,Morning Run,7214.2,3936,3945,72.3,Run,Run,0.0,Strava App,886946572,2017-03-04T09:31:54Z,2017-03-04T06:31:54Z,(GMT-03:00) America/Sao_Paulo,-10800.0,,,,1,0,0,2,0,False,False,False,False,everyone,False,,"[-25.44, -49.3]","[-25.44, -49.3]",1.833,5.1,,,False,,,False,False,941.1,897.0,983130176.0,983130176.0,e23a753d99272560d7f83fd7341ea39b,False,0,0,False,20232024,1,a886946572,rbgzCni|kHDUDBI?k@PSLYLK?e@JKDYXERa@FiAj@M?ODYDIHKD_@DQHa@Bm@L_@@WNSDiAn@FFADUT@T@DDDLl@CZLd@EVL^@d@Vn@BTXl@XlAJP@FD@DDLd@Tb@ADDLP`@Bb@b@`AG\GHKFMTOJSROd@KHOj@@l@AJDn@EhB@bBGRAf@@r@I^SPa@|@OPS`@CDG?OHWf@OJKPGJIZa@l@MJIZIFIPOHSd@CLU^M@o@GOEMDQT[L_@\SJs@p@OT{@^o@f@INI@[PSPQXYVa@Ri@h@MF_@AYKE?HDG?e@MUQMSK[c@m@]o@U}@KMi@sBo@uAQOcB_A}@}@KSIu@Dq@Xw@BYRe@?SVc@@MTg@JcAL[D[S}@MYIKo@i@{AgA{Au@WE_@Hc@h@OHKJSLa@Le@Rq@j@c@DUGY@KDICOFGA[FYAUUKSOg@Ca@]s@Eo@CEO{@M_@Cc@Fq@Im@?MBGNMLAV@p@Jd@Db@M|ASZHnAh@b@DfAWfAGJIHWVk@Vu@FENWRKRQ\MLOPAHKREl@?\KXDX?r@HJN`@VLPTLHJNXn@l@f@p@Rb@TXNb@t@p@Z`@x@v@V^FPRN^HRHL?BBl@j@DBLNLd@BX?FBRVr@Jd@Br@h@~ATb@Ph@PbA@LENDn@An@h@vF@d@JHZ@HDNMP[Z]LUh@g@^o@FGXk@PQb@_ARYDK`@e@Vm@HILGJQBSAOB]C_@DcB?uAB_BA{@Hq@Ni@Xc@`@_@Xa@~@gArBuBFQ@YAa@Os@w@qCWw@a@sA]cBM[[kAu@{BYi@Um@[mBm@{@MYMi@EMGa@Qc@C][uAEc@Aq@@IE]g@fAAD@RJJXJRRJRD\@PNVAh@Nh@Pb@Rr@Nt@Tj@Lb@R^d@hBp@hAX@RGl@Gx@a@XSv@[b@[^QxA{@|@UAE,2,,,,,,Diego Galdino
2,Volto do trabalho,11200.0,2404,2404,0.0,Ride,Ride,12.0,,886474428,2017-03-03T15:20:32Z,2017-03-03T07:20:32Z,(GMT-08:00) America/Los_Angeles,-28800.0,,,,0,0,0,1,0,False,False,True,False,everyone,False,,[],[],4.659,0.0,,,False,,,False,False,,,,,,False,0,0,False,20232024,1,a886474428,,2,,,,,,Diego Galdino
